source,sha256,policy,cpu_us,wall_us,requested_bytes,peak_bytes,work_counters,refinements,principal_queries
build/bench/cloud-principal-graphs/callback-sources/apply-4-valid.blot,e84842f1447cfac4cf505f7c6b6c5075718e0aac86a738f4b7d8477cb29fa700,baseline,"[4492,4566,4800,4867,4932,4967,4975,4987,4999,5007,5056,5241,5295,5855,6438]","[4761,4799,5025,5126,5201,5214,5236,5264,5266,5336,5349,5526,5742,6241,6674]","[3714357,3714357,3714357,3714357,3714357,3714357,3714357,3714357,3714357,3714357,3714357,3714357,3714357,3714357,3714357]","[1072587,1072587,1072587,1072587,1072587,1072587,1072587,1072587,1072587,1072587,1072587,1072587,1072587,1072587,1072587]","{""semantic_component_batches"":0,""semantic_component_jobs"":0,""max_semantic_component_workers"":0,""inference_regions"":42,""canonical_specialization_queries"":2,""canonical_specialization_hits"":0,""solver_requested_bytes"":124624,""solver_allocations"":432,""scratch_requested_bytes"":122552,""scratch_allocations"":737,""max_solver_live_bytes"":4120,""max_scratch_live_bytes"":3192,""evidence_import_solver_bytes"":0,""evidence_import_scratch_bytes"":1792,""snapshot_copy_bytes"":0,""snapshot_copy_allocations"":0,""principal_copy_buffer_bytes"":17384,""principal_copy_buffer_allocations"":162,""frozen_capture_temporary_bytes"":0,""frozen_capture_published_bytes"":0,""frozen_edge_scratch_bytes"":0,""region_scopes"":62,""max_region_scopes"":4,""call_collections_closed"":4,""call_collections_unresolved"":0,""call_memo_hits"":32,""solver_passes"":64,""solver_constraint_visits"":75,""occurs_steps"":65}",null,"{""persisted_requests"":0,""persisted_hits"":0,""persisted_nonempty_hits"":0,""persisted_call_proofs"":0,""persisted_declines"":0,""projected_empty_hits"":0,""projected_empty_declines"":0,""input_image_checks"":0,""dependency_validations"":0,""reused_dependency_validations"":0,""graph_importers_initialized"":0,""graph_importers_prepared"":0,""empty_hits"":0,""primitive_hits"":0,""primitive_fallbacks"":0,""primitive_key_declined"":0,""nonempty_requests"":0,""requests"":0,""fresh_unit_requests"":0,""fresh_unit_hits"":0,""hits"":0,""changed_or_unsupported"":0,""missing"":0,""evidence_declined"":0,""options_declined"":0,""captured"":0,""fresh_regions"":0,""call_publications_replayed"":0}"
build/bench/cloud-principal-graphs/callback-sources/apply-4-valid.blot,e84842f1447cfac4cf505f7c6b6c5075718e0aac86a738f4b7d8477cb29fa700,default,"[4628,4641,4671,4782,5124,5129,5150,5155,5200,5272,5579,5581,5627,6293,7725]","[4862,4910,4973,5081,5379,5383,5387,5404,5467,5527,5786,5831,5840,6601,8095]","[3714357,3714357,3714357,3714357,3714357,3714357,3714357,3714357,3714357,3714357,3714357,3714357,3714357,3714357,3714357]","[1072587,1072587,1072587,1072587,1072587,1072587,1072587,1072587,1072587,1072587,1072587,1072587,1072587,1072587,1072587]","{""semantic_component_batches"":0,""semantic_component_jobs"":0,""max_semantic_component_workers"":0,""inference_regions"":42,""canonical_specialization_queries"":2,""canonical_specialization_hits"":0,""solver_requested_bytes"":124624,""solver_allocations"":432,""scratch_requested_bytes"":122552,""scratch_allocations"":737,""max_solver_live_bytes"":4120,""max_scratch_live_bytes"":3192,""evidence_import_solver_bytes"":0,""evidence_import_scratch_bytes"":1792,""snapshot_copy_bytes"":0,""snapshot_copy_allocations"":0,""principal_copy_buffer_bytes"":17384,""principal_copy_buffer_allocations"":162,""frozen_capture_temporary_bytes"":0,""frozen_capture_published_bytes"":0,""frozen_edge_scratch_bytes"":0,""region_scopes"":62,""max_region_scopes"":4,""call_collections_closed"":4,""call_collections_unresolved"":0,""call_memo_hits"":32,""solver_passes"":64,""solver_constraint_visits"":75,""occurs_steps"":65}",null,"{""persisted_requests"":0,""persisted_hits"":0,""persisted_nonempty_hits"":0,""persisted_call_proofs"":0,""persisted_declines"":0,""projected_empty_hits"":0,""projected_empty_declines"":0,""input_image_checks"":0,""dependency_validations"":0,""reused_dependency_validations"":0,""graph_importers_initialized"":0,""graph_importers_prepared"":0,""empty_hits"":0,""primitive_hits"":0,""primitive_fallbacks"":0,""primitive_key_declined"":0,""nonempty_requests"":0,""requests"":0,""fresh_unit_requests"":0,""fresh_unit_hits"":0,""hits"":0,""changed_or_unsupported"":0,""missing"":0,""evidence_declined"":0,""options_declined"":0,""captured"":0,""fresh_regions"":0,""call_publications_replayed"":0}"
build/bench/cloud-principal-graphs/callback-sources/apply-8-valid.blot,92ff4642cd94874b50272210ce3c0f1d1682a92bcdc6a299e163154224d2e103,baseline,"[5005,5059,5159,5197,5260,5263,5283,5300,5363,5412,5943,6494,6496,7597,8562]","[5263,5306,5380,5414,5494,5505,5519,5605,5677,5718,6149,6745,6991,7920,8856]","[4088876,4088876,4088876,4088876,4088876,4088876,4088876,4088876,4088876,4088876,4088876,4088876,4088876,4088876,4088876]","[1096207,1096207,1096207,1096207,1096207,1096207,1096207,1096207,1096207,1096207,1096207,1096207,1096207,1096207,1096207]","{""semantic_component_batches"":0,""semantic_component_jobs"":0,""max_semantic_component_workers"":0,""inference_regions"":66,""canonical_specialization_queries"":2,""canonical_specialization_hits"":0,""solver_requested_bytes"":203152,""solver_allocations"":680,""scratch_requested_bytes"":201328,""scratch_allocations"":1210,""max_solver_live_bytes"":4120,""max_scratch_live_bytes"":4000,""evidence_import_solver_bytes"":0,""evidence_import_scratch_bytes"":2816,""snapshot_copy_bytes"":0,""snapshot_copy_allocations"":0,""principal_copy_buffer_bytes"":30600,""principal_copy_buffer_allocations"":278,""frozen_capture_temporary_bytes"":0,""frozen_capture_published_bytes"":0,""frozen_edge_scratch_bytes"":0,""region_scopes"":94,""max_region_scopes"":4,""call_collections_closed"":4,""call_collections_unresolved"":0,""call_memo_hits"":56,""solver_passes"":104,""solver_constraint_visits"":131,""occurs_steps"":97}",null,"{""persisted_requests"":0,""persisted_hits"":0,""persisted_nonempty_hits"":0,""persisted_call_proofs"":0,""persisted_declines"":0,""projected_empty_hits"":0,""projected_empty_declines"":0,""input_image_checks"":0,""dependency_validations"":0,""reused_dependency_validations"":0,""graph_importers_initialized"":0,""graph_importers_prepared"":0,""empty_hits"":0,""primitive_hits"":0,""primitive_fallbacks"":0,""primitive_key_declined"":0,""nonempty_requests"":0,""requests"":0,""fresh_unit_requests"":0,""fresh_unit_hits"":0,""hits"":0,""changed_or_unsupported"":0,""missing"":0,""evidence_declined"":0,""options_declined"":0,""captured"":0,""fresh_regions"":0,""call_publications_replayed"":0}"
build/bench/cloud-principal-graphs/callback-sources/apply-8-valid.blot,92ff4642cd94874b50272210ce3c0f1d1682a92bcdc6a299e163154224d2e103,default,"[5020,5102,5133,5148,5160,5343,5659,5714,5722,5757,6100,6173,6268,6497,7617]","[5235,5347,5354,5396,5470,5633,5985,6096,6098,6217,6327,6406,6512,6854,8014]","[4088876,4088876,4088876,4088876,4088876,4088876,4088876,4088876,4088876,4088876,4088876,4088876,4088876,4088876,4088876]","[1096207,1096207,1096207,1096207,1096207,1096207,1096207,1096207,1096207,1096207,1096207,1096207,1096207,1096207,1096207]","{""semantic_component_batches"":0,""semantic_component_jobs"":0,""max_semantic_component_workers"":0,""inference_regions"":66,""canonical_specialization_queries"":2,""canonical_specialization_hits"":0,""solver_requested_bytes"":203152,""solver_allocations"":680,""scratch_requested_bytes"":201328,""scratch_allocations"":1210,""max_solver_live_bytes"":4120,""max_scratch_live_bytes"":4000,""evidence_import_solver_bytes"":0,""evidence_import_scratch_bytes"":2816,""snapshot_copy_bytes"":0,""snapshot_copy_allocations"":0,""principal_copy_buffer_bytes"":30600,""principal_copy_buffer_allocations"":278,""frozen_capture_temporary_bytes"":0,""frozen_capture_published_bytes"":0,""frozen_edge_scratch_bytes"":0,""region_scopes"":94,""max_region_scopes"":4,""call_collections_closed"":4,""call_collections_unresolved"":0,""call_memo_hits"":56,""solver_passes"":104,""solver_constraint_visits"":131,""occurs_steps"":97}",null,"{""persisted_requests"":0,""persisted_hits"":0,""persisted_nonempty_hits"":0,""persisted_call_proofs"":0,""persisted_declines"":0,""projected_empty_hits"":0,""projected_empty_declines"":0,""input_image_checks"":0,""dependency_validations"":0,""reused_dependency_validations"":0,""graph_importers_initialized"":0,""graph_importers_prepared"":0,""empty_hits"":0,""primitive_hits"":0,""primitive_fallbacks"":0,""primitive_key_declined"":0,""nonempty_requests"":0,""requests"":0,""fresh_unit_requests"":0,""fresh_unit_hits"":0,""hits"":0,""changed_or_unsupported"":0,""missing"":0,""evidence_declined"":0,""options_declined"":0,""captured"":0,""fresh_regions"":0,""call_publications_replayed"":0}"
build/bench/cloud-principal-graphs/callback-sources/apply-12-valid.blot,b5f4a9cb2fe83b3736327b474588f59d3cd7f55244b0ff456179a56b91f27cfa,baseline,"[5292,5441,5540,5547,5557,5569,5587,5677,5758,5807,5879,6218,6309,6373,7712]","[5510,5695,5761,5766,5801,5842,5843,5907,6029,6163,6552,6587,6617,6771,7925]","[4440290,4440290,4440290,4440290,4440290,4440290,4440290,4440290,4440290,4440290,4440290,4440290,4440290,4440290,4440290]","[1133455,1133455,1133455,1133455,1133455,1133455,1133455,1133455,1133455,1133455,1133455,1133455,1133455,1133455,1133455]","{""semantic_component_batches"":0,""semantic_component_jobs"":0,""max_semantic_component_workers"":0,""inference_regions"":90,""canonical_specialization_queries"":2,""canonical_specialization_hits"":0,""solver_requested_bytes"":281680,""solver_allocations"":928,""scratch_requested_bytes"":283048,""scratch_allocations"":1684,""max_solver_live_bytes"":4120,""max_scratch_live_bytes"":6640,""evidence_import_solver_bytes"":0,""evidence_import_scratch_bytes"":3840,""snapshot_copy_bytes"":0,""snapshot_copy_allocations"":0,""principal_copy_buffer_bytes"":43816,""principal_copy_buffer_allocations"":394,""frozen_capture_temporary_bytes"":0,""frozen_capture_published_bytes"":0,""frozen_edge_scratch_bytes"":0,""region_scopes"":126,""max_region_scopes"":4,""call_collections_closed"":4,""call_collections_unresolved"":0,""call_memo_hits"":80,""solver_passes"":144,""solver_constraint_visits"":187,""occurs_steps"":129}",null,"{""persisted_requests"":0,""persisted_hits"":0,""persisted_nonempty_hits"":0,""persisted_call_proofs"":0,""persisted_declines"":0,""projected_empty_hits"":0,""projected_empty_declines"":0,""input_image_checks"":0,""dependency_validations"":0,""reused_dependency_validations"":0,""graph_importers_initialized"":0,""graph_importers_prepared"":0,""empty_hits"":0,""primitive_hits"":0,""primitive_fallbacks"":0,""primitive_key_declined"":0,""nonempty_requests"":0,""requests"":0,""fresh_unit_requests"":0,""fresh_unit_hits"":0,""hits"":0,""changed_or_unsupported"":0,""missing"":0,""evidence_declined"":0,""options_declined"":0,""captured"":0,""fresh_regions"":0,""call_publications_replayed"":0}"
build/bench/cloud-principal-graphs/callback-sources/apply-12-valid.blot,b5f4a9cb2fe83b3736327b474588f59d3cd7f55244b0ff456179a56b91f27cfa,default,"[5321,5335,5422,5515,5569,5661,5801,5811,5878,5934,5969,6008,6128,6420,7685]","[5519,5606,5647,5778,5906,5995,6048,6103,6110,6175,6284,6327,6395,6648,7947]","[4440290,4440290,4440290,4440290,4440290,4440290,4440290,4440290,4440290,4440290,4440290,4440290,4440290,4440290,4440290]","[1133455,1133455,1133455,1133455,1133455,1133455,1133455,1133455,1133455,1133455,1133455,1133455,1133455,1133455,1133455]","{""semantic_component_batches"":0,""semantic_component_jobs"":0,""max_semantic_component_workers"":0,""inference_regions"":90,""canonical_specialization_queries"":2,""canonical_specialization_hits"":0,""solver_requested_bytes"":281680,""solver_allocations"":928,""scratch_requested_bytes"":283048,""scratch_allocations"":1684,""max_solver_live_bytes"":4120,""max_scratch_live_bytes"":6640,""evidence_import_solver_bytes"":0,""evidence_import_scratch_bytes"":3840,""snapshot_copy_bytes"":0,""snapshot_copy_allocations"":0,""principal_copy_buffer_bytes"":43816,""principal_copy_buffer_allocations"":394,""frozen_capture_temporary_bytes"":0,""frozen_capture_published_bytes"":0,""frozen_edge_scratch_bytes"":0,""region_scopes"":126,""max_region_scopes"":4,""call_collections_closed"":4,""call_collections_unresolved"":0,""call_memo_hits"":80,""solver_passes"":144,""solver_constraint_visits"":187,""occurs_steps"":129}",null,"{""persisted_requests"":0,""persisted_hits"":0,""persisted_nonempty_hits"":0,""persisted_call_proofs"":0,""persisted_declines"":0,""projected_empty_hits"":0,""projected_empty_declines"":0,""input_image_checks"":0,""dependency_validations"":0,""reused_dependency_validations"":0,""graph_importers_initialized"":0,""graph_importers_prepared"":0,""empty_hits"":0,""primitive_hits"":0,""primitive_fallbacks"":0,""primitive_key_declined"":0,""nonempty_requests"":0,""requests"":0,""fresh_unit_requests"":0,""fresh_unit_hits"":0,""hits"":0,""changed_or_unsupported"":0,""missing"":0,""evidence_declined"":0,""options_declined"":0,""captured"":0,""fresh_regions"":0,""call_publications_replayed"":0}"
build/bench/cloud-principal-graphs/callback-sources/curried-4-valid.blot,ac10c5cf4c1535cedab5194798feb143a690c04c290b8685b9f3a003935d12f6,baseline,"[4629,4634,4752,4783,4864,4923,4943,4958,5031,5035,5088,5107,5109,5333,6301]","[4846,4899,5011,5028,5106,5140,5203,5266,5298,5305,5332,5424,5457,5561,6559]","[3772074,3772074,3772074,3772074,3772074,3772074,3772074,3772074,3772074,3772074,3772074,3772074,3772074,3772074,3772074]","[1074071,1074071,1074071,1074071,1074071,1074071,1074071,1074071,1074071,1074071,1074071,1074071,1074071,1074071,1074071]","{""semantic_component_batches"":0,""semantic_component_jobs"":0,""max_semantic_component_workers"":0,""inference_regions"":42,""canonical_specialization_queries"":2,""canonical_specialization_hits"":0,""solver_requested_bytes"":184312,""solver_allocations"":478,""scratch_requested_bytes"":149128,""scratch_allocations"":810,""max_solver_live_bytes"":7328,""max_scratch_live_bytes"":3424,""evidence_import_solver_bytes"":0,""evidence_import_scratch_bytes"":1792,""snapshot_copy_bytes"":0,""snapshot_copy_allocations"":0,""principal_copy_buffer_bytes"":23280,""principal_copy_buffer_allocations"":175,""frozen_capture_temporary_bytes"":0,""frozen_capture_published_bytes"":0,""frozen_edge_scratch_bytes"":0,""region_scopes"":62,""max_region_scopes"":4,""call_collections_closed"":4,""call_collections_unresolved"":0,""call_memo_hits"":32,""solver_passes"":64,""solver_constraint_visits"":77,""occurs_steps"":71}",null,"{""persisted_requests"":0,""persisted_hits"":0,""persisted_nonempty_hits"":0,""persisted_call_proofs"":0,""persisted_declines"":0,""projected_empty_hits"":0,""projected_empty_declines"":0,""input_image_checks"":0,""dependency_validations"":0,""reused_dependency_validations"":0,""graph_importers_initialized"":0,""graph_importers_prepared"":0,""empty_hits"":0,""primitive_hits"":0,""primitive_fallbacks"":0,""primitive_key_declined"":0,""nonempty_requests"":0,""requests"":0,""fresh_unit_requests"":0,""fresh_unit_hits"":0,""hits"":0,""changed_or_unsupported"":0,""missing"":0,""evidence_declined"":0,""options_declined"":0,""captured"":0,""fresh_regions"":0,""call_publications_replayed"":0}"
build/bench/cloud-principal-graphs/callback-sources/curried-4-valid.blot,ac10c5cf4c1535cedab5194798feb143a690c04c290b8685b9f3a003935d12f6,default,"[4561,4642,4746,4815,4875,4884,4987,5064,5170,5215,5319,5326,5769,5841,5972]","[4827,4855,5023,5093,5177,5232,5242,5343,5402,5449,5556,5610,6084,6210,6249]","[3772074,3772074,3772074,3772074,3772074,3772074,3772074,3772074,3772074,3772074,3772074,3772074,3772074,3772074,3772074]","[1074071,1074071,1074071,1074071,1074071,1074071,1074071,1074071,1074071,1074071,1074071,1074071,1074071,1074071,1074071]","{""semantic_component_batches"":0,""semantic_component_jobs"":0,""max_semantic_component_workers"":0,""inference_regions"":42,""canonical_specialization_queries"":2,""canonical_specialization_hits"":0,""solver_requested_bytes"":184312,""solver_allocations"":478,""scratch_requested_bytes"":149128,""scratch_allocations"":810,""max_solver_live_bytes"":7328,""max_scratch_live_bytes"":3424,""evidence_import_solver_bytes"":0,""evidence_import_scratch_bytes"":1792,""snapshot_copy_bytes"":0,""snapshot_copy_allocations"":0,""principal_copy_buffer_bytes"":23280,""principal_copy_buffer_allocations"":175,""frozen_capture_temporary_bytes"":0,""frozen_capture_published_bytes"":0,""frozen_edge_scratch_bytes"":0,""region_scopes"":62,""max_region_scopes"":4,""call_collections_closed"":4,""call_collections_unresolved"":0,""call_memo_hits"":32,""solver_passes"":64,""solver_constraint_visits"":77,""occurs_steps"":71}",null,"{""persisted_requests"":0,""persisted_hits"":0,""persisted_nonempty_hits"":0,""persisted_call_proofs"":0,""persisted_declines"":0,""projected_empty_hits"":0,""projected_empty_declines"":0,""input_image_checks"":0,""dependency_validations"":0,""reused_dependency_validations"":0,""graph_importers_initialized"":0,""graph_importers_prepared"":0,""empty_hits"":0,""primitive_hits"":0,""primitive_fallbacks"":0,""primitive_key_declined"":0,""nonempty_requests"":0,""requests"":0,""fresh_unit_requests"":0,""fresh_unit_hits"":0,""hits"":0,""changed_or_unsupported"":0,""missing"":0,""evidence_declined"":0,""options_declined"":0,""captured"":0,""fresh_regions"":0,""call_publications_replayed"":0}"
build/bench/cloud-principal-graphs/callback-sources/curried-8-valid.blot,56773e7f11db4927845db7b7864234b7c10cb95c0e666efce882afc855ef1f0c,baseline,"[5142,5209,5243,5446,5531,5556,5616,5618,5671,5983,6053,6180,6363,6404,15138]","[5369,5446,5476,5675,5805,5824,5917,6012,6045,6308,6403,6466,6667,8043,15495]","[4206319,4206319,4206319,4206319,4206319,4206319,4206319,4206319,4206319,4206319,4206319,4206319,4206319,4206319,4206319]","[1116059,1116059,1116059,1116059,1116059,1116059,1116059,1116059,1116059,1116059,1116059,1116059,1116059,1116059,1116059]","{""semantic_component_batches"":0,""semantic_component_jobs"":0,""max_semantic_component_workers"":0,""inference_regions"":66,""canonical_specialization_queries"":2,""canonical_specialization_hits"":0,""solver_requested_bytes"":295096,""solver_allocations"":750,""scratch_requested_bytes"":246528,""scratch_allocations"":1323,""max_solver_live_bytes"":7328,""max_scratch_live_bytes"":4080,""evidence_import_solver_bytes"":0,""evidence_import_scratch_bytes"":2816,""snapshot_copy_bytes"":0,""snapshot_copy_allocations"":0,""principal_copy_buffer_bytes"":40464,""principal_copy_buffer_allocations"":299,""frozen_capture_temporary_bytes"":0,""frozen_capture_published_bytes"":0,""frozen_edge_scratch_bytes"":0,""region_scopes"":94,""max_region_scopes"":4,""call_collections_closed"":4,""call_collections_unresolved"":0,""call_memo_hits"":56,""solver_passes"":104,""solver_constraint_visits"":133,""occurs_steps"":103}",null,"{""persisted_requests"":0,""persisted_hits"":0,""persisted_nonempty_hits"":0,""persisted_call_proofs"":0,""persisted_declines"":0,""projected_empty_hits"":0,""projected_empty_declines"":0,""input_image_checks"":0,""dependency_validations"":0,""reused_dependency_validations"":0,""graph_importers_initialized"":0,""graph_importers_prepared"":0,""empty_hits"":0,""primitive_hits"":0,""primitive_fallbacks"":0,""primitive_key_declined"":0,""nonempty_requests"":0,""requests"":0,""fresh_unit_requests"":0,""fresh_unit_hits"":0,""hits"":0,""changed_or_unsupported"":0,""missing"":0,""evidence_declined"":0,""options_declined"":0,""captured"":0,""fresh_regions"":0,""call_publications_replayed"":0}"
build/bench/cloud-principal-graphs/callback-sources/curried-8-valid.blot,56773e7f11db4927845db7b7864234b7c10cb95c0e666efce882afc855ef1f0c,default,"[5130,5152,5170,5219,5252,5428,5449,5544,5707,5751,5847,5922,6047,6507,9126]","[5356,5480,5489,5490,5573,5667,5724,5763,5979,6009,6160,6178,6430,6836,9450]","[4206319,4206319,4206319,4206319,4206319,4206319,4206319,4206319,4206319,4206319,4206319,4206319,4206319,4206319,4206319]","[1116059,1116059,1116059,1116059,1116059,1116059,1116059,1116059,1116059,1116059,1116059,1116059,1116059,1116059,1116059]","{""semantic_component_batches"":0,""semantic_component_jobs"":0,""max_semantic_component_workers"":0,""inference_regions"":66,""canonical_specialization_queries"":2,""canonical_specialization_hits"":0,""solver_requested_bytes"":295096,""solver_allocations"":750,""scratch_requested_bytes"":246528,""scratch_allocations"":1323,""max_solver_live_bytes"":7328,""max_scratch_live_bytes"":4080,""evidence_import_solver_bytes"":0,""evidence_import_scratch_bytes"":2816,""snapshot_copy_bytes"":0,""snapshot_copy_allocations"":0,""principal_copy_buffer_bytes"":40464,""principal_copy_buffer_allocations"":299,""frozen_capture_temporary_bytes"":0,""frozen_capture_published_bytes"":0,""frozen_edge_scratch_bytes"":0,""region_scopes"":94,""max_region_scopes"":4,""call_collections_closed"":4,""call_collections_unresolved"":0,""call_memo_hits"":56,""solver_passes"":104,""solver_constraint_visits"":133,""occurs_steps"":103}",null,"{""persisted_requests"":0,""persisted_hits"":0,""persisted_nonempty_hits"":0,""persisted_call_proofs"":0,""persisted_declines"":0,""projected_empty_hits"":0,""projected_empty_declines"":0,""input_image_checks"":0,""dependency_validations"":0,""reused_dependency_validations"":0,""graph_importers_initialized"":0,""graph_importers_prepared"":0,""empty_hits"":0,""primitive_hits"":0,""primitive_fallbacks"":0,""primitive_key_declined"":0,""nonempty_requests"":0,""requests"":0,""fresh_unit_requests"":0,""fresh_unit_hits"":0,""hits"":0,""changed_or_unsupported"":0,""missing"":0,""evidence_declined"":0,""options_declined"":0,""captured"":0,""fresh_regions"":0,""call_publications_replayed"":0}"
build/bench/cloud-principal-graphs/callback-sources/curried-12-valid.blot,f4c39c89bf97d5f83cbf169801ad3c28ac37d4e47c4be2898152e5d1965d3982,baseline,"[5758,5784,5818,5914,5963,6183,6260,6281,6291,6365,6365,6430,7101,7312,7318]","[5967,6019,6029,6173,6201,6452,6499,6506,6580,6611,6618,6700,7360,7617,7725]","[4547121,4547121,4547121,4547121,4547121,4547121,4547121,4547121,4547121,4547121,4547121,4547121,4547121,4547121,4547121]","[1137055,1137055,1137055,1137055,1137055,1137055,1137055,1137055,1137055,1137055,1137055,1137055,1137055,1137055,1137055]","{""semantic_component_batches"":0,""semantic_component_jobs"":0,""max_semantic_component_workers"":0,""inference_regions"":90,""canonical_specialization_queries"":2,""canonical_specialization_hits"":0,""solver_requested_bytes"":405880,""solver_allocations"":1022,""scratch_requested_bytes"":346872,""scratch_allocations"":1837,""max_solver_live_bytes"":7328,""max_scratch_live_bytes"":6640,""evidence_import_solver_bytes"":0,""evidence_import_scratch_bytes"":3840,""snapshot_copy_bytes"":0,""snapshot_copy_allocations"":0,""principal_copy_buffer_bytes"":57648,""principal_copy_buffer_allocations"":423,""frozen_capture_temporary_bytes"":0,""frozen_capture_published_bytes"":0,""frozen_edge_scratch_bytes"":0,""region_scopes"":126,""max_region_scopes"":4,""call_collections_closed"":4,""call_collections_unresolved"":0,""call_memo_hits"":80,""solver_passes"":144,""solver_constraint_visits"":189,""occurs_steps"":135}",null,"{""persisted_requests"":0,""persisted_hits"":0,""persisted_nonempty_hits"":0,""persisted_call_proofs"":0,""persisted_declines"":0,""projected_empty_hits"":0,""projected_empty_declines"":0,""input_image_checks"":0,""dependency_validations"":0,""reused_dependency_validations"":0,""graph_importers_initialized"":0,""graph_importers_prepared"":0,""empty_hits"":0,""primitive_hits"":0,""primitive_fallbacks"":0,""primitive_key_declined"":0,""nonempty_requests"":0,""requests"":0,""fresh_unit_requests"":0,""fresh_unit_hits"":0,""hits"":0,""changed_or_unsupported"":0,""missing"":0,""evidence_declined"":0,""options_declined"":0,""captured"":0,""fresh_regions"":0,""call_publications_replayed"":0}"
build/bench/cloud-principal-graphs/callback-sources/curried-12-valid.blot,f4c39c89bf97d5f83cbf169801ad3c28ac37d4e47c4be2898152e5d1965d3982,default,"[5844,5928,5939,6092,6123,6129,6214,6367,6420,6536,6577,6637,6753,6788,8639]","[6070,6268,6322,6325,6328,6405,6441,6595,6680,6766,6814,7154,7304,7385,9893]","[4547121,4547121,4547121,4547121,4547121,4547121,4547121,4547121,4547121,4547121,4547121,4547121,4547121,4547121,4547121]","[1137055,1137055,1137055,1137055,1137055,1137055,1137055,1137055,1137055,1137055,1137055,1137055,1137055,1137055,1137055]","{""semantic_component_batches"":0,""semantic_component_jobs"":0,""max_semantic_component_workers"":0,""inference_regions"":90,""canonical_specialization_queries"":2,""canonical_specialization_hits"":0,""solver_requested_bytes"":405880,""solver_allocations"":1022,""scratch_requested_bytes"":346872,""scratch_allocations"":1837,""max_solver_live_bytes"":7328,""max_scratch_live_bytes"":6640,""evidence_import_solver_bytes"":0,""evidence_import_scratch_bytes"":3840,""snapshot_copy_bytes"":0,""snapshot_copy_allocations"":0,""principal_copy_buffer_bytes"":57648,""principal_copy_buffer_allocations"":423,""frozen_capture_temporary_bytes"":0,""frozen_capture_published_bytes"":0,""frozen_edge_scratch_bytes"":0,""region_scopes"":126,""max_region_scopes"":4,""call_collections_closed"":4,""call_collections_unresolved"":0,""call_memo_hits"":80,""solver_passes"":144,""solver_constraint_visits"":189,""occurs_steps"":135}",null,"{""persisted_requests"":0,""persisted_hits"":0,""persisted_nonempty_hits"":0,""persisted_call_proofs"":0,""persisted_declines"":0,""projected_empty_hits"":0,""projected_empty_declines"":0,""input_image_checks"":0,""dependency_validations"":0,""reused_dependency_validations"":0,""graph_importers_initialized"":0,""graph_importers_prepared"":0,""empty_hits"":0,""primitive_hits"":0,""primitive_fallbacks"":0,""primitive_key_declined"":0,""nonempty_requests"":0,""requests"":0,""fresh_unit_requests"":0,""fresh_unit_hits"":0,""hits"":0,""changed_or_unsupported"":0,""missing"":0,""evidence_declined"":0,""options_declined"":0,""captured"":0,""fresh_regions"":0,""call_publications_replayed"":0}"
build/bench/cloud-principal-graphs/callback-sources/returned-4-valid.blot,d58dc6e9acc913d8467680aa996ce1bc94977ee95a3dccd0c0a8647c32826f6a,baseline,"[4641,4899,4917,4928,5011,5056,5268,5294,5302,5385,5544,5747,5817,5830,6982]","[4860,5178,5197,5249,5264,5272,5520,5571,5584,5609,5977,6020,6043,6215,7295]","[3804741,3804741,3804741,3804741,3804741,3804741,3804741,3804741,3804741,3804741,3804741,3804741,3804741,3804741,3804741]","[1073899,1073899,1073899,1073899,1073899,1073899,1073899,1073899,1073899,1073899,1073899,1073899,1073899,1073899,1073899]","{""semantic_component_batches"":0,""semantic_component_jobs"":0,""max_semantic_component_workers"":0,""inference_regions"":42,""canonical_specialization_queries"":2,""canonical_specialization_hits"":0,""solver_requested_bytes"":181048,""solver_allocations"":476,""scratch_requested_bytes"":151488,""scratch_allocations"":824,""max_solver_live_bytes"":6156,""max_scratch_live_bytes"":3424,""evidence_import_solver_bytes"":0,""evidence_import_scratch_bytes"":1792,""snapshot_copy_bytes"":0,""snapshot_copy_allocations"":0,""principal_copy_buffer_bytes"":23376,""principal_copy_buffer_allocations"":175,""frozen_capture_temporary_bytes"":0,""frozen_capture_published_bytes"":0,""frozen_edge_scratch_bytes"":0,""region_scopes"":62,""max_region_scopes"":4,""call_collections_closed"":4,""call_collections_unresolved"":0,""call_memo_hits"":32,""solver_passes"":64,""solver_constraint_visits"":77,""occurs_steps"":65}",null,"{""persisted_requests"":0,""persisted_hits"":0,""persisted_nonempty_hits"":0,""persisted_call_proofs"":0,""persisted_declines"":0,""projected_empty_hits"":0,""projected_empty_declines"":0,""input_image_checks"":0,""dependency_validations"":0,""reused_dependency_validations"":0,""graph_importers_initialized"":0,""graph_importers_prepared"":0,""empty_hits"":0,""primitive_hits"":0,""primitive_fallbacks"":0,""primitive_key_declined"":0,""nonempty_requests"":0,""requests"":0,""fresh_unit_requests"":0,""fresh_unit_hits"":0,""hits"":0,""changed_or_unsupported"":0,""missing"":0,""evidence_declined"":0,""options_declined"":0,""captured"":0,""fresh_regions"":0,""call_publications_replayed"":0}"
build/bench/cloud-principal-graphs/callback-sources/returned-4-valid.blot,d58dc6e9acc913d8467680aa996ce1bc94977ee95a3dccd0c0a8647c32826f6a,default,"[4674,4690,4746,4839,4866,4996,5124,5136,5192,5225,5257,5364,5417,5671,6077]","[4957,5003,5004,5082,5155,5227,5367,5388,5472,5489,5518,5682,5693,5919,6405]","[3804741,3804741,3804741,3804741,3804741,3804741,3804741,3804741,3804741,3804741,3804741,3804741,3804741,3804741,3804741]","[1073899,1073899,1073899,1073899,1073899,1073899,1073899,1073899,1073899,1073899,1073899,1073899,1073899,1073899,1073899]","{""semantic_component_batches"":0,""semantic_component_jobs"":0,""max_semantic_component_workers"":0,""inference_regions"":42,""canonical_specialization_queries"":2,""canonical_specialization_hits"":0,""solver_requested_bytes"":181048,""solver_allocations"":476,""scratch_requested_bytes"":151488,""scratch_allocations"":824,""max_solver_live_bytes"":6156,""max_scratch_live_bytes"":3424,""evidence_import_solver_bytes"":0,""evidence_import_scratch_bytes"":1792,""snapshot_copy_bytes"":0,""snapshot_copy_allocations"":0,""principal_copy_buffer_bytes"":23376,""principal_copy_buffer_allocations"":175,""frozen_capture_temporary_bytes"":0,""frozen_capture_published_bytes"":0,""frozen_edge_scratch_bytes"":0,""region_scopes"":62,""max_region_scopes"":4,""call_collections_closed"":4,""call_collections_unresolved"":0,""call_memo_hits"":32,""solver_passes"":64,""solver_constraint_visits"":77,""occurs_steps"":65}",null,"{""persisted_requests"":0,""persisted_hits"":0,""persisted_nonempty_hits"":0,""persisted_call_proofs"":0,""persisted_declines"":0,""projected_empty_hits"":0,""projected_empty_declines"":0,""input_image_checks"":0,""dependency_validations"":0,""reused_dependency_validations"":0,""graph_importers_initialized"":0,""graph_importers_prepared"":0,""empty_hits"":0,""primitive_hits"":0,""primitive_fallbacks"":0,""primitive_key_declined"":0,""nonempty_requests"":0,""requests"":0,""fresh_unit_requests"":0,""fresh_unit_hits"":0,""hits"":0,""changed_or_unsupported"":0,""missing"":0,""evidence_declined"":0,""options_declined"":0,""captured"":0,""fresh_regions"":0,""call_publications_replayed"":0}"
build/bench/cloud-principal-graphs/callback-sources/returned-8-valid.blot,0bda513588392078285cadf78599d512871131e3473cbf962aebe44f5ccf03b2,baseline,"[5165,5274,5320,5443,5747,5753,5776,5810,6157,6222,6293,6377,6454,6704,7393]","[5409,5503,5537,5679,5957,5986,6083,6088,6422,6504,6659,6750,6774,6946,7698]","[4206418,4206418,4206418,4206418,4206418,4206418,4206418,4206418,4206418,4206418,4206418,4206418,4206418,4206418,4206418]","[1115899,1115899,1115899,1115899,1115899,1115899,1115899,1115899,1115899,1115899,1115899,1115899,1115899,1115899,1115899]","{""semantic_component_batches"":0,""semantic_component_jobs"":0,""max_semantic_component_workers"":0,""inference_regions"":66,""canonical_specialization_queries"":2,""canonical_specialization_hits"":0,""solver_requested_bytes"":291832,""solver_allocations"":748,""scratch_requested_bytes"":248056,""scratch_allocations"":1345,""max_solver_live_bytes"":6156,""max_scratch_live_bytes"":4080,""evidence_import_solver_bytes"":0,""evidence_import_scratch_bytes"":2816,""snapshot_copy_bytes"":0,""snapshot_copy_allocations"":0,""principal_copy_buffer_bytes"":40624,""principal_copy_buffer_allocations"":299,""frozen_capture_temporary_bytes"":0,""frozen_capture_published_bytes"":0,""frozen_edge_scratch_bytes"":0,""region_scopes"":94,""max_region_scopes"":4,""call_collections_closed"":4,""call_collections_unresolved"":0,""call_memo_hits"":56,""solver_passes"":104,""solver_constraint_visits"":133,""occurs_steps"":97}",null,"{""persisted_requests"":0,""persisted_hits"":0,""persisted_nonempty_hits"":0,""persisted_call_proofs"":0,""persisted_declines"":0,""projected_empty_hits"":0,""projected_empty_declines"":0,""input_image_checks"":0,""dependency_validations"":0,""reused_dependency_validations"":0,""graph_importers_initialized"":0,""graph_importers_prepared"":0,""empty_hits"":0,""primitive_hits"":0,""primitive_fallbacks"":0,""primitive_key_declined"":0,""nonempty_requests"":0,""requests"":0,""fresh_unit_requests"":0,""fresh_unit_hits"":0,""hits"":0,""changed_or_unsupported"":0,""missing"":0,""evidence_declined"":0,""options_declined"":0,""captured"":0,""fresh_regions"":0,""call_publications_replayed"":0}"
build/bench/cloud-principal-graphs/callback-sources/returned-8-valid.blot,0bda513588392078285cadf78599d512871131e3473cbf962aebe44f5ccf03b2,default,"[5179,5244,5304,5438,5557,5634,5748,5827,5916,6009,6231,6552,6725,6890,6911]","[5460,5510,5542,5657,5811,5901,5999,6066,6288,6331,6643,6817,6964,7127,7151]","[4206418,4206418,4206418,4206418,4206418,4206418,4206418,4206418,4206418,4206418,4206418,4206418,4206418,4206418,4206418]","[1115899,1115899,1115899,1115899,1115899,1115899,1115899,1115899,1115899,1115899,1115899,1115899,1115899,1115899,1115899]","{""semantic_component_batches"":0,""semantic_component_jobs"":0,""max_semantic_component_workers"":0,""inference_regions"":66,""canonical_specialization_queries"":2,""canonical_specialization_hits"":0,""solver_requested_bytes"":291832,""solver_allocations"":748,""scratch_requested_bytes"":248056,""scratch_allocations"":1345,""max_solver_live_bytes"":6156,""max_scratch_live_bytes"":4080,""evidence_import_solver_bytes"":0,""evidence_import_scratch_bytes"":2816,""snapshot_copy_bytes"":0,""snapshot_copy_allocations"":0,""principal_copy_buffer_bytes"":40624,""principal_copy_buffer_allocations"":299,""frozen_capture_temporary_bytes"":0,""frozen_capture_published_bytes"":0,""frozen_edge_scratch_bytes"":0,""region_scopes"":94,""max_region_scopes"":4,""call_collections_closed"":4,""call_collections_unresolved"":0,""call_memo_hits"":56,""solver_passes"":104,""solver_constraint_visits"":133,""occurs_steps"":97}",null,"{""persisted_requests"":0,""persisted_hits"":0,""persisted_nonempty_hits"":0,""persisted_call_proofs"":0,""persisted_declines"":0,""projected_empty_hits"":0,""projected_empty_declines"":0,""input_image_checks"":0,""dependency_validations"":0,""reused_dependency_validations"":0,""graph_importers_initialized"":0,""graph_importers_prepared"":0,""empty_hits"":0,""primitive_hits"":0,""primitive_fallbacks"":0,""primitive_key_declined"":0,""nonempty_requests"":0,""requests"":0,""fresh_unit_requests"":0,""fresh_unit_hits"":0,""hits"":0,""changed_or_unsupported"":0,""missing"":0,""evidence_declined"":0,""options_declined"":0,""captured"":0,""fresh_regions"":0,""call_publications_replayed"":0}"
build/bench/cloud-principal-graphs/callback-sources/returned-12-valid.blot,bf32b5676b2074fae78e7aee4aeef78a99cd74b513a8720ee2aa863d1fca2f71,baseline,"[5596,5773,5798,5857,6005,6047,6080,6132,6231,6301,6467,6553,6560,7533,7990]","[5808,5992,6050,6104,6261,6308,6342,6373,6553,6747,6809,6809,6856,7761,8375]","[4547774,4547774,4547774,4547774,4547774,4547774,4547774,4547774,4547774,4547774,4547774,4547774,4547774,4547774,4547774]","[1136847,1136847,1136847,1136847,1136847,1136847,1136847,1136847,1136847,1136847,1136847,1136847,1136847,1136847,1136847]","{""semantic_component_batches"":0,""semantic_component_jobs"":0,""max_semantic_component_workers"":0,""inference_regions"":90,""canonical_specialization_queries"":2,""canonical_specialization_hits"":0,""solver_requested_bytes"":402616,""solver_allocations"":1020,""scratch_requested_bytes"":347568,""scratch_allocations"":1867,""max_solver_live_bytes"":6156,""max_scratch_live_bytes"":6640,""evidence_import_solver_bytes"":0,""evidence_import_scratch_bytes"":3840,""snapshot_copy_bytes"":0,""snapshot_copy_allocations"":0,""principal_copy_buffer_bytes"":57872,""principal_copy_buffer_allocations"":423,""frozen_capture_temporary_bytes"":0,""frozen_capture_published_bytes"":0,""frozen_edge_scratch_bytes"":0,""region_scopes"":126,""max_region_scopes"":4,""call_collections_closed"":4,""call_collections_unresolved"":0,""call_memo_hits"":80,""solver_passes"":144,""solver_constraint_visits"":189,""occurs_steps"":129}",null,"{""persisted_requests"":0,""persisted_hits"":0,""persisted_nonempty_hits"":0,""persisted_call_proofs"":0,""persisted_declines"":0,""projected_empty_hits"":0,""projected_empty_declines"":0,""input_image_checks"":0,""dependency_validations"":0,""reused_dependency_validations"":0,""graph_importers_initialized"":0,""graph_importers_prepared"":0,""empty_hits"":0,""primitive_hits"":0,""primitive_fallbacks"":0,""primitive_key_declined"":0,""nonempty_requests"":0,""requests"":0,""fresh_unit_requests"":0,""fresh_unit_hits"":0,""hits"":0,""changed_or_unsupported"":0,""missing"":0,""evidence_declined"":0,""options_declined"":0,""captured"":0,""fresh_regions"":0,""call_publications_replayed"":0}"
build/bench/cloud-principal-graphs/callback-sources/returned-12-valid.blot,bf32b5676b2074fae78e7aee4aeef78a99cd74b513a8720ee2aa863d1fca2f71,default,"[5855,5906,6139,6277,6280,6299,6324,6333,6350,6447,6593,7383,7575,8333,8516]","[6096,6144,6400,6542,6550,6556,6564,6567,6590,7029,7644,7916,8321,8806,8863]","[4547774,4547774,4547774,4547774,4547774,4547774,4547774,4547774,4547774,4547774,4547774,4547774,4547774,4547774,4547774]","[1136847,1136847,1136847,1136847,1136847,1136847,1136847,1136847,1136847,1136847,1136847,1136847,1136847,1136847,1136847]","{""semantic_component_batches"":0,""semantic_component_jobs"":0,""max_semantic_component_workers"":0,""inference_regions"":90,""canonical_specialization_queries"":2,""canonical_specialization_hits"":0,""solver_requested_bytes"":402616,""solver_allocations"":1020,""scratch_requested_bytes"":347568,""scratch_allocations"":1867,""max_solver_live_bytes"":6156,""max_scratch_live_bytes"":6640,""evidence_import_solver_bytes"":0,""evidence_import_scratch_bytes"":3840,""snapshot_copy_bytes"":0,""snapshot_copy_allocations"":0,""principal_copy_buffer_bytes"":57872,""principal_copy_buffer_allocations"":423,""frozen_capture_temporary_bytes"":0,""frozen_capture_published_bytes"":0,""frozen_edge_scratch_bytes"":0,""region_scopes"":126,""max_region_scopes"":4,""call_collections_closed"":4,""call_collections_unresolved"":0,""call_memo_hits"":80,""solver_passes"":144,""solver_constraint_visits"":189,""occurs_steps"":129}",null,"{""persisted_requests"":0,""persisted_hits"":0,""persisted_nonempty_hits"":0,""persisted_call_proofs"":0,""persisted_declines"":0,""projected_empty_hits"":0,""projected_empty_declines"":0,""input_image_checks"":0,""dependency_validations"":0,""reused_dependency_validations"":0,""graph_importers_initialized"":0,""graph_importers_prepared"":0,""empty_hits"":0,""primitive_hits"":0,""primitive_fallbacks"":0,""primitive_key_declined"":0,""nonempty_requests"":0,""requests"":0,""fresh_unit_requests"":0,""fresh_unit_hits"":0,""hits"":0,""changed_or_unsupported"":0,""missing"":0,""evidence_declined"":0,""options_declined"":0,""captured"":0,""fresh_regions"":0,""call_publications_replayed"":0}"
build/bench/cloud-principal-graphs/callback-sources/effect-4-valid.blot,c71475f300fec75542309bf26fe245946889cdd3fde69b031699ba0d6c8b5c65,baseline,"[4342,4416,4692,4711,4998,5096,5102,5147,5165,5180,5236,5258,5519,5873,6114]","[4551,4633,4902,4979,5212,5319,5376,5424,5436,5546,5601,5610,6007,6420,6505]","[3669732,3669732,3669732,3669732,3669732,3669732,3669732,3669732,3669732,3669732,3669732,3669732,3669732,3669732,3669732]","[1075100,1075100,1075100,1075100,1075100,1075100,1075100,1075100,1075100,1075100,1075100,1075100,1075100,1075100,1075100]","{""semantic_component_batches"":0,""semantic_component_jobs"":0,""max_semantic_component_workers"":0,""inference_regions"":30,""canonical_specialization_queries"":1,""canonical_specialization_hits"":0,""solver_requested_bytes"":85092,""solver_allocations"":248,""scratch_requested_bytes"":99428,""scratch_allocations"":606,""max_solver_live_bytes"":6000,""max_scratch_live_bytes"":4376,""evidence_import_solver_bytes"":792,""evidence_import_scratch_bytes"":2240,""snapshot_copy_bytes"":0,""snapshot_copy_allocations"":0,""principal_copy_buffer_bytes"":19272,""principal_copy_buffer_allocations"":184,""frozen_capture_temporary_bytes"":0,""frozen_capture_published_bytes"":0,""frozen_edge_scratch_bytes"":0,""region_scopes"":46,""max_region_scopes"":5,""call_collections_closed"":2,""call_collections_unresolved"":0,""call_memo_hits"":12,""solver_passes"":38,""solver_constraint_visits"":52,""occurs_steps"":45}",null,"{""persisted_requests"":0,""persisted_hits"":0,""persisted_nonempty_hits"":0,""persisted_call_proofs"":0,""persisted_declines"":0,""projected_empty_hits"":0,""projected_empty_declines"":0,""input_image_checks"":0,""dependency_validations"":0,""reused_dependency_validations"":0,""graph_importers_initialized"":0,""graph_importers_prepared"":0,""empty_hits"":0,""primitive_hits"":0,""primitive_fallbacks"":0,""primitive_key_declined"":0,""nonempty_requests"":0,""requests"":0,""fresh_unit_requests"":0,""fresh_unit_hits"":0,""hits"":0,""changed_or_unsupported"":0,""missing"":0,""evidence_declined"":0,""options_declined"":0,""captured"":0,""fresh_regions"":0,""call_publications_replayed"":0}"
build/bench/cloud-principal-graphs/callback-sources/effect-4-valid.blot,c71475f300fec75542309bf26fe245946889cdd3fde69b031699ba0d6c8b5c65,default,"[4499,4680,4757,4759,4827,4837,4928,4954,5033,5139,5361,5391,5460,5558,5800]","[4703,4930,4960,4976,5119,5161,5178,5323,5396,5433,5722,5756,5761,5863,6218]","[3669732,3669732,3669732,3669732,3669732,3669732,3669732,3669732,3669732,3669732,3669732,3669732,3669732,3669732,3669732]","[1075100,1075100,1075100,1075100,1075100,1075100,1075100,1075100,1075100,1075100,1075100,1075100,1075100,1075100,1075100]","{""semantic_component_batches"":0,""semantic_component_jobs"":0,""max_semantic_component_workers"":0,""inference_regions"":30,""canonical_specialization_queries"":1,""canonical_specialization_hits"":0,""solver_requested_bytes"":85092,""solver_allocations"":248,""scratch_requested_bytes"":99428,""scratch_allocations"":606,""max_solver_live_bytes"":6000,""max_scratch_live_bytes"":4376,""evidence_import_solver_bytes"":792,""evidence_import_scratch_bytes"":2240,""snapshot_copy_bytes"":0,""snapshot_copy_allocations"":0,""principal_copy_buffer_bytes"":19272,""principal_copy_buffer_allocations"":184,""frozen_capture_temporary_bytes"":0,""frozen_capture_published_bytes"":0,""frozen_edge_scratch_bytes"":0,""region_scopes"":46,""max_region_scopes"":5,""call_collections_closed"":2,""call_collections_unresolved"":0,""call_memo_hits"":12,""solver_passes"":38,""solver_constraint_visits"":52,""occurs_steps"":45}",null,"{""persisted_requests"":0,""persisted_hits"":0,""persisted_nonempty_hits"":0,""persisted_call_proofs"":0,""persisted_declines"":0,""projected_empty_hits"":0,""projected_empty_declines"":0,""input_image_checks"":0,""dependency_validations"":0,""reused_dependency_validations"":0,""graph_importers_initialized"":0,""graph_importers_prepared"":0,""empty_hits"":0,""primitive_hits"":0,""primitive_fallbacks"":0,""primitive_key_declined"":0,""nonempty_requests"":0,""requests"":0,""fresh_unit_requests"":0,""fresh_unit_hits"":0,""hits"":0,""changed_or_unsupported"":0,""missing"":0,""evidence_declined"":0,""options_declined"":0,""captured"":0,""fresh_regions"":0,""call_publications_replayed"":0}"
build/bench/cloud-principal-graphs/callback-sources/effect-8-valid.blot,b79ad454ee8905851136cf14d8cb0bda40baeea75e1760967367cfd8da06fffb,baseline,"[5004,5064,5088,5095,5255,5268,5332,5422,5468,5474,5632,5759,5870,5874,6128]","[5205,5311,5332,5361,5508,5576,5600,5665,5721,5722,5850,6092,6148,6163,6437]","[3921936,3921936,3921936,3921936,3921936,3921936,3921936,3921936,3921936,3921936,3921936,3921936,3921936,3921936,3921936]","[1100976,1100976,1100976,1100976,1100976,1100976,1100976,1100976,1100976,1100976,1100976,1100976,1100976,1100976,1100976]","{""semantic_component_batches"":0,""semantic_component_jobs"":0,""max_semantic_component_workers"":0,""inference_regions"":46,""canonical_specialization_queries"":1,""canonical_specialization_hits"":0,""solver_requested_bytes"":137572,""solver_allocations"":388,""scratch_requested_bytes"":157932,""scratch_allocations"":967,""max_solver_live_bytes"":6000,""max_scratch_live_bytes"":4388,""evidence_import_solver_bytes"":1320,""evidence_import_scratch_bytes"":3520,""snapshot_copy_bytes"":0,""snapshot_copy_allocations"":0,""principal_copy_buffer_bytes"":32488,""principal_copy_buffer_allocations"":300,""frozen_capture_temporary_bytes"":0,""frozen_capture_published_bytes"":0,""frozen_edge_scratch_bytes"":0,""region_scopes"":70,""max_region_scopes"":5,""call_collections_closed"":2,""call_collections_unresolved"":0,""call_memo_hits"":20,""solver_passes"":58,""solver_constraint_visits"":84,""occurs_steps"":69}",null,"{""persisted_requests"":0,""persisted_hits"":0,""persisted_nonempty_hits"":0,""persisted_call_proofs"":0,""persisted_declines"":0,""projected_empty_hits"":0,""projected_empty_declines"":0,""input_image_checks"":0,""dependency_validations"":0,""reused_dependency_validations"":0,""graph_importers_initialized"":0,""graph_importers_prepared"":0,""empty_hits"":0,""primitive_hits"":0,""primitive_fallbacks"":0,""primitive_key_declined"":0,""nonempty_requests"":0,""requests"":0,""fresh_unit_requests"":0,""fresh_unit_hits"":0,""hits"":0,""changed_or_unsupported"":0,""missing"":0,""evidence_declined"":0,""options_declined"":0,""captured"":0,""fresh_regions"":0,""call_publications_replayed"":0}"
build/bench/cloud-principal-graphs/callback-sources/effect-8-valid.blot,b79ad454ee8905851136cf14d8cb0bda40baeea75e1760967367cfd8da06fffb,default,"[4894,5084,5154,5205,5227,5290,5318,5320,5538,5603,5932,6124,6914,8836,10300]","[5175,5302,5439,5450,5526,5534,5561,5605,5870,5888,6145,6407,7138,9104,10578]","[3921936,3921936,3921936,3921936,3921936,3921936,3921936,3921936,3921936,3921936,3921936,3921936,3921936,3921936,3921936]","[1100976,1100976,1100976,1100976,1100976,1100976,1100976,1100976,1100976,1100976,1100976,1100976,1100976,1100976,1100976]","{""semantic_component_batches"":0,""semantic_component_jobs"":0,""max_semantic_component_workers"":0,""inference_regions"":46,""canonical_specialization_queries"":1,""canonical_specialization_hits"":0,""solver_requested_bytes"":137572,""solver_allocations"":388,""scratch_requested_bytes"":157932,""scratch_allocations"":967,""max_solver_live_bytes"":6000,""max_scratch_live_bytes"":4388,""evidence_import_solver_bytes"":1320,""evidence_import_scratch_bytes"":3520,""snapshot_copy_bytes"":0,""snapshot_copy_allocations"":0,""principal_copy_buffer_bytes"":32488,""principal_copy_buffer_allocations"":300,""frozen_capture_temporary_bytes"":0,""frozen_capture_published_bytes"":0,""frozen_edge_scratch_bytes"":0,""region_scopes"":70,""max_region_scopes"":5,""call_collections_closed"":2,""call_collections_unresolved"":0,""call_memo_hits"":20,""solver_passes"":58,""solver_constraint_visits"":84,""occurs_steps"":69}",null,"{""persisted_requests"":0,""persisted_hits"":0,""persisted_nonempty_hits"":0,""persisted_call_proofs"":0,""persisted_declines"":0,""projected_empty_hits"":0,""projected_empty_declines"":0,""input_image_checks"":0,""dependency_validations"":0,""reused_dependency_validations"":0,""graph_importers_initialized"":0,""graph_importers_prepared"":0,""empty_hits"":0,""primitive_hits"":0,""primitive_fallbacks"":0,""primitive_key_declined"":0,""nonempty_requests"":0,""requests"":0,""fresh_unit_requests"":0,""fresh_unit_hits"":0,""hits"":0,""changed_or_unsupported"":0,""missing"":0,""evidence_declined"":0,""options_declined"":0,""captured"":0,""fresh_regions"":0,""call_publications_replayed"":0}"
build/bench/cloud-principal-graphs/callback-sources/effect-12-valid.blot,3dfe088b10d37738582b9f9c4bfbc5c8e2861b2e4c516956a9079d5350c8506d,baseline,"[5183,5290,5298,5325,5483,5571,5668,5894,5989,6007,6130,6270,6293,6772,7516]","[5434,5509,5511,5542,5768,5820,5902,6117,6238,6269,6465,6643,6700,7072,8133]","[4179458,4179458,4179458,4179458,4179458,4179458,4179458,4179458,4179458,4179458,4179458,4179458,4179458,4179458,4179458]","[1137160,1137160,1137160,1137160,1137160,1137160,1137160,1137160,1137160,1137160,1137160,1137160,1137160,1137160,1137160]","{""semantic_component_batches"":0,""semantic_component_jobs"":0,""max_semantic_component_workers"":0,""inference_regions"":62,""canonical_specialization_queries"":1,""canonical_specialization_hits"":0,""solver_requested_bytes"":190052,""solver_allocations"":528,""scratch_requested_bytes"":219380,""scratch_allocations"":1329,""max_solver_live_bytes"":6000,""max_scratch_live_bytes"":7028,""evidence_import_solver_bytes"":1848,""evidence_import_scratch_bytes"":4800,""snapshot_copy_bytes"":0,""snapshot_copy_allocations"":0,""principal_copy_buffer_bytes"":45704,""principal_copy_buffer_allocations"":416,""frozen_capture_temporary_bytes"":0,""frozen_capture_published_bytes"":0,""frozen_edge_scratch_bytes"":0,""region_scopes"":94,""max_region_scopes"":5,""call_collections_closed"":2,""call_collections_unresolved"":0,""call_memo_hits"":28,""solver_passes"":78,""solver_constraint_visits"":116,""occurs_steps"":93}",null,"{""persisted_requests"":0,""persisted_hits"":0,""persisted_nonempty_hits"":0,""persisted_call_proofs"":0,""persisted_declines"":0,""projected_empty_hits"":0,""projected_empty_declines"":0,""input_image_checks"":0,""dependency_validations"":0,""reused_dependency_validations"":0,""graph_importers_initialized"":0,""graph_importers_prepared"":0,""empty_hits"":0,""primitive_hits"":0,""primitive_fallbacks"":0,""primitive_key_declined"":0,""nonempty_requests"":0,""requests"":0,""fresh_unit_requests"":0,""fresh_unit_hits"":0,""hits"":0,""changed_or_unsupported"":0,""missing"":0,""evidence_declined"":0,""options_declined"":0,""captured"":0,""fresh_regions"":0,""call_publications_replayed"":0}"
build/bench/cloud-principal-graphs/callback-sources/effect-12-valid.blot,3dfe088b10d37738582b9f9c4bfbc5c8e2861b2e4c516956a9079d5350c8506d,default,"[5078,5258,5298,5623,5687,5718,5860,5862,6073,6134,6312,6357,6619,6901,7334]","[5356,5508,5604,5916,5944,6146,6232,6336,6368,6425,6621,6689,6885,7122,7586]","[4179458,4179458,4179458,4179458,4179458,4179458,4179458,4179458,4179458,4179458,4179458,4179458,4179458,4179458,4179458]","[1137160,1137160,1137160,1137160,1137160,1137160,1137160,1137160,1137160,1137160,1137160,1137160,1137160,1137160,1137160]","{""semantic_component_batches"":0,""semantic_component_jobs"":0,""max_semantic_component_workers"":0,""inference_regions"":62,""canonical_specialization_queries"":1,""canonical_specialization_hits"":0,""solver_requested_bytes"":190052,""solver_allocations"":528,""scratch_requested_bytes"":219380,""scratch_allocations"":1329,""max_solver_live_bytes"":6000,""max_scratch_live_bytes"":7028,""evidence_import_solver_bytes"":1848,""evidence_import_scratch_bytes"":4800,""snapshot_copy_bytes"":0,""snapshot_copy_allocations"":0,""principal_copy_buffer_bytes"":45704,""principal_copy_buffer_allocations"":416,""frozen_capture_temporary_bytes"":0,""frozen_capture_published_bytes"":0,""frozen_edge_scratch_bytes"":0,""region_scopes"":94,""max_region_scopes"":5,""call_collections_closed"":2,""call_collections_unresolved"":0,""call_memo_hits"":28,""solver_passes"":78,""solver_constraint_visits"":116,""occurs_steps"":93}",null,"{""persisted_requests"":0,""persisted_hits"":0,""persisted_nonempty_hits"":0,""persisted_call_proofs"":0,""persisted_declines"":0,""projected_empty_hits"":0,""projected_empty_declines"":0,""input_image_checks"":0,""dependency_validations"":0,""reused_dependency_validations"":0,""graph_importers_initialized"":0,""graph_importers_prepared"":0,""empty_hits"":0,""primitive_hits"":0,""primitive_fallbacks"":0,""primitive_key_declined"":0,""nonempty_requests"":0,""requests"":0,""fresh_unit_requests"":0,""fresh_unit_hits"":0,""hits"":0,""changed_or_unsupported"":0,""missing"":0,""evidence_declined"":0,""options_declined"":0,""captured"":0,""fresh_regions"":0,""call_publications_replayed"":0}"
build/bench/cloud-principal-graphs/callback-sources/unused-4-valid.blot,b8b19a7f194b4b1bdb3b4b03abe428d6f4e8da424af4151ac835d265d8a33f5a,baseline,"[4153,4336,4453,4469,4475,4546,4626,4634,4709,4756,4792,4844,5068,5754,5838]","[4376,4563,4680,4699,4762,4765,4870,4928,4948,5006,5035,5145,5313,6085,6130]","[3462632,3462632,3462632,3462632,3462632,3462632,3462632,3462632,3462632,3462632,3462632,3462632,3462632,3462632,3462632]","[1068887,1068887,1068887,1068887,1068887,1068887,1068887,1068887,1068887,1068887,1068887,1068887,1068887,1068887,1068887]","{""semantic_component_batches"":0,""semantic_component_jobs"":0,""max_semantic_component_workers"":0,""inference_regions"":24,""canonical_specialization_queries"":1,""canonical_specialization_hits"":0,""solver_requested_bytes"":35592,""solver_allocations"":118,""scratch_requested_bytes"":75364,""scratch_allocations"":495,""max_solver_live_bytes"":6196,""max_scratch_live_bytes"":3356,""evidence_import_solver_bytes"":0,""evidence_import_scratch_bytes"":640,""snapshot_copy_bytes"":0,""snapshot_copy_allocations"":0,""principal_copy_buffer_bytes"":14640,""principal_copy_buffer_allocations"":183,""frozen_capture_temporary_bytes"":0,""frozen_capture_published_bytes"":0,""frozen_edge_scratch_bytes"":0,""region_scopes"":32,""max_region_scopes"":4,""call_collections_closed"":1,""call_collections_unresolved"":0,""call_memo_hits"":7,""solver_passes"":18,""solver_constraint_visits"":26,""occurs_steps"":0}",null,"{""persisted_requests"":0,""persisted_hits"":0,""persisted_nonempty_hits"":0,""persisted_call_proofs"":0,""persisted_declines"":0,""projected_empty_hits"":0,""projected_empty_declines"":0,""input_image_checks"":0,""dependency_validations"":0,""reused_dependency_validations"":0,""graph_importers_initialized"":0,""graph_importers_prepared"":0,""empty_hits"":0,""primitive_hits"":0,""primitive_fallbacks"":0,""primitive_key_declined"":0,""nonempty_requests"":0,""requests"":0,""fresh_unit_requests"":0,""fresh_unit_hits"":0,""hits"":0,""changed_or_unsupported"":0,""missing"":0,""evidence_declined"":0,""options_declined"":0,""captured"":0,""fresh_regions"":0,""call_publications_replayed"":0}"
build/bench/cloud-principal-graphs/callback-sources/unused-4-valid.blot,b8b19a7f194b4b1bdb3b4b03abe428d6f4e8da424af4151ac835d265d8a33f5a,default,"[4401,4480,4490,4585,4604,4665,4696,4842,4946,5075,5095,5164,5398,5677,5980]","[4619,4709,4728,4814,4831,4902,4992,5167,5208,5314,5386,5460,5760,6027,6262]","[3462632,3462632,3462632,3462632,3462632,3462632,3462632,3462632,3462632,3462632,3462632,3462632,3462632,3462632,3462632]","[1068887,1068887,1068887,1068887,1068887,1068887,1068887,1068887,1068887,1068887,1068887,1068887,1068887,1068887,1068887]","{""semantic_component_batches"":0,""semantic_component_jobs"":0,""max_semantic_component_workers"":0,""inference_regions"":24,""canonical_specialization_queries"":1,""canonical_specialization_hits"":0,""solver_requested_bytes"":35592,""solver_allocations"":118,""scratch_requested_bytes"":75364,""scratch_allocations"":495,""max_solver_live_bytes"":6196,""max_scratch_live_bytes"":3356,""evidence_import_solver_bytes"":0,""evidence_import_scratch_bytes"":640,""snapshot_copy_bytes"":0,""snapshot_copy_allocations"":0,""principal_copy_buffer_bytes"":14640,""principal_copy_buffer_allocations"":183,""frozen_capture_temporary_bytes"":0,""frozen_capture_published_bytes"":0,""frozen_edge_scratch_bytes"":0,""region_scopes"":32,""max_region_scopes"":4,""call_collections_closed"":1,""call_collections_unresolved"":0,""call_memo_hits"":7,""solver_passes"":18,""solver_constraint_visits"":26,""occurs_steps"":0}",null,"{""persisted_requests"":0,""persisted_hits"":0,""persisted_nonempty_hits"":0,""persisted_call_proofs"":0,""persisted_declines"":0,""projected_empty_hits"":0,""projected_empty_declines"":0,""input_image_checks"":0,""dependency_validations"":0,""reused_dependency_validations"":0,""graph_importers_initialized"":0,""graph_importers_prepared"":0,""empty_hits"":0,""primitive_hits"":0,""primitive_fallbacks"":0,""primitive_key_declined"":0,""nonempty_requests"":0,""requests"":0,""fresh_unit_requests"":0,""fresh_unit_hits"":0,""hits"":0,""changed_or_unsupported"":0,""missing"":0,""evidence_declined"":0,""options_declined"":0,""captured"":0,""fresh_regions"":0,""call_publications_replayed"":0}"
build/bench/cloud-principal-graphs/callback-sources/unused-8-valid.blot,a79866d18141c82fd354e0d394ae96d9d012918d5272d87608a7ffada240b3e5,baseline,"[4355,4417,4575,4576,4582,4587,4653,4791,4799,4800,4938,4958,5668,5832,5946]","[4677,4698,4823,4850,4880,4907,4997,5079,5118,5157,5269,5293,5921,6223,6335]","[3610450,3610450,3610450,3610450,3610450,3610450,3610450,3610450,3610450,3610450,3610450,3610450,3610450,3610450,3610450]","[1092847,1092847,1092847,1092847,1092847,1092847,1092847,1092847,1092847,1092847,1092847,1092847,1092847,1092847,1092847]","{""semantic_component_batches"":0,""semantic_component_jobs"":0,""max_semantic_component_workers"":0,""inference_regions"":36,""canonical_specialization_queries"":1,""canonical_specialization_hits"":0,""solver_requested_bytes"":48184,""solver_allocations"":166,""scratch_requested_bytes"":114892,""scratch_allocations"":736,""max_solver_live_bytes"":6196,""max_scratch_live_bytes"":4256,""evidence_import_solver_bytes"":0,""evidence_import_scratch_bytes"":640,""snapshot_copy_bytes"":0,""snapshot_copy_allocations"":0,""principal_copy_buffer_bytes"":23824,""principal_copy_buffer_allocations"":295,""frozen_capture_temporary_bytes"":0,""frozen_capture_published_bytes"":0,""frozen_edge_scratch_bytes"":0,""region_scopes"":48,""max_region_scopes"":4,""call_collections_closed"":1,""call_collections_unresolved"":0,""call_memo_hits"":11,""solver_passes"":22,""solver_constraint_visits"":34,""occurs_steps"":0}",null,"{""persisted_requests"":0,""persisted_hits"":0,""persisted_nonempty_hits"":0,""persisted_call_proofs"":0,""persisted_declines"":0,""projected_empty_hits"":0,""projected_empty_declines"":0,""input_image_checks"":0,""dependency_validations"":0,""reused_dependency_validations"":0,""graph_importers_initialized"":0,""graph_importers_prepared"":0,""empty_hits"":0,""primitive_hits"":0,""primitive_fallbacks"":0,""primitive_key_declined"":0,""nonempty_requests"":0,""requests"":0,""fresh_unit_requests"":0,""fresh_unit_hits"":0,""hits"":0,""changed_or_unsupported"":0,""missing"":0,""evidence_declined"":0,""options_declined"":0,""captured"":0,""fresh_regions"":0,""call_publications_replayed"":0}"
build/bench/cloud-principal-graphs/callback-sources/unused-8-valid.blot,a79866d18141c82fd354e0d394ae96d9d012918d5272d87608a7ffada240b3e5,default,"[4477,4559,4580,4588,4681,4887,4918,5008,5016,5077,5168,5955,6000,6616,7931]","[4727,4798,4818,4836,4902,5140,5161,5235,5250,5325,5385,6267,6377,6833,8205]","[3610450,3610450,3610450,3610450,3610450,3610450,3610450,3610450,3610450,3610450,3610450,3610450,3610450,3610450,3610450]","[1092847,1092847,1092847,1092847,1092847,1092847,1092847,1092847,1092847,1092847,1092847,1092847,1092847,1092847,1092847]","{""semantic_component_batches"":0,""semantic_component_jobs"":0,""max_semantic_component_workers"":0,""inference_regions"":36,""canonical_specialization_queries"":1,""canonical_specialization_hits"":0,""solver_requested_bytes"":48184,""solver_allocations"":166,""scratch_requested_bytes"":114892,""scratch_allocations"":736,""max_solver_live_bytes"":6196,""max_scratch_live_bytes"":4256,""evidence_import_solver_bytes"":0,""evidence_import_scratch_bytes"":640,""snapshot_copy_bytes"":0,""snapshot_copy_allocations"":0,""principal_copy_buffer_bytes"":23824,""principal_copy_buffer_allocations"":295,""frozen_capture_temporary_bytes"":0,""frozen_capture_published_bytes"":0,""frozen_edge_scratch_bytes"":0,""region_scopes"":48,""max_region_scopes"":4,""call_collections_closed"":1,""call_collections_unresolved"":0,""call_memo_hits"":11,""solver_passes"":22,""solver_constraint_visits"":34,""occurs_steps"":0}",null,"{""persisted_requests"":0,""persisted_hits"":0,""persisted_nonempty_hits"":0,""persisted_call_proofs"":0,""persisted_declines"":0,""projected_empty_hits"":0,""projected_empty_declines"":0,""input_image_checks"":0,""dependency_validations"":0,""reused_dependency_validations"":0,""graph_importers_initialized"":0,""graph_importers_prepared"":0,""empty_hits"":0,""primitive_hits"":0,""primitive_fallbacks"":0,""primitive_key_declined"":0,""nonempty_requests"":0,""requests"":0,""fresh_unit_requests"":0,""fresh_unit_hits"":0,""hits"":0,""changed_or_unsupported"":0,""missing"":0,""evidence_declined"":0,""options_declined"":0,""captured"":0,""fresh_regions"":0,""call_publications_replayed"":0}"
build/bench/cloud-principal-graphs/callback-sources/unused-12-valid.blot,dc238d2a6694bb1e2d25cd828a8fb616eec2192cca4b0da72dea0799e5f36b80,baseline,"[4666,4699,4811,4871,4995,5004,5104,5121,5158,5370,5407,5529,5623,6151,6751]","[4998,5066,5094,5166,5240,5274,5381,5422,5482,5590,5611,5872,5891,6412,6996]","[3762409,3762409,3762409,3762409,3762409,3762409,3762409,3762409,3762409,3762409,3762409,3762409,3762409,3762409,3762409]","[1124547,1124547,1124547,1124547,1124547,1124547,1124547,1124547,1124547,1124547,1124547,1124547,1124547,1124547,1124547]","{""semantic_component_batches"":0,""semantic_component_jobs"":0,""max_semantic_component_workers"":0,""inference_regions"":48,""canonical_specialization_queries"":1,""canonical_specialization_hits"":0,""solver_requested_bytes"":60776,""solver_allocations"":214,""scratch_requested_bytes"":157364,""scratch_allocations"":978,""max_solver_live_bytes"":6196,""max_scratch_live_bytes"":6896,""evidence_import_solver_bytes"":0,""evidence_import_scratch_bytes"":640,""snapshot_copy_bytes"":0,""snapshot_copy_allocations"":0,""principal_copy_buffer_bytes"":33008,""principal_copy_buffer_allocations"":407,""frozen_capture_temporary_bytes"":0,""frozen_capture_published_bytes"":0,""frozen_edge_scratch_bytes"":0,""region_scopes"":64,""max_region_scopes"":4,""call_collections_closed"":1,""call_collections_unresolved"":0,""call_memo_hits"":15,""solver_passes"":26,""solver_constraint_visits"":42,""occurs_steps"":0}",null,"{""persisted_requests"":0,""persisted_hits"":0,""persisted_nonempty_hits"":0,""persisted_call_proofs"":0,""persisted_declines"":0,""projected_empty_hits"":0,""projected_empty_declines"":0,""input_image_checks"":0,""dependency_validations"":0,""reused_dependency_validations"":0,""graph_importers_initialized"":0,""graph_importers_prepared"":0,""empty_hits"":0,""primitive_hits"":0,""primitive_fallbacks"":0,""primitive_key_declined"":0,""nonempty_requests"":0,""requests"":0,""fresh_unit_requests"":0,""fresh_unit_hits"":0,""hits"":0,""changed_or_unsupported"":0,""missing"":0,""evidence_declined"":0,""options_declined"":0,""captured"":0,""fresh_regions"":0,""call_publications_replayed"":0}"
build/bench/cloud-principal-graphs/callback-sources/unused-12-valid.blot,dc238d2a6694bb1e2d25cd828a8fb616eec2192cca4b0da72dea0799e5f36b80,default,"[4599,4700,4812,4857,4890,4969,5025,5027,5073,5176,5304,5325,5887,5888,6824]","[4818,4912,5030,5099,5150,5169,5257,5280,5318,5440,5614,5627,6123,6149,7138]","[3762409,3762409,3762409,3762409,3762409,3762409,3762409,3762409,3762409,3762409,3762409,3762409,3762409,3762409,3762409]","[1124547,1124547,1124547,1124547,1124547,1124547,1124547,1124547,1124547,1124547,1124547,1124547,1124547,1124547,1124547]","{""semantic_component_batches"":0,""semantic_component_jobs"":0,""max_semantic_component_workers"":0,""inference_regions"":48,""canonical_specialization_queries"":1,""canonical_specialization_hits"":0,""solver_requested_bytes"":60776,""solver_allocations"":214,""scratch_requested_bytes"":157364,""scratch_allocations"":978,""max_solver_live_bytes"":6196,""max_scratch_live_bytes"":6896,""evidence_import_solver_bytes"":0,""evidence_import_scratch_bytes"":640,""snapshot_copy_bytes"":0,""snapshot_copy_allocations"":0,""principal_copy_buffer_bytes"":33008,""principal_copy_buffer_allocations"":407,""frozen_capture_temporary_bytes"":0,""frozen_capture_published_bytes"":0,""frozen_edge_scratch_bytes"":0,""region_scopes"":64,""max_region_scopes"":4,""call_collections_closed"":1,""call_collections_unresolved"":0,""call_memo_hits"":15,""solver_passes"":26,""solver_constraint_visits"":42,""occurs_steps"":0}",null,"{""persisted_requests"":0,""persisted_hits"":0,""persisted_nonempty_hits"":0,""persisted_call_proofs"":0,""persisted_declines"":0,""projected_empty_hits"":0,""projected_empty_declines"":0,""input_image_checks"":0,""dependency_validations"":0,""reused_dependency_validations"":0,""graph_importers_initialized"":0,""graph_importers_prepared"":0,""empty_hits"":0,""primitive_hits"":0,""primitive_fallbacks"":0,""primitive_key_declined"":0,""nonempty_requests"":0,""requests"":0,""fresh_unit_requests"":0,""fresh_unit_hits"":0,""hits"":0,""changed_or_unsupported"":0,""missing"":0,""evidence_declined"":0,""options_declined"":0,""captured"":0,""fresh_regions"":0,""call_publications_replayed"":0}"
build/bench/cloud-principal-graphs/callback-sources/predicate_apply-4-valid.blot,afda23d4d8a2ae918109407984e9397b95d8f019a090082206ae7801323aec58,baseline,"[4989,5050,5119,5172,5192,5294,5438,5622,5631,5690,5693,5713,5805,6159,6989]","[5200,5257,5383,5388,5409,5564,5673,5887,5914,5933,5953,6030,6184,6407,7423]","[4192545,4192545,4192545,4192545,4192545,4192545,4192545,4192545,4192545,4192545,4192545,4192545,4192545,4192545,4192545]","[1075706,1075706,1075706,1075706,1075706,1075706,1075706,1075706,1075706,1075706,1075706,1075706,1075706,1075706,1075706]","{""semantic_component_batches"":0,""semantic_component_jobs"":0,""max_semantic_component_workers"":0,""inference_regions"":73,""canonical_specialization_queries"":2,""canonical_specialization_hits"":0,""solver_requested_bytes"":191204,""solver_allocations"":720,""scratch_requested_bytes"":272276,""scratch_allocations"":1670,""max_solver_live_bytes"":3656,""max_scratch_live_bytes"":3712,""evidence_import_solver_bytes"":0,""evidence_import_scratch_bytes"":5376,""snapshot_copy_bytes"":0,""snapshot_copy_allocations"":0,""principal_copy_buffer_bytes"":36904,""principal_copy_buffer_allocations"":313,""frozen_capture_temporary_bytes"":0,""frozen_capture_published_bytes"":0,""frozen_edge_scratch_bytes"":0,""region_scopes"":87,""max_region_scopes"":3,""call_collections_closed"":4,""call_collections_unresolved"":0,""call_memo_hits"":74,""solver_passes"":159,""solver_constraint_visits"":218,""occurs_steps"":201}",null,"{""persisted_requests"":0,""persisted_hits"":0,""persisted_nonempty_hits"":0,""persisted_call_proofs"":0,""persisted_declines"":0,""projected_empty_hits"":0,""projected_empty_declines"":0,""input_image_checks"":0,""dependency_validations"":0,""reused_dependency_validations"":0,""graph_importers_initialized"":0,""graph_importers_prepared"":0,""empty_hits"":0,""primitive_hits"":0,""primitive_fallbacks"":0,""primitive_key_declined"":0,""nonempty_requests"":0,""requests"":0,""fresh_unit_requests"":0,""fresh_unit_hits"":0,""hits"":0,""changed_or_unsupported"":0,""missing"":0,""evidence_declined"":0,""options_declined"":0,""captured"":0,""fresh_regions"":0,""call_publications_replayed"":0}"
build/bench/cloud-principal-graphs/callback-sources/predicate_apply-4-valid.blot,afda23d4d8a2ae918109407984e9397b95d8f019a090082206ae7801323aec58,default,"[5160,5209,5214,5282,5329,5412,5436,5629,5643,5751,6131,6170,6277,6624,9293]","[5384,5473,5485,5531,5641,5641,5864,5892,5966,6052,6401,6499,6563,6863,9632]","[4192545,4192545,4192545,4192545,4192545,4192545,4192545,4192545,4192545,4192545,4192545,4192545,4192545,4192545,4192545]","[1075706,1075706,1075706,1075706,1075706,1075706,1075706,1075706,1075706,1075706,1075706,1075706,1075706,1075706,1075706]","{""semantic_component_batches"":0,""semantic_component_jobs"":0,""max_semantic_component_workers"":0,""inference_regions"":73,""canonical_specialization_queries"":2,""canonical_specialization_hits"":0,""solver_requested_bytes"":191204,""solver_allocations"":720,""scratch_requested_bytes"":272276,""scratch_allocations"":1670,""max_solver_live_bytes"":3656,""max_scratch_live_bytes"":3712,""evidence_import_solver_bytes"":0,""evidence_import_scratch_bytes"":5376,""snapshot_copy_bytes"":0,""snapshot_copy_allocations"":0,""principal_copy_buffer_bytes"":36904,""principal_copy_buffer_allocations"":313,""frozen_capture_temporary_bytes"":0,""frozen_capture_published_bytes"":0,""frozen_edge_scratch_bytes"":0,""region_scopes"":87,""max_region_scopes"":3,""call_collections_closed"":4,""call_collections_unresolved"":0,""call_memo_hits"":74,""solver_passes"":159,""solver_constraint_visits"":218,""occurs_steps"":201}",null,"{""persisted_requests"":0,""persisted_hits"":0,""persisted_nonempty_hits"":0,""persisted_call_proofs"":0,""persisted_declines"":0,""projected_empty_hits"":0,""projected_empty_declines"":0,""input_image_checks"":0,""dependency_validations"":0,""reused_dependency_validations"":0,""graph_importers_initialized"":0,""graph_importers_prepared"":0,""empty_hits"":0,""primitive_hits"":0,""primitive_fallbacks"":0,""primitive_key_declined"":0,""nonempty_requests"":0,""requests"":0,""fresh_unit_requests"":0,""fresh_unit_hits"":0,""hits"":0,""changed_or_unsupported"":0,""missing"":0,""evidence_declined"":0,""options_declined"":0,""captured"":0,""fresh_regions"":0,""call_publications_replayed"":0}"
build/bench/cloud-principal-graphs/callback-sources/predicate_apply-8-valid.blot,948b01983c630f0f05cf8f0467d8673571852f2b08f591ee34e36a25859673eb,baseline,"[6013,6064,6160,6229,6320,6333,6523,6627,6684,6730,6874,6949,7112,7115,8202]","[6262,6298,6484,6546,6578,6656,6888,6923,6980,7051,7119,7242,7355,7399,8471]","[4989478,4989478,4989478,4989478,4989478,4989478,4989478,4989478,4989478,4989478,4989478,4989478,4989478,4989478,4989478]","[1113086,1113086,1113086,1113086,1113086,1113086,1113086,1113086,1113086,1113086,1113086,1113086,1113086,1113086,1113086]","{""semantic_component_batches"":0,""semantic_component_jobs"":0,""max_semantic_component_workers"":0,""inference_regions"":121,""canonical_specialization_queries"":2,""canonical_specialization_hits"":0,""solver_requested_bytes"":328356,""solver_allocations"":1200,""scratch_requested_bytes"":494116,""scratch_allocations"":2947,""max_solver_live_bytes"":3656,""max_scratch_live_bytes"":4028,""evidence_import_solver_bytes"":0,""evidence_import_scratch_bytes"":9472,""snapshot_copy_bytes"":0,""snapshot_copy_allocations"":0,""principal_copy_buffer_bytes"":66088,""principal_copy_buffer_allocations"":553,""frozen_capture_temporary_bytes"":0,""frozen_capture_published_bytes"":0,""frozen_edge_scratch_bytes"":0,""region_scopes"":135,""max_region_scopes"":3,""call_collections_closed"":4,""call_collections_unresolved"":0,""call_memo_hits"":138,""solver_passes"":271,""solver_constraint_visits"":394,""occurs_steps"":345}",null,"{""persisted_requests"":0,""persisted_hits"":0,""persisted_nonempty_hits"":0,""persisted_call_proofs"":0,""persisted_declines"":0,""projected_empty_hits"":0,""projected_empty_declines"":0,""input_image_checks"":0,""dependency_validations"":0,""reused_dependency_validations"":0,""graph_importers_initialized"":0,""graph_importers_prepared"":0,""empty_hits"":0,""primitive_hits"":0,""primitive_fallbacks"":0,""primitive_key_declined"":0,""nonempty_requests"":0,""requests"":0,""fresh_unit_requests"":0,""fresh_unit_hits"":0,""hits"":0,""changed_or_unsupported"":0,""missing"":0,""evidence_declined"":0,""options_declined"":0,""captured"":0,""fresh_regions"":0,""call_publications_replayed"":0}"
build/bench/cloud-principal-graphs/callback-sources/predicate_apply-8-valid.blot,948b01983c630f0f05cf8f0467d8673571852f2b08f591ee34e36a25859673eb,default,"[5865,5930,5974,6141,6159,6190,6348,6395,6596,6619,6619,6621,6686,6924,7024]","[6073,6208,6226,6408,6451,6629,6707,6731,6847,6868,6891,6910,6934,7179,7245]","[4989478,4989478,4989478,4989478,4989478,4989478,4989478,4989478,4989478,4989478,4989478,4989478,4989478,4989478,4989478]","[1113086,1113086,1113086,1113086,1113086,1113086,1113086,1113086,1113086,1113086,1113086,1113086,1113086,1113086,1113086]","{""semantic_component_batches"":0,""semantic_component_jobs"":0,""max_semantic_component_workers"":0,""inference_regions"":121,""canonical_specialization_queries"":2,""canonical_specialization_hits"":0,""solver_requested_bytes"":328356,""solver_allocations"":1200,""scratch_requested_bytes"":494116,""scratch_allocations"":2947,""max_solver_live_bytes"":3656,""max_scratch_live_bytes"":4028,""evidence_import_solver_bytes"":0,""evidence_import_scratch_bytes"":9472,""snapshot_copy_bytes"":0,""snapshot_copy_allocations"":0,""principal_copy_buffer_bytes"":66088,""principal_copy_buffer_allocations"":553,""frozen_capture_temporary_bytes"":0,""frozen_capture_published_bytes"":0,""frozen_edge_scratch_bytes"":0,""region_scopes"":135,""max_region_scopes"":3,""call_collections_closed"":4,""call_collections_unresolved"":0,""call_memo_hits"":138,""solver_passes"":271,""solver_constraint_visits"":394,""occurs_steps"":345}",null,"{""persisted_requests"":0,""persisted_hits"":0,""persisted_nonempty_hits"":0,""persisted_call_proofs"":0,""persisted_declines"":0,""projected_empty_hits"":0,""projected_empty_declines"":0,""input_image_checks"":0,""dependency_validations"":0,""reused_dependency_validations"":0,""graph_importers_initialized"":0,""graph_importers_prepared"":0,""empty_hits"":0,""primitive_hits"":0,""primitive_fallbacks"":0,""primitive_key_declined"":0,""nonempty_requests"":0,""requests"":0,""fresh_unit_requests"":0,""fresh_unit_hits"":0,""hits"":0,""changed_or_unsupported"":0,""missing"":0,""evidence_declined"":0,""options_declined"":0,""captured"":0,""fresh_regions"":0,""call_publications_replayed"":0}"
build/bench/cloud-principal-graphs/callback-sources/predicate_apply-12-valid.blot,50ea90857bad651c20538ba115f2a4448cf4988dc4c61eb4de306a46f30a0996,baseline,"[6537,6663,6665,6918,6926,6998,7044,7136,7323,7687,7930,7988,8015,8742,8792]","[6864,6893,6900,7159,7180,7217,7258,7402,7671,7992,8239,8346,8796,9158,9166]","[5745028,5745028,5745028,5745028,5745028,5745028,5745028,5745028,5745028,5745028,5745028,5745028,5745028,5745028,5745028]","[1143598,1143598,1143598,1143598,1143598,1143598,1143598,1143598,1143598,1143598,1143598,1143598,1143598,1143598,1143598]","{""semantic_component_batches"":0,""semantic_component_jobs"":0,""max_semantic_component_workers"":0,""inference_regions"":169,""canonical_specialization_queries"":2,""canonical_specialization_hits"":0,""solver_requested_bytes"":465508,""solver_allocations"":1680,""scratch_requested_bytes"":742028,""scratch_allocations"":4284,""max_solver_live_bytes"":3656,""max_scratch_live_bytes"":6668,""evidence_import_solver_bytes"":0,""evidence_import_scratch_bytes"":13568,""snapshot_copy_bytes"":0,""snapshot_copy_allocations"":0,""principal_copy_buffer_bytes"":95272,""principal_copy_buffer_allocations"":793,""frozen_capture_temporary_bytes"":0,""frozen_capture_published_bytes"":0,""frozen_edge_scratch_bytes"":0,""region_scopes"":183,""max_region_scopes"":3,""call_collections_closed"":4,""call_collections_unresolved"":0,""call_memo_hits"":202,""solver_passes"":383,""solver_constraint_visits"":570,""occurs_steps"":489}",null,"{""persisted_requests"":0,""persisted_hits"":0,""persisted_nonempty_hits"":0,""persisted_call_proofs"":0,""persisted_declines"":0,""projected_empty_hits"":0,""projected_empty_declines"":0,""input_image_checks"":0,""dependency_validations"":0,""reused_dependency_validations"":0,""graph_importers_initialized"":0,""graph_importers_prepared"":0,""empty_hits"":0,""primitive_hits"":0,""primitive_fallbacks"":0,""primitive_key_declined"":0,""nonempty_requests"":0,""requests"":0,""fresh_unit_requests"":0,""fresh_unit_hits"":0,""hits"":0,""changed_or_unsupported"":0,""missing"":0,""evidence_declined"":0,""options_declined"":0,""captured"":0,""fresh_regions"":0,""call_publications_replayed"":0}"
build/bench/cloud-principal-graphs/callback-sources/predicate_apply-12-valid.blot,50ea90857bad651c20538ba115f2a4448cf4988dc4c61eb4de306a46f30a0996,default,"[6761,6768,6772,6876,6924,7072,7341,7450,7605,7657,7803,7924,8132,8562,13072]","[6985,7002,7052,7091,7188,7403,7653,7699,7925,8128,8217,8362,8884,8907,13500]","[5745028,5745028,5745028,5745028,5745028,5745028,5745028,5745028,5745028,5745028,5745028,5745028,5745028,5745028,5745028]","[1143598,1143598,1143598,1143598,1143598,1143598,1143598,1143598,1143598,1143598,1143598,1143598,1143598,1143598,1143598]","{""semantic_component_batches"":0,""semantic_component_jobs"":0,""max_semantic_component_workers"":0,""inference_regions"":169,""canonical_specialization_queries"":2,""canonical_specialization_hits"":0,""solver_requested_bytes"":465508,""solver_allocations"":1680,""scratch_requested_bytes"":742028,""scratch_allocations"":4284,""max_solver_live_bytes"":3656,""max_scratch_live_bytes"":6668,""evidence_import_solver_bytes"":0,""evidence_import_scratch_bytes"":13568,""snapshot_copy_bytes"":0,""snapshot_copy_allocations"":0,""principal_copy_buffer_bytes"":95272,""principal_copy_buffer_allocations"":793,""frozen_capture_temporary_bytes"":0,""frozen_capture_published_bytes"":0,""frozen_edge_scratch_bytes"":0,""region_scopes"":183,""max_region_scopes"":3,""call_collections_closed"":4,""call_collections_unresolved"":0,""call_memo_hits"":202,""solver_passes"":383,""solver_constraint_visits"":570,""occurs_steps"":489}",null,"{""persisted_requests"":0,""persisted_hits"":0,""persisted_nonempty_hits"":0,""persisted_call_proofs"":0,""persisted_declines"":0,""projected_empty_hits"":0,""projected_empty_declines"":0,""input_image_checks"":0,""dependency_validations"":0,""reused_dependency_validations"":0,""graph_importers_initialized"":0,""graph_importers_prepared"":0,""empty_hits"":0,""primitive_hits"":0,""primitive_fallbacks"":0,""primitive_key_declined"":0,""nonempty_requests"":0,""requests"":0,""fresh_unit_requests"":0,""fresh_unit_hits"":0,""hits"":0,""changed_or_unsupported"":0,""missing"":0,""evidence_declined"":0,""options_declined"":0,""captured"":0,""fresh_regions"":0,""call_publications_replayed"":0}"
build/bench/cloud-principal-graphs/callback-sources/predicate_curried-4-valid.blot,0dacd5a825a0a5397fa76aaa8174a03498e16cd1be9ce93544f188cc9cf53594,baseline,"[5248,5288,5609,5624,5637,5667,5712,5745,5797,5827,5828,5849,6101,6136,6163]","[5483,5503,5848,5867,5891,5957,6023,6063,6095,6114,6131,6164,6328,6351,6616]","[4268221,4268221,4268221,4268221,4268221,4268221,4268221,4268221,4268221,4268221,4268221,4268221,4268221,4268221,4268221]","[1076266,1076266,1076266,1076266,1076266,1076266,1076266,1076266,1076266,1076266,1076266,1076266,1076266,1076266,1076266]","{""semantic_component_batches"":0,""semantic_component_jobs"":0,""max_semantic_component_workers"":0,""inference_regions"":73,""canonical_specialization_queries"":2,""canonical_specialization_hits"":0,""solver_requested_bytes"":292772,""solver_allocations"":790,""scratch_requested_bytes"":316532,""scratch_allocations"":1820,""max_solver_live_bytes"":6116,""max_scratch_live_bytes"":3712,""evidence_import_solver_bytes"":21824,""evidence_import_scratch_bytes"":5376,""snapshot_copy_bytes"":0,""snapshot_copy_allocations"":0,""principal_copy_buffer_bytes"":43672,""principal_copy_buffer_allocations"":323,""frozen_capture_temporary_bytes"":0,""frozen_capture_published_bytes"":0,""frozen_edge_scratch_bytes"":0,""region_scopes"":87,""max_region_scopes"":3,""call_collections_closed"":4,""call_collections_unresolved"":0,""call_memo_hits"":74,""solver_passes"":159,""solver_constraint_visits"":222,""occurs_steps"":207}",null,"{""persisted_requests"":0,""persisted_hits"":0,""persisted_nonempty_hits"":0,""persisted_call_proofs"":0,""persisted_declines"":0,""projected_empty_hits"":0,""projected_empty_declines"":0,""input_image_checks"":0,""dependency_validations"":0,""reused_dependency_validations"":0,""graph_importers_initialized"":0,""graph_importers_prepared"":0,""empty_hits"":0,""primitive_hits"":0,""primitive_fallbacks"":0,""primitive_key_declined"":0,""nonempty_requests"":0,""requests"":0,""fresh_unit_requests"":0,""fresh_unit_hits"":0,""hits"":0,""changed_or_unsupported"":0,""missing"":0,""evidence_declined"":0,""options_declined"":0,""captured"":0,""fresh_regions"":0,""call_publications_replayed"":0}"
build/bench/cloud-principal-graphs/callback-sources/predicate_curried-4-valid.blot,0dacd5a825a0a5397fa76aaa8174a03498e16cd1be9ce93544f188cc9cf53594,default,"[5297,5406,5471,5500,5523,5759,5885,5948,5987,6027,6069,6126,6584,6594,12838]","[5520,5634,5733,5879,5977,6137,6182,6290,6368,6416,6570,6650,6875,6913,13173]","[4268221,4268221,4268221,4268221,4268221,4268221,4268221,4268221,4268221,4268221,4268221,4268221,4268221,4268221,4268221]","[1076266,1076266,1076266,1076266,1076266,1076266,1076266,1076266,1076266,1076266,1076266,1076266,1076266,1076266,1076266]","{""semantic_component_batches"":0,""semantic_component_jobs"":0,""max_semantic_component_workers"":0,""inference_regions"":73,""canonical_specialization_queries"":2,""canonical_specialization_hits"":0,""solver_requested_bytes"":292772,""solver_allocations"":790,""scratch_requested_bytes"":316532,""scratch_allocations"":1820,""max_solver_live_bytes"":6116,""max_scratch_live_bytes"":3712,""evidence_import_solver_bytes"":21824,""evidence_import_scratch_bytes"":5376,""snapshot_copy_bytes"":0,""snapshot_copy_allocations"":0,""principal_copy_buffer_bytes"":43672,""principal_copy_buffer_allocations"":323,""frozen_capture_temporary_bytes"":0,""frozen_capture_published_bytes"":0,""frozen_edge_scratch_bytes"":0,""region_scopes"":87,""max_region_scopes"":3,""call_collections_closed"":4,""call_collections_unresolved"":0,""call_memo_hits"":74,""solver_passes"":159,""solver_constraint_visits"":222,""occurs_steps"":207}",null,"{""persisted_requests"":0,""persisted_hits"":0,""persisted_nonempty_hits"":0,""persisted_call_proofs"":0,""persisted_declines"":0,""projected_empty_hits"":0,""projected_empty_declines"":0,""input_image_checks"":0,""dependency_validations"":0,""reused_dependency_validations"":0,""graph_importers_initialized"":0,""graph_importers_prepared"":0,""empty_hits"":0,""primitive_hits"":0,""primitive_fallbacks"":0,""primitive_key_declined"":0,""nonempty_requests"":0,""requests"":0,""fresh_unit_requests"":0,""fresh_unit_hits"":0,""hits"":0,""changed_or_unsupported"":0,""missing"":0,""evidence_declined"":0,""options_declined"":0,""captured"":0,""fresh_regions"":0,""call_publications_replayed"":0}"
build/bench/cloud-principal-graphs/callback-sources/predicate_curried-8-valid.blot,36752c4b8c05698a20c84ea7208bea5a61322ad234f8a267a30dd5512bd59b5f,baseline,"[6134,6186,6304,6329,6348,6374,6488,6756,6809,6828,6873,7001,7408,7721,8588]","[6360,6408,6577,6611,6633,6724,6792,7036,7088,7106,7138,7254,7815,8012,8839]","[5144635,5144635,5144635,5144635,5144635,5144635,5144635,5144635,5144635,5144635,5144635,5144635,5144635,5144635,5144635]","[1122970,1122970,1122970,1122970,1122970,1122970,1122970,1122970,1122970,1122970,1122970,1122970,1122970,1122970,1122970]","{""semantic_component_batches"":0,""semantic_component_jobs"":0,""max_semantic_component_workers"":0,""inference_regions"":121,""canonical_specialization_queries"":2,""canonical_specialization_hits"":0,""solver_requested_bytes"":502180,""solver_allocations"":1318,""scratch_requested_bytes"":566916,""scratch_allocations"":3177,""max_solver_live_bytes"":6116,""max_scratch_live_bytes"":4212,""evidence_import_solver_bytes"":45632,""evidence_import_scratch_bytes"":9472,""snapshot_copy_bytes"":0,""snapshot_copy_allocations"":0,""principal_copy_buffer_bytes"":78296,""principal_copy_buffer_allocations"":571,""frozen_capture_temporary_bytes"":0,""frozen_capture_published_bytes"":0,""frozen_edge_scratch_bytes"":0,""region_scopes"":135,""max_region_scopes"":3,""call_collections_closed"":4,""call_collections_unresolved"":0,""call_memo_hits"":138,""solver_passes"":271,""solver_constraint_visits"":398,""occurs_steps"":351}",null,"{""persisted_requests"":0,""persisted_hits"":0,""persisted_nonempty_hits"":0,""persisted_call_proofs"":0,""persisted_declines"":0,""projected_empty_hits"":0,""projected_empty_declines"":0,""input_image_checks"":0,""dependency_validations"":0,""reused_dependency_validations"":0,""graph_importers_initialized"":0,""graph_importers_prepared"":0,""empty_hits"":0,""primitive_hits"":0,""primitive_fallbacks"":0,""primitive_key_declined"":0,""nonempty_requests"":0,""requests"":0,""fresh_unit_requests"":0,""fresh_unit_hits"":0,""hits"":0,""changed_or_unsupported"":0,""missing"":0,""evidence_declined"":0,""options_declined"":0,""captured"":0,""fresh_regions"":0,""call_publications_replayed"":0}"
build/bench/cloud-principal-graphs/callback-sources/predicate_curried-8-valid.blot,36752c4b8c05698a20c84ea7208bea5a61322ad234f8a267a30dd5512bd59b5f,default,"[6134,6383,6406,6482,6483,6485,6508,6532,6711,6954,6989,7056,7239,7366,7451]","[6388,6615,6636,6704,6710,6763,6793,6918,6968,7188,7225,7293,7581,7648,7717]","[5144635,5144635,5144635,5144635,5144635,5144635,5144635,5144635,5144635,5144635,5144635,5144635,5144635,5144635,5144635]","[1122970,1122970,1122970,1122970,1122970,1122970,1122970,1122970,1122970,1122970,1122970,1122970,1122970,1122970,1122970]","{""semantic_component_batches"":0,""semantic_component_jobs"":0,""max_semantic_component_workers"":0,""inference_regions"":121,""canonical_specialization_queries"":2,""canonical_specialization_hits"":0,""solver_requested_bytes"":502180,""solver_allocations"":1318,""scratch_requested_bytes"":566916,""scratch_allocations"":3177,""max_solver_live_bytes"":6116,""max_scratch_live_bytes"":4212,""evidence_import_solver_bytes"":45632,""evidence_import_scratch_bytes"":9472,""snapshot_copy_bytes"":0,""snapshot_copy_allocations"":0,""principal_copy_buffer_bytes"":78296,""principal_copy_buffer_allocations"":571,""frozen_capture_temporary_bytes"":0,""frozen_capture_published_bytes"":0,""frozen_edge_scratch_bytes"":0,""region_scopes"":135,""max_region_scopes"":3,""call_collections_closed"":4,""call_collections_unresolved"":0,""call_memo_hits"":138,""solver_passes"":271,""solver_constraint_visits"":398,""occurs_steps"":351}",null,"{""persisted_requests"":0,""persisted_hits"":0,""persisted_nonempty_hits"":0,""persisted_call_proofs"":0,""persisted_declines"":0,""projected_empty_hits"":0,""projected_empty_declines"":0,""input_image_checks"":0,""dependency_validations"":0,""reused_dependency_validations"":0,""graph_importers_initialized"":0,""graph_importers_prepared"":0,""empty_hits"":0,""primitive_hits"":0,""primitive_fallbacks"":0,""primitive_key_declined"":0,""nonempty_requests"":0,""requests"":0,""fresh_unit_requests"":0,""fresh_unit_hits"":0,""hits"":0,""changed_or_unsupported"":0,""missing"":0,""evidence_declined"":0,""options_declined"":0,""captured"":0,""fresh_regions"":0,""call_publications_replayed"":0}"
build/bench/cloud-principal-graphs/callback-sources/predicate_curried-12-valid.blot,57b88621bea72152ef5850b57b44da6487628648f728f53ad980a7687b85d80f,baseline,"[7506,7515,7571,7618,7694,7762,7951,8119,8150,8408,8417,8430,9417,9704,15964]","[7734,7808,7895,7946,8037,8176,8200,8438,8441,8652,8749,8834,9891,9980,16290]","[6015269,6015269,6015269,6015269,6015269,6015269,6015269,6015269,6015269,6015269,6015269,6015269,6015269,6015269,6015269]","[1172325,1172325,1172325,1172325,1172325,1172325,1172325,1172325,1172325,1172325,1172325,1172325,1172325,1172325,1172325]","{""semantic_component_batches"":0,""semantic_component_jobs"":0,""max_semantic_component_workers"":0,""inference_regions"":169,""canonical_specialization_queries"":2,""canonical_specialization_hits"":0,""solver_requested_bytes"":711588,""solver_allocations"":1846,""scratch_requested_bytes"":843372,""scratch_allocations"":4594,""max_solver_live_bytes"":6116,""max_scratch_live_bytes"":6772,""evidence_import_solver_bytes"":69440,""evidence_import_scratch_bytes"":13568,""snapshot_copy_bytes"":0,""snapshot_copy_allocations"":0,""principal_copy_buffer_bytes"":112920,""principal_copy_buffer_allocations"":819,""frozen_capture_temporary_bytes"":0,""frozen_capture_published_bytes"":0,""frozen_edge_scratch_bytes"":0,""region_scopes"":183,""max_region_scopes"":3,""call_collections_closed"":4,""call_collections_unresolved"":0,""call_memo_hits"":202,""solver_passes"":383,""solver_constraint_visits"":574,""occurs_steps"":495}",null,"{""persisted_requests"":0,""persisted_hits"":0,""persisted_nonempty_hits"":0,""persisted_call_proofs"":0,""persisted_declines"":0,""projected_empty_hits"":0,""projected_empty_declines"":0,""input_image_checks"":0,""dependency_validations"":0,""reused_dependency_validations"":0,""graph_importers_initialized"":0,""graph_importers_prepared"":0,""empty_hits"":0,""primitive_hits"":0,""primitive_fallbacks"":0,""primitive_key_declined"":0,""nonempty_requests"":0,""requests"":0,""fresh_unit_requests"":0,""fresh_unit_hits"":0,""hits"":0,""changed_or_unsupported"":0,""missing"":0,""evidence_declined"":0,""options_declined"":0,""captured"":0,""fresh_regions"":0,""call_publications_replayed"":0}"
build/bench/cloud-principal-graphs/callback-sources/predicate_curried-12-valid.blot,57b88621bea72152ef5850b57b44da6487628648f728f53ad980a7687b85d80f,default,"[7598,7673,7740,7741,7772,7926,8000,8004,8548,8627,8659,8768,9444,10118,11346]","[7847,7974,8019,8043,8092,8178,8304,8322,8818,8922,8960,9067,9678,10543,11797]","[6015269,6015269,6015269,6015269,6015269,6015269,6015269,6015269,6015269,6015269,6015269,6015269,6015269,6015269,6015269]","[1172325,1172325,1172325,1172325,1172325,1172325,1172325,1172325,1172325,1172325,1172325,1172325,1172325,1172325,1172325]","{""semantic_component_batches"":0,""semantic_component_jobs"":0,""max_semantic_component_workers"":0,""inference_regions"":169,""canonical_specialization_queries"":2,""canonical_specialization_hits"":0,""solver_requested_bytes"":711588,""solver_allocations"":1846,""scratch_requested_bytes"":843372,""scratch_allocations"":4594,""max_solver_live_bytes"":6116,""max_scratch_live_bytes"":6772,""evidence_import_solver_bytes"":69440,""evidence_import_scratch_bytes"":13568,""snapshot_copy_bytes"":0,""snapshot_copy_allocations"":0,""principal_copy_buffer_bytes"":112920,""principal_copy_buffer_allocations"":819,""frozen_capture_temporary_bytes"":0,""frozen_capture_published_bytes"":0,""frozen_edge_scratch_bytes"":0,""region_scopes"":183,""max_region_scopes"":3,""call_collections_closed"":4,""call_collections_unresolved"":0,""call_memo_hits"":202,""solver_passes"":383,""solver_constraint_visits"":574,""occurs_steps"":495}",null,"{""persisted_requests"":0,""persisted_hits"":0,""persisted_nonempty_hits"":0,""persisted_call_proofs"":0,""persisted_declines"":0,""projected_empty_hits"":0,""projected_empty_declines"":0,""input_image_checks"":0,""dependency_validations"":0,""reused_dependency_validations"":0,""graph_importers_initialized"":0,""graph_importers_prepared"":0,""empty_hits"":0,""primitive_hits"":0,""primitive_fallbacks"":0,""primitive_key_declined"":0,""nonempty_requests"":0,""requests"":0,""fresh_unit_requests"":0,""fresh_unit_hits"":0,""hits"":0,""changed_or_unsupported"":0,""missing"":0,""evidence_declined"":0,""options_declined"":0,""captured"":0,""fresh_regions"":0,""call_publications_replayed"":0}"
build/bench/cloud-principal-graphs/callback-sources/predicate_returned-4-valid.blot,f91ca549408fda9d4ca57806827ba1c550f893995bebe82e576cb7d7312f5238,baseline,"[5342,5345,5527,5534,5606,5620,5637,5678,5881,5882,5905,5935,6307,8091,8581]","[5561,5591,5760,5798,5841,5880,5902,6046,6114,6157,6160,6163,6560,8401,9046]","[4302537,4302537,4302537,4302537,4302537,4302537,4302537,4302537,4302537,4302537,4302537,4302537,4302537,4302537,4302537]","[1076166,1076166,1076166,1076166,1076166,1076166,1076166,1076166,1076166,1076166,1076166,1076166,1076166,1076166,1076166]","{""semantic_component_batches"":0,""semantic_component_jobs"":0,""max_semantic_component_workers"":0,""inference_regions"":73,""canonical_specialization_queries"":2,""canonical_specialization_hits"":0,""solver_requested_bytes"":292772,""solver_allocations"":790,""scratch_requested_bytes"":320740,""scratch_allocations"":1828,""max_solver_live_bytes"":6116,""max_scratch_live_bytes"":3712,""evidence_import_solver_bytes"":0,""evidence_import_scratch_bytes"":5376,""snapshot_copy_bytes"":0,""snapshot_copy_allocations"":0,""principal_copy_buffer_bytes"":43848,""principal_copy_buffer_allocations"":323,""frozen_capture_temporary_bytes"":0,""frozen_capture_published_bytes"":0,""frozen_edge_scratch_bytes"":0,""region_scopes"":87,""max_region_scopes"":3,""call_collections_closed"":4,""call_collections_unresolved"":0,""call_memo_hits"":74,""solver_passes"":159,""solver_constraint_visits"":222,""occurs_steps"":201}",null,"{""persisted_requests"":0,""persisted_hits"":0,""persisted_nonempty_hits"":0,""persisted_call_proofs"":0,""persisted_declines"":0,""projected_empty_hits"":0,""projected_empty_declines"":0,""input_image_checks"":0,""dependency_validations"":0,""reused_dependency_validations"":0,""graph_importers_initialized"":0,""graph_importers_prepared"":0,""empty_hits"":0,""primitive_hits"":0,""primitive_fallbacks"":0,""primitive_key_declined"":0,""nonempty_requests"":0,""requests"":0,""fresh_unit_requests"":0,""fresh_unit_hits"":0,""hits"":0,""changed_or_unsupported"":0,""missing"":0,""evidence_declined"":0,""options_declined"":0,""captured"":0,""fresh_regions"":0,""call_publications_replayed"":0}"
build/bench/cloud-principal-graphs/callback-sources/predicate_returned-4-valid.blot,f91ca549408fda9d4ca57806827ba1c550f893995bebe82e576cb7d7312f5238,default,"[5264,5269,5369,5370,5409,5538,5594,5737,5795,5928,6014,6029,6072,6109,6234]","[5519,5542,5596,5604,5644,5764,5882,6052,6160,6299,6311,6339,6394,6412,6520]","[4302537,4302537,4302537,4302537,4302537,4302537,4302537,4302537,4302537,4302537,4302537,4302537,4302537,4302537,4302537]","[1076166,1076166,1076166,1076166,1076166,1076166,1076166,1076166,1076166,1076166,1076166,1076166,1076166,1076166,1076166]","{""semantic_component_batches"":0,""semantic_component_jobs"":0,""max_semantic_component_workers"":0,""inference_regions"":73,""canonical_specialization_queries"":2,""canonical_specialization_hits"":0,""solver_requested_bytes"":292772,""solver_allocations"":790,""scratch_requested_bytes"":320740,""scratch_allocations"":1828,""max_solver_live_bytes"":6116,""max_scratch_live_bytes"":3712,""evidence_import_solver_bytes"":0,""evidence_import_scratch_bytes"":5376,""snapshot_copy_bytes"":0,""snapshot_copy_allocations"":0,""principal_copy_buffer_bytes"":43848,""principal_copy_buffer_allocations"":323,""frozen_capture_temporary_bytes"":0,""frozen_capture_published_bytes"":0,""frozen_edge_scratch_bytes"":0,""region_scopes"":87,""max_region_scopes"":3,""call_collections_closed"":4,""call_collections_unresolved"":0,""call_memo_hits"":74,""solver_passes"":159,""solver_constraint_visits"":222,""occurs_steps"":201}",null,"{""persisted_requests"":0,""persisted_hits"":0,""persisted_nonempty_hits"":0,""persisted_call_proofs"":0,""persisted_declines"":0,""projected_empty_hits"":0,""projected_empty_declines"":0,""input_image_checks"":0,""dependency_validations"":0,""reused_dependency_validations"":0,""graph_importers_initialized"":0,""graph_importers_prepared"":0,""empty_hits"":0,""primitive_hits"":0,""primitive_fallbacks"":0,""primitive_key_declined"":0,""nonempty_requests"":0,""requests"":0,""fresh_unit_requests"":0,""fresh_unit_hits"":0,""hits"":0,""changed_or_unsupported"":0,""missing"":0,""evidence_declined"":0,""options_declined"":0,""captured"":0,""fresh_regions"":0,""call_publications_replayed"":0}"
build/bench/cloud-principal-graphs/callback-sources/predicate_returned-8-valid.blot,15fa99d769839f585ae2688784e4bdef738b06c6f819c5ea07557ffd2074c2d8,baseline,"[6132,6210,6265,6466,6495,6530,6811,6826,6853,6887,7093,7155,7536,7882,10945]","[6365,6443,6530,6754,6849,6871,7038,7070,7231,7253,7334,7679,7869,8117,11323]","[5146049,5146049,5146049,5146049,5146049,5146049,5146049,5146049,5146049,5146049,5146049,5146049,5146049,5146049,5146049]","[1122810,1122810,1122810,1122810,1122810,1122810,1122810,1122810,1122810,1122810,1122810,1122810,1122810,1122810,1122810]","{""semantic_component_batches"":0,""semantic_component_jobs"":0,""max_semantic_component_workers"":0,""inference_regions"":121,""canonical_specialization_queries"":2,""canonical_specialization_hits"":0,""solver_requested_bytes"":502180,""solver_allocations"":1318,""scratch_requested_bytes"":571124,""scratch_allocations"":3185,""max_solver_live_bytes"":6116,""max_scratch_live_bytes"":4212,""evidence_import_solver_bytes"":0,""evidence_import_scratch_bytes"":9472,""snapshot_copy_bytes"":0,""snapshot_copy_allocations"":0,""principal_copy_buffer_bytes"":78600,""principal_copy_buffer_allocations"":571,""frozen_capture_temporary_bytes"":0,""frozen_capture_published_bytes"":0,""frozen_edge_scratch_bytes"":0,""region_scopes"":135,""max_region_scopes"":3,""call_collections_closed"":4,""call_collections_unresolved"":0,""call_memo_hits"":138,""solver_passes"":271,""solver_constraint_visits"":398,""occurs_steps"":345}",null,"{""persisted_requests"":0,""persisted_hits"":0,""persisted_nonempty_hits"":0,""persisted_call_proofs"":0,""persisted_declines"":0,""projected_empty_hits"":0,""projected_empty_declines"":0,""input_image_checks"":0,""dependency_validations"":0,""reused_dependency_validations"":0,""graph_importers_initialized"":0,""graph_importers_prepared"":0,""empty_hits"":0,""primitive_hits"":0,""primitive_fallbacks"":0,""primitive_key_declined"":0,""nonempty_requests"":0,""requests"":0,""fresh_unit_requests"":0,""fresh_unit_hits"":0,""hits"":0,""changed_or_unsupported"":0,""missing"":0,""evidence_declined"":0,""options_declined"":0,""captured"":0,""fresh_regions"":0,""call_publications_replayed"":0}"
build/bench/cloud-principal-graphs/callback-sources/predicate_returned-8-valid.blot,15fa99d769839f585ae2688784e4bdef738b06c6f819c5ea07557ffd2074c2d8,default,"[6177,6189,6242,6279,6296,6327,6341,6670,6791,7019,7190,7705,7722,8190,9758]","[6406,6425,6488,6504,6516,6606,6731,6986,7044,7407,7493,7952,7958,8467,10100]","[5146049,5146049,5146049,5146049,5146049,5146049,5146049,5146049,5146049,5146049,5146049,5146049,5146049,5146049,5146049]","[1122810,1122810,1122810,1122810,1122810,1122810,1122810,1122810,1122810,1122810,1122810,1122810,1122810,1122810,1122810]","{""semantic_component_batches"":0,""semantic_component_jobs"":0,""max_semantic_component_workers"":0,""inference_regions"":121,""canonical_specialization_queries"":2,""canonical_specialization_hits"":0,""solver_requested_bytes"":502180,""solver_allocations"":1318,""scratch_requested_bytes"":571124,""scratch_allocations"":3185,""max_solver_live_bytes"":6116,""max_scratch_live_bytes"":4212,""evidence_import_solver_bytes"":0,""evidence_import_scratch_bytes"":9472,""snapshot_copy_bytes"":0,""snapshot_copy_allocations"":0,""principal_copy_buffer_bytes"":78600,""principal_copy_buffer_allocations"":571,""frozen_capture_temporary_bytes"":0,""frozen_capture_published_bytes"":0,""frozen_edge_scratch_bytes"":0,""region_scopes"":135,""max_region_scopes"":3,""call_collections_closed"":4,""call_collections_unresolved"":0,""call_memo_hits"":138,""solver_passes"":271,""solver_constraint_visits"":398,""occurs_steps"":345}",null,"{""persisted_requests"":0,""persisted_hits"":0,""persisted_nonempty_hits"":0,""persisted_call_proofs"":0,""persisted_declines"":0,""projected_empty_hits"":0,""projected_empty_declines"":0,""input_image_checks"":0,""dependency_validations"":0,""reused_dependency_validations"":0,""graph_importers_initialized"":0,""graph_importers_prepared"":0,""empty_hits"":0,""primitive_hits"":0,""primitive_fallbacks"":0,""primitive_key_declined"":0,""nonempty_requests"":0,""requests"":0,""fresh_unit_requests"":0,""fresh_unit_hits"":0,""hits"":0,""changed_or_unsupported"":0,""missing"":0,""evidence_declined"":0,""options_declined"":0,""captured"":0,""fresh_regions"":0,""call_publications_replayed"":0}"
build/bench/cloud-principal-graphs/callback-sources/predicate_returned-12-valid.blot,7dffb6b82e6a55df458efeb363f63b857b8f87b0abeeaebf93c86a04a58e4e1a,baseline,"[7130,7242,7293,7354,7802,7937,8138,8293,8626,8945,8978,9102,9580,12776,13695]","[7447,7505,7654,7852,8097,8290,8393,8587,8934,9243,9256,9466,10033,13808,14289]","[6017011,6017011,6017011,6017011,6017011,6017011,6017011,6017011,6017011,6017011,6017011,6017011,6017011,6017011,6017011]","[1172168,1172168,1172168,1172168,1172168,1172168,1172168,1172168,1172168,1172168,1172168,1172168,1172168,1172168,1172168]","{""semantic_component_batches"":0,""semantic_component_jobs"":0,""max_semantic_component_workers"":0,""inference_regions"":169,""canonical_specialization_queries"":2,""canonical_specialization_hits"":0,""solver_requested_bytes"":711588,""solver_allocations"":1846,""scratch_requested_bytes"":847580,""scratch_allocations"":4602,""max_solver_live_bytes"":6116,""max_scratch_live_bytes"":6772,""evidence_import_solver_bytes"":0,""evidence_import_scratch_bytes"":13568,""snapshot_copy_bytes"":0,""snapshot_copy_allocations"":0,""principal_copy_buffer_bytes"":113352,""principal_copy_buffer_allocations"":819,""frozen_capture_temporary_bytes"":0,""frozen_capture_published_bytes"":0,""frozen_edge_scratch_bytes"":0,""region_scopes"":183,""max_region_scopes"":3,""call_collections_closed"":4,""call_collections_unresolved"":0,""call_memo_hits"":202,""solver_passes"":383,""solver_constraint_visits"":574,""occurs_steps"":489}",null,"{""persisted_requests"":0,""persisted_hits"":0,""persisted_nonempty_hits"":0,""persisted_call_proofs"":0,""persisted_declines"":0,""projected_empty_hits"":0,""projected_empty_declines"":0,""input_image_checks"":0,""dependency_validations"":0,""reused_dependency_validations"":0,""graph_importers_initialized"":0,""graph_importers_prepared"":0,""empty_hits"":0,""primitive_hits"":0,""primitive_fallbacks"":0,""primitive_key_declined"":0,""nonempty_requests"":0,""requests"":0,""fresh_unit_requests"":0,""fresh_unit_hits"":0,""hits"":0,""changed_or_unsupported"":0,""missing"":0,""evidence_declined"":0,""options_declined"":0,""captured"":0,""fresh_regions"":0,""call_publications_replayed"":0}"
build/bench/cloud-principal-graphs/callback-sources/predicate_returned-12-valid.blot,7dffb6b82e6a55df458efeb363f63b857b8f87b0abeeaebf93c86a04a58e4e1a,default,"[6940,7086,7221,7306,7328,7411,7433,7533,7701,7815,7823,7834,8088,8244,8617]","[7170,7357,7464,7545,7621,7648,7681,7780,8014,8083,8137,8157,8383,8537,9024]","[6017011,6017011,6017011,6017011,6017011,6017011,6017011,6017011,6017011,6017011,6017011,6017011,6017011,6017011,6017011]","[1172168,1172168,1172168,1172168,1172168,1172168,1172168,1172168,1172168,1172168,1172168,1172168,1172168,1172168,1172168]","{""semantic_component_batches"":0,""semantic_component_jobs"":0,""max_semantic_component_workers"":0,""inference_regions"":169,""canonical_specialization_queries"":2,""canonical_specialization_hits"":0,""solver_requested_bytes"":711588,""solver_allocations"":1846,""scratch_requested_bytes"":847580,""scratch_allocations"":4602,""max_solver_live_bytes"":6116,""max_scratch_live_bytes"":6772,""evidence_import_solver_bytes"":0,""evidence_import_scratch_bytes"":13568,""snapshot_copy_bytes"":0,""snapshot_copy_allocations"":0,""principal_copy_buffer_bytes"":113352,""principal_copy_buffer_allocations"":819,""frozen_capture_temporary_bytes"":0,""frozen_capture_published_bytes"":0,""frozen_edge_scratch_bytes"":0,""region_scopes"":183,""max_region_scopes"":3,""call_collections_closed"":4,""call_collections_unresolved"":0,""call_memo_hits"":202,""solver_passes"":383,""solver_constraint_visits"":574,""occurs_steps"":489}",null,"{""persisted_requests"":0,""persisted_hits"":0,""persisted_nonempty_hits"":0,""persisted_call_proofs"":0,""persisted_declines"":0,""projected_empty_hits"":0,""projected_empty_declines"":0,""input_image_checks"":0,""dependency_validations"":0,""reused_dependency_validations"":0,""graph_importers_initialized"":0,""graph_importers_prepared"":0,""empty_hits"":0,""primitive_hits"":0,""primitive_fallbacks"":0,""primitive_key_declined"":0,""nonempty_requests"":0,""requests"":0,""fresh_unit_requests"":0,""fresh_unit_hits"":0,""hits"":0,""changed_or_unsupported"":0,""missing"":0,""evidence_declined"":0,""options_declined"":0,""captured"":0,""fresh_regions"":0,""call_publications_replayed"":0}"
build/bench/cloud-principal-graphs/callback-sources/predicate_effect-4-valid.blot,d0b8c8a9449ff6025f2cdedeee216cd0050acd359bbf517914edb34fbfb2e987,baseline,"[4905,5016,5065,5108,5273,5301,5302,5304,5472,5519,5597,5935,6041,8729,13577]","[5205,5284,5333,5360,5530,5601,5659,5686,5742,5798,5919,6199,6298,9015,13914]","[3990110,3990110,3990110,3990110,3990110,3990110,3990110,3990110,3990110,3990110,3990110,3990110,3990110,3990110,3990110]","[1079407,1079407,1079407,1079407,1079407,1079407,1079407,1079407,1079407,1079407,1079407,1079407,1079407,1079407,1079407]","{""semantic_component_batches"":0,""semantic_component_jobs"":0,""max_semantic_component_workers"":0,""inference_regions"":51,""canonical_specialization_queries"":1,""canonical_specialization_hits"":0,""solver_requested_bytes"":132468,""solver_allocations"":425,""scratch_requested_bytes"":201232,""scratch_allocations"":1253,""max_solver_live_bytes"":6168,""max_scratch_live_bytes"":4384,""evidence_import_solver_bytes"":1980,""evidence_import_scratch_bytes"":5952,""snapshot_copy_bytes"":0,""snapshot_copy_allocations"":0,""principal_copy_buffer_bytes"":39448,""principal_copy_buffer_allocations"":337,""frozen_capture_temporary_bytes"":0,""frozen_capture_published_bytes"":0,""frozen_edge_scratch_bytes"":0,""region_scopes"":60,""max_region_scopes"":4,""call_collections_closed"":2,""call_collections_unresolved"":0,""call_memo_hits"":37,""solver_passes"":90,""solver_constraint_visits"":135,""occurs_steps"":141}",null,"{""persisted_requests"":0,""persisted_hits"":0,""persisted_nonempty_hits"":0,""persisted_call_proofs"":0,""persisted_declines"":0,""projected_empty_hits"":0,""projected_empty_declines"":0,""input_image_checks"":0,""dependency_validations"":0,""reused_dependency_validations"":0,""graph_importers_initialized"":0,""graph_importers_prepared"":0,""empty_hits"":0,""primitive_hits"":0,""primitive_fallbacks"":0,""primitive_key_declined"":0,""nonempty_requests"":0,""requests"":0,""fresh_unit_requests"":0,""fresh_unit_hits"":0,""hits"":0,""changed_or_unsupported"":0,""missing"":0,""evidence_declined"":0,""options_declined"":0,""captured"":0,""fresh_regions"":0,""call_publications_replayed"":0}"
build/bench/cloud-principal-graphs/callback-sources/predicate_effect-4-valid.blot,d0b8c8a9449ff6025f2cdedeee216cd0050acd359bbf517914edb34fbfb2e987,default,"[4814,5031,5057,5117,5157,5204,5346,5489,5799,5847,6311,6398,6417,6468,6960]","[5090,5269,5271,5347,5466,5578,5704,5894,6044,6113,6598,6672,6699,6758,7363]","[3990110,3990110,3990110,3990110,3990110,3990110,3990110,3990110,3990110,3990110,3990110,3990110,3990110,3990110,3990110]","[1079407,1079407,1079407,1079407,1079407,1079407,1079407,1079407,1079407,1079407,1079407,1079407,1079407,1079407,1079407]","{""semantic_component_batches"":0,""semantic_component_jobs"":0,""max_semantic_component_workers"":0,""inference_regions"":51,""canonical_specialization_queries"":1,""canonical_specialization_hits"":0,""solver_requested_bytes"":132468,""solver_allocations"":425,""scratch_requested_bytes"":201232,""scratch_allocations"":1253,""max_solver_live_bytes"":6168,""max_scratch_live_bytes"":4384,""evidence_import_solver_bytes"":1980,""evidence_import_scratch_bytes"":5952,""snapshot_copy_bytes"":0,""snapshot_copy_allocations"":0,""principal_copy_buffer_bytes"":39448,""principal_copy_buffer_allocations"":337,""frozen_capture_temporary_bytes"":0,""frozen_capture_published_bytes"":0,""frozen_edge_scratch_bytes"":0,""region_scopes"":60,""max_region_scopes"":4,""call_collections_closed"":2,""call_collections_unresolved"":0,""call_memo_hits"":37,""solver_passes"":90,""solver_constraint_visits"":135,""occurs_steps"":141}",null,"{""persisted_requests"":0,""persisted_hits"":0,""persisted_nonempty_hits"":0,""persisted_call_proofs"":0,""persisted_declines"":0,""projected_empty_hits"":0,""projected_empty_declines"":0,""input_image_checks"":0,""dependency_validations"":0,""reused_dependency_validations"":0,""graph_importers_initialized"":0,""graph_importers_prepared"":0,""empty_hits"":0,""primitive_hits"":0,""primitive_fallbacks"":0,""primitive_key_declined"":0,""nonempty_requests"":0,""requests"":0,""fresh_unit_requests"":0,""fresh_unit_hits"":0,""hits"":0,""changed_or_unsupported"":0,""missing"":0,""evidence_declined"":0,""options_declined"":0,""captured"":0,""fresh_regions"":0,""call_publications_replayed"":0}"
build/bench/cloud-principal-graphs/callback-sources/predicate_effect-8-valid.blot,78cd08c62781f97f47eb623a0ae06c28e9c22062252b81af5c882dd3fbf4c9e4,baseline,"[5588,5646,5684,5722,5755,5922,5956,6073,6185,6312,6334,6498,6806,6831,7196]","[5838,5882,5909,5953,6195,6198,6201,6357,6518,6584,6597,6774,7072,7080,7404]","[4528673,4528673,4528673,4528673,4528673,4528673,4528673,4528673,4528673,4528673,4528673,4528673,4528673,4528673,4528673]","[1122627,1122627,1122627,1122627,1122627,1122627,1122627,1122627,1122627,1122627,1122627,1122627,1122627,1122627,1122627]","{""semantic_component_batches"":0,""semantic_component_jobs"":0,""max_semantic_component_workers"":0,""inference_regions"":83,""canonical_specialization_queries"":1,""canonical_specialization_hits"":0,""solver_requested_bytes"":222484,""solver_allocations"":701,""scratch_requested_bytes"":351200,""scratch_allocations"":2142,""max_solver_live_bytes"":6168,""max_scratch_live_bytes"":4388,""evidence_import_solver_bytes"":3564,""evidence_import_scratch_bytes"":10304,""snapshot_copy_bytes"":0,""snapshot_copy_allocations"":0,""principal_copy_buffer_bytes"":68632,""principal_copy_buffer_allocations"":577,""frozen_capture_temporary_bytes"":0,""frozen_capture_published_bytes"":0,""frozen_edge_scratch_bytes"":0,""region_scopes"":92,""max_region_scopes"":4,""call_collections_closed"":2,""call_collections_unresolved"":0,""call_memo_hits"":69,""solver_passes"":146,""solver_constraint_visits"":231,""occurs_steps"":237}",null,"{""persisted_requests"":0,""persisted_hits"":0,""persisted_nonempty_hits"":0,""persisted_call_proofs"":0,""persisted_declines"":0,""projected_empty_hits"":0,""projected_empty_declines"":0,""input_image_checks"":0,""dependency_validations"":0,""reused_dependency_validations"":0,""graph_importers_initialized"":0,""graph_importers_prepared"":0,""empty_hits"":0,""primitive_hits"":0,""primitive_fallbacks"":0,""primitive_key_declined"":0,""nonempty_requests"":0,""requests"":0,""fresh_unit_requests"":0,""fresh_unit_hits"":0,""hits"":0,""changed_or_unsupported"":0,""missing"":0,""evidence_declined"":0,""options_declined"":0,""captured"":0,""fresh_regions"":0,""call_publications_replayed"":0}"
build/bench/cloud-principal-graphs/callback-sources/predicate_effect-8-valid.blot,78cd08c62781f97f47eb623a0ae06c28e9c22062252b81af5c882dd3fbf4c9e4,default,"[5398,5493,5502,5766,5778,5785,5796,5908,6069,6180,6202,6262,6580,6757,6923]","[5617,5779,5839,5983,5989,6017,6223,6375,6430,6444,6525,6628,6849,7131,7268]","[4528673,4528673,4528673,4528673,4528673,4528673,4528673,4528673,4528673,4528673,4528673,4528673,4528673,4528673,4528673]","[1122627,1122627,1122627,1122627,1122627,1122627,1122627,1122627,1122627,1122627,1122627,1122627,1122627,1122627,1122627]","{""semantic_component_batches"":0,""semantic_component_jobs"":0,""max_semantic_component_workers"":0,""inference_regions"":83,""canonical_specialization_queries"":1,""canonical_specialization_hits"":0,""solver_requested_bytes"":222484,""solver_allocations"":701,""scratch_requested_bytes"":351200,""scratch_allocations"":2142,""max_solver_live_bytes"":6168,""max_scratch_live_bytes"":4388,""evidence_import_solver_bytes"":3564,""evidence_import_scratch_bytes"":10304,""snapshot_copy_bytes"":0,""snapshot_copy_allocations"":0,""principal_copy_buffer_bytes"":68632,""principal_copy_buffer_allocations"":577,""frozen_capture_temporary_bytes"":0,""frozen_capture_published_bytes"":0,""frozen_edge_scratch_bytes"":0,""region_scopes"":92,""max_region_scopes"":4,""call_collections_closed"":2,""call_collections_unresolved"":0,""call_memo_hits"":69,""solver_passes"":146,""solver_constraint_visits"":231,""occurs_steps"":237}",null,"{""persisted_requests"":0,""persisted_hits"":0,""persisted_nonempty_hits"":0,""persisted_call_proofs"":0,""persisted_declines"":0,""projected_empty_hits"":0,""projected_empty_declines"":0,""input_image_checks"":0,""dependency_validations"":0,""reused_dependency_validations"":0,""graph_importers_initialized"":0,""graph_importers_prepared"":0,""empty_hits"":0,""primitive_hits"":0,""primitive_fallbacks"":0,""primitive_key_declined"":0,""nonempty_requests"":0,""requests"":0,""fresh_unit_requests"":0,""fresh_unit_hits"":0,""hits"":0,""changed_or_unsupported"":0,""missing"":0,""evidence_declined"":0,""options_declined"":0,""captured"":0,""fresh_regions"":0,""call_publications_replayed"":0}"
build/bench/cloud-principal-graphs/callback-sources/predicate_effect-12-valid.blot,c1068e02f87b13988deb751cd889ad8f4a2393c87552156707406a5c5b2136f2,baseline,"[6100,6384,6509,6565,6590,6634,6716,6760,6902,6910,7026,7123,7540,9271,51270]","[6393,6710,6805,6876,6899,6932,6968,7039,7134,7192,7260,7491,7819,9560,51858]","[5028380,5028380,5028380,5028380,5028380,5028380,5028380,5028380,5028380,5028380,5028380,5028380,5028380,5028380,5028380]","[1147323,1147323,1147323,1147323,1147323,1147323,1147323,1147323,1147323,1147323,1147323,1147323,1147323,1147323,1147323]","{""semantic_component_batches"":0,""semantic_component_jobs"":0,""max_semantic_component_workers"":0,""inference_regions"":115,""canonical_specialization_queries"":1,""canonical_specialization_hits"":0,""solver_requested_bytes"":312500,""solver_allocations"":977,""scratch_requested_bytes"":516632,""scratch_allocations"":3061,""max_solver_live_bytes"":6168,""max_scratch_live_bytes"":7028,""evidence_import_solver_bytes"":5148,""evidence_import_scratch_bytes"":14656,""snapshot_copy_bytes"":0,""snapshot_copy_allocations"":0,""principal_copy_buffer_bytes"":97816,""principal_copy_buffer_allocations"":817,""frozen_capture_temporary_bytes"":0,""frozen_capture_published_bytes"":0,""frozen_edge_scratch_bytes"":0,""region_scopes"":124,""max_region_scopes"":4,""call_collections_closed"":2,""call_collections_unresolved"":0,""call_memo_hits"":101,""solver_passes"":202,""solver_constraint_visits"":327,""occurs_steps"":333}",null,"{""persisted_requests"":0,""persisted_hits"":0,""persisted_nonempty_hits"":0,""persisted_call_proofs"":0,""persisted_declines"":0,""projected_empty_hits"":0,""projected_empty_declines"":0,""input_image_checks"":0,""dependency_validations"":0,""reused_dependency_validations"":0,""graph_importers_initialized"":0,""graph_importers_prepared"":0,""empty_hits"":0,""primitive_hits"":0,""primitive_fallbacks"":0,""primitive_key_declined"":0,""nonempty_requests"":0,""requests"":0,""fresh_unit_requests"":0,""fresh_unit_hits"":0,""hits"":0,""changed_or_unsupported"":0,""missing"":0,""evidence_declined"":0,""options_declined"":0,""captured"":0,""fresh_regions"":0,""call_publications_replayed"":0}"
build/bench/cloud-principal-graphs/callback-sources/predicate_effect-12-valid.blot,c1068e02f87b13988deb751cd889ad8f4a2393c87552156707406a5c5b2136f2,default,"[6205,6251,6362,6565,6694,6706,6836,6855,6924,6993,6995,7210,7354,7588,7852]","[6498,6582,6654,6806,6975,7008,7092,7146,7199,7251,7357,7525,7608,7897,8147]","[5028380,5028380,5028380,5028380,5028380,5028380,5028380,5028380,5028380,5028380,5028380,5028380,5028380,5028380,5028380]","[1147323,1147323,1147323,1147323,1147323,1147323,1147323,1147323,1147323,1147323,1147323,1147323,1147323,1147323,1147323]","{""semantic_component_batches"":0,""semantic_component_jobs"":0,""max_semantic_component_workers"":0,""inference_regions"":115,""canonical_specialization_queries"":1,""canonical_specialization_hits"":0,""solver_requested_bytes"":312500,""solver_allocations"":977,""scratch_requested_bytes"":516632,""scratch_allocations"":3061,""max_solver_live_bytes"":6168,""max_scratch_live_bytes"":7028,""evidence_import_solver_bytes"":5148,""evidence_import_scratch_bytes"":14656,""snapshot_copy_bytes"":0,""snapshot_copy_allocations"":0,""principal_copy_buffer_bytes"":97816,""principal_copy_buffer_allocations"":817,""frozen_capture_temporary_bytes"":0,""frozen_capture_published_bytes"":0,""frozen_edge_scratch_bytes"":0,""region_scopes"":124,""max_region_scopes"":4,""call_collections_closed"":2,""call_collections_unresolved"":0,""call_memo_hits"":101,""solver_passes"":202,""solver_constraint_visits"":327,""occurs_steps"":333}",null,"{""persisted_requests"":0,""persisted_hits"":0,""persisted_nonempty_hits"":0,""persisted_call_proofs"":0,""persisted_declines"":0,""projected_empty_hits"":0,""projected_empty_declines"":0,""input_image_checks"":0,""dependency_validations"":0,""reused_dependency_validations"":0,""graph_importers_initialized"":0,""graph_importers_prepared"":0,""empty_hits"":0,""primitive_hits"":0,""primitive_fallbacks"":0,""primitive_key_declined"":0,""nonempty_requests"":0,""requests"":0,""fresh_unit_requests"":0,""fresh_unit_hits"":0,""hits"":0,""changed_or_unsupported"":0,""missing"":0,""evidence_declined"":0,""options_declined"":0,""captured"":0,""fresh_regions"":0,""call_publications_replayed"":0}"
build/bench/cloud-principal-graphs/callback-sources/capture-4-valid.blot,4142cb946d916c6401fb28d2ee90dbdd963f5b250a53c470ac2878658888e0f8,baseline,"[4704,4707,4717,4832,5052,5069,5240,5409,5418,5465,5685,5940,6793,6931,7076]","[4942,4977,5076,5210,5331,5376,5482,5737,5764,5819,5911,6249,7185,7208,7446]","[3669685,3669685,3669685,3669685,3669685,3669685,3669685,3669685,3669685,3669685,3669685,3669685,3669685,3669685,3669685]","[1067243,1067243,1067243,1067243,1067243,1067243,1067243,1067243,1067243,1067243,1067243,1067243,1067243,1067243,1067243]","{""semantic_component_batches"":0,""semantic_component_jobs"":0,""max_semantic_component_workers"":0,""inference_regions"":9,""canonical_specialization_queries"":1,""canonical_specialization_hits"":0,""solver_requested_bytes"":232488,""solver_allocations"":177,""scratch_requested_bytes"":146952,""scratch_allocations"":288,""max_solver_live_bytes"":92856,""max_scratch_live_bytes"":57496,""evidence_import_solver_bytes"":0,""evidence_import_scratch_bytes"":128,""snapshot_copy_bytes"":0,""snapshot_copy_allocations"":0,""principal_copy_buffer_bytes"":0,""principal_copy_buffer_allocations"":0,""frozen_capture_temporary_bytes"":0,""frozen_capture_published_bytes"":0,""frozen_edge_scratch_bytes"":0,""region_scopes"":81,""max_region_scopes"":65,""call_collections_closed"":1,""call_collections_unresolved"":64,""call_memo_hits"":5,""solver_passes"":10,""solver_constraint_visits"":32,""occurs_steps"":112}",null,"{""persisted_requests"":0,""persisted_hits"":0,""persisted_nonempty_hits"":0,""persisted_call_proofs"":0,""persisted_declines"":0,""projected_empty_hits"":0,""projected_empty_declines"":0,""input_image_checks"":0,""dependency_validations"":0,""reused_dependency_validations"":0,""graph_importers_initialized"":0,""graph_importers_prepared"":0,""empty_hits"":0,""primitive_hits"":0,""primitive_fallbacks"":0,""primitive_key_declined"":0,""nonempty_requests"":0,""requests"":0,""fresh_unit_requests"":0,""fresh_unit_hits"":0,""hits"":0,""changed_or_unsupported"":0,""missing"":0,""evidence_declined"":0,""options_declined"":0,""captured"":0,""fresh_regions"":0,""call_publications_replayed"":0}"
build/bench/cloud-principal-graphs/callback-sources/capture-4-valid.blot,4142cb946d916c6401fb28d2ee90dbdd963f5b250a53c470ac2878658888e0f8,default,"[4772,4827,4845,4859,5026,5057,5109,5220,5297,5400,5572,5667,5878,6331,7347]","[5071,5093,5126,5240,5279,5296,5420,5554,5628,5714,5886,6060,6189,6578,7676]","[3669685,3669685,3669685,3669685,3669685,3669685,3669685,3669685,3669685,3669685,3669685,3669685,3669685,3669685,3669685]","[1067243,1067243,1067243,1067243,1067243,1067243,1067243,1067243,1067243,1067243,1067243,1067243,1067243,1067243,1067243]","{""semantic_component_batches"":0,""semantic_component_jobs"":0,""max_semantic_component_workers"":0,""inference_regions"":9,""canonical_specialization_queries"":1,""canonical_specialization_hits"":0,""solver_requested_bytes"":232488,""solver_allocations"":177,""scratch_requested_bytes"":146952,""scratch_allocations"":288,""max_solver_live_bytes"":92856,""max_scratch_live_bytes"":57496,""evidence_import_solver_bytes"":0,""evidence_import_scratch_bytes"":128,""snapshot_copy_bytes"":0,""snapshot_copy_allocations"":0,""principal_copy_buffer_bytes"":0,""principal_copy_buffer_allocations"":0,""frozen_capture_temporary_bytes"":0,""frozen_capture_published_bytes"":0,""frozen_edge_scratch_bytes"":0,""region_scopes"":81,""max_region_scopes"":65,""call_collections_closed"":1,""call_collections_unresolved"":64,""call_memo_hits"":5,""solver_passes"":10,""solver_constraint_visits"":32,""occurs_steps"":112}",null,"{""persisted_requests"":0,""persisted_hits"":0,""persisted_nonempty_hits"":0,""persisted_call_proofs"":0,""persisted_declines"":0,""projected_empty_hits"":0,""projected_empty_declines"":0,""input_image_checks"":0,""dependency_validations"":0,""reused_dependency_validations"":0,""graph_importers_initialized"":0,""graph_importers_prepared"":0,""empty_hits"":0,""primitive_hits"":0,""primitive_fallbacks"":0,""primitive_key_declined"":0,""nonempty_requests"":0,""requests"":0,""fresh_unit_requests"":0,""fresh_unit_hits"":0,""hits"":0,""changed_or_unsupported"":0,""missing"":0,""evidence_declined"":0,""options_declined"":0,""captured"":0,""fresh_regions"":0,""call_publications_replayed"":0}"
build/bench/cloud-principal-graphs/callback-sources/capture-6-valid.blot,5b1656eac65c3f015338e3d1e889892ef89a5754b11f58ed380e93f94dba767e,baseline,"[7323,7491,7590,7593,7703,7839,7933,8011,8054,8201,8398,8859,9628,10286,10979]","[7636,7733,7898,7937,7970,8154,8185,8279,8280,8643,8683,9088,9956,10668,11271]","[4324241,4324241,4324241,4324241,4324241,4324241,4324241,4324241,4324241,4324241,4324241,4324241,4324241,4324241,4324241]","[1158867,1158867,1158867,1158867,1158867,1158867,1158867,1158867,1158867,1158867,1158867,1158867,1158867,1158867,1158867]","{""semantic_component_batches"":0,""semantic_component_jobs"":0,""max_semantic_component_workers"":0,""inference_regions"":11,""canonical_specialization_queries"":1,""canonical_specialization_hits"":0,""solver_requested_bytes"":643564,""solver_allocations"":225,""scratch_requested_bytes"":517844,""scratch_allocations"":719,""max_solver_live_bytes"":308936,""max_scratch_live_bytes"":218716,""evidence_import_solver_bytes"":0,""evidence_import_scratch_bytes"":128,""snapshot_copy_bytes"":0,""snapshot_copy_allocations"":0,""principal_copy_buffer_bytes"":0,""principal_copy_buffer_allocations"":0,""frozen_capture_temporary_bytes"":0,""frozen_capture_published_bytes"":0,""frozen_edge_scratch_bytes"":0,""region_scopes"":277,""max_region_scopes"":257,""call_collections_closed"":1,""call_collections_unresolved"":256,""call_memo_hits"":7,""solver_passes"":12,""solver_constraint_visits"":128,""occurs_steps"":404}",null,"{""persisted_requests"":0,""persisted_hits"":0,""persisted_nonempty_hits"":0,""persisted_call_proofs"":0,""persisted_declines"":0,""projected_empty_hits"":0,""projected_empty_declines"":0,""input_image_checks"":0,""dependency_validations"":0,""reused_dependency_validations"":0,""graph_importers_initialized"":0,""graph_importers_prepared"":0,""empty_hits"":0,""primitive_hits"":0,""primitive_fallbacks"":0,""primitive_key_declined"":0,""nonempty_requests"":0,""requests"":0,""fresh_unit_requests"":0,""fresh_unit_hits"":0,""hits"":0,""changed_or_unsupported"":0,""missing"":0,""evidence_declined"":0,""options_declined"":0,""captured"":0,""fresh_regions"":0,""call_publications_replayed"":0}"
build/bench/cloud-principal-graphs/callback-sources/capture-6-valid.blot,5b1656eac65c3f015338e3d1e889892ef89a5754b11f58ed380e93f94dba767e,default,"[7327,7488,7669,7728,7805,8045,8123,8424,8783,8877,9075,9170,9188,9264,9660]","[7571,7748,7991,8047,8357,8367,8379,8745,9065,9116,9407,9562,9574,9750,10118]","[4324241,4324241,4324241,4324241,4324241,4324241,4324241,4324241,4324241,4324241,4324241,4324241,4324241,4324241,4324241]","[1158867,1158867,1158867,1158867,1158867,1158867,1158867,1158867,1158867,1158867,1158867,1158867,1158867,1158867,1158867]","{""semantic_component_batches"":0,""semantic_component_jobs"":0,""max_semantic_component_workers"":0,""inference_regions"":11,""canonical_specialization_queries"":1,""canonical_specialization_hits"":0,""solver_requested_bytes"":643564,""solver_allocations"":225,""scratch_requested_bytes"":517844,""scratch_allocations"":719,""max_solver_live_bytes"":308936,""max_scratch_live_bytes"":218716,""evidence_import_solver_bytes"":0,""evidence_import_scratch_bytes"":128,""snapshot_copy_bytes"":0,""snapshot_copy_allocations"":0,""principal_copy_buffer_bytes"":0,""principal_copy_buffer_allocations"":0,""frozen_capture_temporary_bytes"":0,""frozen_capture_published_bytes"":0,""frozen_edge_scratch_bytes"":0,""region_scopes"":277,""max_region_scopes"":257,""call_collections_closed"":1,""call_collections_unresolved"":256,""call_memo_hits"":7,""solver_passes"":12,""solver_constraint_visits"":128,""occurs_steps"":404}",null,"{""persisted_requests"":0,""persisted_hits"":0,""persisted_nonempty_hits"":0,""persisted_call_proofs"":0,""persisted_declines"":0,""projected_empty_hits"":0,""projected_empty_declines"":0,""input_image_checks"":0,""dependency_validations"":0,""reused_dependency_validations"":0,""graph_importers_initialized"":0,""graph_importers_prepared"":0,""empty_hits"":0,""primitive_hits"":0,""primitive_fallbacks"":0,""primitive_key_declined"":0,""nonempty_requests"":0,""requests"":0,""fresh_unit_requests"":0,""fresh_unit_hits"":0,""hits"":0,""changed_or_unsupported"":0,""missing"":0,""evidence_declined"":0,""options_declined"":0,""captured"":0,""fresh_regions"":0,""call_publications_replayed"":0}"
build/bench/cloud-principal-graphs/callback-sources/capture-8-valid.blot,b72f95692e56167319e708f5525015e368ae84a600d69c29f7f04250b3f8f576,baseline,"[33759,34539,34670,34873,35023,35023,35196,35206,35509,35745,35808,36990,37009,37498,40257]","[34503,34891,35025,35189,35345,35558,35688,35890,36101,36158,36632,37377,37591,37966,40800]","[8700156,8700156,8700156,8700156,8700156,8700156,8700156,8700156,8700156,8700156,8700156,8700156,8700156,8700156,8700156]","[5441216,5441216,5441216,5441216,5441216,5441216,5441216,5441216,5441216,5441216,5441216,5441216,5441216,5441216,5441216]","{""semantic_component_batches"":0,""semantic_component_jobs"":0,""max_semantic_component_workers"":0,""inference_regions"":13,""canonical_specialization_queries"":1,""canonical_specialization_hits"":0,""solver_requested_bytes"":3540656,""solver_allocations"":277,""scratch_requested_bytes"":1962412,""scratch_allocations"":2303,""max_solver_live_bytes"":1837980,""max_scratch_live_bytes"":835220,""evidence_import_solver_bytes"":0,""evidence_import_scratch_bytes"":128,""snapshot_copy_bytes"":0,""snapshot_copy_allocations"":0,""principal_copy_buffer_bytes"":0,""principal_copy_buffer_allocations"":0,""frozen_capture_temporary_bytes"":0,""frozen_capture_published_bytes"":0,""frozen_edge_scratch_bytes"":0,""region_scopes"":1049,""max_region_scopes"":1025,""call_collections_closed"":1,""call_collections_unresolved"":1024,""call_memo_hits"":9,""solver_passes"":14,""solver_constraint_visits"":512,""occurs_steps"":1560}",null,"{""persisted_requests"":0,""persisted_hits"":0,""persisted_nonempty_hits"":0,""persisted_call_proofs"":0,""persisted_declines"":0,""projected_empty_hits"":0,""projected_empty_declines"":0,""input_image_checks"":0,""dependency_validations"":0,""reused_dependency_validations"":0,""graph_importers_initialized"":0,""graph_importers_prepared"":0,""empty_hits"":0,""primitive_hits"":0,""primitive_fallbacks"":0,""primitive_key_declined"":0,""nonempty_requests"":0,""requests"":0,""fresh_unit_requests"":0,""fresh_unit_hits"":0,""hits"":0,""changed_or_unsupported"":0,""missing"":0,""evidence_declined"":0,""options_declined"":0,""captured"":0,""fresh_regions"":0,""call_publications_replayed"":0}"
build/bench/cloud-principal-graphs/callback-sources/capture-8-valid.blot,b72f95692e56167319e708f5525015e368ae84a600d69c29f7f04250b3f8f576,default,"[33262,34241,34486,35032,35257,35606,35998,36132,36417,36445,37422,38050,39669,40188,44913]","[33642,34508,34824,35424,35608,35985,36333,36615,36916,36970,37738,38508,40083,40567,45279]","[8700156,8700156,8700156,8700156,8700156,8700156,8700156,8700156,8700156,8700156,8700156,8700156,8700156,8700156,8700156]","[5441216,5441216,5441216,5441216,5441216,5441216,5441216,5441216,5441216,5441216,5441216,5441216,5441216,5441216,5441216]","{""semantic_component_batches"":0,""semantic_component_jobs"":0,""max_semantic_component_workers"":0,""inference_regions"":13,""canonical_specialization_queries"":1,""canonical_specialization_hits"":0,""solver_requested_bytes"":3540656,""solver_allocations"":277,""scratch_requested_bytes"":1962412,""scratch_allocations"":2303,""max_solver_live_bytes"":1837980,""max_scratch_live_bytes"":835220,""evidence_import_solver_bytes"":0,""evidence_import_scratch_bytes"":128,""snapshot_copy_bytes"":0,""snapshot_copy_allocations"":0,""principal_copy_buffer_bytes"":0,""principal_copy_buffer_allocations"":0,""frozen_capture_temporary_bytes"":0,""frozen_capture_published_bytes"":0,""frozen_edge_scratch_bytes"":0,""region_scopes"":1049,""max_region_scopes"":1025,""call_collections_closed"":1,""call_collections_unresolved"":1024,""call_memo_hits"":9,""solver_passes"":14,""solver_constraint_visits"":512,""occurs_steps"":1560}",null,"{""persisted_requests"":0,""persisted_hits"":0,""persisted_nonempty_hits"":0,""persisted_call_proofs"":0,""persisted_declines"":0,""projected_empty_hits"":0,""projected_empty_declines"":0,""input_image_checks"":0,""dependency_validations"":0,""reused_dependency_validations"":0,""graph_importers_initialized"":0,""graph_importers_prepared"":0,""empty_hits"":0,""primitive_hits"":0,""primitive_fallbacks"":0,""primitive_key_declined"":0,""nonempty_requests"":0,""requests"":0,""fresh_unit_requests"":0,""fresh_unit_hits"":0,""hits"":0,""changed_or_unsupported"":0,""missing"":0,""evidence_declined"":0,""options_declined"":0,""captured"":0,""fresh_regions"":0,""call_publications_replayed"":0}"
build/bench/cloud-principal-graphs/sources/factory-diamond-12.blot,8cda9e21d5226b9b30be3e095b5ae43882b5356437fc96fc01e7720ad7075a16,baseline,"[6177,6235,6314,6358,6369,6554,6617,6651,6666,6792,6818,6829,7030,7177,8677]","[6494,6494,6651,6664,6743,6882,6954,6955,7022,7108,7138,7228,7362,7605,10673]","[5946539,5946539,5946539,5946539,5946539,5946539,5946539,5946539,5946539,5946539,5946539,5946539,5946539,5946539,5946539]","[1080310,1080310,1080310,1080310,1080310,1080310,1080310,1080310,1080310,1080310,1080310,1080310,1080310,1080310,1080310]","{""semantic_component_batches"":0,""semantic_component_jobs"":0,""max_semantic_component_workers"":0,""inference_regions"":167,""canonical_specialization_queries"":2,""canonical_specialization_hits"":0,""solver_requested_bytes"":263824,""solver_allocations"":1327,""scratch_requested_bytes"":470748,""scratch_allocations"":2733,""max_solver_live_bytes"":2648,""max_scratch_live_bytes"":6564,""evidence_import_solver_bytes"":0,""evidence_import_scratch_bytes"":12800,""snapshot_copy_bytes"":0,""snapshot_copy_allocations"":0,""principal_copy_buffer_bytes"":40352,""principal_copy_buffer_allocations"":552,""frozen_capture_temporary_bytes"":0,""frozen_capture_published_bytes"":0,""frozen_edge_scratch_bytes"":0,""region_scopes"":181,""max_region_scopes"":3,""call_collections_closed"":2,""call_collections_unresolved"":4,""call_memo_hits"":200,""solver_passes"":400,""solver_constraint_visits"":513,""occurs_steps"":430}",null,"{""persisted_requests"":0,""persisted_hits"":0,""persisted_nonempty_hits"":0,""persisted_call_proofs"":0,""persisted_declines"":0,""projected_empty_hits"":0,""projected_empty_declines"":0,""input_image_checks"":0,""dependency_validations"":0,""reused_dependency_validations"":0,""graph_importers_initialized"":0,""graph_importers_prepared"":0,""empty_hits"":0,""primitive_hits"":0,""primitive_fallbacks"":0,""primitive_key_declined"":0,""nonempty_requests"":0,""requests"":0,""fresh_unit_requests"":0,""fresh_unit_hits"":0,""hits"":0,""changed_or_unsupported"":0,""missing"":0,""evidence_declined"":0,""options_declined"":0,""captured"":0,""fresh_regions"":0,""call_publications_replayed"":0}"
build/bench/cloud-principal-graphs/sources/factory-diamond-12.blot,8cda9e21d5226b9b30be3e095b5ae43882b5356437fc96fc01e7720ad7075a16,default,"[5881,6453,6508,6509,6541,6681,6724,6791,6818,7168,7280,7480,7553,7966,10419]","[6132,6766,6768,6820,6852,7034,7191,7324,7436,7658,7771,7779,7802,8286,10728]","[5946539,5946539,5946539,5946539,5946539,5946539,5946539,5946539,5946539,5946539,5946539,5946539,5946539,5946539,5946539]","[1080310,1080310,1080310,1080310,1080310,1080310,1080310,1080310,1080310,1080310,1080310,1080310,1080310,1080310,1080310]","{""semantic_component_batches"":0,""semantic_component_jobs"":0,""max_semantic_component_workers"":0,""inference_regions"":167,""canonical_specialization_queries"":2,""canonical_specialization_hits"":0,""solver_requested_bytes"":263824,""solver_allocations"":1327,""scratch_requested_bytes"":470748,""scratch_allocations"":2733,""max_solver_live_bytes"":2648,""max_scratch_live_bytes"":6564,""evidence_import_solver_bytes"":0,""evidence_import_scratch_bytes"":12800,""snapshot_copy_bytes"":0,""snapshot_copy_allocations"":0,""principal_copy_buffer_bytes"":40352,""principal_copy_buffer_allocations"":552,""frozen_capture_temporary_bytes"":0,""frozen_capture_published_bytes"":0,""frozen_edge_scratch_bytes"":0,""region_scopes"":181,""max_region_scopes"":3,""call_collections_closed"":2,""call_collections_unresolved"":4,""call_memo_hits"":200,""solver_passes"":400,""solver_constraint_visits"":513,""occurs_steps"":430}",null,"{""persisted_requests"":0,""persisted_hits"":0,""persisted_nonempty_hits"":0,""persisted_call_proofs"":0,""persisted_declines"":0,""projected_empty_hits"":0,""projected_empty_declines"":0,""input_image_checks"":0,""dependency_validations"":0,""reused_dependency_validations"":0,""graph_importers_initialized"":0,""graph_importers_prepared"":0,""empty_hits"":0,""primitive_hits"":0,""primitive_fallbacks"":0,""primitive_key_declined"":0,""nonempty_requests"":0,""requests"":0,""fresh_unit_requests"":0,""fresh_unit_hits"":0,""hits"":0,""changed_or_unsupported"":0,""missing"":0,""evidence_declined"":0,""options_declined"":0,""captured"":0,""fresh_regions"":0,""call_publications_replayed"":0}"
build/bench/cloud-principal-graphs/live-header-sources/source-mixed-12.blot,b1b3f200d96b501cba2ec91a5d87e32c85e176c321b481bd28dad7f7f5f2cd1c,baseline,"[4986,5098,5115,5168,5269,5473,5653,5729,5803,5822,5994,6043,6183,6209,6247]","[5265,5340,5364,5409,5649,5687,5924,6031,6114,6132,6332,6378,6417,6463,6600]","[4367245,4367245,4367245,4367245,4367245,4367245,4367245,4367245,4367245,4367245,4367245,4367245,4367245,4367245,4367245]","[1088082,1088082,1088082,1088082,1088082,1088082,1088082,1088082,1088082,1088082,1088082,1088082,1088082,1088082,1088082]","{""semantic_component_batches"":0,""semantic_component_jobs"":0,""max_semantic_component_workers"":0,""inference_regions"":103,""canonical_specialization_queries"":1,""canonical_specialization_hits"":0,""solver_requested_bytes"":101988,""solver_allocations"":509,""scratch_requested_bytes"":258148,""scratch_allocations"":1532,""max_solver_live_bytes"":3096,""max_scratch_live_bytes"":6564,""evidence_import_solver_bytes"":0,""evidence_import_scratch_bytes"":4736,""snapshot_copy_bytes"":0,""snapshot_copy_allocations"":0,""principal_copy_buffer_bytes"":39328,""principal_copy_buffer_allocations"":545,""frozen_capture_temporary_bytes"":0,""frozen_capture_published_bytes"":0,""frozen_edge_scratch_bytes"":0,""region_scopes"":111,""max_region_scopes"":2,""call_collections_closed"":1,""call_collections_unresolved"":0,""call_memo_hits"":62,""solver_passes"":119,""solver_constraint_visits"":179,""occurs_steps"":204}",null,"{""persisted_requests"":0,""persisted_hits"":0,""persisted_nonempty_hits"":0,""persisted_call_proofs"":0,""persisted_declines"":0,""projected_empty_hits"":0,""projected_empty_declines"":0,""input_image_checks"":0,""dependency_validations"":0,""reused_dependency_validations"":0,""graph_importers_initialized"":0,""graph_importers_prepared"":0,""empty_hits"":0,""primitive_hits"":0,""primitive_fallbacks"":0,""primitive_key_declined"":0,""nonempty_requests"":0,""requests"":0,""fresh_unit_requests"":0,""fresh_unit_hits"":0,""hits"":0,""changed_or_unsupported"":0,""missing"":0,""evidence_declined"":0,""options_declined"":0,""captured"":0,""fresh_regions"":0,""call_publications_replayed"":0}"
build/bench/cloud-principal-graphs/live-header-sources/source-mixed-12.blot,b1b3f200d96b501cba2ec91a5d87e32c85e176c321b481bd28dad7f7f5f2cd1c,default,"[4987,5026,5059,5166,5260,5371,5440,5481,5684,5756,6160,6238,6458,7406,8666]","[5243,5256,5291,5447,5480,5605,5706,5743,6067,6087,6406,6594,6700,7708,9056]","[4367245,4367245,4367245,4367245,4367245,4367245,4367245,4367245,4367245,4367245,4367245,4367245,4367245,4367245,4367245]","[1088082,1088082,1088082,1088082,1088082,1088082,1088082,1088082,1088082,1088082,1088082,1088082,1088082,1088082,1088082]","{""semantic_component_batches"":0,""semantic_component_jobs"":0,""max_semantic_component_workers"":0,""inference_regions"":103,""canonical_specialization_queries"":1,""canonical_specialization_hits"":0,""solver_requested_bytes"":101988,""solver_allocations"":509,""scratch_requested_bytes"":258148,""scratch_allocations"":1532,""max_solver_live_bytes"":3096,""max_scratch_live_bytes"":6564,""evidence_import_solver_bytes"":0,""evidence_import_scratch_bytes"":4736,""snapshot_copy_bytes"":0,""snapshot_copy_allocations"":0,""principal_copy_buffer_bytes"":39328,""principal_copy_buffer_allocations"":545,""frozen_capture_temporary_bytes"":0,""frozen_capture_published_bytes"":0,""frozen_edge_scratch_bytes"":0,""region_scopes"":111,""max_region_scopes"":2,""call_collections_closed"":1,""call_collections_unresolved"":0,""call_memo_hits"":62,""solver_passes"":119,""solver_constraint_visits"":179,""occurs_steps"":204}",null,"{""persisted_requests"":0,""persisted_hits"":0,""persisted_nonempty_hits"":0,""persisted_call_proofs"":0,""persisted_declines"":0,""projected_empty_hits"":0,""projected_empty_declines"":0,""input_image_checks"":0,""dependency_validations"":0,""reused_dependency_validations"":0,""graph_importers_initialized"":0,""graph_importers_prepared"":0,""empty_hits"":0,""primitive_hits"":0,""primitive_fallbacks"":0,""primitive_key_declined"":0,""nonempty_requests"":0,""requests"":0,""fresh_unit_requests"":0,""fresh_unit_hits"":0,""hits"":0,""changed_or_unsupported"":0,""missing"":0,""evidence_declined"":0,""options_declined"":0,""captured"":0,""fresh_regions"":0,""call_publications_replayed"":0}"
build/bench/cloud-principal-graphs/lexical-sources/aggregate-separate-128-valid.blot,041fd208800d0bc3248f5b29df4fc8d80d1d866913dd1188a69171c68e37e350,baseline,"[11130,11171,11254,11468,11680,11681,12002,12243,12323,12351,12582,12639,12989,13069,14873]","[11423,11511,11581,11751,11941,12109,12577,12590,12665,12690,12944,13058,13239,13357,16284]","[9347343,9347343,9347343,9347343,9347343,9347343,9347343,9347343,9347343,9347343,9347343,9347343,9347343,9347343,9347343]","[2187776,2187776,2187776,2187776,2187776,2187776,2187776,2187776,2187776,2187776,2187776,2187776,2187776,2187776,2187776]","{""semantic_component_batches"":0,""semantic_component_jobs"":0,""max_semantic_component_workers"":0,""inference_regions"":520,""canonical_specialization_queries"":128,""canonical_specialization_hits"":127,""solver_requested_bytes"":1038136,""solver_allocations"":3306,""scratch_requested_bytes"":1230412,""scratch_allocations"":7449,""max_solver_live_bytes"":3708,""max_scratch_live_bytes"":5072,""evidence_import_solver_bytes"":932,""evidence_import_scratch_bytes"":33792,""snapshot_copy_bytes"":0,""snapshot_copy_allocations"":0,""principal_copy_buffer_bytes"":0,""principal_copy_buffer_allocations"":0,""frozen_capture_temporary_bytes"":0,""frozen_capture_published_bytes"":24,""frozen_edge_scratch_bytes"":48,""region_scopes"":924,""max_region_scopes"":9,""call_collections_closed"":257,""call_collections_unresolved"":0,""call_memo_hits"":772,""solver_passes"":533,""solver_constraint_visits"":538,""occurs_steps"":12}",null,"{""persisted_requests"":0,""persisted_hits"":0,""persisted_nonempty_hits"":0,""persisted_call_proofs"":0,""persisted_declines"":0,""projected_empty_hits"":0,""projected_empty_declines"":0,""input_image_checks"":0,""dependency_validations"":0,""reused_dependency_validations"":0,""graph_importers_initialized"":0,""graph_importers_prepared"":0,""empty_hits"":0,""primitive_hits"":0,""primitive_fallbacks"":0,""primitive_key_declined"":0,""nonempty_requests"":0,""requests"":0,""fresh_unit_requests"":0,""fresh_unit_hits"":0,""hits"":0,""changed_or_unsupported"":0,""missing"":0,""evidence_declined"":0,""options_declined"":0,""captured"":0,""fresh_regions"":0,""call_publications_replayed"":0}"
build/bench/cloud-principal-graphs/lexical-sources/aggregate-separate-128-valid.blot,041fd208800d0bc3248f5b29df4fc8d80d1d866913dd1188a69171c68e37e350,default,"[11181,11445,11506,11789,11930,11959,11974,12020,12268,12396,12493,12582,12607,13779,13798]","[11503,11702,11773,12169,12179,12227,12298,12397,12651,12792,12825,12853,12892,14077,14305]","[9347343,9347343,9347343,9347343,9347343,9347343,9347343,9347343,9347343,9347343,9347343,9347343,9347343,9347343,9347343]","[2187776,2187776,2187776,2187776,2187776,2187776,2187776,2187776,2187776,2187776,2187776,2187776,2187776,2187776,2187776]","{""semantic_component_batches"":0,""semantic_component_jobs"":0,""max_semantic_component_workers"":0,""inference_regions"":520,""canonical_specialization_queries"":128,""canonical_specialization_hits"":127,""solver_requested_bytes"":1038136,""solver_allocations"":3306,""scratch_requested_bytes"":1230412,""scratch_allocations"":7449,""max_solver_live_bytes"":3708,""max_scratch_live_bytes"":5072,""evidence_import_solver_bytes"":932,""evidence_import_scratch_bytes"":33792,""snapshot_copy_bytes"":0,""snapshot_copy_allocations"":0,""principal_copy_buffer_bytes"":0,""principal_copy_buffer_allocations"":0,""frozen_capture_temporary_bytes"":0,""frozen_capture_published_bytes"":24,""frozen_edge_scratch_bytes"":48,""region_scopes"":924,""max_region_scopes"":9,""call_collections_closed"":257,""call_collections_unresolved"":0,""call_memo_hits"":772,""solver_passes"":533,""solver_constraint_visits"":538,""occurs_steps"":12}",null,"{""persisted_requests"":0,""persisted_hits"":0,""persisted_nonempty_hits"":0,""persisted_call_proofs"":0,""persisted_declines"":0,""projected_empty_hits"":0,""projected_empty_declines"":0,""input_image_checks"":0,""dependency_validations"":0,""reused_dependency_validations"":0,""graph_importers_initialized"":0,""graph_importers_prepared"":0,""empty_hits"":0,""primitive_hits"":0,""primitive_fallbacks"":0,""primitive_key_declined"":0,""nonempty_requests"":0,""requests"":0,""fresh_unit_requests"":0,""fresh_unit_hits"":0,""hits"":0,""changed_or_unsupported"":0,""missing"":0,""evidence_declined"":0,""options_declined"":0,""captured"":0,""fresh_regions"":0,""call_publications_replayed"":0}"
build/bench/cloud-principal-graphs/lexical-sources/aggregate-separate-32-valid.blot,b4de8b2751b643b3e2e9f24965069bbe42931d2a76e1b2b3b03761b7df7eeb1b,baseline,"[6092,6114,6149,6191,6308,6366,6369,6386,6444,6475,6844,6876,6940,6999,7971]","[6331,6362,6444,6552,6584,6617,6669,6714,6726,6728,7183,7187,7226,7254,8294]","[4935822,4935822,4935822,4935822,4935822,4935822,4935822,4935822,4935822,4935822,4935822,4935822,4935822,4935822,4935822]","[1328162,1328162,1328162,1328162,1328162,1328162,1328162,1328162,1328162,1328162,1328162,1328162,1328162,1328162,1328162]","{""semantic_component_batches"":0,""semantic_component_jobs"":0,""max_semantic_component_workers"":0,""inference_regions"":136,""canonical_specialization_queries"":32,""canonical_specialization_hits"":31,""solver_requested_bytes"":276280,""solver_allocations"":906,""scratch_requested_bytes"":334156,""scratch_allocations"":1977,""max_solver_live_bytes"":3708,""max_scratch_live_bytes"":5072,""evidence_import_solver_bytes"":932,""evidence_import_scratch_bytes"":9216,""snapshot_copy_bytes"":0,""snapshot_copy_allocations"":0,""principal_copy_buffer_bytes"":0,""principal_copy_buffer_allocations"":0,""frozen_capture_temporary_bytes"":0,""frozen_capture_published_bytes"":24,""frozen_edge_scratch_bytes"":48,""region_scopes"":252,""max_region_scopes"":9,""call_collections_closed"":65,""call_collections_unresolved"":0,""call_memo_hits"":196,""solver_passes"":149,""solver_constraint_visits"":154,""occurs_steps"":12}",null,"{""persisted_requests"":0,""persisted_hits"":0,""persisted_nonempty_hits"":0,""persisted_call_proofs"":0,""persisted_declines"":0,""projected_empty_hits"":0,""projected_empty_declines"":0,""input_image_checks"":0,""dependency_validations"":0,""reused_dependency_validations"":0,""graph_importers_initialized"":0,""graph_importers_prepared"":0,""empty_hits"":0,""primitive_hits"":0,""primitive_fallbacks"":0,""primitive_key_declined"":0,""nonempty_requests"":0,""requests"":0,""fresh_unit_requests"":0,""fresh_unit_hits"":0,""hits"":0,""changed_or_unsupported"":0,""missing"":0,""evidence_declined"":0,""options_declined"":0,""captured"":0,""fresh_regions"":0,""call_publications_replayed"":0}"
build/bench/cloud-principal-graphs/lexical-sources/aggregate-separate-32-valid.blot,b4de8b2751b643b3e2e9f24965069bbe42931d2a76e1b2b3b03761b7df7eeb1b,default,"[6057,6086,6116,6374,6390,6511,6528,6589,6596,6737,6772,6936,6976,7864,9388]","[6326,6345,6403,6624,6656,6819,6889,6896,7000,7012,7025,7174,7333,8125,9765]","[4935822,4935822,4935822,4935822,4935822,4935822,4935822,4935822,4935822,4935822,4935822,4935822,4935822,4935822,4935822]","[1328162,1328162,1328162,1328162,1328162,1328162,1328162,1328162,1328162,1328162,1328162,1328162,1328162,1328162,1328162]","{""semantic_component_batches"":0,""semantic_component_jobs"":0,""max_semantic_component_workers"":0,""inference_regions"":136,""canonical_specialization_queries"":32,""canonical_specialization_hits"":31,""solver_requested_bytes"":276280,""solver_allocations"":906,""scratch_requested_bytes"":334156,""scratch_allocations"":1977,""max_solver_live_bytes"":3708,""max_scratch_live_bytes"":5072,""evidence_import_solver_bytes"":932,""evidence_import_scratch_bytes"":9216,""snapshot_copy_bytes"":0,""snapshot_copy_allocations"":0,""principal_copy_buffer_bytes"":0,""principal_copy_buffer_allocations"":0,""frozen_capture_temporary_bytes"":0,""frozen_capture_published_bytes"":24,""frozen_edge_scratch_bytes"":48,""region_scopes"":252,""max_region_scopes"":9,""call_collections_closed"":65,""call_collections_unresolved"":0,""call_memo_hits"":196,""solver_passes"":149,""solver_constraint_visits"":154,""occurs_steps"":12}",null,"{""persisted_requests"":0,""persisted_hits"":0,""persisted_nonempty_hits"":0,""persisted_call_proofs"":0,""persisted_declines"":0,""projected_empty_hits"":0,""projected_empty_declines"":0,""input_image_checks"":0,""dependency_validations"":0,""reused_dependency_validations"":0,""graph_importers_initialized"":0,""graph_importers_prepared"":0,""empty_hits"":0,""primitive_hits"":0,""primitive_fallbacks"":0,""primitive_key_declined"":0,""nonempty_requests"":0,""requests"":0,""fresh_unit_requests"":0,""fresh_unit_hits"":0,""hits"":0,""changed_or_unsupported"":0,""missing"":0,""evidence_declined"":0,""options_declined"":0,""captured"":0,""fresh_regions"":0,""call_publications_replayed"":0}"
build/bench/cloud-principal-graphs/lexical-sources/aggregate-separate-8-valid.blot,7c66f1523d670223f71a0744d01854dcb9050579a01696a66f73f42503b27d01,baseline,"[4644,4646,4659,4739,4768,4913,4919,5010,5095,5135,5148,5235,5313,5420,6048]","[4912,4912,4950,4963,4992,5147,5161,5340,5406,5416,5419,5506,5571,5764,6709]","[3778719,3778719,3778719,3778719,3778719,3778719,3778719,3778719,3778719,3778719,3778719,3778719,3778719,3778719,3778719]","[1148461,1148461,1148461,1148461,1148461,1148461,1148461,1148461,1148461,1148461,1148461,1148461,1148461,1148461,1148461]","{""semantic_component_batches"":0,""semantic_component_jobs"":0,""max_semantic_component_workers"":0,""inference_regions"":40,""canonical_specialization_queries"":8,""canonical_specialization_hits"":7,""solver_requested_bytes"":85816,""solver_allocations"":306,""scratch_requested_bytes"":110092,""scratch_allocations"":609,""max_solver_live_bytes"":3708,""max_scratch_live_bytes"":5072,""evidence_import_solver_bytes"":932,""evidence_import_scratch_bytes"":3072,""snapshot_copy_bytes"":0,""snapshot_copy_allocations"":0,""principal_copy_buffer_bytes"":0,""principal_copy_buffer_allocations"":0,""frozen_capture_temporary_bytes"":0,""frozen_capture_published_bytes"":24,""frozen_edge_scratch_bytes"":48,""region_scopes"":84,""max_region_scopes"":9,""call_collections_closed"":17,""call_collections_unresolved"":0,""call_memo_hits"":52,""solver_passes"":53,""solver_constraint_visits"":58,""occurs_steps"":12}",null,"{""persisted_requests"":0,""persisted_hits"":0,""persisted_nonempty_hits"":0,""persisted_call_proofs"":0,""persisted_declines"":0,""projected_empty_hits"":0,""projected_empty_declines"":0,""input_image_checks"":0,""dependency_validations"":0,""reused_dependency_validations"":0,""graph_importers_initialized"":0,""graph_importers_prepared"":0,""empty_hits"":0,""primitive_hits"":0,""primitive_fallbacks"":0,""primitive_key_declined"":0,""nonempty_requests"":0,""requests"":0,""fresh_unit_requests"":0,""fresh_unit_hits"":0,""hits"":0,""changed_or_unsupported"":0,""missing"":0,""evidence_declined"":0,""options_declined"":0,""captured"":0,""fresh_regions"":0,""call_publications_replayed"":0}"
build/bench/cloud-principal-graphs/lexical-sources/aggregate-separate-8-valid.blot,7c66f1523d670223f71a0744d01854dcb9050579a01696a66f73f42503b27d01,default,"[4511,4642,4688,4703,4745,4776,4858,4916,4960,5023,5593,5611,6153,7913,51124]","[4769,4871,4907,4928,4970,5037,5124,5170,5249,5261,5896,5918,6426,8314,51502]","[3778719,3778719,3778719,3778719,3778719,3778719,3778719,3778719,3778719,3778719,3778719,3778719,3778719,3778719,3778719]","[1148461,1148461,1148461,1148461,1148461,1148461,1148461,1148461,1148461,1148461,1148461,1148461,1148461,1148461,1148461]","{""semantic_component_batches"":0,""semantic_component_jobs"":0,""max_semantic_component_workers"":0,""inference_regions"":40,""canonical_specialization_queries"":8,""canonical_specialization_hits"":7,""solver_requested_bytes"":85816,""solver_allocations"":306,""scratch_requested_bytes"":110092,""scratch_allocations"":609,""max_solver_live_bytes"":3708,""max_scratch_live_bytes"":5072,""evidence_import_solver_bytes"":932,""evidence_import_scratch_bytes"":3072,""snapshot_copy_bytes"":0,""snapshot_copy_allocations"":0,""principal_copy_buffer_bytes"":0,""principal_copy_buffer_allocations"":0,""frozen_capture_temporary_bytes"":0,""frozen_capture_published_bytes"":24,""frozen_edge_scratch_bytes"":48,""region_scopes"":84,""max_region_scopes"":9,""call_collections_closed"":17,""call_collections_unresolved"":0,""call_memo_hits"":52,""solver_passes"":53,""solver_constraint_visits"":58,""occurs_steps"":12}",null,"{""persisted_requests"":0,""persisted_hits"":0,""persisted_nonempty_hits"":0,""persisted_call_proofs"":0,""persisted_declines"":0,""projected_empty_hits"":0,""projected_empty_declines"":0,""input_image_checks"":0,""dependency_validations"":0,""reused_dependency_validations"":0,""graph_importers_initialized"":0,""graph_importers_prepared"":0,""empty_hits"":0,""primitive_hits"":0,""primitive_fallbacks"":0,""primitive_key_declined"":0,""nonempty_requests"":0,""requests"":0,""fresh_unit_requests"":0,""fresh_unit_hits"":0,""hits"":0,""changed_or_unsupported"":0,""missing"":0,""evidence_declined"":0,""options_declined"":0,""captured"":0,""fresh_regions"":0,""call_publications_replayed"":0}"
build/bench/cloud-principal-graphs/lexical-sources/aggregate-shared-128-valid.blot,2879e4c25e62d08616f31a5f89fd1370db6d27378d44f2d47fc2e89781b12cce,baseline,"[10894,10994,11129,11144,11219,11369,11882,12010,12062,12495,12655,12919,13021,13431,14013]","[11146,11225,11425,11488,11527,11788,12244,12297,12599,12916,12939,13249,13259,13718,14347]","[8800024,8800024,8800024,8800024,8800024,8800024,8800024,8800024,8800024,8800024,8800024,8800024,8800024,8800024,8800024]","[2059280,2059280,2059280,2059280,2059280,2059280,2059280,2059280,2059280,2059280,2059280,2059280,2059280,2059280,2059280]","{""semantic_component_batches"":0,""semantic_component_jobs"":0,""max_semantic_component_workers"":0,""inference_regions"":520,""canonical_specialization_queries"":128,""canonical_specialization_hits"":127,""solver_requested_bytes"":1037996,""solver_allocations"":3305,""scratch_requested_bytes"":1042908,""scratch_allocations"":6421,""max_solver_live_bytes"":3708,""max_scratch_live_bytes"":5072,""evidence_import_solver_bytes"":932,""evidence_import_scratch_bytes"":33792,""snapshot_copy_bytes"":0,""snapshot_copy_allocations"":0,""principal_copy_buffer_bytes"":0,""principal_copy_buffer_allocations"":0,""frozen_capture_temporary_bytes"":0,""frozen_capture_published_bytes"":16,""frozen_edge_scratch_bytes"":32,""region_scopes"":921,""max_region_scopes"":6,""call_collections_closed"":257,""call_collections_unresolved"":0,""call_memo_hits"":772,""solver_passes"":533,""solver_constraint_visits"":538,""occurs_steps"":12}",null,"{""persisted_requests"":0,""persisted_hits"":0,""persisted_nonempty_hits"":0,""persisted_call_proofs"":0,""persisted_declines"":0,""projected_empty_hits"":0,""projected_empty_declines"":0,""input_image_checks"":0,""dependency_validations"":0,""reused_dependency_validations"":0,""graph_importers_initialized"":0,""graph_importers_prepared"":0,""empty_hits"":0,""primitive_hits"":0,""primitive_fallbacks"":0,""primitive_key_declined"":0,""nonempty_requests"":0,""requests"":0,""fresh_unit_requests"":0,""fresh_unit_hits"":0,""hits"":0,""changed_or_unsupported"":0,""missing"":0,""evidence_declined"":0,""options_declined"":0,""captured"":0,""fresh_regions"":0,""call_publications_replayed"":0}"
build/bench/cloud-principal-graphs/lexical-sources/aggregate-shared-128-valid.blot,2879e4c25e62d08616f31a5f89fd1370db6d27378d44f2d47fc2e89781b12cce,default,"[10488,10730,10849,10984,11008,11091,11095,11254,11268,11307,11681,12464,12734,13996,15205]","[10882,10979,11075,11281,11324,11420,11435,11568,11568,11640,12004,12930,13081,14287,15662]","[8800024,8800024,8800024,8800024,8800024,8800024,8800024,8800024,8800024,8800024,8800024,8800024,8800024,8800024,8800024]","[2059280,2059280,2059280,2059280,2059280,2059280,2059280,2059280,2059280,2059280,2059280,2059280,2059280,2059280,2059280]","{""semantic_component_batches"":0,""semantic_component_jobs"":0,""max_semantic_component_workers"":0,""inference_regions"":520,""canonical_specialization_queries"":128,""canonical_specialization_hits"":127,""solver_requested_bytes"":1037996,""solver_allocations"":3305,""scratch_requested_bytes"":1042908,""scratch_allocations"":6421,""max_solver_live_bytes"":3708,""max_scratch_live_bytes"":5072,""evidence_import_solver_bytes"":932,""evidence_import_scratch_bytes"":33792,""snapshot_copy_bytes"":0,""snapshot_copy_allocations"":0,""principal_copy_buffer_bytes"":0,""principal_copy_buffer_allocations"":0,""frozen_capture_temporary_bytes"":0,""frozen_capture_published_bytes"":16,""frozen_edge_scratch_bytes"":32,""region_scopes"":921,""max_region_scopes"":6,""call_collections_closed"":257,""call_collections_unresolved"":0,""call_memo_hits"":772,""solver_passes"":533,""solver_constraint_visits"":538,""occurs_steps"":12}",null,"{""persisted_requests"":0,""persisted_hits"":0,""persisted_nonempty_hits"":0,""persisted_call_proofs"":0,""persisted_declines"":0,""projected_empty_hits"":0,""projected_empty_declines"":0,""input_image_checks"":0,""dependency_validations"":0,""reused_dependency_validations"":0,""graph_importers_initialized"":0,""graph_importers_prepared"":0,""empty_hits"":0,""primitive_hits"":0,""primitive_fallbacks"":0,""primitive_key_declined"":0,""nonempty_requests"":0,""requests"":0,""fresh_unit_requests"":0,""fresh_unit_hits"":0,""hits"":0,""changed_or_unsupported"":0,""missing"":0,""evidence_declined"":0,""options_declined"":0,""captured"":0,""fresh_regions"":0,""call_publications_replayed"":0}"
build/bench/cloud-principal-graphs/lexical-sources/aggregate-shared-32-valid.blot,1a829cebf538f08244072bc6372b560ca0348aa44a4c798ef43cf2021a4ee889,baseline,"[6029,6031,6215,6382,6411,6445,6459,6474,6965,7070,7078,7129,7686,10021,10094]","[6270,6280,6721,6729,6776,6831,6836,6901,7238,7358,7437,7853,8019,10368,10501]","[4836442,4836442,4836442,4836442,4836442,4836442,4836442,4836442,4836442,4836442,4836442,4836442,4836442,4836442,4836442]","[1314335,1314335,1314335,1314335,1314335,1314335,1314335,1314335,1314335,1314335,1314335,1314335,1314335,1314335,1314335]","{""semantic_component_batches"":0,""semantic_component_jobs"":0,""max_semantic_component_workers"":0,""inference_regions"":136,""canonical_specialization_queries"":32,""canonical_specialization_hits"":31,""solver_requested_bytes"":276140,""solver_allocations"":905,""scratch_requested_bytes"":287196,""scratch_allocations"":1717,""max_solver_live_bytes"":3708,""max_scratch_live_bytes"":5072,""evidence_import_solver_bytes"":932,""evidence_import_scratch_bytes"":9216,""snapshot_copy_bytes"":0,""snapshot_copy_allocations"":0,""principal_copy_buffer_bytes"":0,""principal_copy_buffer_allocations"":0,""frozen_capture_temporary_bytes"":0,""frozen_capture_published_bytes"":16,""frozen_edge_scratch_bytes"":32,""region_scopes"":249,""max_region_scopes"":6,""call_collections_closed"":65,""call_collections_unresolved"":0,""call_memo_hits"":196,""solver_passes"":149,""solver_constraint_visits"":154,""occurs_steps"":12}",null,"{""persisted_requests"":0,""persisted_hits"":0,""persisted_nonempty_hits"":0,""persisted_call_proofs"":0,""persisted_declines"":0,""projected_empty_hits"":0,""projected_empty_declines"":0,""input_image_checks"":0,""dependency_validations"":0,""reused_dependency_validations"":0,""graph_importers_initialized"":0,""graph_importers_prepared"":0,""empty_hits"":0,""primitive_hits"":0,""primitive_fallbacks"":0,""primitive_key_declined"":0,""nonempty_requests"":0,""requests"":0,""fresh_unit_requests"":0,""fresh_unit_hits"":0,""hits"":0,""changed_or_unsupported"":0,""missing"":0,""evidence_declined"":0,""options_declined"":0,""captured"":0,""fresh_regions"":0,""call_publications_replayed"":0}"
build/bench/cloud-principal-graphs/lexical-sources/aggregate-shared-32-valid.blot,1a829cebf538f08244072bc6372b560ca0348aa44a4c798ef43cf2021a4ee889,default,"[5735,6018,6022,6176,6339,6476,6839,6969,6972,7041,7148,7252,7332,7666,9510]","[5990,6296,6474,6619,6749,7160,7176,7283,7325,7351,7534,7534,7612,8056,9839]","[4836442,4836442,4836442,4836442,4836442,4836442,4836442,4836442,4836442,4836442,4836442,4836442,4836442,4836442,4836442]","[1314335,1314335,1314335,1314335,1314335,1314335,1314335,1314335,1314335,1314335,1314335,1314335,1314335,1314335,1314335]","{""semantic_component_batches"":0,""semantic_component_jobs"":0,""max_semantic_component_workers"":0,""inference_regions"":136,""canonical_specialization_queries"":32,""canonical_specialization_hits"":31,""solver_requested_bytes"":276140,""solver_allocations"":905,""scratch_requested_bytes"":287196,""scratch_allocations"":1717,""max_solver_live_bytes"":3708,""max_scratch_live_bytes"":5072,""evidence_import_solver_bytes"":932,""evidence_import_scratch_bytes"":9216,""snapshot_copy_bytes"":0,""snapshot_copy_allocations"":0,""principal_copy_buffer_bytes"":0,""principal_copy_buffer_allocations"":0,""frozen_capture_temporary_bytes"":0,""frozen_capture_published_bytes"":16,""frozen_edge_scratch_bytes"":32,""region_scopes"":249,""max_region_scopes"":6,""call_collections_closed"":65,""call_collections_unresolved"":0,""call_memo_hits"":196,""solver_passes"":149,""solver_constraint_visits"":154,""occurs_steps"":12}",null,"{""persisted_requests"":0,""persisted_hits"":0,""persisted_nonempty_hits"":0,""persisted_call_proofs"":0,""persisted_declines"":0,""projected_empty_hits"":0,""projected_empty_declines"":0,""input_image_checks"":0,""dependency_validations"":0,""reused_dependency_validations"":0,""graph_importers_initialized"":0,""graph_importers_prepared"":0,""empty_hits"":0,""primitive_hits"":0,""primitive_fallbacks"":0,""primitive_key_declined"":0,""nonempty_requests"":0,""requests"":0,""fresh_unit_requests"":0,""fresh_unit_hits"":0,""hits"":0,""changed_or_unsupported"":0,""missing"":0,""evidence_declined"":0,""options_declined"":0,""captured"":0,""fresh_regions"":0,""call_publications_replayed"":0}"
build/bench/cloud-principal-graphs/lexical-sources/aggregate-shared-8-valid.blot,38595d9e394b2433257f47112c119f6dd6e6590495341326680afc9881ff4d6f,baseline,"[5021,5029,5080,5164,5224,5249,5380,5634,5649,5777,5890,6290,6499,6712,6737]","[5285,5325,5389,5412,5500,5572,5606,5873,6016,6138,6185,6704,6909,7061,7146]","[3731162,3731162,3731162,3731162,3731162,3731162,3731162,3731162,3731162,3731162,3731162,3731162,3731162,3731162,3731162]","[1145393,1145393,1145393,1145393,1145393,1145393,1145393,1145393,1145393,1145393,1145393,1145393,1145393,1145393,1145393]","{""semantic_component_batches"":0,""semantic_component_jobs"":0,""max_semantic_component_workers"":0,""inference_regions"":40,""canonical_specialization_queries"":8,""canonical_specialization_hits"":7,""solver_requested_bytes"":85676,""solver_allocations"":305,""scratch_requested_bytes"":98268,""scratch_allocations"":541,""max_solver_live_bytes"":3708,""max_scratch_live_bytes"":5072,""evidence_import_solver_bytes"":932,""evidence_import_scratch_bytes"":3072,""snapshot_copy_bytes"":0,""snapshot_copy_allocations"":0,""principal_copy_buffer_bytes"":0,""principal_copy_buffer_allocations"":0,""frozen_capture_temporary_bytes"":0,""frozen_capture_published_bytes"":16,""frozen_edge_scratch_bytes"":32,""region_scopes"":81,""max_region_scopes"":6,""call_collections_closed"":17,""call_collections_unresolved"":0,""call_memo_hits"":52,""solver_passes"":53,""solver_constraint_visits"":58,""occurs_steps"":12}",null,"{""persisted_requests"":0,""persisted_hits"":0,""persisted_nonempty_hits"":0,""persisted_call_proofs"":0,""persisted_declines"":0,""projected_empty_hits"":0,""projected_empty_declines"":0,""input_image_checks"":0,""dependency_validations"":0,""reused_dependency_validations"":0,""graph_importers_initialized"":0,""graph_importers_prepared"":0,""empty_hits"":0,""primitive_hits"":0,""primitive_fallbacks"":0,""primitive_key_declined"":0,""nonempty_requests"":0,""requests"":0,""fresh_unit_requests"":0,""fresh_unit_hits"":0,""hits"":0,""changed_or_unsupported"":0,""missing"":0,""evidence_declined"":0,""options_declined"":0,""captured"":0,""fresh_regions"":0,""call_publications_replayed"":0}"
build/bench/cloud-principal-graphs/lexical-sources/aggregate-shared-8-valid.blot,38595d9e394b2433257f47112c119f6dd6e6590495341326680afc9881ff4d6f,default,"[4626,4708,4748,4834,4948,5048,5105,5158,5349,5410,5413,5593,5614,5683,6105]","[4881,4943,4974,5119,5352,5357,5383,5587,5681,5699,5852,5910,5957,5958,6378]","[3731162,3731162,3731162,3731162,3731162,3731162,3731162,3731162,3731162,3731162,3731162,3731162,3731162,3731162,3731162]","[1145393,1145393,1145393,1145393,1145393,1145393,1145393,1145393,1145393,1145393,1145393,1145393,1145393,1145393,1145393]","{""semantic_component_batches"":0,""semantic_component_jobs"":0,""max_semantic_component_workers"":0,""inference_regions"":40,""canonical_specialization_queries"":8,""canonical_specialization_hits"":7,""solver_requested_bytes"":85676,""solver_allocations"":305,""scratch_requested_bytes"":98268,""scratch_allocations"":541,""max_solver_live_bytes"":3708,""max_scratch_live_bytes"":5072,""evidence_import_solver_bytes"":932,""evidence_import_scratch_bytes"":3072,""snapshot_copy_bytes"":0,""snapshot_copy_allocations"":0,""principal_copy_buffer_bytes"":0,""principal_copy_buffer_allocations"":0,""frozen_capture_temporary_bytes"":0,""frozen_capture_published_bytes"":16,""frozen_edge_scratch_bytes"":32,""region_scopes"":81,""max_region_scopes"":6,""call_collections_closed"":17,""call_collections_unresolved"":0,""call_memo_hits"":52,""solver_passes"":53,""solver_constraint_visits"":58,""occurs_steps"":12}",null,"{""persisted_requests"":0,""persisted_hits"":0,""persisted_nonempty_hits"":0,""persisted_call_proofs"":0,""persisted_declines"":0,""projected_empty_hits"":0,""projected_empty_declines"":0,""input_image_checks"":0,""dependency_validations"":0,""reused_dependency_validations"":0,""graph_importers_initialized"":0,""graph_importers_prepared"":0,""empty_hits"":0,""primitive_hits"":0,""primitive_fallbacks"":0,""primitive_key_declined"":0,""nonempty_requests"":0,""requests"":0,""fresh_unit_requests"":0,""fresh_unit_hits"":0,""hits"":0,""changed_or_unsupported"":0,""missing"":0,""evidence_declined"":0,""options_declined"":0,""captured"":0,""fresh_regions"":0,""call_publications_replayed"":0}"
build/bench/cloud-principal-graphs/lexical-sources/anonymous-128-valid.blot,13e4421c0acc7feb2174b022617801ce0098cef8556efcc888034508ea64b907,baseline,"[10574,10631,10905,11096,11360,11527,11615,11678,11769,11803,12217,12348,12600,14499,23831]","[10918,10944,11169,11617,11675,11905,11932,11939,12088,12157,12608,12867,12968,15055,24157]","[8816015,8816015,8816015,8816015,8816015,8816015,8816015,8816015,8816015,8816015,8816015,8816015,8816015,8816015,8816015]","[1865384,1865384,1865384,1865384,1865384,1865384,1865384,1865384,1865384,1865384,1865384,1865384,1865384,1865384,1865384]","{""semantic_component_batches"":0,""semantic_component_jobs"":0,""max_semantic_component_workers"":0,""inference_regions"":521,""canonical_specialization_queries"":128,""canonical_specialization_hits"":126,""solver_requested_bytes"":1078528,""solver_allocations"":3120,""scratch_requested_bytes"":1450840,""scratch_allocations"":8421,""max_solver_live_bytes"":3264,""max_scratch_live_bytes"":3384,""evidence_import_solver_bytes"":71680,""evidence_import_scratch_bytes"":16896,""snapshot_copy_bytes"":0,""snapshot_copy_allocations"":0,""principal_copy_buffer_bytes"":160768,""principal_copy_buffer_allocations"":2304,""frozen_capture_temporary_bytes"":0,""frozen_capture_published_bytes"":8,""frozen_edge_scratch_bytes"":0,""region_scopes"":1163,""max_region_scopes"":4,""call_collections_closed"":257,""call_collections_unresolved"":0,""call_memo_hits"":516,""solver_passes"":398,""solver_constraint_visits"":266,""occurs_steps"":0}",null,"{""persisted_requests"":0,""persisted_hits"":0,""persisted_nonempty_hits"":0,""persisted_call_proofs"":0,""persisted_declines"":0,""projected_empty_hits"":0,""projected_empty_declines"":0,""input_image_checks"":0,""dependency_validations"":0,""reused_dependency_validations"":0,""graph_importers_initialized"":0,""graph_importers_prepared"":0,""empty_hits"":0,""primitive_hits"":0,""primitive_fallbacks"":0,""primitive_key_declined"":0,""nonempty_requests"":0,""requests"":0,""fresh_unit_requests"":0,""fresh_unit_hits"":0,""hits"":0,""changed_or_unsupported"":0,""missing"":0,""evidence_declined"":0,""options_declined"":0,""captured"":0,""fresh_regions"":0,""call_publications_replayed"":0}"
build/bench/cloud-principal-graphs/lexical-sources/anonymous-128-valid.blot,13e4421c0acc7feb2174b022617801ce0098cef8556efcc888034508ea64b907,default,"[10319,10693,10902,10904,11199,11318,11937,12098,12254,12269,12391,12428,12786,12925,13275]","[10587,10977,11140,11478,11624,11956,12310,12419,12570,12726,12785,12836,13268,13409,13543]","[8816015,8816015,8816015,8816015,8816015,8816015,8816015,8816015,8816015,8816015,8816015,8816015,8816015,8816015,8816015]","[1865384,1865384,1865384,1865384,1865384,1865384,1865384,1865384,1865384,1865384,1865384,1865384,1865384,1865384,1865384]","{""semantic_component_batches"":0,""semantic_component_jobs"":0,""max_semantic_component_workers"":0,""inference_regions"":521,""canonical_specialization_queries"":128,""canonical_specialization_hits"":126,""solver_requested_bytes"":1078528,""solver_allocations"":3120,""scratch_requested_bytes"":1450840,""scratch_allocations"":8421,""max_solver_live_bytes"":3264,""max_scratch_live_bytes"":3384,""evidence_import_solver_bytes"":71680,""evidence_import_scratch_bytes"":16896,""snapshot_copy_bytes"":0,""snapshot_copy_allocations"":0,""principal_copy_buffer_bytes"":160768,""principal_copy_buffer_allocations"":2304,""frozen_capture_temporary_bytes"":0,""frozen_capture_published_bytes"":8,""frozen_edge_scratch_bytes"":0,""region_scopes"":1163,""max_region_scopes"":4,""call_collections_closed"":257,""call_collections_unresolved"":0,""call_memo_hits"":516,""solver_passes"":398,""solver_constraint_visits"":266,""occurs_steps"":0}",null,"{""persisted_requests"":0,""persisted_hits"":0,""persisted_nonempty_hits"":0,""persisted_call_proofs"":0,""persisted_declines"":0,""projected_empty_hits"":0,""projected_empty_declines"":0,""input_image_checks"":0,""dependency_validations"":0,""reused_dependency_validations"":0,""graph_importers_initialized"":0,""graph_importers_prepared"":0,""empty_hits"":0,""primitive_hits"":0,""primitive_fallbacks"":0,""primitive_key_declined"":0,""nonempty_requests"":0,""requests"":0,""fresh_unit_requests"":0,""fresh_unit_hits"":0,""hits"":0,""changed_or_unsupported"":0,""missing"":0,""evidence_declined"":0,""options_declined"":0,""captured"":0,""fresh_regions"":0,""call_publications_replayed"":0}"
build/bench/cloud-principal-graphs/lexical-sources/anonymous-32-valid.blot,2dc3f904a60e624a61875ebab6c027a48baccef16f90b915de2b389021430f0e,baseline,"[5815,5915,6005,6017,6029,6075,6105,6195,6640,6780,7065,7472,8471,8798,10305]","[6133,6180,6271,6278,6292,6325,6349,6584,6933,7204,7346,7777,8812,10267,10563]","[4712303,4712303,4712303,4712303,4712303,4712303,4712303,4712303,4712303,4712303,4712303,4712303,4712303,4712303,4712303]","[1238941,1238941,1238941,1238941,1238941,1238941,1238941,1238941,1238941,1238941,1238941,1238941,1238941,1238941,1238941]","{""semantic_component_batches"":0,""semantic_component_jobs"":0,""max_semantic_component_workers"":0,""inference_regions"":137,""canonical_specialization_queries"":32,""canonical_specialization_hits"":30,""solver_requested_bytes"":276736,""solver_allocations"":816,""scratch_requested_bytes"":377560,""scratch_allocations"":2181,""max_solver_live_bytes"":3264,""max_scratch_live_bytes"":3384,""evidence_import_solver_bytes"":17920,""evidence_import_scratch_bytes"":4608,""snapshot_copy_bytes"":0,""snapshot_copy_allocations"":0,""principal_copy_buffer_bytes"":40192,""principal_copy_buffer_allocations"":576,""frozen_capture_temporary_bytes"":0,""frozen_capture_published_bytes"":8,""frozen_edge_scratch_bytes"":0,""region_scopes"":299,""max_region_scopes"":4,""call_collections_closed"":65,""call_collections_unresolved"":0,""call_memo_hits"":132,""solver_passes"":110,""solver_constraint_visits"":74,""occurs_steps"":0}",null,"{""persisted_requests"":0,""persisted_hits"":0,""persisted_nonempty_hits"":0,""persisted_call_proofs"":0,""persisted_declines"":0,""projected_empty_hits"":0,""projected_empty_declines"":0,""input_image_checks"":0,""dependency_validations"":0,""reused_dependency_validations"":0,""graph_importers_initialized"":0,""graph_importers_prepared"":0,""empty_hits"":0,""primitive_hits"":0,""primitive_fallbacks"":0,""primitive_key_declined"":0,""nonempty_requests"":0,""requests"":0,""fresh_unit_requests"":0,""fresh_unit_hits"":0,""hits"":0,""changed_or_unsupported"":0,""missing"":0,""evidence_declined"":0,""options_declined"":0,""captured"":0,""fresh_regions"":0,""call_publications_replayed"":0}"
build/bench/cloud-principal-graphs/lexical-sources/anonymous-32-valid.blot,2dc3f904a60e624a61875ebab6c027a48baccef16f90b915de2b389021430f0e,default,"[5822,5865,5906,5928,5944,5959,5963,6192,6207,6593,6649,6904,7224,7366,12218]","[6076,6130,6210,6212,6214,6282,6449,6552,6566,6827,7369,7395,7587,7623,12737]","[4712303,4712303,4712303,4712303,4712303,4712303,4712303,4712303,4712303,4712303,4712303,4712303,4712303,4712303,4712303]","[1238941,1238941,1238941,1238941,1238941,1238941,1238941,1238941,1238941,1238941,1238941,1238941,1238941,1238941,1238941]","{""semantic_component_batches"":0,""semantic_component_jobs"":0,""max_semantic_component_workers"":0,""inference_regions"":137,""canonical_specialization_queries"":32,""canonical_specialization_hits"":30,""solver_requested_bytes"":276736,""solver_allocations"":816,""scratch_requested_bytes"":377560,""scratch_allocations"":2181,""max_solver_live_bytes"":3264,""max_scratch_live_bytes"":3384,""evidence_import_solver_bytes"":17920,""evidence_import_scratch_bytes"":4608,""snapshot_copy_bytes"":0,""snapshot_copy_allocations"":0,""principal_copy_buffer_bytes"":40192,""principal_copy_buffer_allocations"":576,""frozen_capture_temporary_bytes"":0,""frozen_capture_published_bytes"":8,""frozen_edge_scratch_bytes"":0,""region_scopes"":299,""max_region_scopes"":4,""call_collections_closed"":65,""call_collections_unresolved"":0,""call_memo_hits"":132,""solver_passes"":110,""solver_constraint_visits"":74,""occurs_steps"":0}",null,"{""persisted_requests"":0,""persisted_hits"":0,""persisted_nonempty_hits"":0,""persisted_call_proofs"":0,""persisted_declines"":0,""projected_empty_hits"":0,""projected_empty_declines"":0,""input_image_checks"":0,""dependency_validations"":0,""reused_dependency_validations"":0,""graph_importers_initialized"":0,""graph_importers_prepared"":0,""empty_hits"":0,""primitive_hits"":0,""primitive_fallbacks"":0,""primitive_key_declined"":0,""nonempty_requests"":0,""requests"":0,""fresh_unit_requests"":0,""fresh_unit_hits"":0,""hits"":0,""changed_or_unsupported"":0,""missing"":0,""evidence_declined"":0,""options_declined"":0,""captured"":0,""fresh_regions"":0,""call_publications_replayed"":0}"
build/bench/cloud-principal-graphs/lexical-sources/anonymous-8-valid.blot,568e2b717ea5f11a267a45f206c5d726720932cb4781787946003051c65c5f1a,baseline,"[4571,4704,4752,4794,4834,4926,5207,5323,5535,5678,5732,5771,5967,6095,6800]","[4846,4957,5041,5056,5173,5177,5466,5777,5815,5915,6019,6023,6407,6417,7025]","[3707178,3707178,3707178,3707178,3707178,3707178,3707178,3707178,3707178,3707178,3707178,3707178,3707178,3707178,3707178]","[1134336,1134336,1134336,1134336,1134336,1134336,1134336,1134336,1134336,1134336,1134336,1134336,1134336,1134336,1134336]","{""semantic_component_batches"":0,""semantic_component_jobs"":0,""max_semantic_component_workers"":0,""inference_regions"":41,""canonical_specialization_queries"":8,""canonical_specialization_hits"":6,""solver_requested_bytes"":76288,""solver_allocations"":240,""scratch_requested_bytes"":109240,""scratch_allocations"":621,""max_solver_live_bytes"":3264,""max_scratch_live_bytes"":3384,""evidence_import_solver_bytes"":4480,""evidence_import_scratch_bytes"":1536,""snapshot_copy_bytes"":0,""snapshot_copy_allocations"":0,""principal_copy_buffer_bytes"":10048,""principal_copy_buffer_allocations"":144,""frozen_capture_temporary_bytes"":0,""frozen_capture_published_bytes"":8,""frozen_edge_scratch_bytes"":0,""region_scopes"":83,""max_region_scopes"":4,""call_collections_closed"":17,""call_collections_unresolved"":0,""call_memo_hits"":36,""solver_passes"":38,""solver_constraint_visits"":26,""occurs_steps"":0}",null,"{""persisted_requests"":0,""persisted_hits"":0,""persisted_nonempty_hits"":0,""persisted_call_proofs"":0,""persisted_declines"":0,""projected_empty_hits"":0,""projected_empty_declines"":0,""input_image_checks"":0,""dependency_validations"":0,""reused_dependency_validations"":0,""graph_importers_initialized"":0,""graph_importers_prepared"":0,""empty_hits"":0,""primitive_hits"":0,""primitive_fallbacks"":0,""primitive_key_declined"":0,""nonempty_requests"":0,""requests"":0,""fresh_unit_requests"":0,""fresh_unit_hits"":0,""hits"":0,""changed_or_unsupported"":0,""missing"":0,""evidence_declined"":0,""options_declined"":0,""captured"":0,""fresh_regions"":0,""call_publications_replayed"":0}"
build/bench/cloud-principal-graphs/lexical-sources/anonymous-8-valid.blot,568e2b717ea5f11a267a45f206c5d726720932cb4781787946003051c65c5f1a,default,"[4678,4697,4791,4844,4898,4969,5095,5095,5100,5104,5115,5229,5449,5451,6304]","[4904,4913,5035,5081,5129,5172,5337,5373,5396,5423,5507,5603,5710,5766,6838]","[3707178,3707178,3707178,3707178,3707178,3707178,3707178,3707178,3707178,3707178,3707178,3707178,3707178,3707178,3707178]","[1134336,1134336,1134336,1134336,1134336,1134336,1134336,1134336,1134336,1134336,1134336,1134336,1134336,1134336,1134336]","{""semantic_component_batches"":0,""semantic_component_jobs"":0,""max_semantic_component_workers"":0,""inference_regions"":41,""canonical_specialization_queries"":8,""canonical_specialization_hits"":6,""solver_requested_bytes"":76288,""solver_allocations"":240,""scratch_requested_bytes"":109240,""scratch_allocations"":621,""max_solver_live_bytes"":3264,""max_scratch_live_bytes"":3384,""evidence_import_solver_bytes"":4480,""evidence_import_scratch_bytes"":1536,""snapshot_copy_bytes"":0,""snapshot_copy_allocations"":0,""principal_copy_buffer_bytes"":10048,""principal_copy_buffer_allocations"":144,""frozen_capture_temporary_bytes"":0,""frozen_capture_published_bytes"":8,""frozen_edge_scratch_bytes"":0,""region_scopes"":83,""max_region_scopes"":4,""call_collections_closed"":17,""call_collections_unresolved"":0,""call_memo_hits"":36,""solver_passes"":38,""solver_constraint_visits"":26,""occurs_steps"":0}",null,"{""persisted_requests"":0,""persisted_hits"":0,""persisted_nonempty_hits"":0,""persisted_call_proofs"":0,""persisted_declines"":0,""projected_empty_hits"":0,""projected_empty_declines"":0,""input_image_checks"":0,""dependency_validations"":0,""reused_dependency_validations"":0,""graph_importers_initialized"":0,""graph_importers_prepared"":0,""empty_hits"":0,""primitive_hits"":0,""primitive_fallbacks"":0,""primitive_key_declined"":0,""nonempty_requests"":0,""requests"":0,""fresh_unit_requests"":0,""fresh_unit_hits"":0,""hits"":0,""changed_or_unsupported"":0,""missing"":0,""evidence_declined"":0,""options_declined"":0,""captured"":0,""fresh_regions"":0,""call_publications_replayed"":0}"
build/bench/cloud-principal-graphs/lexical-sources/demand-128-valid.blot,9677e5978ca87c021141c8e5fc6a9ed2ad3d0a5519b07afac225218c5efa69d7,baseline,"[11529,11657,11798,11854,11925,12135,12173,12174,12249,12994,13059,13098,13856,15983,18498]","[11776,11942,12049,12151,12248,12408,12418,12554,12575,13357,13363,13563,14228,16369,18818]","[10050965,10050965,10050965,10050965,10050965,10050965,10050965,10050965,10050965,10050965,10050965,10050965,10050965,10050965,10050965]","[2073811,2073811,2073811,2073811,2073811,2073811,2073811,2073811,2073811,2073811,2073811,2073811,2073811,2073811,2073811]","{""semantic_component_batches"":0,""semantic_component_jobs"":0,""max_semantic_component_workers"":0,""inference_regions"":900,""canonical_specialization_queries"":128,""canonical_specialization_hits"":0,""solver_requested_bytes"":1724136,""solver_allocations"":6161,""scratch_requested_bytes"":1398168,""scratch_allocations"":8351,""max_solver_live_bytes"":3576,""max_scratch_live_bytes"":2992,""evidence_import_solver_bytes"":0,""evidence_import_scratch_bytes"":32768,""snapshot_copy_bytes"":0,""snapshot_copy_allocations"":0,""principal_copy_buffer_bytes"":0,""principal_copy_buffer_allocations"":0,""frozen_capture_temporary_bytes"":0,""frozen_capture_published_bytes"":512,""frozen_edge_scratch_bytes"":1024,""region_scopes"":1928,""max_region_scopes"":5,""call_collections_closed"":257,""call_collections_unresolved"":258,""call_memo_hits"":385,""solver_passes"":1025,""solver_constraint_visits"":383,""occurs_steps"":0}",null,"{""persisted_requests"":0,""persisted_hits"":0,""persisted_nonempty_hits"":0,""persisted_call_proofs"":0,""persisted_declines"":0,""projected_empty_hits"":0,""projected_empty_declines"":0,""input_image_checks"":0,""dependency_validations"":0,""reused_dependency_validations"":0,""graph_importers_initialized"":0,""graph_importers_prepared"":0,""empty_hits"":0,""primitive_hits"":0,""primitive_fallbacks"":0,""primitive_key_declined"":0,""nonempty_requests"":0,""requests"":0,""fresh_unit_requests"":0,""fresh_unit_hits"":0,""hits"":0,""changed_or_unsupported"":0,""missing"":0,""evidence_declined"":0,""options_declined"":0,""captured"":0,""fresh_regions"":0,""call_publications_replayed"":0}"
build/bench/cloud-principal-graphs/lexical-sources/demand-128-valid.blot,9677e5978ca87c021141c8e5fc6a9ed2ad3d0a5519b07afac225218c5efa69d7,default,"[11480,11525,11558,11608,12053,12856,12879,12907,12914,13043,13201,13348,13378,13527,14803]","[11801,11844,11853,11874,12489,13161,13228,13334,13442,13559,13585,13722,13737,13924,15209]","[10050965,10050965,10050965,10050965,10050965,10050965,10050965,10050965,10050965,10050965,10050965,10050965,10050965,10050965,10050965]","[2073811,2073811,2073811,2073811,2073811,2073811,2073811,2073811,2073811,2073811,2073811,2073811,2073811,2073811,2073811]","{""semantic_component_batches"":0,""semantic_component_jobs"":0,""max_semantic_component_workers"":0,""inference_regions"":900,""canonical_specialization_queries"":128,""canonical_specialization_hits"":0,""solver_requested_bytes"":1724136,""solver_allocations"":6161,""scratch_requested_bytes"":1398168,""scratch_allocations"":8351,""max_solver_live_bytes"":3576,""max_scratch_live_bytes"":2992,""evidence_import_solver_bytes"":0,""evidence_import_scratch_bytes"":32768,""snapshot_copy_bytes"":0,""snapshot_copy_allocations"":0,""principal_copy_buffer_bytes"":0,""principal_copy_buffer_allocations"":0,""frozen_capture_temporary_bytes"":0,""frozen_capture_published_bytes"":512,""frozen_edge_scratch_bytes"":1024,""region_scopes"":1928,""max_region_scopes"":5,""call_collections_closed"":257,""call_collections_unresolved"":258,""call_memo_hits"":385,""solver_passes"":1025,""solver_constraint_visits"":383,""occurs_steps"":0}",null,"{""persisted_requests"":0,""persisted_hits"":0,""persisted_nonempty_hits"":0,""persisted_call_proofs"":0,""persisted_declines"":0,""projected_empty_hits"":0,""projected_empty_declines"":0,""input_image_checks"":0,""dependency_validations"":0,""reused_dependency_validations"":0,""graph_importers_initialized"":0,""graph_importers_prepared"":0,""empty_hits"":0,""primitive_hits"":0,""primitive_fallbacks"":0,""primitive_key_declined"":0,""nonempty_requests"":0,""requests"":0,""fresh_unit_requests"":0,""fresh_unit_hits"":0,""hits"":0,""changed_or_unsupported"":0,""missing"":0,""evidence_declined"":0,""options_declined"":0,""captured"":0,""fresh_regions"":0,""call_publications_replayed"":0}"
build/bench/cloud-principal-graphs/lexical-sources/demand-32-valid.blot,d0019a35c5c82a8d02375dc8d0eedfac002ca9c027fad327508c876df3622560,baseline,"[5765,5840,5842,5901,6068,6264,6364,6370,6390,6506,6764,7302,7329,7390,12634]","[6011,6101,6138,6392,6526,6597,6608,6679,6689,6769,7127,7665,7709,7738,13166]","[4923299,4923299,4923299,4923299,4923299,4923299,4923299,4923299,4923299,4923299,4923299,4923299,4923299,4923299,4923299]","[1248985,1248985,1248985,1248985,1248985,1248985,1248985,1248985,1248985,1248985,1248985,1248985,1248985,1248985,1248985]","{""semantic_component_batches"":0,""semantic_component_jobs"":0,""max_semantic_component_workers"":0,""inference_regions"":228,""canonical_specialization_queries"":32,""canonical_specialization_hits"":0,""solver_requested_bytes"":434664,""solver_allocations"":1553,""scratch_requested_bytes"":353688,""scratch_allocations"":2111,""max_solver_live_bytes"":3576,""max_scratch_live_bytes"":2992,""evidence_import_solver_bytes"":0,""evidence_import_scratch_bytes"":8192,""snapshot_copy_bytes"":0,""snapshot_copy_allocations"":0,""principal_copy_buffer_bytes"":0,""principal_copy_buffer_allocations"":0,""frozen_capture_temporary_bytes"":0,""frozen_capture_published_bytes"":128,""frozen_edge_scratch_bytes"":256,""region_scopes"":488,""max_region_scopes"":5,""call_collections_closed"":65,""call_collections_unresolved"":66,""call_memo_hits"":97,""solver_passes"":257,""solver_constraint_visits"":95,""occurs_steps"":0}",null,"{""persisted_requests"":0,""persisted_hits"":0,""persisted_nonempty_hits"":0,""persisted_call_proofs"":0,""persisted_declines"":0,""projected_empty_hits"":0,""projected_empty_declines"":0,""input_image_checks"":0,""dependency_validations"":0,""reused_dependency_validations"":0,""graph_importers_initialized"":0,""graph_importers_prepared"":0,""empty_hits"":0,""primitive_hits"":0,""primitive_fallbacks"":0,""primitive_key_declined"":0,""nonempty_requests"":0,""requests"":0,""fresh_unit_requests"":0,""fresh_unit_hits"":0,""hits"":0,""changed_or_unsupported"":0,""missing"":0,""evidence_declined"":0,""options_declined"":0,""captured"":0,""fresh_regions"":0,""call_publications_replayed"":0}"
build/bench/cloud-principal-graphs/lexical-sources/demand-32-valid.blot,d0019a35c5c82a8d02375dc8d0eedfac002ca9c027fad327508c876df3622560,default,"[5892,5956,5963,6227,6243,6352,6552,6562,6614,6650,6670,6676,7539,7610,8615]","[6104,6176,6191,6471,6595,6616,6841,6847,6958,6988,7090,7111,7881,8891,9215]","[4923299,4923299,4923299,4923299,4923299,4923299,4923299,4923299,4923299,4923299,4923299,4923299,4923299,4923299,4923299]","[1248985,1248985,1248985,1248985,1248985,1248985,1248985,1248985,1248985,1248985,1248985,1248985,1248985,1248985,1248985]","{""semantic_component_batches"":0,""semantic_component_jobs"":0,""max_semantic_component_workers"":0,""inference_regions"":228,""canonical_specialization_queries"":32,""canonical_specialization_hits"":0,""solver_requested_bytes"":434664,""solver_allocations"":1553,""scratch_requested_bytes"":353688,""scratch_allocations"":2111,""max_solver_live_bytes"":3576,""max_scratch_live_bytes"":2992,""evidence_import_solver_bytes"":0,""evidence_import_scratch_bytes"":8192,""snapshot_copy_bytes"":0,""snapshot_copy_allocations"":0,""principal_copy_buffer_bytes"":0,""principal_copy_buffer_allocations"":0,""frozen_capture_temporary_bytes"":0,""frozen_capture_published_bytes"":128,""frozen_edge_scratch_bytes"":256,""region_scopes"":488,""max_region_scopes"":5,""call_collections_closed"":65,""call_collections_unresolved"":66,""call_memo_hits"":97,""solver_passes"":257,""solver_constraint_visits"":95,""occurs_steps"":0}",null,"{""persisted_requests"":0,""persisted_hits"":0,""persisted_nonempty_hits"":0,""persisted_call_proofs"":0,""persisted_declines"":0,""projected_empty_hits"":0,""projected_empty_declines"":0,""input_image_checks"":0,""dependency_validations"":0,""reused_dependency_validations"":0,""graph_importers_initialized"":0,""graph_importers_prepared"":0,""empty_hits"":0,""primitive_hits"":0,""primitive_fallbacks"":0,""primitive_key_declined"":0,""nonempty_requests"":0,""requests"":0,""fresh_unit_requests"":0,""fresh_unit_hits"":0,""hits"":0,""changed_or_unsupported"":0,""missing"":0,""evidence_declined"":0,""options_declined"":0,""captured"":0,""fresh_regions"":0,""call_publications_replayed"":0}"
build/bench/cloud-principal-graphs/lexical-sources/demand-8-valid.blot,409408616820eaedd3350178096b8da8047994c1fe3aacb5684562ea45616058,baseline,"[4330,4564,4658,4674,4754,4805,4834,4957,4973,5062,5295,5365,6226,6388,9080]","[4643,4777,4940,4988,5039,5082,5156,5200,5200,5406,5535,5806,6516,6734,9512]","[3595586,3595586,3595586,3595586,3595586,3595586,3595586,3595586,3595586,3595586,3595586,3595586,3595586,3595586,3595586]","[1075073,1075073,1075073,1075073,1075073,1075073,1075073,1075073,1075073,1075073,1075073,1075073,1075073,1075073,1075073]","{""semantic_component_batches"":0,""semantic_component_jobs"":0,""max_semantic_component_workers"":0,""inference_regions"":60,""canonical_specialization_queries"":8,""canonical_specialization_hits"":0,""solver_requested_bytes"":112296,""solver_allocations"":401,""scratch_requested_bytes"":92568,""scratch_allocations"":551,""max_solver_live_bytes"":3576,""max_scratch_live_bytes"":2992,""evidence_import_solver_bytes"":0,""evidence_import_scratch_bytes"":2048,""snapshot_copy_bytes"":0,""snapshot_copy_allocations"":0,""principal_copy_buffer_bytes"":0,""principal_copy_buffer_allocations"":0,""frozen_capture_temporary_bytes"":0,""frozen_capture_published_bytes"":32,""frozen_edge_scratch_bytes"":64,""region_scopes"":128,""max_region_scopes"":5,""call_collections_closed"":17,""call_collections_unresolved"":18,""call_memo_hits"":25,""solver_passes"":65,""solver_constraint_visits"":23,""occurs_steps"":0}",null,"{""persisted_requests"":0,""persisted_hits"":0,""persisted_nonempty_hits"":0,""persisted_call_proofs"":0,""persisted_declines"":0,""projected_empty_hits"":0,""projected_empty_declines"":0,""input_image_checks"":0,""dependency_validations"":0,""reused_dependency_validations"":0,""graph_importers_initialized"":0,""graph_importers_prepared"":0,""empty_hits"":0,""primitive_hits"":0,""primitive_fallbacks"":0,""primitive_key_declined"":0,""nonempty_requests"":0,""requests"":0,""fresh_unit_requests"":0,""fresh_unit_hits"":0,""hits"":0,""changed_or_unsupported"":0,""missing"":0,""evidence_declined"":0,""options_declined"":0,""captured"":0,""fresh_regions"":0,""call_publications_replayed"":0}"
build/bench/cloud-principal-graphs/lexical-sources/demand-8-valid.blot,409408616820eaedd3350178096b8da8047994c1fe3aacb5684562ea45616058,default,"[4240,4274,4458,4517,4518,4679,4695,4707,4784,4786,5033,5050,5722,6490,7425]","[4436,4477,4750,4764,4856,4958,4959,5011,5107,5111,5319,5377,5989,8255,8609]","[3595586,3595586,3595586,3595586,3595586,3595586,3595586,3595586,3595586,3595586,3595586,3595586,3595586,3595586,3595586]","[1075073,1075073,1075073,1075073,1075073,1075073,1075073,1075073,1075073,1075073,1075073,1075073,1075073,1075073,1075073]","{""semantic_component_batches"":0,""semantic_component_jobs"":0,""max_semantic_component_workers"":0,""inference_regions"":60,""canonical_specialization_queries"":8,""canonical_specialization_hits"":0,""solver_requested_bytes"":112296,""solver_allocations"":401,""scratch_requested_bytes"":92568,""scratch_allocations"":551,""max_solver_live_bytes"":3576,""max_scratch_live_bytes"":2992,""evidence_import_solver_bytes"":0,""evidence_import_scratch_bytes"":2048,""snapshot_copy_bytes"":0,""snapshot_copy_allocations"":0,""principal_copy_buffer_bytes"":0,""principal_copy_buffer_allocations"":0,""frozen_capture_temporary_bytes"":0,""frozen_capture_published_bytes"":32,""frozen_edge_scratch_bytes"":64,""region_scopes"":128,""max_region_scopes"":5,""call_collections_closed"":17,""call_collections_unresolved"":18,""call_memo_hits"":25,""solver_passes"":65,""solver_constraint_visits"":23,""occurs_steps"":0}",null,"{""persisted_requests"":0,""persisted_hits"":0,""persisted_nonempty_hits"":0,""persisted_call_proofs"":0,""persisted_declines"":0,""projected_empty_hits"":0,""projected_empty_declines"":0,""input_image_checks"":0,""dependency_validations"":0,""reused_dependency_validations"":0,""graph_importers_initialized"":0,""graph_importers_prepared"":0,""empty_hits"":0,""primitive_hits"":0,""primitive_fallbacks"":0,""primitive_key_declined"":0,""nonempty_requests"":0,""requests"":0,""fresh_unit_requests"":0,""fresh_unit_hits"":0,""hits"":0,""changed_or_unsupported"":0,""missing"":0,""evidence_declined"":0,""options_declined"":0,""captured"":0,""fresh_regions"":0,""call_publications_replayed"":0}"
build/bench/cloud-principal-graphs/lexical-sources/named-128-valid.blot,c7c15434c7cfb1f9e653a303292b7009b0e326919112092f83b4a8df0f7caac6,baseline,"[12897,12946,13269,13285,14109,14195,14258,14535,14775,15226,15309,15432,15508,16783,18086]","[13187,13513,13572,13608,14344,14510,14796,15046,15100,15616,15664,15859,15918,18246,18472]","[10926931,10926931,10926931,10926931,10926931,10926931,10926931,10926931,10926931,10926931,10926931,10926931,10926931,10926931,10926931]","[2102561,2102561,2102561,2102561,2102561,2102561,2102561,2102561,2102561,2102561,2102561,2102561,2102561,2102561,2102561]","{""semantic_component_batches"":0,""semantic_component_jobs"":0,""max_semantic_component_workers"":0,""inference_regions"":779,""canonical_specialization_queries"":128,""canonical_specialization_hits"":126,""solver_requested_bytes"":1058104,""solver_allocations"":3123,""scratch_requested_bytes"":2388944,""scratch_allocations"":15893,""max_solver_live_bytes"":3264,""max_scratch_live_bytes"":3252,""evidence_import_solver_bytes"":0,""evidence_import_scratch_bytes"":512,""snapshot_copy_bytes"":0,""snapshot_copy_allocations"":0,""principal_copy_buffer_bytes"":326096,""principal_copy_buffer_allocations"":4644,""frozen_capture_temporary_bytes"":0,""frozen_capture_published_bytes"":8,""frozen_edge_scratch_bytes"":0,""region_scopes"":1165,""max_region_scopes"":4,""call_collections_closed"":129,""call_collections_unresolved"":0,""call_memo_hits"":132,""solver_passes"":530,""solver_constraint_visits"":1548,""occurs_steps"":0}",null,"{""persisted_requests"":0,""persisted_hits"":0,""persisted_nonempty_hits"":0,""persisted_call_proofs"":0,""persisted_declines"":0,""projected_empty_hits"":0,""projected_empty_declines"":0,""input_image_checks"":0,""dependency_validations"":0,""reused_dependency_validations"":0,""graph_importers_initialized"":0,""graph_importers_prepared"":0,""empty_hits"":0,""primitive_hits"":0,""primitive_fallbacks"":0,""primitive_key_declined"":0,""nonempty_requests"":0,""requests"":0,""fresh_unit_requests"":0,""fresh_unit_hits"":0,""hits"":0,""changed_or_unsupported"":0,""missing"":0,""evidence_declined"":0,""options_declined"":0,""captured"":0,""fresh_regions"":0,""call_publications_replayed"":0}"
build/bench/cloud-principal-graphs/lexical-sources/named-128-valid.blot,c7c15434c7cfb1f9e653a303292b7009b0e326919112092f83b4a8df0f7caac6,default,"[13192,13257,13366,13520,13902,14012,14091,14412,14597,14961,15048,15055,15158,15222,21870]","[13508,13522,13630,13835,14177,14313,14328,14787,14925,15384,15420,15445,15476,15547,22247]","[10926931,10926931,10926931,10926931,10926931,10926931,10926931,10926931,10926931,10926931,10926931,10926931,10926931,10926931,10926931]","[2102561,2102561,2102561,2102561,2102561,2102561,2102561,2102561,2102561,2102561,2102561,2102561,2102561,2102561,2102561]","{""semantic_component_batches"":0,""semantic_component_jobs"":0,""max_semantic_component_workers"":0,""inference_regions"":779,""canonical_specialization_queries"":128,""canonical_specialization_hits"":126,""solver_requested_bytes"":1058104,""solver_allocations"":3123,""scratch_requested_bytes"":2388944,""scratch_allocations"":15893,""max_solver_live_bytes"":3264,""max_scratch_live_bytes"":3252,""evidence_import_solver_bytes"":0,""evidence_import_scratch_bytes"":512,""snapshot_copy_bytes"":0,""snapshot_copy_allocations"":0,""principal_copy_buffer_bytes"":326096,""principal_copy_buffer_allocations"":4644,""frozen_capture_temporary_bytes"":0,""frozen_capture_published_bytes"":8,""frozen_edge_scratch_bytes"":0,""region_scopes"":1165,""max_region_scopes"":4,""call_collections_closed"":129,""call_collections_unresolved"":0,""call_memo_hits"":132,""solver_passes"":530,""solver_constraint_visits"":1548,""occurs_steps"":0}",null,"{""persisted_requests"":0,""persisted_hits"":0,""persisted_nonempty_hits"":0,""persisted_call_proofs"":0,""persisted_declines"":0,""projected_empty_hits"":0,""projected_empty_declines"":0,""input_image_checks"":0,""dependency_validations"":0,""reused_dependency_validations"":0,""graph_importers_initialized"":0,""graph_importers_prepared"":0,""empty_hits"":0,""primitive_hits"":0,""primitive_fallbacks"":0,""primitive_key_declined"":0,""nonempty_requests"":0,""requests"":0,""fresh_unit_requests"":0,""fresh_unit_hits"":0,""hits"":0,""changed_or_unsupported"":0,""missing"":0,""evidence_declined"":0,""options_declined"":0,""captured"":0,""fresh_regions"":0,""call_publications_replayed"":0}"
build/bench/cloud-principal-graphs/lexical-sources/named-32-valid.blot,d2debc63c03ede9b380d5b612af7b5e208aa6393f22b302580582e8f44b382ba,baseline,"[6333,6530,6552,6649,6709,6755,6760,6851,7442,7494,7555,8382,8773,8801,8970]","[6556,6911,6948,6955,6997,7045,7144,7163,7713,7792,7859,8722,9128,9232,9501]","[5268265,5268265,5268265,5268265,5268265,5268265,5268265,5268265,5268265,5268265,5268265,5268265,5268265,5268265,5268265]","[1235398,1235398,1235398,1235398,1235398,1235398,1235398,1235398,1235398,1235398,1235398,1235398,1235398,1235398,1235398]","{""semantic_component_batches"":0,""semantic_component_jobs"":0,""max_semantic_component_workers"":0,""inference_regions"":203,""canonical_specialization_queries"":32,""canonical_specialization_hits"":30,""solver_requested_bytes"":272440,""solver_allocations"":819,""scratch_requested_bytes"":633296,""scratch_allocations"":4181,""max_solver_live_bytes"":3264,""max_scratch_live_bytes"":3252,""evidence_import_solver_bytes"":0,""evidence_import_scratch_bytes"":512,""snapshot_copy_bytes"":0,""snapshot_copy_allocations"":0,""principal_copy_buffer_bytes"":84944,""principal_copy_buffer_allocations"":1188,""frozen_capture_temporary_bytes"":0,""frozen_capture_published_bytes"":8,""frozen_edge_scratch_bytes"":0,""region_scopes"":301,""max_region_scopes"":4,""call_collections_closed"":33,""call_collections_unresolved"":0,""call_memo_hits"":36,""solver_passes"":146,""solver_constraint_visits"":396,""occurs_steps"":0}",null,"{""persisted_requests"":0,""persisted_hits"":0,""persisted_nonempty_hits"":0,""persisted_call_proofs"":0,""persisted_declines"":0,""projected_empty_hits"":0,""projected_empty_declines"":0,""input_image_checks"":0,""dependency_validations"":0,""reused_dependency_validations"":0,""graph_importers_initialized"":0,""graph_importers_prepared"":0,""empty_hits"":0,""primitive_hits"":0,""primitive_fallbacks"":0,""primitive_key_declined"":0,""nonempty_requests"":0,""requests"":0,""fresh_unit_requests"":0,""fresh_unit_hits"":0,""hits"":0,""changed_or_unsupported"":0,""missing"":0,""evidence_declined"":0,""options_declined"":0,""captured"":0,""fresh_regions"":0,""call_publications_replayed"":0}"
build/bench/cloud-principal-graphs/lexical-sources/named-32-valid.blot,d2debc63c03ede9b380d5b612af7b5e208aa6393f22b302580582e8f44b382ba,default,"[6386,6512,6630,6644,6694,6736,6746,6858,6941,6971,7093,7093,8153,8441,8849]","[6783,6889,6941,7044,7058,7102,7200,7217,7283,7341,7393,7440,8577,8781,9174]","[5268265,5268265,5268265,5268265,5268265,5268265,5268265,5268265,5268265,5268265,5268265,5268265,5268265,5268265,5268265]","[1235398,1235398,1235398,1235398,1235398,1235398,1235398,1235398,1235398,1235398,1235398,1235398,1235398,1235398,1235398]","{""semantic_component_batches"":0,""semantic_component_jobs"":0,""max_semantic_component_workers"":0,""inference_regions"":203,""canonical_specialization_queries"":32,""canonical_specialization_hits"":30,""solver_requested_bytes"":272440,""solver_allocations"":819,""scratch_requested_bytes"":633296,""scratch_allocations"":4181,""max_solver_live_bytes"":3264,""max_scratch_live_bytes"":3252,""evidence_import_solver_bytes"":0,""evidence_import_scratch_bytes"":512,""snapshot_copy_bytes"":0,""snapshot_copy_allocations"":0,""principal_copy_buffer_bytes"":84944,""principal_copy_buffer_allocations"":1188,""frozen_capture_temporary_bytes"":0,""frozen_capture_published_bytes"":8,""frozen_edge_scratch_bytes"":0,""region_scopes"":301,""max_region_scopes"":4,""call_collections_closed"":33,""call_collections_unresolved"":0,""call_memo_hits"":36,""solver_passes"":146,""solver_constraint_visits"":396,""occurs_steps"":0}",null,"{""persisted_requests"":0,""persisted_hits"":0,""persisted_nonempty_hits"":0,""persisted_call_proofs"":0,""persisted_declines"":0,""projected_empty_hits"":0,""projected_empty_declines"":0,""input_image_checks"":0,""dependency_validations"":0,""reused_dependency_validations"":0,""graph_importers_initialized"":0,""graph_importers_prepared"":0,""empty_hits"":0,""primitive_hits"":0,""primitive_fallbacks"":0,""primitive_key_declined"":0,""nonempty_requests"":0,""requests"":0,""fresh_unit_requests"":0,""fresh_unit_hits"":0,""hits"":0,""changed_or_unsupported"":0,""missing"":0,""evidence_declined"":0,""options_declined"":0,""captured"":0,""fresh_regions"":0,""call_publications_replayed"":0}"
build/bench/cloud-principal-graphs/lexical-sources/named-8-valid.blot,a0c8a44e017a97f1814564e8b23b9409db1b590bc1e2615e5b9932b8e01896b7,baseline,"[4783,4867,4910,4943,4998,5032,5172,5192,5592,5669,5862,5878,5917,6009,6305]","[5057,5126,5152,5182,5225,5296,5429,5577,5875,5986,6114,6166,6279,6352,6594]","[3830177,3830177,3830177,3830177,3830177,3830177,3830177,3830177,3830177,3830177,3830177,3830177,3830177,3830177,3830177]","[1125777,1125777,1125777,1125777,1125777,1125777,1125777,1125777,1125777,1125777,1125777,1125777,1125777,1125777,1125777]","{""semantic_component_batches"":0,""semantic_component_jobs"":0,""max_semantic_component_workers"":0,""inference_regions"":59,""canonical_specialization_queries"":8,""canonical_specialization_hits"":6,""solver_requested_bytes"":76024,""solver_allocations"":243,""scratch_requested_bytes"":194384,""scratch_allocations"":1253,""max_solver_live_bytes"":3264,""max_scratch_live_bytes"":3252,""evidence_import_solver_bytes"":0,""evidence_import_scratch_bytes"":512,""snapshot_copy_bytes"":0,""snapshot_copy_allocations"":0,""principal_copy_buffer_bytes"":24656,""principal_copy_buffer_allocations"":324,""frozen_capture_temporary_bytes"":0,""frozen_capture_published_bytes"":8,""frozen_edge_scratch_bytes"":0,""region_scopes"":85,""max_region_scopes"":4,""call_collections_closed"":9,""call_collections_unresolved"":0,""call_memo_hits"":12,""solver_passes"":50,""solver_constraint_visits"":108,""occurs_steps"":0}",null,"{""persisted_requests"":0,""persisted_hits"":0,""persisted_nonempty_hits"":0,""persisted_call_proofs"":0,""persisted_declines"":0,""projected_empty_hits"":0,""projected_empty_declines"":0,""input_image_checks"":0,""dependency_validations"":0,""reused_dependency_validations"":0,""graph_importers_initialized"":0,""graph_importers_prepared"":0,""empty_hits"":0,""primitive_hits"":0,""primitive_fallbacks"":0,""primitive_key_declined"":0,""nonempty_requests"":0,""requests"":0,""fresh_unit_requests"":0,""fresh_unit_hits"":0,""hits"":0,""changed_or_unsupported"":0,""missing"":0,""evidence_declined"":0,""options_declined"":0,""captured"":0,""fresh_regions"":0,""call_publications_replayed"":0}"
build/bench/cloud-principal-graphs/lexical-sources/named-8-valid.blot,a0c8a44e017a97f1814564e8b23b9409db1b590bc1e2615e5b9932b8e01896b7,default,"[4824,4901,5196,5297,5331,5341,5435,5502,5547,6004,6051,6539,6732,7125,7529]","[5077,5144,5436,5593,5606,5699,5734,5741,5807,6301,6420,6780,7028,7468,7883]","[3830177,3830177,3830177,3830177,3830177,3830177,3830177,3830177,3830177,3830177,3830177,3830177,3830177,3830177,3830177]","[1125777,1125777,1125777,1125777,1125777,1125777,1125777,1125777,1125777,1125777,1125777,1125777,1125777,1125777,1125777]","{""semantic_component_batches"":0,""semantic_component_jobs"":0,""max_semantic_component_workers"":0,""inference_regions"":59,""canonical_specialization_queries"":8,""canonical_specialization_hits"":6,""solver_requested_bytes"":76024,""solver_allocations"":243,""scratch_requested_bytes"":194384,""scratch_allocations"":1253,""max_solver_live_bytes"":3264,""max_scratch_live_bytes"":3252,""evidence_import_solver_bytes"":0,""evidence_import_scratch_bytes"":512,""snapshot_copy_bytes"":0,""snapshot_copy_allocations"":0,""principal_copy_buffer_bytes"":24656,""principal_copy_buffer_allocations"":324,""frozen_capture_temporary_bytes"":0,""frozen_capture_published_bytes"":8,""frozen_edge_scratch_bytes"":0,""region_scopes"":85,""max_region_scopes"":4,""call_collections_closed"":9,""call_collections_unresolved"":0,""call_memo_hits"":12,""solver_passes"":50,""solver_constraint_visits"":108,""occurs_steps"":0}",null,"{""persisted_requests"":0,""persisted_hits"":0,""persisted_nonempty_hits"":0,""persisted_call_proofs"":0,""persisted_declines"":0,""projected_empty_hits"":0,""projected_empty_declines"":0,""input_image_checks"":0,""dependency_validations"":0,""reused_dependency_validations"":0,""graph_importers_initialized"":0,""graph_importers_prepared"":0,""empty_hits"":0,""primitive_hits"":0,""primitive_fallbacks"":0,""primitive_key_declined"":0,""nonempty_requests"":0,""requests"":0,""fresh_unit_requests"":0,""fresh_unit_hits"":0,""hits"":0,""changed_or_unsupported"":0,""missing"":0,""evidence_declined"":0,""options_declined"":0,""captured"":0,""fresh_regions"":0,""call_publications_replayed"":0}"
build/bench/cloud-principal-graphs/lexical-sources/nested-128-valid.blot,13d26fadb67e2a106af4ff3dc849392b0211eb1a51f24c9c61fdae19a5b3185d,baseline,"[15058,15272,15408,15690,15746,15790,16033,16043,16046,16119,16420,16856,16978,19110,21341]","[15533,15535,15686,16004,16019,16103,16345,16354,16385,16588,16792,17127,17306,19682,21654]","[12044316,12044316,12044316,12044316,12044316,12044316,12044316,12044316,12044316,12044316,12044316,12044316,12044316,12044316,12044316]","[2335905,2335905,2335905,2335905,2335905,2335905,2335905,2335905,2335905,2335905,2335905,2335905,2335905,2335905,2335905]","{""semantic_component_batches"":0,""semantic_component_jobs"":0,""max_semantic_component_workers"":0,""inference_regions"":786,""canonical_specialization_queries"":128,""canonical_specialization_hits"":126,""solver_requested_bytes"":1062312,""solver_allocations"":3141,""scratch_requested_bytes"":3339996,""scratch_allocations"":20375,""max_solver_live_bytes"":3264,""max_scratch_live_bytes"":5132,""evidence_import_solver_bytes"":0,""evidence_import_scratch_bytes"":768,""snapshot_copy_bytes"":0,""snapshot_copy_allocations"":0,""principal_copy_buffer_bytes"":571752,""principal_copy_buffer_allocations"":5175,""frozen_capture_temporary_bytes"":0,""frozen_capture_published_bytes"":16,""frozen_edge_scratch_bytes"":16,""region_scopes"":1175,""max_region_scopes"":5,""call_collections_closed"":129,""call_collections_unresolved"":0,""call_memo_hits"":134,""solver_passes"":533,""solver_constraint_visits"":2640,""occurs_steps"":0}",null,"{""persisted_requests"":0,""persisted_hits"":0,""persisted_nonempty_hits"":0,""persisted_call_proofs"":0,""persisted_declines"":0,""projected_empty_hits"":0,""projected_empty_declines"":0,""input_image_checks"":0,""dependency_validations"":0,""reused_dependency_validations"":0,""graph_importers_initialized"":0,""graph_importers_prepared"":0,""empty_hits"":0,""primitive_hits"":0,""primitive_fallbacks"":0,""primitive_key_declined"":0,""nonempty_requests"":0,""requests"":0,""fresh_unit_requests"":0,""fresh_unit_hits"":0,""hits"":0,""changed_or_unsupported"":0,""missing"":0,""evidence_declined"":0,""options_declined"":0,""captured"":0,""fresh_regions"":0,""call_publications_replayed"":0}"
build/bench/cloud-principal-graphs/lexical-sources/nested-128-valid.blot,13d26fadb67e2a106af4ff3dc849392b0211eb1a51f24c9c61fdae19a5b3185d,default,"[15140,15454,15491,15693,15917,16617,16702,17491,17492,17647,17914,20262,20462,24027,25654]","[15464,15812,15836,16049,16273,16899,17004,17833,17849,18181,18542,20829,20849,24456,26132]","[12044316,12044316,12044316,12044316,12044316,12044316,12044316,12044316,12044316,12044316,12044316,12044316,12044316,12044316,12044316]","[2335905,2335905,2335905,2335905,2335905,2335905,2335905,2335905,2335905,2335905,2335905,2335905,2335905,2335905,2335905]","{""semantic_component_batches"":0,""semantic_component_jobs"":0,""max_semantic_component_workers"":0,""inference_regions"":786,""canonical_specialization_queries"":128,""canonical_specialization_hits"":126,""solver_requested_bytes"":1062312,""solver_allocations"":3141,""scratch_requested_bytes"":3339996,""scratch_allocations"":20375,""max_solver_live_bytes"":3264,""max_scratch_live_bytes"":5132,""evidence_import_solver_bytes"":0,""evidence_import_scratch_bytes"":768,""snapshot_copy_bytes"":0,""snapshot_copy_allocations"":0,""principal_copy_buffer_bytes"":571752,""principal_copy_buffer_allocations"":5175,""frozen_capture_temporary_bytes"":0,""frozen_capture_published_bytes"":16,""frozen_edge_scratch_bytes"":16,""region_scopes"":1175,""max_region_scopes"":5,""call_collections_closed"":129,""call_collections_unresolved"":0,""call_memo_hits"":134,""solver_passes"":533,""solver_constraint_visits"":2640,""occurs_steps"":0}",null,"{""persisted_requests"":0,""persisted_hits"":0,""persisted_nonempty_hits"":0,""persisted_call_proofs"":0,""persisted_declines"":0,""projected_empty_hits"":0,""projected_empty_declines"":0,""input_image_checks"":0,""dependency_validations"":0,""reused_dependency_validations"":0,""graph_importers_initialized"":0,""graph_importers_prepared"":0,""empty_hits"":0,""primitive_hits"":0,""primitive_fallbacks"":0,""primitive_key_declined"":0,""nonempty_requests"":0,""requests"":0,""fresh_unit_requests"":0,""fresh_unit_hits"":0,""hits"":0,""changed_or_unsupported"":0,""missing"":0,""evidence_declined"":0,""options_declined"":0,""captured"":0,""fresh_regions"":0,""call_publications_replayed"":0}"
build/bench/cloud-principal-graphs/lexical-sources/nested-32-valid.blot,bbf3441ddd391e8f2f7b6b3a9f56a898d437a270781a69781efbcd8e81d04578,baseline,"[7007,7132,7261,7352,7398,7451,7588,7859,7966,8229,8261,8384,8971,9466,11147]","[7390,7459,7604,7710,7727,7747,7964,8129,8253,8587,8600,8752,9388,9830,11527]","[5645625,5645625,5645625,5645625,5645625,5645625,5645625,5645625,5645625,5645625,5645625,5645625,5645625,5645625,5645625]","[1264063,1264063,1264063,1264063,1264063,1264063,1264063,1264063,1264063,1264063,1264063,1264063,1264063,1264063,1264063]","{""semantic_component_batches"":0,""semantic_component_jobs"":0,""max_semantic_component_workers"":0,""inference_regions"":210,""canonical_specialization_queries"":32,""canonical_specialization_hits"":30,""solver_requested_bytes"":276648,""solver_allocations"":837,""scratch_requested_bytes"":907740,""scratch_allocations"":5495,""max_solver_live_bytes"":3264,""max_scratch_live_bytes"":5132,""evidence_import_solver_bytes"":0,""evidence_import_scratch_bytes"":768,""snapshot_copy_bytes"":0,""snapshot_copy_allocations"":0,""principal_copy_buffer_bytes"":153960,""principal_copy_buffer_allocations"":1335,""frozen_capture_temporary_bytes"":0,""frozen_capture_published_bytes"":16,""frozen_edge_scratch_bytes"":16,""region_scopes"":311,""max_region_scopes"":5,""call_collections_closed"":33,""call_collections_unresolved"":0,""call_memo_hits"":38,""solver_passes"":149,""solver_constraint_visits"":720,""occurs_steps"":0}",null,"{""persisted_requests"":0,""persisted_hits"":0,""persisted_nonempty_hits"":0,""persisted_call_proofs"":0,""persisted_declines"":0,""projected_empty_hits"":0,""projected_empty_declines"":0,""input_image_checks"":0,""dependency_validations"":0,""reused_dependency_validations"":0,""graph_importers_initialized"":0,""graph_importers_prepared"":0,""empty_hits"":0,""primitive_hits"":0,""primitive_fallbacks"":0,""primitive_key_declined"":0,""nonempty_requests"":0,""requests"":0,""fresh_unit_requests"":0,""fresh_unit_hits"":0,""hits"":0,""changed_or_unsupported"":0,""missing"":0,""evidence_declined"":0,""options_declined"":0,""captured"":0,""fresh_regions"":0,""call_publications_replayed"":0}"
build/bench/cloud-principal-graphs/lexical-sources/nested-32-valid.blot,bbf3441ddd391e8f2f7b6b3a9f56a898d437a270781a69781efbcd8e81d04578,default,"[7051,7052,7217,7447,7616,7953,8031,8086,8090,8126,8442,8542,9056,9356,12773]","[7308,7317,7524,7741,7951,8290,8350,8431,8435,8459,8868,8964,9389,9733,13264]","[5645625,5645625,5645625,5645625,5645625,5645625,5645625,5645625,5645625,5645625,5645625,5645625,5645625,5645625,5645625]","[1264063,1264063,1264063,1264063,1264063,1264063,1264063,1264063,1264063,1264063,1264063,1264063,1264063,1264063,1264063]","{""semantic_component_batches"":0,""semantic_component_jobs"":0,""max_semantic_component_workers"":0,""inference_regions"":210,""canonical_specialization_queries"":32,""canonical_specialization_hits"":30,""solver_requested_bytes"":276648,""solver_allocations"":837,""scratch_requested_bytes"":907740,""scratch_allocations"":5495,""max_solver_live_bytes"":3264,""max_scratch_live_bytes"":5132,""evidence_import_solver_bytes"":0,""evidence_import_scratch_bytes"":768,""snapshot_copy_bytes"":0,""snapshot_copy_allocations"":0,""principal_copy_buffer_bytes"":153960,""principal_copy_buffer_allocations"":1335,""frozen_capture_temporary_bytes"":0,""frozen_capture_published_bytes"":16,""frozen_edge_scratch_bytes"":16,""region_scopes"":311,""max_region_scopes"":5,""call_collections_closed"":33,""call_collections_unresolved"":0,""call_memo_hits"":38,""solver_passes"":149,""solver_constraint_visits"":720,""occurs_steps"":0}",null,"{""persisted_requests"":0,""persisted_hits"":0,""persisted_nonempty_hits"":0,""persisted_call_proofs"":0,""persisted_declines"":0,""projected_empty_hits"":0,""projected_empty_declines"":0,""input_image_checks"":0,""dependency_validations"":0,""reused_dependency_validations"":0,""graph_importers_initialized"":0,""graph_importers_prepared"":0,""empty_hits"":0,""primitive_hits"":0,""primitive_fallbacks"":0,""primitive_key_declined"":0,""nonempty_requests"":0,""requests"":0,""fresh_unit_requests"":0,""fresh_unit_hits"":0,""hits"":0,""changed_or_unsupported"":0,""missing"":0,""evidence_declined"":0,""options_declined"":0,""captured"":0,""fresh_regions"":0,""call_publications_replayed"":0}"
build/bench/cloud-principal-graphs/lexical-sources/nested-8-valid.blot,bd1b2bf3f55a24ae8157733e3289325acfd8c68dc05d25765bc53e14187be1d1,baseline,"[4996,5015,5146,5204,5205,5243,5325,5384,5462,5816,6245,6265,6539,6611,7338]","[5235,5247,5385,5480,5514,5531,5641,5685,5686,6182,6644,6746,6791,6867,7977]","[3898798,3898798,3898798,3898798,3898798,3898798,3898798,3898798,3898798,3898798,3898798,3898798,3898798,3898798,3898798]","[1096099,1096099,1096099,1096099,1096099,1096099,1096099,1096099,1096099,1096099,1096099,1096099,1096099,1096099,1096099]","{""semantic_component_batches"":0,""semantic_component_jobs"":0,""max_semantic_component_workers"":0,""inference_regions"":66,""canonical_specialization_queries"":8,""canonical_specialization_hits"":6,""solver_requested_bytes"":80232,""solver_allocations"":261,""scratch_requested_bytes"":299676,""scratch_allocations"":1775,""max_solver_live_bytes"":3264,""max_scratch_live_bytes"":5132,""evidence_import_solver_bytes"":0,""evidence_import_scratch_bytes"":768,""snapshot_copy_bytes"":0,""snapshot_copy_allocations"":0,""principal_copy_buffer_bytes"":49512,""principal_copy_buffer_allocations"":375,""frozen_capture_temporary_bytes"":0,""frozen_capture_published_bytes"":16,""frozen_edge_scratch_bytes"":16,""region_scopes"":95,""max_region_scopes"":5,""call_collections_closed"":9,""call_collections_unresolved"":0,""call_memo_hits"":14,""solver_passes"":53,""solver_constraint_visits"":240,""occurs_steps"":0}",null,"{""persisted_requests"":0,""persisted_hits"":0,""persisted_nonempty_hits"":0,""persisted_call_proofs"":0,""persisted_declines"":0,""projected_empty_hits"":0,""projected_empty_declines"":0,""input_image_checks"":0,""dependency_validations"":0,""reused_dependency_validations"":0,""graph_importers_initialized"":0,""graph_importers_prepared"":0,""empty_hits"":0,""primitive_hits"":0,""primitive_fallbacks"":0,""primitive_key_declined"":0,""nonempty_requests"":0,""requests"":0,""fresh_unit_requests"":0,""fresh_unit_hits"":0,""hits"":0,""changed_or_unsupported"":0,""missing"":0,""evidence_declined"":0,""options_declined"":0,""captured"":0,""fresh_regions"":0,""call_publications_replayed"":0}"
build/bench/cloud-principal-graphs/lexical-sources/nested-8-valid.blot,bd1b2bf3f55a24ae8157733e3289325acfd8c68dc05d25765bc53e14187be1d1,default,"[4776,4780,4971,5063,5144,5214,5373,5463,5584,5950,6010,6146,6301,6362,7093]","[4987,5014,5208,5323,5369,5500,5628,5746,5838,6224,6305,6467,6627,6761,7414]","[3898798,3898798,3898798,3898798,3898798,3898798,3898798,3898798,3898798,3898798,3898798,3898798,3898798,3898798,3898798]","[1096099,1096099,1096099,1096099,1096099,1096099,1096099,1096099,1096099,1096099,1096099,1096099,1096099,1096099,1096099]","{""semantic_component_batches"":0,""semantic_component_jobs"":0,""max_semantic_component_workers"":0,""inference_regions"":66,""canonical_specialization_queries"":8,""canonical_specialization_hits"":6,""solver_requested_bytes"":80232,""solver_allocations"":261,""scratch_requested_bytes"":299676,""scratch_allocations"":1775,""max_solver_live_bytes"":3264,""max_scratch_live_bytes"":5132,""evidence_import_solver_bytes"":0,""evidence_import_scratch_bytes"":768,""snapshot_copy_bytes"":0,""snapshot_copy_allocations"":0,""principal_copy_buffer_bytes"":49512,""principal_copy_buffer_allocations"":375,""frozen_capture_temporary_bytes"":0,""frozen_capture_published_bytes"":16,""frozen_edge_scratch_bytes"":16,""region_scopes"":95,""max_region_scopes"":5,""call_collections_closed"":9,""call_collections_unresolved"":0,""call_memo_hits"":14,""solver_passes"":53,""solver_constraint_visits"":240,""occurs_steps"":0}",null,"{""persisted_requests"":0,""persisted_hits"":0,""persisted_nonempty_hits"":0,""persisted_call_proofs"":0,""persisted_declines"":0,""projected_empty_hits"":0,""projected_empty_declines"":0,""input_image_checks"":0,""dependency_validations"":0,""reused_dependency_validations"":0,""graph_importers_initialized"":0,""graph_importers_prepared"":0,""empty_hits"":0,""primitive_hits"":0,""primitive_fallbacks"":0,""primitive_key_declined"":0,""nonempty_requests"":0,""requests"":0,""fresh_unit_requests"":0,""fresh_unit_hits"":0,""hits"":0,""changed_or_unsupported"":0,""missing"":0,""evidence_declined"":0,""options_declined"":0,""captured"":0,""fresh_regions"":0,""call_publications_replayed"":0}"
build/bench/cloud-principal-graphs/lexical-sources/provider-128-valid.blot,b81c010491d4b87249e39c8100be8424c49c83654fb0781829d9c22bbdaf1c6d,baseline,"[11292,11416,11578,11955,12170,12345,12347,12674,12790,13601,13627,13893,14602,18785,40114]","[11539,11659,12292,12435,12492,12647,12730,12939,13327,13893,13942,14373,14977,19195,41613]","[10352855,10352855,10352855,10352855,10352855,10352855,10352855,10352855,10352855,10352855,10352855,10352855,10352855,10352855,10352855]","[1845909,1845909,1845909,1845909,1845909,1845909,1845909,1845909,1845909,1845909,1845909,1845909,1845909,1845909,1845909]","{""semantic_component_batches"":0,""semantic_component_jobs"":0,""max_semantic_component_workers"":0,""inference_regions"":901,""canonical_specialization_queries"":128,""canonical_specialization_hits"":0,""solver_requested_bytes"":1557952,""solver_allocations"":6065,""scratch_requested_bytes"":1754524,""scratch_allocations"":11594,""max_solver_live_bytes"":3264,""max_scratch_live_bytes"":2880,""evidence_import_solver_bytes"":0,""evidence_import_scratch_bytes"":49664,""snapshot_copy_bytes"":0,""snapshot_copy_allocations"":0,""principal_copy_buffer_bytes"":0,""principal_copy_buffer_allocations"":0,""frozen_capture_temporary_bytes"":0,""frozen_capture_published_bytes"":1024,""frozen_edge_scratch_bytes"":2048,""region_scopes"":1799,""max_region_scopes"":4,""call_collections_closed"":257,""call_collections_unresolved"":0,""call_memo_hits"":644,""solver_passes"":1293,""solver_constraint_visits"":781,""occurs_steps"":0}",null,"{""persisted_requests"":0,""persisted_hits"":0,""persisted_nonempty_hits"":0,""persisted_call_proofs"":0,""persisted_declines"":0,""projected_empty_hits"":0,""projected_empty_declines"":0,""input_image_checks"":0,""dependency_validations"":0,""reused_dependency_validations"":0,""graph_importers_initialized"":0,""graph_importers_prepared"":0,""empty_hits"":0,""primitive_hits"":0,""primitive_fallbacks"":0,""primitive_key_declined"":0,""nonempty_requests"":0,""requests"":0,""fresh_unit_requests"":0,""fresh_unit_hits"":0,""hits"":0,""changed_or_unsupported"":0,""missing"":0,""evidence_declined"":0,""options_declined"":0,""captured"":0,""fresh_regions"":0,""call_publications_replayed"":0}"
build/bench/cloud-principal-graphs/lexical-sources/provider-128-valid.blot,b81c010491d4b87249e39c8100be8424c49c83654fb0781829d9c22bbdaf1c6d,default,"[11544,11745,11881,12190,12197,12311,12528,12627,12736,12762,12776,12873,13103,13150,14490]","[11812,12133,12152,12493,12587,12652,12948,13013,13059,13083,13095,13158,13391,13427,14859]","[10352855,10352855,10352855,10352855,10352855,10352855,10352855,10352855,10352855,10352855,10352855,10352855,10352855,10352855,10352855]","[1845909,1845909,1845909,1845909,1845909,1845909,1845909,1845909,1845909,1845909,1845909,1845909,1845909,1845909,1845909]","{""semantic_component_batches"":0,""semantic_component_jobs"":0,""max_semantic_component_workers"":0,""inference_regions"":901,""canonical_specialization_queries"":128,""canonical_specialization_hits"":0,""solver_requested_bytes"":1557952,""solver_allocations"":6065,""scratch_requested_bytes"":1754524,""scratch_allocations"":11594,""max_solver_live_bytes"":3264,""max_scratch_live_bytes"":2880,""evidence_import_solver_bytes"":0,""evidence_import_scratch_bytes"":49664,""snapshot_copy_bytes"":0,""snapshot_copy_allocations"":0,""principal_copy_buffer_bytes"":0,""principal_copy_buffer_allocations"":0,""frozen_capture_temporary_bytes"":0,""frozen_capture_published_bytes"":1024,""frozen_edge_scratch_bytes"":2048,""region_scopes"":1799,""max_region_scopes"":4,""call_collections_closed"":257,""call_collections_unresolved"":0,""call_memo_hits"":644,""solver_passes"":1293,""solver_constraint_visits"":781,""occurs_steps"":0}",null,"{""persisted_requests"":0,""persisted_hits"":0,""persisted_nonempty_hits"":0,""persisted_call_proofs"":0,""persisted_declines"":0,""projected_empty_hits"":0,""projected_empty_declines"":0,""input_image_checks"":0,""dependency_validations"":0,""reused_dependency_validations"":0,""graph_importers_initialized"":0,""graph_importers_prepared"":0,""empty_hits"":0,""primitive_hits"":0,""primitive_fallbacks"":0,""primitive_key_declined"":0,""nonempty_requests"":0,""requests"":0,""fresh_unit_requests"":0,""fresh_unit_hits"":0,""hits"":0,""changed_or_unsupported"":0,""missing"":0,""evidence_declined"":0,""options_declined"":0,""captured"":0,""fresh_regions"":0,""call_publications_replayed"":0}"
build/bench/cloud-principal-graphs/lexical-sources/provider-32-valid.blot,148b705812f6a243acf1555ad1b62d8314ebdfa7a93c28b50af6d6596131a73c,baseline,"[5746,6026,6177,6315,6355,6480,6505,6613,6634,6669,7114,7296,7562,8760,9635]","[6029,6325,6432,6568,6758,6764,6824,6912,6979,7047,7550,7594,7878,9133,10017]","[5066712,5066712,5066712,5066712,5066712,5066712,5066712,5066712,5066712,5066712,5066712,5066712,5066712,5066712,5066712]","[1189360,1189360,1189360,1189360,1189360,1189360,1189360,1189360,1189360,1189360,1189360,1189360,1189360,1189360,1189360]","{""semantic_component_batches"":0,""semantic_component_jobs"":0,""max_semantic_component_workers"":0,""inference_regions"":229,""canonical_specialization_queries"":32,""canonical_specialization_hits"":0,""solver_requested_bytes"":397888,""solver_allocations"":1553,""scratch_requested_bytes"":447772,""scratch_allocations"":2954,""max_solver_live_bytes"":3264,""max_scratch_live_bytes"":2880,""evidence_import_solver_bytes"":0,""evidence_import_scratch_bytes"":12800,""snapshot_copy_bytes"":0,""snapshot_copy_allocations"":0,""principal_copy_buffer_bytes"":0,""principal_copy_buffer_allocations"":0,""frozen_capture_temporary_bytes"":0,""frozen_capture_published_bytes"":256,""frozen_edge_scratch_bytes"":512,""region_scopes"":455,""max_region_scopes"":4,""call_collections_closed"":65,""call_collections_unresolved"":0,""call_memo_hits"":164,""solver_passes"":333,""solver_constraint_visits"":205,""occurs_steps"":0}",null,"{""persisted_requests"":0,""persisted_hits"":0,""persisted_nonempty_hits"":0,""persisted_call_proofs"":0,""persisted_declines"":0,""projected_empty_hits"":0,""projected_empty_declines"":0,""input_image_checks"":0,""dependency_validations"":0,""reused_dependency_validations"":0,""graph_importers_initialized"":0,""graph_importers_prepared"":0,""empty_hits"":0,""primitive_hits"":0,""primitive_fallbacks"":0,""primitive_key_declined"":0,""nonempty_requests"":0,""requests"":0,""fresh_unit_requests"":0,""fresh_unit_hits"":0,""hits"":0,""changed_or_unsupported"":0,""missing"":0,""evidence_declined"":0,""options_declined"":0,""captured"":0,""fresh_regions"":0,""call_publications_replayed"":0}"
build/bench/cloud-principal-graphs/lexical-sources/provider-32-valid.blot,148b705812f6a243acf1555ad1b62d8314ebdfa7a93c28b50af6d6596131a73c,default,"[6060,6086,6236,6300,6479,6612,6647,6982,7666,7746,7826,8190,9158,9470,9502]","[6311,6317,6472,6532,6763,6910,6961,7339,7933,8103,8121,8447,9443,9869,10127]","[5066712,5066712,5066712,5066712,5066712,5066712,5066712,5066712,5066712,5066712,5066712,5066712,5066712,5066712,5066712]","[1189360,1189360,1189360,1189360,1189360,1189360,1189360,1189360,1189360,1189360,1189360,1189360,1189360,1189360,1189360]","{""semantic_component_batches"":0,""semantic_component_jobs"":0,""max_semantic_component_workers"":0,""inference_regions"":229,""canonical_specialization_queries"":32,""canonical_specialization_hits"":0,""solver_requested_bytes"":397888,""solver_allocations"":1553,""scratch_requested_bytes"":447772,""scratch_allocations"":2954,""max_solver_live_bytes"":3264,""max_scratch_live_bytes"":2880,""evidence_import_solver_bytes"":0,""evidence_import_scratch_bytes"":12800,""snapshot_copy_bytes"":0,""snapshot_copy_allocations"":0,""principal_copy_buffer_bytes"":0,""principal_copy_buffer_allocations"":0,""frozen_capture_temporary_bytes"":0,""frozen_capture_published_bytes"":256,""frozen_edge_scratch_bytes"":512,""region_scopes"":455,""max_region_scopes"":4,""call_collections_closed"":65,""call_collections_unresolved"":0,""call_memo_hits"":164,""solver_passes"":333,""solver_constraint_visits"":205,""occurs_steps"":0}",null,"{""persisted_requests"":0,""persisted_hits"":0,""persisted_nonempty_hits"":0,""persisted_call_proofs"":0,""persisted_declines"":0,""projected_empty_hits"":0,""projected_empty_declines"":0,""input_image_checks"":0,""dependency_validations"":0,""reused_dependency_validations"":0,""graph_importers_initialized"":0,""graph_importers_prepared"":0,""empty_hits"":0,""primitive_hits"":0,""primitive_fallbacks"":0,""primitive_key_declined"":0,""nonempty_requests"":0,""requests"":0,""fresh_unit_requests"":0,""fresh_unit_hits"":0,""hits"":0,""changed_or_unsupported"":0,""missing"":0,""evidence_declined"":0,""options_declined"":0,""captured"":0,""fresh_regions"":0,""call_publications_replayed"":0}"
build/bench/cloud-principal-graphs/lexical-sources/provider-8-valid.blot,63fd3000ae3003deb49ac9e6b1c4ee16d959d8e2beb9d5cded11d8267fabe528,baseline,"[4513,4585,4604,4867,4873,4895,4917,4977,5115,5235,5244,5376,5460,5952,6105]","[4759,4834,4877,5136,5183,5185,5271,5327,5388,5475,5486,5738,5798,6172,6362]","[3635354,3635354,3635354,3635354,3635354,3635354,3635354,3635354,3635354,3635354,3635354,3635354,3635354,3635354,3635354]","[1062481,1062481,1062481,1062481,1062481,1062481,1062481,1062481,1062481,1062481,1062481,1062481,1062481,1062481,1062481]","{""semantic_component_batches"":0,""semantic_component_jobs"":0,""max_semantic_component_workers"":0,""inference_regions"":61,""canonical_specialization_queries"":8,""canonical_specialization_hits"":0,""solver_requested_bytes"":107872,""solver_allocations"":425,""scratch_requested_bytes"":121084,""scratch_allocations"":794,""max_solver_live_bytes"":3264,""max_scratch_live_bytes"":2880,""evidence_import_solver_bytes"":0,""evidence_import_scratch_bytes"":3584,""snapshot_copy_bytes"":0,""snapshot_copy_allocations"":0,""principal_copy_buffer_bytes"":0,""principal_copy_buffer_allocations"":0,""frozen_capture_temporary_bytes"":0,""frozen_capture_published_bytes"":64,""frozen_edge_scratch_bytes"":128,""region_scopes"":119,""max_region_scopes"":4,""call_collections_closed"":17,""call_collections_unresolved"":0,""call_memo_hits"":44,""solver_passes"":93,""solver_constraint_visits"":61,""occurs_steps"":0}",null,"{""persisted_requests"":0,""persisted_hits"":0,""persisted_nonempty_hits"":0,""persisted_call_proofs"":0,""persisted_declines"":0,""projected_empty_hits"":0,""projected_empty_declines"":0,""input_image_checks"":0,""dependency_validations"":0,""reused_dependency_validations"":0,""graph_importers_initialized"":0,""graph_importers_prepared"":0,""empty_hits"":0,""primitive_hits"":0,""primitive_fallbacks"":0,""primitive_key_declined"":0,""nonempty_requests"":0,""requests"":0,""fresh_unit_requests"":0,""fresh_unit_hits"":0,""hits"":0,""changed_or_unsupported"":0,""missing"":0,""evidence_declined"":0,""options_declined"":0,""captured"":0,""fresh_regions"":0,""call_publications_replayed"":0}"
build/bench/cloud-principal-graphs/lexical-sources/provider-8-valid.blot,63fd3000ae3003deb49ac9e6b1c4ee16d959d8e2beb9d5cded11d8267fabe528,default,"[4525,4576,4635,4656,4799,4903,4943,4950,5053,5286,5388,5909,6266,6546,7747]","[4768,4792,4886,4961,5076,5198,5303,5325,5343,5560,5679,6239,6512,6859,8246]","[3635354,3635354,3635354,3635354,3635354,3635354,3635354,3635354,3635354,3635354,3635354,3635354,3635354,3635354,3635354]","[1062481,1062481,1062481,1062481,1062481,1062481,1062481,1062481,1062481,1062481,1062481,1062481,1062481,1062481,1062481]","{""semantic_component_batches"":0,""semantic_component_jobs"":0,""max_semantic_component_workers"":0,""inference_regions"":61,""canonical_specialization_queries"":8,""canonical_specialization_hits"":0,""solver_requested_bytes"":107872,""solver_allocations"":425,""scratch_requested_bytes"":121084,""scratch_allocations"":794,""max_solver_live_bytes"":3264,""max_scratch_live_bytes"":2880,""evidence_import_solver_bytes"":0,""evidence_import_scratch_bytes"":3584,""snapshot_copy_bytes"":0,""snapshot_copy_allocations"":0,""principal_copy_buffer_bytes"":0,""principal_copy_buffer_allocations"":0,""frozen_capture_temporary_bytes"":0,""frozen_capture_published_bytes"":64,""frozen_edge_scratch_bytes"":128,""region_scopes"":119,""max_region_scopes"":4,""call_collections_closed"":17,""call_collections_unresolved"":0,""call_memo_hits"":44,""solver_passes"":93,""solver_constraint_visits"":61,""occurs_steps"":0}",null,"{""persisted_requests"":0,""persisted_hits"":0,""persisted_nonempty_hits"":0,""persisted_call_proofs"":0,""persisted_declines"":0,""projected_empty_hits"":0,""projected_empty_declines"":0,""input_image_checks"":0,""dependency_validations"":0,""reused_dependency_validations"":0,""graph_importers_initialized"":0,""graph_importers_prepared"":0,""empty_hits"":0,""primitive_hits"":0,""primitive_fallbacks"":0,""primitive_key_declined"":0,""nonempty_requests"":0,""requests"":0,""fresh_unit_requests"":0,""fresh_unit_hits"":0,""hits"":0,""changed_or_unsupported"":0,""missing"":0,""evidence_declined"":0,""options_declined"":0,""captured"":0,""fresh_regions"":0,""call_publications_replayed"":0}"
build/bench/cloud-principal-graphs/component-sources/direct-8-valid.blot,ff92b5686827ea8bda6ce76129502552cd6f51383f804f6724f7942f6201acdc,baseline,"[935,940,965,972,996,1029,1064,1065,1074,1088,1134,1138,1343,1451,1679]","[1145,1151,1187,1205,1209,1254,1254,1258,1295,1339,1390,1440,1568,2008,2152]","[289761,289761,289761,289761,289761,289761,289761,289761,289761,289761,289761,289761,289761,289761,289761]","[78068,78068,78068,78068,78068,78068,78068,78068,78068,78068,78068,78068,78068,78068,78068]","{""semantic_component_batches"":0,""semantic_component_jobs"":0,""max_semantic_component_workers"":0,""inference_regions"":19,""canonical_specialization_queries"":0,""canonical_specialization_hits"":0,""solver_requested_bytes"":27572,""solver_allocations"":126,""scratch_requested_bytes"":33808,""scratch_allocations"":165,""max_solver_live_bytes"":5232,""max_scratch_live_bytes"":7056,""evidence_import_solver_bytes"":0,""evidence_import_scratch_bytes"":128,""snapshot_copy_bytes"":0,""snapshot_copy_allocations"":0,""principal_copy_buffer_bytes"":0,""principal_copy_buffer_allocations"":0,""frozen_capture_temporary_bytes"":0,""frozen_capture_published_bytes"":0,""frozen_edge_scratch_bytes"":0,""region_scopes"":41,""max_region_scopes"":15,""call_collections_closed"":7,""call_collections_unresolved"":0,""call_memo_hits"":9,""solver_passes"":30,""solver_constraint_visits"":25,""occurs_steps"":0}",null,"{""persisted_requests"":0,""persisted_hits"":0,""persisted_nonempty_hits"":0,""persisted_call_proofs"":0,""persisted_declines"":0,""projected_empty_hits"":0,""projected_empty_declines"":0,""input_image_checks"":0,""dependency_validations"":0,""reused_dependency_validations"":0,""graph_importers_initialized"":0,""graph_importers_prepared"":0,""empty_hits"":0,""primitive_hits"":0,""primitive_fallbacks"":0,""primitive_key_declined"":0,""nonempty_requests"":0,""requests"":0,""fresh_unit_requests"":0,""fresh_unit_hits"":0,""hits"":0,""changed_or_unsupported"":0,""missing"":0,""evidence_declined"":0,""options_declined"":0,""captured"":0,""fresh_regions"":0,""call_publications_replayed"":0}"
build/bench/cloud-principal-graphs/component-sources/direct-8-valid.blot,ff92b5686827ea8bda6ce76129502552cd6f51383f804f6724f7942f6201acdc,default,"[898,950,982,1018,1028,1048,1053,1081,1083,1105,1186,1199,1222,1519,1777]","[1121,1132,1167,1209,1212,1268,1270,1296,1301,1308,1400,1507,1513,1818,2041]","[289761,289761,289761,289761,289761,289761,289761,289761,289761,289761,289761,289761,289761,289761,289761]","[78068,78068,78068,78068,78068,78068,78068,78068,78068,78068,78068,78068,78068,78068,78068]","{""semantic_component_batches"":0,""semantic_component_jobs"":0,""max_semantic_component_workers"":0,""inference_regions"":19,""canonical_specialization_queries"":0,""canonical_specialization_hits"":0,""solver_requested_bytes"":27572,""solver_allocations"":126,""scratch_requested_bytes"":33808,""scratch_allocations"":165,""max_solver_live_bytes"":5232,""max_scratch_live_bytes"":7056,""evidence_import_solver_bytes"":0,""evidence_import_scratch_bytes"":128,""snapshot_copy_bytes"":0,""snapshot_copy_allocations"":0,""principal_copy_buffer_bytes"":0,""principal_copy_buffer_allocations"":0,""frozen_capture_temporary_bytes"":0,""frozen_capture_published_bytes"":0,""frozen_edge_scratch_bytes"":0,""region_scopes"":41,""max_region_scopes"":15,""call_collections_closed"":7,""call_collections_unresolved"":0,""call_memo_hits"":9,""solver_passes"":30,""solver_constraint_visits"":25,""occurs_steps"":0}",null,"{""persisted_requests"":0,""persisted_hits"":0,""persisted_nonempty_hits"":0,""persisted_call_proofs"":0,""persisted_declines"":0,""projected_empty_hits"":0,""projected_empty_declines"":0,""input_image_checks"":0,""dependency_validations"":0,""reused_dependency_validations"":0,""graph_importers_initialized"":0,""graph_importers_prepared"":0,""empty_hits"":0,""primitive_hits"":0,""primitive_fallbacks"":0,""primitive_key_declined"":0,""nonempty_requests"":0,""requests"":0,""fresh_unit_requests"":0,""fresh_unit_hits"":0,""hits"":0,""changed_or_unsupported"":0,""missing"":0,""evidence_declined"":0,""options_declined"":0,""captured"":0,""fresh_regions"":0,""call_publications_replayed"":0}"
build/bench/cloud-principal-graphs/component-sources/callback-8-valid.blot,265eb44aa0bf4fb57ecc50aaec8e00ad0c58d7bff7275964a4370f1c6d313ac9,baseline,"[1063,1090,1147,1166,1171,1240,1277,1284,1299,1312,1402,1415,1445,1642,1913]","[1290,1308,1311,1346,1401,1426,1490,1504,1580,1601,1662,1678,1687,1885,2138]","[414944,414944,414944,414944,414944,414944,414944,414944,414944,414944,414944,414944,414944,414944,414944]","[129175,129175,129175,129175,129175,129175,129175,129175,129175,129175,129175,129175,129175,129175,129175]","{""semantic_component_batches"":0,""semantic_component_jobs"":0,""max_semantic_component_workers"":0,""inference_regions"":22,""canonical_specialization_queries"":0,""canonical_specialization_hits"":0,""solver_requested_bytes"":59588,""solver_allocations"":216,""scratch_requested_bytes"":60932,""scratch_allocations"":283,""max_solver_live_bytes"":11548,""max_scratch_live_bytes"":12008,""evidence_import_solver_bytes"":0,""evidence_import_scratch_bytes"":512,""snapshot_copy_bytes"":0,""snapshot_copy_allocations"":0,""principal_copy_buffer_bytes"":0,""principal_copy_buffer_allocations"":0,""frozen_capture_temporary_bytes"":0,""frozen_capture_published_bytes"":0,""frozen_edge_scratch_bytes"":0,""region_scopes"":52,""max_region_scopes"":15,""call_collections_closed"":7,""call_collections_unresolved"":0,""call_memo_hits"":24,""solver_passes"":36,""solver_constraint_visits"":70,""occurs_steps"":22}",null,"{""persisted_requests"":0,""persisted_hits"":0,""persisted_nonempty_hits"":0,""persisted_call_proofs"":0,""persisted_declines"":0,""projected_empty_hits"":0,""projected_empty_declines"":0,""input_image_checks"":0,""dependency_validations"":0,""reused_dependency_validations"":0,""graph_importers_initialized"":0,""graph_importers_prepared"":0,""empty_hits"":0,""primitive_hits"":0,""primitive_fallbacks"":0,""primitive_key_declined"":0,""nonempty_requests"":0,""requests"":0,""fresh_unit_requests"":0,""fresh_unit_hits"":0,""hits"":0,""changed_or_unsupported"":0,""missing"":0,""evidence_declined"":0,""options_declined"":0,""captured"":0,""fresh_regions"":0,""call_publications_replayed"":0}"
build/bench/cloud-principal-graphs/component-sources/callback-8-valid.blot,265eb44aa0bf4fb57ecc50aaec8e00ad0c58d7bff7275964a4370f1c6d313ac9,default,"[0,1102,1124,1147,1149,1198,1202,1203,1204,1218,1373,1413,1428,1984,3272]","[1322,1332,1335,1347,1380,1385,1402,1406,1439,1584,1655,1809,1856,2182,3550]","[414944,414944,414944,414944,414944,414944,414944,414944,414944,414944,414944,414944,414944,414944,414944]","[129175,129175,129175,129175,129175,129175,129175,129175,129175,129175,129175,129175,129175,129175,129175]","{""semantic_component_batches"":0,""semantic_component_jobs"":0,""max_semantic_component_workers"":0,""inference_regions"":22,""canonical_specialization_queries"":0,""canonical_specialization_hits"":0,""solver_requested_bytes"":59588,""solver_allocations"":216,""scratch_requested_bytes"":60932,""scratch_allocations"":283,""max_solver_live_bytes"":11548,""max_scratch_live_bytes"":12008,""evidence_import_solver_bytes"":0,""evidence_import_scratch_bytes"":512,""snapshot_copy_bytes"":0,""snapshot_copy_allocations"":0,""principal_copy_buffer_bytes"":0,""principal_copy_buffer_allocations"":0,""frozen_capture_temporary_bytes"":0,""frozen_capture_published_bytes"":0,""frozen_edge_scratch_bytes"":0,""region_scopes"":52,""max_region_scopes"":15,""call_collections_closed"":7,""call_collections_unresolved"":0,""call_memo_hits"":24,""solver_passes"":36,""solver_constraint_visits"":70,""occurs_steps"":22}",null,"{""persisted_requests"":0,""persisted_hits"":0,""persisted_nonempty_hits"":0,""persisted_call_proofs"":0,""persisted_declines"":0,""projected_empty_hits"":0,""projected_empty_declines"":0,""input_image_checks"":0,""dependency_validations"":0,""reused_dependency_validations"":0,""graph_importers_initialized"":0,""graph_importers_prepared"":0,""empty_hits"":0,""primitive_hits"":0,""primitive_fallbacks"":0,""primitive_key_declined"":0,""nonempty_requests"":0,""requests"":0,""fresh_unit_requests"":0,""fresh_unit_hits"":0,""hits"":0,""changed_or_unsupported"":0,""missing"":0,""evidence_declined"":0,""options_declined"":0,""captured"":0,""fresh_regions"":0,""call_publications_replayed"":0}"
build/bench/cloud-principal-graphs/component-sources/diamond-8-valid.blot,8a100a318811df8df4a4da5c42ed3d534c4e6ceb7fe15581db0abb3f39a756be,baseline,"[2710,2738,2743,2775,2775,2854,2900,2901,2959,3054,3059,3100,3284,3418,7085]","[2930,2931,2945,3040,3043,3086,3147,3196,3248,3255,3262,3307,3480,3628,7343]","[1445723,1445723,1445723,1445723,1445723,1445723,1445723,1445723,1445723,1445723,1445723,1445723,1445723,1445723,1445723]","[278277,278277,278277,278277,278277,278277,278277,278277,278277,278277,278277,278277,278277,278277,278277]","{""semantic_component_batches"":0,""semantic_component_jobs"":0,""max_semantic_component_workers"":0,""inference_regions"":59,""canonical_specialization_queries"":0,""canonical_specialization_hits"":0,""solver_requested_bytes"":397940,""solver_allocations"":646,""scratch_requested_bytes"":668832,""scratch_allocations"":1163,""max_solver_live_bytes"":15748,""max_scratch_live_bytes"":24672,""evidence_import_solver_bytes"":0,""evidence_import_scratch_bytes"":128,""snapshot_copy_bytes"":0,""snapshot_copy_allocations"":0,""principal_copy_buffer_bytes"":0,""principal_copy_buffer_allocations"":0,""frozen_capture_temporary_bytes"":0,""frozen_capture_published_bytes"":0,""frozen_edge_scratch_bytes"":0,""region_scopes"":586,""max_region_scopes"":46,""call_collections_closed"":311,""call_collections_unresolved"":0,""call_memo_hits"":289,""solver_passes"":117,""solver_constraint_visits"":576,""occurs_steps"":0}",null,"{""persisted_requests"":0,""persisted_hits"":0,""persisted_nonempty_hits"":0,""persisted_call_proofs"":0,""persisted_declines"":0,""projected_empty_hits"":0,""projected_empty_declines"":0,""input_image_checks"":0,""dependency_validations"":0,""reused_dependency_validations"":0,""graph_importers_initialized"":0,""graph_importers_prepared"":0,""empty_hits"":0,""primitive_hits"":0,""primitive_fallbacks"":0,""primitive_key_declined"":0,""nonempty_requests"":0,""requests"":0,""fresh_unit_requests"":0,""fresh_unit_hits"":0,""hits"":0,""changed_or_unsupported"":0,""missing"":0,""evidence_declined"":0,""options_declined"":0,""captured"":0,""fresh_regions"":0,""call_publications_replayed"":0}"
build/bench/cloud-principal-graphs/component-sources/diamond-8-valid.blot,8a100a318811df8df4a4da5c42ed3d534c4e6ceb7fe15581db0abb3f39a756be,default,"[2752,2753,2810,2838,2840,2849,3061,3090,3115,3158,3168,3282,3335,3650,4051]","[2950,3015,3016,3044,3054,3115,3248,3340,3368,3492,3527,3564,3571,3860,4316]","[1445723,1445723,1445723,1445723,1445723,1445723,1445723,1445723,1445723,1445723,1445723,1445723,1445723,1445723,1445723]","[278277,278277,278277,278277,278277,278277,278277,278277,278277,278277,278277,278277,278277,278277,278277]","{""semantic_component_batches"":0,""semantic_component_jobs"":0,""max_semantic_component_workers"":0,""inference_regions"":59,""canonical_specialization_queries"":0,""canonical_specialization_hits"":0,""solver_requested_bytes"":397940,""solver_allocations"":646,""scratch_requested_bytes"":668832,""scratch_allocations"":1163,""max_solver_live_bytes"":15748,""max_scratch_live_bytes"":24672,""evidence_import_solver_bytes"":0,""evidence_import_scratch_bytes"":128,""snapshot_copy_bytes"":0,""snapshot_copy_allocations"":0,""principal_copy_buffer_bytes"":0,""principal_copy_buffer_allocations"":0,""frozen_capture_temporary_bytes"":0,""frozen_capture_published_bytes"":0,""frozen_edge_scratch_bytes"":0,""region_scopes"":586,""max_region_scopes"":46,""call_collections_closed"":311,""call_collections_unresolved"":0,""call_memo_hits"":289,""solver_passes"":117,""solver_constraint_visits"":576,""occurs_steps"":0}",null,"{""persisted_requests"":0,""persisted_hits"":0,""persisted_nonempty_hits"":0,""persisted_call_proofs"":0,""persisted_declines"":0,""projected_empty_hits"":0,""projected_empty_declines"":0,""input_image_checks"":0,""dependency_validations"":0,""reused_dependency_validations"":0,""graph_importers_initialized"":0,""graph_importers_prepared"":0,""empty_hits"":0,""primitive_hits"":0,""primitive_fallbacks"":0,""primitive_key_declined"":0,""nonempty_requests"":0,""requests"":0,""fresh_unit_requests"":0,""fresh_unit_hits"":0,""hits"":0,""changed_or_unsupported"":0,""missing"":0,""evidence_declined"":0,""options_declined"":0,""captured"":0,""fresh_regions"":0,""call_publications_replayed"":0}"
build/bench/cloud-principal-graphs/component-sources/direct-32-valid.blot,226da25797175ca6d6519533095bca7f61b8e836a7fae9c8f58b65cc77b31a82,baseline,"[1715,1748,1874,1902,1910,1916,1962,1970,1981,2151,2174,2193,2347,2360,2433]","[1897,1940,2093,2108,2146,2161,2171,2258,2350,2401,2418,2602,2644,2749,2829]","[1148395,1148395,1148395,1148395,1148395,1148395,1148395,1148395,1148395,1148395,1148395,1148395,1148395,1148395,1148395]","[296549,296549,296549,296549,296549,296549,296549,296549,296549,296549,296549,296549,296549,296549,296549]","{""semantic_component_batches"":0,""semantic_component_jobs"":0,""max_semantic_component_workers"":0,""inference_regions"":67,""canonical_specialization_queries"":0,""canonical_specialization_hits"":0,""solver_requested_bytes"":107944,""solver_allocations"":447,""scratch_requested_bytes"":143504,""scratch_allocations"":554,""max_solver_live_bytes"":17188,""max_scratch_live_bytes"":29392,""evidence_import_solver_bytes"":0,""evidence_import_scratch_bytes"":128,""snapshot_copy_bytes"":0,""snapshot_copy_allocations"":0,""principal_copy_buffer_bytes"":0,""principal_copy_buffer_allocations"":0,""frozen_capture_temporary_bytes"":0,""frozen_capture_published_bytes"":0,""frozen_edge_scratch_bytes"":0,""region_scopes"":161,""max_region_scopes"":63,""call_collections_closed"":31,""call_collections_unresolved"":0,""call_memo_hits"":33,""solver_passes"":102,""solver_constraint_visits"":97,""occurs_steps"":0}",null,"{""persisted_requests"":0,""persisted_hits"":0,""persisted_nonempty_hits"":0,""persisted_call_proofs"":0,""persisted_declines"":0,""projected_empty_hits"":0,""projected_empty_declines"":0,""input_image_checks"":0,""dependency_validations"":0,""reused_dependency_validations"":0,""graph_importers_initialized"":0,""graph_importers_prepared"":0,""empty_hits"":0,""primitive_hits"":0,""primitive_fallbacks"":0,""primitive_key_declined"":0,""nonempty_requests"":0,""requests"":0,""fresh_unit_requests"":0,""fresh_unit_hits"":0,""hits"":0,""changed_or_unsupported"":0,""missing"":0,""evidence_declined"":0,""options_declined"":0,""captured"":0,""fresh_regions"":0,""call_publications_replayed"":0}"
build/bench/cloud-principal-graphs/component-sources/direct-32-valid.blot,226da25797175ca6d6519533095bca7f61b8e836a7fae9c8f58b65cc77b31a82,default,"[1810,1842,1860,1929,1931,1938,1939,1953,1967,2018,2074,2157,2188,2396,2490]","[1991,2047,2111,2129,2175,2180,2200,2226,2306,2310,2331,2368,2495,2590,2727]","[1148395,1148395,1148395,1148395,1148395,1148395,1148395,1148395,1148395,1148395,1148395,1148395,1148395,1148395,1148395]","[296549,296549,296549,296549,296549,296549,296549,296549,296549,296549,296549,296549,296549,296549,296549]","{""semantic_component_batches"":0,""semantic_component_jobs"":0,""max_semantic_component_workers"":0,""inference_regions"":67,""canonical_specialization_queries"":0,""canonical_specialization_hits"":0,""solver_requested_bytes"":107944,""solver_allocations"":447,""scratch_requested_bytes"":143504,""scratch_allocations"":554,""max_solver_live_bytes"":17188,""max_scratch_live_bytes"":29392,""evidence_import_solver_bytes"":0,""evidence_import_scratch_bytes"":128,""snapshot_copy_bytes"":0,""snapshot_copy_allocations"":0,""principal_copy_buffer_bytes"":0,""principal_copy_buffer_allocations"":0,""frozen_capture_temporary_bytes"":0,""frozen_capture_published_bytes"":0,""frozen_edge_scratch_bytes"":0,""region_scopes"":161,""max_region_scopes"":63,""call_collections_closed"":31,""call_collections_unresolved"":0,""call_memo_hits"":33,""solver_passes"":102,""solver_constraint_visits"":97,""occurs_steps"":0}",null,"{""persisted_requests"":0,""persisted_hits"":0,""persisted_nonempty_hits"":0,""persisted_call_proofs"":0,""persisted_declines"":0,""projected_empty_hits"":0,""projected_empty_declines"":0,""input_image_checks"":0,""dependency_validations"":0,""reused_dependency_validations"":0,""graph_importers_initialized"":0,""graph_importers_prepared"":0,""empty_hits"":0,""primitive_hits"":0,""primitive_fallbacks"":0,""primitive_key_declined"":0,""nonempty_requests"":0,""requests"":0,""fresh_unit_requests"":0,""fresh_unit_hits"":0,""hits"":0,""changed_or_unsupported"":0,""missing"":0,""evidence_declined"":0,""options_declined"":0,""captured"":0,""fresh_regions"":0,""call_publications_replayed"":0}"
build/bench/cloud-principal-graphs/component-sources/callback-32-valid.blot,506f003d956aa31689067d3e0938d6b02549a8967a19b005567b9f11ff8d77e3,baseline,"[2252,2388,2415,2425,2454,2457,2553,2568,2605,2641,2707,2949,3153,3334,3407]","[2429,2608,2614,2648,2652,2681,2743,2798,2836,2836,2947,3158,3415,3569,3756]","[1474616,1474616,1474616,1474616,1474616,1474616,1474616,1474616,1474616,1474616,1474616,1474616,1474616,1474616,1474616]","[401553,401553,401553,401553,401553,401553,401553,401553,401553,401553,401553,401553,401553,401553,401553]","{""semantic_component_batches"":0,""semantic_component_jobs"":0,""max_semantic_component_workers"":0,""inference_regions"":70,""canonical_specialization_queries"":0,""canonical_specialization_hits"":0,""solver_requested_bytes"":203392,""solver_allocations"":681,""scratch_requested_bytes"":228260,""scratch_allocations"":912,""max_solver_live_bytes"":33948,""max_scratch_live_bytes"":45788,""evidence_import_solver_bytes"":0,""evidence_import_scratch_bytes"":512,""snapshot_copy_bytes"":0,""snapshot_copy_allocations"":0,""principal_copy_buffer_bytes"":0,""principal_copy_buffer_allocations"":0,""frozen_capture_temporary_bytes"":0,""frozen_capture_published_bytes"":0,""frozen_edge_scratch_bytes"":0,""region_scopes"":196,""max_region_scopes"":63,""call_collections_closed"":31,""call_collections_unresolved"":0,""call_memo_hits"":96,""solver_passes"":108,""solver_constraint_visits"":286,""occurs_steps"":70}",null,"{""persisted_requests"":0,""persisted_hits"":0,""persisted_nonempty_hits"":0,""persisted_call_proofs"":0,""persisted_declines"":0,""projected_empty_hits"":0,""projected_empty_declines"":0,""input_image_checks"":0,""dependency_validations"":0,""reused_dependency_validations"":0,""graph_importers_initialized"":0,""graph_importers_prepared"":0,""empty_hits"":0,""primitive_hits"":0,""primitive_fallbacks"":0,""primitive_key_declined"":0,""nonempty_requests"":0,""requests"":0,""fresh_unit_requests"":0,""fresh_unit_hits"":0,""hits"":0,""changed_or_unsupported"":0,""missing"":0,""evidence_declined"":0,""options_declined"":0,""captured"":0,""fresh_regions"":0,""call_publications_replayed"":0}"
build/bench/cloud-principal-graphs/component-sources/callback-32-valid.blot,506f003d956aa31689067d3e0938d6b02549a8967a19b005567b9f11ff8d77e3,default,"[2323,2382,2401,2416,2464,2505,2569,2649,2730,2740,2807,2904,3848,4623,4716]","[2567,2597,2601,2617,2698,2737,2828,2993,2993,3094,3134,3164,4120,4867,5094]","[1474616,1474616,1474616,1474616,1474616,1474616,1474616,1474616,1474616,1474616,1474616,1474616,1474616,1474616,1474616]","[401553,401553,401553,401553,401553,401553,401553,401553,401553,401553,401553,401553,401553,401553,401553]","{""semantic_component_batches"":0,""semantic_component_jobs"":0,""max_semantic_component_workers"":0,""inference_regions"":70,""canonical_specialization_queries"":0,""canonical_specialization_hits"":0,""solver_requested_bytes"":203392,""solver_allocations"":681,""scratch_requested_bytes"":228260,""scratch_allocations"":912,""max_solver_live_bytes"":33948,""max_scratch_live_bytes"":45788,""evidence_import_solver_bytes"":0,""evidence_import_scratch_bytes"":512,""snapshot_copy_bytes"":0,""snapshot_copy_allocations"":0,""principal_copy_buffer_bytes"":0,""principal_copy_buffer_allocations"":0,""frozen_capture_temporary_bytes"":0,""frozen_capture_published_bytes"":0,""frozen_edge_scratch_bytes"":0,""region_scopes"":196,""max_region_scopes"":63,""call_collections_closed"":31,""call_collections_unresolved"":0,""call_memo_hits"":96,""solver_passes"":108,""solver_constraint_visits"":286,""occurs_steps"":70}",null,"{""persisted_requests"":0,""persisted_hits"":0,""persisted_nonempty_hits"":0,""persisted_call_proofs"":0,""persisted_declines"":0,""projected_empty_hits"":0,""projected_empty_declines"":0,""input_image_checks"":0,""dependency_validations"":0,""reused_dependency_validations"":0,""graph_importers_initialized"":0,""graph_importers_prepared"":0,""empty_hits"":0,""primitive_hits"":0,""primitive_fallbacks"":0,""primitive_key_declined"":0,""nonempty_requests"":0,""requests"":0,""fresh_unit_requests"":0,""fresh_unit_hits"":0,""hits"":0,""changed_or_unsupported"":0,""missing"":0,""evidence_declined"":0,""options_declined"":0,""captured"":0,""fresh_regions"":0,""call_publications_replayed"":0}"
build/bench/cloud-principal-graphs/component-sources/diamond-32-valid.blot,39dab5c6a11f84372424e9e5c5a8e192f01d314949147255076bf3a9716370d5,baseline,"[18611,18736,18890,19633,20340,20533,20540,20838,20927,20994,21301,21388,22696,22950,23720]","[18967,19132,19196,19920,20621,20769,20892,21083,21238,21295,21593,21753,23100,23275,24264]","[8500811,8500811,8500811,8500811,8500811,8500811,8500811,8500811,8500811,8500811,8500811,8500811,8500811,8500811,8500811]","[783752,783752,783752,783752,783752,783752,783752,783752,783752,783752,783752,783752,783752,783752,783752]","{""semantic_component_batches"":0,""semantic_component_jobs"":0,""max_semantic_component_workers"":0,""inference_regions"":201,""canonical_specialization_queries"":0,""canonical_specialization_hits"":0,""solver_requested_bytes"":3207424,""solver_allocations"":2394,""scratch_requested_bytes"":5851020,""scratch_allocations"":4267,""max_solver_live_bytes"":60040,""max_scratch_live_bytes"":96732,""evidence_import_solver_bytes"":0,""evidence_import_scratch_bytes"":0,""snapshot_copy_bytes"":0,""snapshot_copy_allocations"":0,""principal_copy_buffer_bytes"":0,""principal_copy_buffer_allocations"":0,""frozen_capture_temporary_bytes"":0,""frozen_capture_published_bytes"":0,""frozen_edge_scratch_bytes"":0,""region_scopes"":4952,""max_region_scopes"":190,""call_collections_closed"":2990,""call_collections_unresolved"":0,""call_memo_hits"":2119,""solver_passes"":366,""solver_constraint_visits"":5401,""occurs_steps"":0}",null,"{""persisted_requests"":0,""persisted_hits"":0,""persisted_nonempty_hits"":0,""persisted_call_proofs"":0,""persisted_declines"":0,""projected_empty_hits"":0,""projected_empty_declines"":0,""input_image_checks"":0,""dependency_validations"":0,""reused_dependency_validations"":0,""graph_importers_initialized"":0,""graph_importers_prepared"":0,""empty_hits"":0,""primitive_hits"":0,""primitive_fallbacks"":0,""primitive_key_declined"":0,""nonempty_requests"":0,""requests"":0,""fresh_unit_requests"":0,""fresh_unit_hits"":0,""hits"":0,""changed_or_unsupported"":0,""missing"":0,""evidence_declined"":0,""options_declined"":0,""captured"":0,""fresh_regions"":0,""call_publications_replayed"":0}"
build/bench/cloud-principal-graphs/component-sources/diamond-32-valid.blot,39dab5c6a11f84372424e9e5c5a8e192f01d314949147255076bf3a9716370d5,default,"[17961,18718,18765,19006,19136,19148,19158,19215,19374,19566,19791,20354,20543,24786,26907]","[18328,19067,19131,19499,19586,19587,19621,19637,19718,19925,20128,20642,20864,25209,27269]","[8500811,8500811,8500811,8500811,8500811,8500811,8500811,8500811,8500811,8500811,8500811,8500811,8500811,8500811,8500811]","[783752,783752,783752,783752,783752,783752,783752,783752,783752,783752,783752,783752,783752,783752,783752]","{""semantic_component_batches"":0,""semantic_component_jobs"":0,""max_semantic_component_workers"":0,""inference_regions"":201,""canonical_specialization_queries"":0,""canonical_specialization_hits"":0,""solver_requested_bytes"":3207424,""solver_allocations"":2394,""scratch_requested_bytes"":5851020,""scratch_allocations"":4267,""max_solver_live_bytes"":60040,""max_scratch_live_bytes"":96732,""evidence_import_solver_bytes"":0,""evidence_import_scratch_bytes"":0,""snapshot_copy_bytes"":0,""snapshot_copy_allocations"":0,""principal_copy_buffer_bytes"":0,""principal_copy_buffer_allocations"":0,""frozen_capture_temporary_bytes"":0,""frozen_capture_published_bytes"":0,""frozen_edge_scratch_bytes"":0,""region_scopes"":4952,""max_region_scopes"":190,""call_collections_closed"":2990,""call_collections_unresolved"":0,""call_memo_hits"":2119,""solver_passes"":366,""solver_constraint_visits"":5401,""occurs_steps"":0}",null,"{""persisted_requests"":0,""persisted_hits"":0,""persisted_nonempty_hits"":0,""persisted_call_proofs"":0,""persisted_declines"":0,""projected_empty_hits"":0,""projected_empty_declines"":0,""input_image_checks"":0,""dependency_validations"":0,""reused_dependency_validations"":0,""graph_importers_initialized"":0,""graph_importers_prepared"":0,""empty_hits"":0,""primitive_hits"":0,""primitive_fallbacks"":0,""primitive_key_declined"":0,""nonempty_requests"":0,""requests"":0,""fresh_unit_requests"":0,""fresh_unit_hits"":0,""hits"":0,""changed_or_unsupported"":0,""missing"":0,""evidence_declined"":0,""options_declined"":0,""captured"":0,""fresh_regions"":0,""call_publications_replayed"":0}"
build/bench/cloud-principal-graphs/component-sources/direct-128-valid.blot,43226289c837f680485587acdc8a22897d59612db85b728d777f228185c1567c,baseline,"[6058,6143,6151,6206,6367,6377,6411,6444,6449,6646,6657,7261,7604,7638,8057]","[6327,6425,6493,6601,6655,6688,6692,6711,6759,6961,7035,7621,8011,8140,8449]","[4429557,4429557,4429557,4429557,4429557,4429557,4429557,4429557,4429557,4429557,4429557,4429557,4429557,4429557,4429557]","[1073651,1073651,1073651,1073651,1073651,1073651,1073651,1073651,1073651,1073651,1073651,1073651,1073651,1073651,1073651]","{""semantic_component_batches"":0,""semantic_component_jobs"":0,""max_semantic_component_workers"":0,""inference_regions"":259,""canonical_specialization_queries"":0,""canonical_specialization_hits"":0,""solver_requested_bytes"":449576,""solver_allocations"":1704,""scratch_requested_bytes"":548572,""scratch_allocations"":2017,""max_solver_live_bytes"":90692,""max_scratch_live_bytes"":109724,""evidence_import_solver_bytes"":0,""evidence_import_scratch_bytes"":128,""snapshot_copy_bytes"":0,""snapshot_copy_allocations"":0,""principal_copy_buffer_bytes"":0,""principal_copy_buffer_allocations"":0,""frozen_capture_temporary_bytes"":0,""frozen_capture_published_bytes"":0,""frozen_edge_scratch_bytes"":0,""region_scopes"":641,""max_region_scopes"":255,""call_collections_closed"":127,""call_collections_unresolved"":0,""call_memo_hits"":129,""solver_passes"":390,""solver_constraint_visits"":385,""occurs_steps"":0}",null,"{""persisted_requests"":0,""persisted_hits"":0,""persisted_nonempty_hits"":0,""persisted_call_proofs"":0,""persisted_declines"":0,""projected_empty_hits"":0,""projected_empty_declines"":0,""input_image_checks"":0,""dependency_validations"":0,""reused_dependency_validations"":0,""graph_importers_initialized"":0,""graph_importers_prepared"":0,""empty_hits"":0,""primitive_hits"":0,""primitive_fallbacks"":0,""primitive_key_declined"":0,""nonempty_requests"":0,""requests"":0,""fresh_unit_requests"":0,""fresh_unit_hits"":0,""hits"":0,""changed_or_unsupported"":0,""missing"":0,""evidence_declined"":0,""options_declined"":0,""captured"":0,""fresh_regions"":0,""call_publications_replayed"":0}"
build/bench/cloud-principal-graphs/component-sources/direct-128-valid.blot,43226289c837f680485587acdc8a22897d59612db85b728d777f228185c1567c,default,"[5916,6015,6046,6102,6110,6459,6474,6787,6809,6960,7051,7362,7397,7444,57140]","[6146,6296,6382,6442,6444,6775,6817,7067,7104,7274,7353,7680,7688,7900,59617]","[4429557,4429557,4429557,4429557,4429557,4429557,4429557,4429557,4429557,4429557,4429557,4429557,4429557,4429557,4429557]","[1073651,1073651,1073651,1073651,1073651,1073651,1073651,1073651,1073651,1073651,1073651,1073651,1073651,1073651,1073651]","{""semantic_component_batches"":0,""semantic_component_jobs"":0,""max_semantic_component_workers"":0,""inference_regions"":259,""canonical_specialization_queries"":0,""canonical_specialization_hits"":0,""solver_requested_bytes"":449576,""solver_allocations"":1704,""scratch_requested_bytes"":548572,""scratch_allocations"":2017,""max_solver_live_bytes"":90692,""max_scratch_live_bytes"":109724,""evidence_import_solver_bytes"":0,""evidence_import_scratch_bytes"":128,""snapshot_copy_bytes"":0,""snapshot_copy_allocations"":0,""principal_copy_buffer_bytes"":0,""principal_copy_buffer_allocations"":0,""frozen_capture_temporary_bytes"":0,""frozen_capture_published_bytes"":0,""frozen_edge_scratch_bytes"":0,""region_scopes"":641,""max_region_scopes"":255,""call_collections_closed"":127,""call_collections_unresolved"":0,""call_memo_hits"":129,""solver_passes"":390,""solver_constraint_visits"":385,""occurs_steps"":0}",null,"{""persisted_requests"":0,""persisted_hits"":0,""persisted_nonempty_hits"":0,""persisted_call_proofs"":0,""persisted_declines"":0,""projected_empty_hits"":0,""projected_empty_declines"":0,""input_image_checks"":0,""dependency_validations"":0,""reused_dependency_validations"":0,""graph_importers_initialized"":0,""graph_importers_prepared"":0,""empty_hits"":0,""primitive_hits"":0,""primitive_fallbacks"":0,""primitive_key_declined"":0,""nonempty_requests"":0,""requests"":0,""fresh_unit_requests"":0,""fresh_unit_hits"":0,""hits"":0,""changed_or_unsupported"":0,""missing"":0,""evidence_declined"":0,""options_declined"":0,""captured"":0,""fresh_regions"":0,""call_publications_replayed"":0}"
build/bench/cloud-principal-graphs/component-sources/callback-128-valid.blot,3ab5190808483b2fdfe339d18c20f500a2384ad7956091ca053007858f44adf2,baseline,"[8332,8422,8449,8527,8642,8676,9025,9310,9391,9452,9611,10038,10660,11030,12970]","[8673,8721,8819,8830,9082,9276,9635,9753,9755,9756,9976,10313,11003,11337,13404]","[5551019,5551019,5551019,5551019,5551019,5551019,5551019,5551019,5551019,5551019,5551019,5551019,5551019,5551019,5551019]","[1503438,1503438,1503438,1503438,1503438,1503438,1503438,1503438,1503438,1503438,1503438,1503438,1503438,1503438,1503438]","{""semantic_component_batches"":0,""semantic_component_jobs"":0,""max_semantic_component_workers"":0,""inference_regions"":262,""canonical_specialization_queries"":0,""canonical_specialization_hits"":0,""solver_requested_bytes"":867408,""solver_allocations"":2517,""scratch_requested_bytes"":952156,""scratch_allocations"":3336,""max_solver_live_bytes"":211756,""max_scratch_live_bytes"":213772,""evidence_import_solver_bytes"":0,""evidence_import_scratch_bytes"":512,""snapshot_copy_bytes"":0,""snapshot_copy_allocations"":0,""principal_copy_buffer_bytes"":0,""principal_copy_buffer_allocations"":0,""frozen_capture_temporary_bytes"":0,""frozen_capture_published_bytes"":0,""frozen_edge_scratch_bytes"":0,""region_scopes"":772,""max_region_scopes"":255,""call_collections_closed"":127,""call_collections_unresolved"":0,""call_memo_hits"":384,""solver_passes"":396,""solver_constraint_visits"":1150,""occurs_steps"":262}",null,"{""persisted_requests"":0,""persisted_hits"":0,""persisted_nonempty_hits"":0,""persisted_call_proofs"":0,""persisted_declines"":0,""projected_empty_hits"":0,""projected_empty_declines"":0,""input_image_checks"":0,""dependency_validations"":0,""reused_dependency_validations"":0,""graph_importers_initialized"":0,""graph_importers_prepared"":0,""empty_hits"":0,""primitive_hits"":0,""primitive_fallbacks"":0,""primitive_key_declined"":0,""nonempty_requests"":0,""requests"":0,""fresh_unit_requests"":0,""fresh_unit_hits"":0,""hits"":0,""changed_or_unsupported"":0,""missing"":0,""evidence_declined"":0,""options_declined"":0,""captured"":0,""fresh_regions"":0,""call_publications_replayed"":0}"
build/bench/cloud-principal-graphs/component-sources/callback-128-valid.blot,3ab5190808483b2fdfe339d18c20f500a2384ad7956091ca053007858f44adf2,default,"[8246,8439,8541,8778,8823,8909,9018,9019,9328,9566,9773,9777,10000,10445,10495]","[8471,8762,8890,9057,9106,9161,9350,9423,9625,9959,10051,10224,10265,10742,10772]","[5551019,5551019,5551019,5551019,5551019,5551019,5551019,5551019,5551019,5551019,5551019,5551019,5551019,5551019,5551019]","[1503438,1503438,1503438,1503438,1503438,1503438,1503438,1503438,1503438,1503438,1503438,1503438,1503438,1503438,1503438]","{""semantic_component_batches"":0,""semantic_component_jobs"":0,""max_semantic_component_workers"":0,""inference_regions"":262,""canonical_specialization_queries"":0,""canonical_specialization_hits"":0,""solver_requested_bytes"":867408,""solver_allocations"":2517,""scratch_requested_bytes"":952156,""scratch_allocations"":3336,""max_solver_live_bytes"":211756,""max_scratch_live_bytes"":213772,""evidence_import_solver_bytes"":0,""evidence_import_scratch_bytes"":512,""snapshot_copy_bytes"":0,""snapshot_copy_allocations"":0,""principal_copy_buffer_bytes"":0,""principal_copy_buffer_allocations"":0,""frozen_capture_temporary_bytes"":0,""frozen_capture_published_bytes"":0,""frozen_edge_scratch_bytes"":0,""region_scopes"":772,""max_region_scopes"":255,""call_collections_closed"":127,""call_collections_unresolved"":0,""call_memo_hits"":384,""solver_passes"":396,""solver_constraint_visits"":1150,""occurs_steps"":262}",null,"{""persisted_requests"":0,""persisted_hits"":0,""persisted_nonempty_hits"":0,""persisted_call_proofs"":0,""persisted_declines"":0,""projected_empty_hits"":0,""projected_empty_declines"":0,""input_image_checks"":0,""dependency_validations"":0,""reused_dependency_validations"":0,""graph_importers_initialized"":0,""graph_importers_prepared"":0,""empty_hits"":0,""primitive_hits"":0,""primitive_fallbacks"":0,""primitive_key_declined"":0,""nonempty_requests"":0,""requests"":0,""fresh_unit_requests"":0,""fresh_unit_hits"":0,""hits"":0,""changed_or_unsupported"":0,""missing"":0,""evidence_declined"":0,""options_declined"":0,""captured"":0,""fresh_regions"":0,""call_publications_replayed"":0}"
build/bench/cloud-principal-graphs/component-sources/diamond-128-valid.blot,72e16908893226eb28e34fdbe1041ecaafa11b1cd9d61270071808d88b625055,baseline,"[25859,26198,26271,27369,27377,28314,28520,28572,28716,30602,30868,31972,32800,35801,44605]","[26250,26536,26603,27786,27830,28685,28875,28915,30954,31220,31231,32654,33176,36207,44965]","[13246562,13246562,13246562,13246562,13246562,13246562,13246562,13246562,13246562,13246562,13246562,13246562,13246562,13246562,13246562]","[2876771,2876771,2876771,2876771,2876771,2876771,2876771,2876771,2876771,2876771,2876771,2876771,2876771,2876771,2876771]","{""semantic_component_batches"":0,""semantic_component_jobs"":0,""max_semantic_component_workers"":0,""inference_regions"":647,""canonical_specialization_queries"":0,""canonical_specialization_hits"":0,""solver_requested_bytes"":2619872,""solver_allocations"":4377,""scratch_requested_bytes"":4542604,""scratch_allocations"":5175,""max_solver_live_bytes"":226084,""max_scratch_live_bytes"":339872,""evidence_import_solver_bytes"":0,""evidence_import_scratch_bytes"":0,""snapshot_copy_bytes"":0,""snapshot_copy_allocations"":0,""principal_copy_buffer_bytes"":0,""principal_copy_buffer_allocations"":0,""frozen_capture_temporary_bytes"":0,""frozen_capture_published_bytes"":0,""frozen_edge_scratch_bytes"":0,""region_scopes"":4097,""max_region_scopes"":766,""call_collections_closed"":2044,""call_collections_unresolved"":0,""call_memo_hits"":1164,""solver_passes"":919,""solver_constraint_visits"":4418,""occurs_steps"":0}",null,"{""persisted_requests"":0,""persisted_hits"":0,""persisted_nonempty_hits"":0,""persisted_call_proofs"":0,""persisted_declines"":0,""projected_empty_hits"":0,""projected_empty_declines"":0,""input_image_checks"":0,""dependency_validations"":0,""reused_dependency_validations"":0,""graph_importers_initialized"":0,""graph_importers_prepared"":0,""empty_hits"":0,""primitive_hits"":0,""primitive_fallbacks"":0,""primitive_key_declined"":0,""nonempty_requests"":0,""requests"":0,""fresh_unit_requests"":0,""fresh_unit_hits"":0,""hits"":0,""changed_or_unsupported"":0,""missing"":0,""evidence_declined"":0,""options_declined"":0,""captured"":0,""fresh_regions"":0,""call_publications_replayed"":0}"
build/bench/cloud-principal-graphs/component-sources/diamond-128-valid.blot,72e16908893226eb28e34fdbe1041ecaafa11b1cd9d61270071808d88b625055,default,"[25355,26630,26800,26875,27079,27350,27388,27888,29438,29562,29747,29955,30566,31621,33364]","[25725,26957,27244,27379,27408,27680,27768,28233,29886,29963,30234,30319,30927,32031,33696]","[13246562,13246562,13246562,13246562,13246562,13246562,13246562,13246562,13246562,13246562,13246562,13246562,13246562,13246562,13246562]","[2876771,2876771,2876771,2876771,2876771,2876771,2876771,2876771,2876771,2876771,2876771,2876771,2876771,2876771,2876771]","{""semantic_component_batches"":0,""semantic_component_jobs"":0,""max_semantic_component_workers"":0,""inference_regions"":647,""canonical_specialization_queries"":0,""canonical_specialization_hits"":0,""solver_requested_bytes"":2619872,""solver_allocations"":4377,""scratch_requested_bytes"":4542604,""scratch_allocations"":5175,""max_solver_live_bytes"":226084,""max_scratch_live_bytes"":339872,""evidence_import_solver_bytes"":0,""evidence_import_scratch_bytes"":0,""snapshot_copy_bytes"":0,""snapshot_copy_allocations"":0,""principal_copy_buffer_bytes"":0,""principal_copy_buffer_allocations"":0,""frozen_capture_temporary_bytes"":0,""frozen_capture_published_bytes"":0,""frozen_edge_scratch_bytes"":0,""region_scopes"":4097,""max_region_scopes"":766,""call_collections_closed"":2044,""call_collections_unresolved"":0,""call_memo_hits"":1164,""solver_passes"":919,""solver_constraint_visits"":4418,""occurs_steps"":0}",null,"{""persisted_requests"":0,""persisted_hits"":0,""persisted_nonempty_hits"":0,""persisted_call_proofs"":0,""persisted_declines"":0,""projected_empty_hits"":0,""projected_empty_declines"":0,""input_image_checks"":0,""dependency_validations"":0,""reused_dependency_validations"":0,""graph_importers_initialized"":0,""graph_importers_prepared"":0,""empty_hits"":0,""primitive_hits"":0,""primitive_fallbacks"":0,""primitive_key_declined"":0,""nonempty_requests"":0,""requests"":0,""fresh_unit_requests"":0,""fresh_unit_hits"":0,""hits"":0,""changed_or_unsupported"":0,""missing"":0,""evidence_declined"":0,""options_declined"":0,""captured"":0,""fresh_regions"":0,""call_publications_replayed"":0}"
build/bench/cloud-principal-graphs/component-sources/forward-generic-300-valid.blot,91cb83d5909281b036cb2e29b6db31567767ad9145e1d079152b4c9d27a33c4f,baseline,"[8933,9090,9350,9415,9429,9443,9610,9794,9902,10736,11421,11440,11772,11909,12184]","[9216,9380,9683,9712,9768,9817,9945,10147,10256,11209,11811,11857,12226,12388,12516]","[6893214,6893214,6893214,6893214,6893214,6893214,6893214,6893214,6893214,6893214,6893214,6893214,6893214,6893214,6893214]","[2428603,2428603,2428603,2428603,2428603,2428603,2428603,2428603,2428603,2428603,2428603,2428603,2428603,2428603,2428603]","{""semantic_component_batches"":0,""semantic_component_jobs"":0,""max_semantic_component_workers"":0,""inference_regions"":604,""canonical_specialization_queries"":0,""canonical_specialization_hits"":0,""solver_requested_bytes"":1097700,""solver_allocations"":6637,""scratch_requested_bytes"":858068,""scratch_allocations"":5431,""max_solver_live_bytes"":1820,""max_scratch_live_bytes"":1816,""evidence_import_solver_bytes"":0,""evidence_import_scratch_bytes"":38528,""snapshot_copy_bytes"":0,""snapshot_copy_allocations"":0,""principal_copy_buffer_bytes"":0,""principal_copy_buffer_allocations"":0,""frozen_capture_temporary_bytes"":0,""frozen_capture_published_bytes"":0,""frozen_edge_scratch_bytes"":0,""region_scopes"":905,""max_region_scopes"":2,""call_collections_closed"":0,""call_collections_unresolved"":0,""call_memo_hits"":301,""solver_passes"":1507,""solver_constraint_visits"":903,""occurs_steps"":903}",null,"{""persisted_requests"":0,""persisted_hits"":0,""persisted_nonempty_hits"":0,""persisted_call_proofs"":0,""persisted_declines"":0,""projected_empty_hits"":0,""projected_empty_declines"":0,""input_image_checks"":0,""dependency_validations"":0,""reused_dependency_validations"":0,""graph_importers_initialized"":0,""graph_importers_prepared"":0,""empty_hits"":0,""primitive_hits"":0,""primitive_fallbacks"":0,""primitive_key_declined"":0,""nonempty_requests"":0,""requests"":0,""fresh_unit_requests"":0,""fresh_unit_hits"":0,""hits"":0,""changed_or_unsupported"":0,""missing"":0,""evidence_declined"":0,""options_declined"":0,""captured"":0,""fresh_regions"":0,""call_publications_replayed"":0}"
build/bench/cloud-principal-graphs/component-sources/forward-generic-300-valid.blot,91cb83d5909281b036cb2e29b6db31567767ad9145e1d079152b4c9d27a33c4f,default,"[8932,9276,9323,9335,9358,9389,9515,9658,9991,10372,10456,10763,11513,13539,14071]","[9353,9595,9613,9633,9705,9790,9890,9965,10377,10711,10786,11151,11787,14469,14524]","[6893214,6893214,6893214,6893214,6893214,6893214,6893214,6893214,6893214,6893214,6893214,6893214,6893214,6893214,6893214]","[2428603,2428603,2428603,2428603,2428603,2428603,2428603,2428603,2428603,2428603,2428603,2428603,2428603,2428603,2428603]","{""semantic_component_batches"":0,""semantic_component_jobs"":0,""max_semantic_component_workers"":0,""inference_regions"":604,""canonical_specialization_queries"":0,""canonical_specialization_hits"":0,""solver_requested_bytes"":1097700,""solver_allocations"":6637,""scratch_requested_bytes"":858068,""scratch_allocations"":5431,""max_solver_live_bytes"":1820,""max_scratch_live_bytes"":1816,""evidence_import_solver_bytes"":0,""evidence_import_scratch_bytes"":38528,""snapshot_copy_bytes"":0,""snapshot_copy_allocations"":0,""principal_copy_buffer_bytes"":0,""principal_copy_buffer_allocations"":0,""frozen_capture_temporary_bytes"":0,""frozen_capture_published_bytes"":0,""frozen_edge_scratch_bytes"":0,""region_scopes"":905,""max_region_scopes"":2,""call_collections_closed"":0,""call_collections_unresolved"":0,""call_memo_hits"":301,""solver_passes"":1507,""solver_constraint_visits"":903,""occurs_steps"":903}",null,"{""persisted_requests"":0,""persisted_hits"":0,""persisted_nonempty_hits"":0,""persisted_call_proofs"":0,""persisted_declines"":0,""projected_empty_hits"":0,""projected_empty_declines"":0,""input_image_checks"":0,""dependency_validations"":0,""reused_dependency_validations"":0,""graph_importers_initialized"":0,""graph_importers_prepared"":0,""empty_hits"":0,""primitive_hits"":0,""primitive_fallbacks"":0,""primitive_key_declined"":0,""nonempty_requests"":0,""requests"":0,""fresh_unit_requests"":0,""fresh_unit_hits"":0,""hits"":0,""changed_or_unsupported"":0,""missing"":0,""evidence_declined"":0,""options_declined"":0,""captured"":0,""fresh_regions"":0,""call_publications_replayed"":0}"
build/bench/cloud-principal-graphs/component-sources/forward-mono-300-valid.blot,77a373a73d6b8f0e64b6ff72761b9eb25726001f8b1d4e128f28deba0b654414,baseline,"[7934,7981,8061,8145,8272,8494,8797,9475,9622,10182,10319,10841,11359,12763,16873]","[8235,8247,8358,8429,8582,9170,9327,9794,9980,10524,10703,11298,11755,13126,17218]","[6398657,6398657,6398657,6398657,6398657,6398657,6398657,6398657,6398657,6398657,6398657,6398657,6398657,6398657,6398657]","[2397874,2397874,2397874,2397874,2397874,2397874,2397874,2397874,2397874,2397874,2397874,2397874,2397874,2397874,2397874]","{""semantic_component_batches"":0,""semantic_component_jobs"":0,""max_semantic_component_workers"":0,""inference_regions"":604,""canonical_specialization_queries"":0,""canonical_specialization_hits"":0,""solver_requested_bytes"":688104,""solver_allocations"":3924,""scratch_requested_bytes"":817000,""scratch_allocations"":4828,""max_solver_live_bytes"":1224,""max_scratch_live_bytes"":1816,""evidence_import_solver_bytes"":0,""evidence_import_scratch_bytes"":38528,""snapshot_copy_bytes"":0,""snapshot_copy_allocations"":0,""principal_copy_buffer_bytes"":0,""principal_copy_buffer_allocations"":0,""frozen_capture_temporary_bytes"":0,""frozen_capture_published_bytes"":0,""frozen_edge_scratch_bytes"":0,""region_scopes"":905,""max_region_scopes"":2,""call_collections_closed"":0,""call_collections_unresolved"":0,""call_memo_hits"":301,""solver_passes"":1507,""solver_constraint_visits"":903,""occurs_steps"":0}",null,"{""persisted_requests"":0,""persisted_hits"":0,""persisted_nonempty_hits"":0,""persisted_call_proofs"":0,""persisted_declines"":0,""projected_empty_hits"":0,""projected_empty_declines"":0,""input_image_checks"":0,""dependency_validations"":0,""reused_dependency_validations"":0,""graph_importers_initialized"":0,""graph_importers_prepared"":0,""empty_hits"":0,""primitive_hits"":0,""primitive_fallbacks"":0,""primitive_key_declined"":0,""nonempty_requests"":0,""requests"":0,""fresh_unit_requests"":0,""fresh_unit_hits"":0,""hits"":0,""changed_or_unsupported"":0,""missing"":0,""evidence_declined"":0,""options_declined"":0,""captured"":0,""fresh_regions"":0,""call_publications_replayed"":0}"
build/bench/cloud-principal-graphs/component-sources/forward-mono-300-valid.blot,77a373a73d6b8f0e64b6ff72761b9eb25726001f8b1d4e128f28deba0b654414,default,"[7783,8412,8539,8604,8727,8795,8854,8867,8874,9494,10106,10120,11393,11653,18605]","[8396,8786,9057,9103,9103,9168,9176,9208,9273,9747,10528,10583,11722,12017,19000]","[6398657,6398657,6398657,6398657,6398657,6398657,6398657,6398657,6398657,6398657,6398657,6398657,6398657,6398657,6398657]","[2397874,2397874,2397874,2397874,2397874,2397874,2397874,2397874,2397874,2397874,2397874,2397874,2397874,2397874,2397874]","{""semantic_component_batches"":0,""semantic_component_jobs"":0,""max_semantic_component_workers"":0,""inference_regions"":604,""canonical_specialization_queries"":0,""canonical_specialization_hits"":0,""solver_requested_bytes"":688104,""solver_allocations"":3924,""scratch_requested_bytes"":817000,""scratch_allocations"":4828,""max_solver_live_bytes"":1224,""max_scratch_live_bytes"":1816,""evidence_import_solver_bytes"":0,""evidence_import_scratch_bytes"":38528,""snapshot_copy_bytes"":0,""snapshot_copy_allocations"":0,""principal_copy_buffer_bytes"":0,""principal_copy_buffer_allocations"":0,""frozen_capture_temporary_bytes"":0,""frozen_capture_published_bytes"":0,""frozen_edge_scratch_bytes"":0,""region_scopes"":905,""max_region_scopes"":2,""call_collections_closed"":0,""call_collections_unresolved"":0,""call_memo_hits"":301,""solver_passes"":1507,""solver_constraint_visits"":903,""occurs_steps"":0}",null,"{""persisted_requests"":0,""persisted_hits"":0,""persisted_nonempty_hits"":0,""persisted_call_proofs"":0,""persisted_declines"":0,""projected_empty_hits"":0,""projected_empty_declines"":0,""input_image_checks"":0,""dependency_validations"":0,""reused_dependency_validations"":0,""graph_importers_initialized"":0,""graph_importers_prepared"":0,""empty_hits"":0,""primitive_hits"":0,""primitive_fallbacks"":0,""primitive_key_declined"":0,""nonempty_requests"":0,""requests"":0,""fresh_unit_requests"":0,""fresh_unit_hits"":0,""hits"":0,""changed_or_unsupported"":0,""missing"":0,""evidence_declined"":0,""options_declined"":0,""captured"":0,""fresh_regions"":0,""call_publications_replayed"":0}"
build/bench/cloud-principal-graphs/component-sources/forward-generic-1000-valid.blot,4bfa4c02779491bfd1268a4064bda951a7a3cc1c1aea2f667152dee2ac599bfe,baseline,"[35336,36314,36728,37875,38156,39397,39987,41123,41495,42739,42974,43249,45381,46444,47318]","[35691,36635,37088,38415,38531,39699,40368,41565,42308,43321,43735,44647,45796,46901,47700]","[21833739,21833739,21833739,21833739,21833739,21833739,21833739,21833739,21833739,21833739,21833739,21833739,21833739,21833739,21833739]","[8072264,8072264,8072264,8072264,8072264,8072264,8072264,8072264,8072264,8072264,8072264,8072264,8072264,8072264,8072264]","{""semantic_component_batches"":0,""semantic_component_jobs"":0,""max_semantic_component_workers"":0,""inference_regions"":2004,""canonical_specialization_queries"":0,""canonical_specialization_hits"":0,""solver_requested_bytes"":3645700,""solver_allocations"":22037,""scratch_requested_bytes"":2848868,""scratch_allocations"":18031,""max_solver_live_bytes"":1820,""max_scratch_live_bytes"":1816,""evidence_import_solver_bytes"":0,""evidence_import_scratch_bytes"":128128,""snapshot_copy_bytes"":0,""snapshot_copy_allocations"":0,""principal_copy_buffer_bytes"":0,""principal_copy_buffer_allocations"":0,""frozen_capture_temporary_bytes"":0,""frozen_capture_published_bytes"":0,""frozen_edge_scratch_bytes"":0,""region_scopes"":3005,""max_region_scopes"":2,""call_collections_closed"":0,""call_collections_unresolved"":0,""call_memo_hits"":1001,""solver_passes"":5007,""solver_constraint_visits"":3003,""occurs_steps"":3003}",null,"{""persisted_requests"":0,""persisted_hits"":0,""persisted_nonempty_hits"":0,""persisted_call_proofs"":0,""persisted_declines"":0,""projected_empty_hits"":0,""projected_empty_declines"":0,""input_image_checks"":0,""dependency_validations"":0,""reused_dependency_validations"":0,""graph_importers_initialized"":0,""graph_importers_prepared"":0,""empty_hits"":0,""primitive_hits"":0,""primitive_fallbacks"":0,""primitive_key_declined"":0,""nonempty_requests"":0,""requests"":0,""fresh_unit_requests"":0,""fresh_unit_hits"":0,""hits"":0,""changed_or_unsupported"":0,""missing"":0,""evidence_declined"":0,""options_declined"":0,""captured"":0,""fresh_regions"":0,""call_publications_replayed"":0}"
build/bench/cloud-principal-graphs/component-sources/forward-generic-1000-valid.blot,4bfa4c02779491bfd1268a4064bda951a7a3cc1c1aea2f667152dee2ac599bfe,default,"[34655,35061,35518,36091,36963,38053,38056,39299,39311,39326,40851,41061,41095,43219,46334]","[35188,35490,35905,36518,37408,38451,38593,39659,39670,39672,41245,41497,41602,43723,47153]","[21833739,21833739,21833739,21833739,21833739,21833739,21833739,21833739,21833739,21833739,21833739,21833739,21833739,21833739,21833739]","[8072264,8072264,8072264,8072264,8072264,8072264,8072264,8072264,8072264,8072264,8072264,8072264,8072264,8072264,8072264]","{""semantic_component_batches"":0,""semantic_component_jobs"":0,""max_semantic_component_workers"":0,""inference_regions"":2004,""canonical_specialization_queries"":0,""canonical_specialization_hits"":0,""solver_requested_bytes"":3645700,""solver_allocations"":22037,""scratch_requested_bytes"":2848868,""scratch_allocations"":18031,""max_solver_live_bytes"":1820,""max_scratch_live_bytes"":1816,""evidence_import_solver_bytes"":0,""evidence_import_scratch_bytes"":128128,""snapshot_copy_bytes"":0,""snapshot_copy_allocations"":0,""principal_copy_buffer_bytes"":0,""principal_copy_buffer_allocations"":0,""frozen_capture_temporary_bytes"":0,""frozen_capture_published_bytes"":0,""frozen_edge_scratch_bytes"":0,""region_scopes"":3005,""max_region_scopes"":2,""call_collections_closed"":0,""call_collections_unresolved"":0,""call_memo_hits"":1001,""solver_passes"":5007,""solver_constraint_visits"":3003,""occurs_steps"":3003}",null,"{""persisted_requests"":0,""persisted_hits"":0,""persisted_nonempty_hits"":0,""persisted_call_proofs"":0,""persisted_declines"":0,""projected_empty_hits"":0,""projected_empty_declines"":0,""input_image_checks"":0,""dependency_validations"":0,""reused_dependency_validations"":0,""graph_importers_initialized"":0,""graph_importers_prepared"":0,""empty_hits"":0,""primitive_hits"":0,""primitive_fallbacks"":0,""primitive_key_declined"":0,""nonempty_requests"":0,""requests"":0,""fresh_unit_requests"":0,""fresh_unit_hits"":0,""hits"":0,""changed_or_unsupported"":0,""missing"":0,""evidence_declined"":0,""options_declined"":0,""captured"":0,""fresh_regions"":0,""call_publications_replayed"":0}"
build/bench/cloud-principal-graphs/component-sources/forward-mono-1000-valid.blot,bfca0964080a805fa74c91c8423075fff710c09b3fc1d587e9b8dc23df8bfe31,baseline,"[31286,31481,32058,32355,32766,32954,33017,33233,33619,33785,35243,37167,37176,38355,39175]","[31716,31813,32421,32704,33167,33464,33505,33631,34011,34133,35592,37541,37584,38734,39619]","[19763315,19763315,19763315,19763315,19763315,19763315,19763315,19763315,19763315,19763315,19763315,19763315,19763315,19763315,19763315]","[8004130,8004130,8004130,8004130,8004130,8004130,8004130,8004130,8004130,8004130,8004130,8004130,8004130,8004130,8004130]","{""semantic_component_batches"":0,""semantic_component_jobs"":0,""max_semantic_component_workers"":0,""inference_regions"":2004,""canonical_specialization_queries"":0,""canonical_specialization_hits"":0,""solver_requested_bytes"":2284104,""solver_allocations"":13024,""scratch_requested_bytes"":2712600,""scratch_allocations"":16028,""max_solver_live_bytes"":1224,""max_scratch_live_bytes"":1816,""evidence_import_solver_bytes"":0,""evidence_import_scratch_bytes"":128128,""snapshot_copy_bytes"":0,""snapshot_copy_allocations"":0,""principal_copy_buffer_bytes"":0,""principal_copy_buffer_allocations"":0,""frozen_capture_temporary_bytes"":0,""frozen_capture_published_bytes"":0,""frozen_edge_scratch_bytes"":0,""region_scopes"":3005,""max_region_scopes"":2,""call_collections_closed"":0,""call_collections_unresolved"":0,""call_memo_hits"":1001,""solver_passes"":5007,""solver_constraint_visits"":3003,""occurs_steps"":0}",null,"{""persisted_requests"":0,""persisted_hits"":0,""persisted_nonempty_hits"":0,""persisted_call_proofs"":0,""persisted_declines"":0,""projected_empty_hits"":0,""projected_empty_declines"":0,""input_image_checks"":0,""dependency_validations"":0,""reused_dependency_validations"":0,""graph_importers_initialized"":0,""graph_importers_prepared"":0,""empty_hits"":0,""primitive_hits"":0,""primitive_fallbacks"":0,""primitive_key_declined"":0,""nonempty_requests"":0,""requests"":0,""fresh_unit_requests"":0,""fresh_unit_hits"":0,""hits"":0,""changed_or_unsupported"":0,""missing"":0,""evidence_declined"":0,""options_declined"":0,""captured"":0,""fresh_regions"":0,""call_publications_replayed"":0}"
build/bench/cloud-principal-graphs/component-sources/forward-mono-1000-valid.blot,bfca0964080a805fa74c91c8423075fff710c09b3fc1d587e9b8dc23df8bfe31,default,"[30763,31347,32032,32478,32641,33182,33253,34339,35404,35723,36366,36595,37248,37966,41141]","[31102,31715,32389,32860,33123,33548,33672,34719,35840,36126,36766,37627,38326,38585,41612]","[19763315,19763315,19763315,19763315,19763315,19763315,19763315,19763315,19763315,19763315,19763315,19763315,19763315,19763315,19763315]","[8004130,8004130,8004130,8004130,8004130,8004130,8004130,8004130,8004130,8004130,8004130,8004130,8004130,8004130,8004130]","{""semantic_component_batches"":0,""semantic_component_jobs"":0,""max_semantic_component_workers"":0,""inference_regions"":2004,""canonical_specialization_queries"":0,""canonical_specialization_hits"":0,""solver_requested_bytes"":2284104,""solver_allocations"":13024,""scratch_requested_bytes"":2712600,""scratch_allocations"":16028,""max_solver_live_bytes"":1224,""max_scratch_live_bytes"":1816,""evidence_import_solver_bytes"":0,""evidence_import_scratch_bytes"":128128,""snapshot_copy_bytes"":0,""snapshot_copy_allocations"":0,""principal_copy_buffer_bytes"":0,""principal_copy_buffer_allocations"":0,""frozen_capture_temporary_bytes"":0,""frozen_capture_published_bytes"":0,""frozen_edge_scratch_bytes"":0,""region_scopes"":3005,""max_region_scopes"":2,""call_collections_closed"":0,""call_collections_unresolved"":0,""call_memo_hits"":1001,""solver_passes"":5007,""solver_constraint_visits"":3003,""occurs_steps"":0}",null,"{""persisted_requests"":0,""persisted_hits"":0,""persisted_nonempty_hits"":0,""persisted_call_proofs"":0,""persisted_declines"":0,""projected_empty_hits"":0,""projected_empty_declines"":0,""input_image_checks"":0,""dependency_validations"":0,""reused_dependency_validations"":0,""graph_importers_initialized"":0,""graph_importers_prepared"":0,""empty_hits"":0,""primitive_hits"":0,""primitive_fallbacks"":0,""primitive_key_declined"":0,""nonempty_requests"":0,""requests"":0,""fresh_unit_requests"":0,""fresh_unit_hits"":0,""hits"":0,""changed_or_unsupported"":0,""missing"":0,""evidence_declined"":0,""options_declined"":0,""captured"":0,""fresh_regions"":0,""call_publications_replayed"":0}"
build/bench/cloud-principal-graphs/component-sources/late-method-valid.blot,5f74e53af283a6c1e7b8ee7e145f5cee1f5aea01d3031112c70f7085c95df83e,baseline,"[1092,1110,1164,1192,1212,1233,1267,1291,1305,1305,1399,1411,1500,1689,1981]","[1359,1372,1442,1469,1509,1512,1554,1601,1633,1644,1695,1695,1765,1915,2187]","[225027,225027,225027,225027,225027,225027,225027,225027,225027,225027,225027,225027,225027,225027,225027]","[54097,54097,54097,54097,54097,54097,54097,54097,54097,54097,54097,54097,54097,54097,54097]","{""semantic_component_batches"":0,""semantic_component_jobs"":0,""max_semantic_component_workers"":0,""inference_regions"":9,""canonical_specialization_queries"":0,""canonical_specialization_hits"":0,""solver_requested_bytes"":20984,""solver_allocations"":140,""scratch_requested_bytes"":20192,""scratch_allocations"":116,""max_solver_live_bytes"":3100,""max_scratch_live_bytes"":3028,""evidence_import_solver_bytes"":152,""evidence_import_scratch_bytes"":512,""snapshot_copy_bytes"":0,""snapshot_copy_allocations"":0,""principal_copy_buffer_bytes"":0,""principal_copy_buffer_allocations"":0,""frozen_capture_temporary_bytes"":0,""frozen_capture_published_bytes"":0,""frozen_edge_scratch_bytes"":0,""region_scopes"":17,""max_region_scopes"":3,""call_collections_closed"":0,""call_collections_unresolved"":0,""call_memo_hits"":4,""solver_passes"":23,""solver_constraint_visits"":16,""occurs_steps"":12}",null,"{""persisted_requests"":0,""persisted_hits"":0,""persisted_nonempty_hits"":0,""persisted_call_proofs"":0,""persisted_declines"":0,""projected_empty_hits"":0,""projected_empty_declines"":0,""input_image_checks"":0,""dependency_validations"":0,""reused_dependency_validations"":0,""graph_importers_initialized"":0,""graph_importers_prepared"":0,""empty_hits"":0,""primitive_hits"":0,""primitive_fallbacks"":0,""primitive_key_declined"":0,""nonempty_requests"":0,""requests"":0,""fresh_unit_requests"":0,""fresh_unit_hits"":0,""hits"":0,""changed_or_unsupported"":0,""missing"":0,""evidence_declined"":0,""options_declined"":0,""captured"":0,""fresh_regions"":0,""call_publications_replayed"":0}"
build/bench/cloud-principal-graphs/component-sources/late-method-valid.blot,5f74e53af283a6c1e7b8ee7e145f5cee1f5aea01d3031112c70f7085c95df83e,default,"[1033,1083,1092,1102,1112,1119,1154,1162,1224,1240,1250,1284,1390,1420,1423]","[1301,1308,1311,1314,1325,1341,1372,1461,1465,1519,1521,1640,1695,1711,1793]","[225027,225027,225027,225027,225027,225027,225027,225027,225027,225027,225027,225027,225027,225027,225027]","[54097,54097,54097,54097,54097,54097,54097,54097,54097,54097,54097,54097,54097,54097,54097]","{""semantic_component_batches"":0,""semantic_component_jobs"":0,""max_semantic_component_workers"":0,""inference_regions"":9,""canonical_specialization_queries"":0,""canonical_specialization_hits"":0,""solver_requested_bytes"":20984,""solver_allocations"":140,""scratch_requested_bytes"":20192,""scratch_allocations"":116,""max_solver_live_bytes"":3100,""max_scratch_live_bytes"":3028,""evidence_import_solver_bytes"":152,""evidence_import_scratch_bytes"":512,""snapshot_copy_bytes"":0,""snapshot_copy_allocations"":0,""principal_copy_buffer_bytes"":0,""principal_copy_buffer_allocations"":0,""frozen_capture_temporary_bytes"":0,""frozen_capture_published_bytes"":0,""frozen_edge_scratch_bytes"":0,""region_scopes"":17,""max_region_scopes"":3,""call_collections_closed"":0,""call_collections_unresolved"":0,""call_memo_hits"":4,""solver_passes"":23,""solver_constraint_visits"":16,""occurs_steps"":12}",null,"{""persisted_requests"":0,""persisted_hits"":0,""persisted_nonempty_hits"":0,""persisted_call_proofs"":0,""persisted_declines"":0,""projected_empty_hits"":0,""projected_empty_declines"":0,""input_image_checks"":0,""dependency_validations"":0,""reused_dependency_validations"":0,""graph_importers_initialized"":0,""graph_importers_prepared"":0,""empty_hits"":0,""primitive_hits"":0,""primitive_fallbacks"":0,""primitive_key_declined"":0,""nonempty_requests"":0,""requests"":0,""fresh_unit_requests"":0,""fresh_unit_hits"":0,""hits"":0,""changed_or_unsupported"":0,""missing"":0,""evidence_declined"":0,""options_declined"":0,""captured"":0,""fresh_regions"":0,""call_publications_replayed"":0}"
build/bench/cloud-principal-graphs/component-sources/polymorphic-valid.blot,3869174a53316692617ec006cd6f64856ef3419bcbadaabd64ab9c189127c255,baseline,"[701,719,720,723,743,767,785,792,807,822,876,927,941,978,1365]","[873,893,923,968,969,987,988,991,994,1007,1065,1115,1172,1190,1566]","[105628,105628,105628,105628,105628,105628,105628,105628,105628,105628,105628,105628,105628,105628,105628]","[28565,28565,28565,28565,28565,28565,28565,28565,28565,28565,28565,28565,28565,28565,28565]","{""semantic_component_batches"":0,""semantic_component_jobs"":0,""max_semantic_component_workers"":0,""inference_regions"":8,""canonical_specialization_queries"":0,""canonical_specialization_hits"":0,""solver_requested_bytes"":13960,""solver_allocations"":80,""scratch_requested_bytes"":11360,""scratch_allocations"":74,""max_solver_live_bytes"":2108,""max_scratch_live_bytes"":1824,""evidence_import_solver_bytes"":0,""evidence_import_scratch_bytes"":256,""snapshot_copy_bytes"":0,""snapshot_copy_allocations"":0,""principal_copy_buffer_bytes"":0,""principal_copy_buffer_allocations"":0,""frozen_capture_temporary_bytes"":0,""frozen_capture_published_bytes"":0,""frozen_edge_scratch_bytes"":0,""region_scopes"":10,""max_region_scopes"":2,""call_collections_closed"":0,""call_collections_unresolved"":0,""call_memo_hits"":4,""solver_passes"":14,""solver_constraint_visits"":6,""occurs_steps"":6}",null,"{""persisted_requests"":0,""persisted_hits"":0,""persisted_nonempty_hits"":0,""persisted_call_proofs"":0,""persisted_declines"":0,""projected_empty_hits"":0,""projected_empty_declines"":0,""input_image_checks"":0,""dependency_validations"":0,""reused_dependency_validations"":0,""graph_importers_initialized"":0,""graph_importers_prepared"":0,""empty_hits"":0,""primitive_hits"":0,""primitive_fallbacks"":0,""primitive_key_declined"":0,""nonempty_requests"":0,""requests"":0,""fresh_unit_requests"":0,""fresh_unit_hits"":0,""hits"":0,""changed_or_unsupported"":0,""missing"":0,""evidence_declined"":0,""options_declined"":0,""captured"":0,""fresh_regions"":0,""call_publications_replayed"":0}"
build/bench/cloud-principal-graphs/component-sources/polymorphic-valid.blot,3869174a53316692617ec006cd6f64856ef3419bcbadaabd64ab9c189127c255,default,"[693,708,715,719,746,755,760,786,807,842,886,909,1090,1294,2041]","[899,916,919,937,954,969,970,973,1042,1064,1137,1161,1272,1492,2269]","[105628,105628,105628,105628,105628,105628,105628,105628,105628,105628,105628,105628,105628,105628,105628]","[28565,28565,28565,28565,28565,28565,28565,28565,28565,28565,28565,28565,28565,28565,28565]","{""semantic_component_batches"":0,""semantic_component_jobs"":0,""max_semantic_component_workers"":0,""inference_regions"":8,""canonical_specialization_queries"":0,""canonical_specialization_hits"":0,""solver_requested_bytes"":13960,""solver_allocations"":80,""scratch_requested_bytes"":11360,""scratch_allocations"":74,""max_solver_live_bytes"":2108,""max_scratch_live_bytes"":1824,""evidence_import_solver_bytes"":0,""evidence_import_scratch_bytes"":256,""snapshot_copy_bytes"":0,""snapshot_copy_allocations"":0,""principal_copy_buffer_bytes"":0,""principal_copy_buffer_allocations"":0,""frozen_capture_temporary_bytes"":0,""frozen_capture_published_bytes"":0,""frozen_edge_scratch_bytes"":0,""region_scopes"":10,""max_region_scopes"":2,""call_collections_closed"":0,""call_collections_unresolved"":0,""call_memo_hits"":4,""solver_passes"":14,""solver_constraint_visits"":6,""occurs_steps"":6}",null,"{""persisted_requests"":0,""persisted_hits"":0,""persisted_nonempty_hits"":0,""persisted_call_proofs"":0,""persisted_declines"":0,""projected_empty_hits"":0,""projected_empty_declines"":0,""input_image_checks"":0,""dependency_validations"":0,""reused_dependency_validations"":0,""graph_importers_initialized"":0,""graph_importers_prepared"":0,""empty_hits"":0,""primitive_hits"":0,""primitive_fallbacks"":0,""primitive_key_declined"":0,""nonempty_requests"":0,""requests"":0,""fresh_unit_requests"":0,""fresh_unit_hits"":0,""hits"":0,""changed_or_unsupported"":0,""missing"":0,""evidence_declined"":0,""options_declined"":0,""captured"":0,""fresh_regions"":0,""call_publications_replayed"":0}"
build/bench/cloud-principal-graphs/canonical-sources/boxes-128-valid.blot,14ec0332302990544e6146777482b6ef91be4ce0f226033a593fff6deba103ae,baseline,"[3365,3478,3501,3658,3778,3846,3869,3912,3927,3970,4069,4131,4145,4292,4539]","[3577,3675,3751,3898,4036,4059,4078,4122,4127,4278,4311,4342,4366,4509,4726]","[2678542,2678542,2678542,2678542,2678542,2678542,2678542,2678542,2678542,2678542,2678542,2678542,2678542,2678542,2678542]","[490569,490569,490569,490569,490569,490569,490569,490569,490569,490569,490569,490569,490569,490569,490569]","{""semantic_component_batches"":0,""semantic_component_jobs"":0,""max_semantic_component_workers"":0,""inference_regions"":139,""canonical_specialization_queries"":128,""canonical_specialization_hits"":127,""solver_requested_bytes"":369860,""solver_allocations"":1476,""scratch_requested_bytes"":336636,""scratch_allocations"":2080,""max_solver_live_bytes"":2376,""max_scratch_live_bytes"":2684,""evidence_import_solver_bytes"":668,""evidence_import_scratch_bytes"":17024,""snapshot_copy_bytes"":0,""snapshot_copy_allocations"":0,""principal_copy_buffer_bytes"":3656,""principal_copy_buffer_allocations"":54,""frozen_capture_temporary_bytes"":0,""frozen_capture_published_bytes"":12,""frozen_edge_scratch_bytes"":24,""region_scopes"":147,""max_region_scopes"":5,""call_collections_closed"":1,""call_collections_unresolved"":0,""call_memo_hits"":259,""solver_passes"":276,""solver_constraint_visits"":276,""occurs_steps"":6}",null,"{""persisted_requests"":0,""persisted_hits"":0,""persisted_nonempty_hits"":0,""persisted_call_proofs"":0,""persisted_declines"":0,""projected_empty_hits"":0,""projected_empty_declines"":0,""input_image_checks"":0,""dependency_validations"":0,""reused_dependency_validations"":0,""graph_importers_initialized"":0,""graph_importers_prepared"":0,""empty_hits"":0,""primitive_hits"":0,""primitive_fallbacks"":0,""primitive_key_declined"":0,""nonempty_requests"":0,""requests"":0,""fresh_unit_requests"":0,""fresh_unit_hits"":0,""hits"":0,""changed_or_unsupported"":0,""missing"":0,""evidence_declined"":0,""options_declined"":0,""captured"":0,""fresh_regions"":0,""call_publications_replayed"":0}"
build/bench/cloud-principal-graphs/canonical-sources/boxes-128-valid.blot,14ec0332302990544e6146777482b6ef91be4ce0f226033a593fff6deba103ae,default,"[3391,3398,3411,3553,3593,3713,3763,3806,3820,3828,3926,4133,4498,4787,5640]","[3607,3614,3670,3752,3814,3920,3958,4019,4038,4079,4122,4516,4694,5150,5851]","[2678542,2678542,2678542,2678542,2678542,2678542,2678542,2678542,2678542,2678542,2678542,2678542,2678542,2678542,2678542]","[490569,490569,490569,490569,490569,490569,490569,490569,490569,490569,490569,490569,490569,490569,490569]","{""semantic_component_batches"":0,""semantic_component_jobs"":0,""max_semantic_component_workers"":0,""inference_regions"":139,""canonical_specialization_queries"":128,""canonical_specialization_hits"":127,""solver_requested_bytes"":369860,""solver_allocations"":1476,""scratch_requested_bytes"":336636,""scratch_allocations"":2080,""max_solver_live_bytes"":2376,""max_scratch_live_bytes"":2684,""evidence_import_solver_bytes"":668,""evidence_import_scratch_bytes"":17024,""snapshot_copy_bytes"":0,""snapshot_copy_allocations"":0,""principal_copy_buffer_bytes"":3656,""principal_copy_buffer_allocations"":54,""frozen_capture_temporary_bytes"":0,""frozen_capture_published_bytes"":12,""frozen_edge_scratch_bytes"":24,""region_scopes"":147,""max_region_scopes"":5,""call_collections_closed"":1,""call_collections_unresolved"":0,""call_memo_hits"":259,""solver_passes"":276,""solver_constraint_visits"":276,""occurs_steps"":6}",null,"{""persisted_requests"":0,""persisted_hits"":0,""persisted_nonempty_hits"":0,""persisted_call_proofs"":0,""persisted_declines"":0,""projected_empty_hits"":0,""projected_empty_declines"":0,""input_image_checks"":0,""dependency_validations"":0,""reused_dependency_validations"":0,""graph_importers_initialized"":0,""graph_importers_prepared"":0,""empty_hits"":0,""primitive_hits"":0,""primitive_fallbacks"":0,""primitive_key_declined"":0,""nonempty_requests"":0,""requests"":0,""fresh_unit_requests"":0,""fresh_unit_hits"":0,""hits"":0,""changed_or_unsupported"":0,""missing"":0,""evidence_declined"":0,""options_declined"":0,""captured"":0,""fresh_regions"":0,""call_publications_replayed"":0}"
build/bench/cloud-principal-graphs/canonical-sources/boxes-32-valid.blot,113072c3fd9968bb97b4a870b18fed703b24968016edfcc6949a424e7efbf602,baseline,"[1427,1463,1465,1466,1478,1481,1587,1598,1603,1622,1673,1752,2115,2213,2766]","[1606,1639,1647,1668,1747,1784,1817,1817,1820,1858,1886,1992,2300,2444,3029]","[767146,767146,767146,767146,767146,767146,767146,767146,767146,767146,767146,767146,767146,767146,767146]","[172600,172600,172600,172600,172600,172600,172600,172600,172600,172600,172600,172600,172600,172600,172600]","{""semantic_component_batches"":0,""semantic_component_jobs"":0,""max_semantic_component_workers"":0,""inference_regions"":43,""canonical_specialization_queries"":32,""canonical_specialization_hits"":31,""solver_requested_bytes"":102212,""solver_allocations"":420,""scratch_requested_bytes"":102780,""scratch_allocations"":640,""max_solver_live_bytes"":2376,""max_scratch_live_bytes"":2684,""evidence_import_solver_bytes"":668,""evidence_import_scratch_bytes"":4736,""snapshot_copy_bytes"":0,""snapshot_copy_allocations"":0,""principal_copy_buffer_bytes"":3656,""principal_copy_buffer_allocations"":54,""frozen_capture_temporary_bytes"":0,""frozen_capture_published_bytes"":12,""frozen_edge_scratch_bytes"":24,""region_scopes"":51,""max_region_scopes"":5,""call_collections_closed"":1,""call_collections_unresolved"":0,""call_memo_hits"":67,""solver_passes"":84,""solver_constraint_visits"":84,""occurs_steps"":6}",null,"{""persisted_requests"":0,""persisted_hits"":0,""persisted_nonempty_hits"":0,""persisted_call_proofs"":0,""persisted_declines"":0,""projected_empty_hits"":0,""projected_empty_declines"":0,""input_image_checks"":0,""dependency_validations"":0,""reused_dependency_validations"":0,""graph_importers_initialized"":0,""graph_importers_prepared"":0,""empty_hits"":0,""primitive_hits"":0,""primitive_fallbacks"":0,""primitive_key_declined"":0,""nonempty_requests"":0,""requests"":0,""fresh_unit_requests"":0,""fresh_unit_hits"":0,""hits"":0,""changed_or_unsupported"":0,""missing"":0,""evidence_declined"":0,""options_declined"":0,""captured"":0,""fresh_regions"":0,""call_publications_replayed"":0}"
build/bench/cloud-principal-graphs/canonical-sources/boxes-32-valid.blot,113072c3fd9968bb97b4a870b18fed703b24968016edfcc6949a424e7efbf602,default,"[1419,1423,1448,1470,1550,1564,1566,1604,1632,1718,1730,1740,1914,2358,2836]","[1596,1646,1657,1660,1745,1750,1759,1883,1924,1940,1955,2094,2184,2536,3242]","[767146,767146,767146,767146,767146,767146,767146,767146,767146,767146,767146,767146,767146,767146,767146]","[172600,172600,172600,172600,172600,172600,172600,172600,172600,172600,172600,172600,172600,172600,172600]","{""semantic_component_batches"":0,""semantic_component_jobs"":0,""max_semantic_component_workers"":0,""inference_regions"":43,""canonical_specialization_queries"":32,""canonical_specialization_hits"":31,""solver_requested_bytes"":102212,""solver_allocations"":420,""scratch_requested_bytes"":102780,""scratch_allocations"":640,""max_solver_live_bytes"":2376,""max_scratch_live_bytes"":2684,""evidence_import_solver_bytes"":668,""evidence_import_scratch_bytes"":4736,""snapshot_copy_bytes"":0,""snapshot_copy_allocations"":0,""principal_copy_buffer_bytes"":3656,""principal_copy_buffer_allocations"":54,""frozen_capture_temporary_bytes"":0,""frozen_capture_published_bytes"":12,""frozen_edge_scratch_bytes"":24,""region_scopes"":51,""max_region_scopes"":5,""call_collections_closed"":1,""call_collections_unresolved"":0,""call_memo_hits"":67,""solver_passes"":84,""solver_constraint_visits"":84,""occurs_steps"":6}",null,"{""persisted_requests"":0,""persisted_hits"":0,""persisted_nonempty_hits"":0,""persisted_call_proofs"":0,""persisted_declines"":0,""projected_empty_hits"":0,""projected_empty_declines"":0,""input_image_checks"":0,""dependency_validations"":0,""reused_dependency_validations"":0,""graph_importers_initialized"":0,""graph_importers_prepared"":0,""empty_hits"":0,""primitive_hits"":0,""primitive_fallbacks"":0,""primitive_key_declined"":0,""nonempty_requests"":0,""requests"":0,""fresh_unit_requests"":0,""fresh_unit_hits"":0,""hits"":0,""changed_or_unsupported"":0,""missing"":0,""evidence_declined"":0,""options_declined"":0,""captured"":0,""fresh_regions"":0,""call_publications_replayed"":0}"
build/bench/cloud-principal-graphs/canonical-sources/boxes-8-valid.blot,3e8e1a77a15ba49a548540ad7817939ca7d6428ae76aa9cdc8590d2f242b687b,baseline,"[0,892,915,964,966,994,1017,1021,1024,1036,1059,1091,1192,1212,1254]","[1102,1127,1194,1217,1217,1257,1278,1343,1344,1363,1407,1473,1529,1597,1615]","[310620,310620,310620,310620,310620,310620,310620,310620,310620,310620,310620,310620,310620,310620,310620]","[96796,96796,96796,96796,96796,96796,96796,96796,96796,96796,96796,96796,96796,96796,96796]","{""semantic_component_batches"":0,""semantic_component_jobs"":0,""max_semantic_component_workers"":0,""inference_regions"":19,""canonical_specialization_queries"":8,""canonical_specialization_hits"":7,""solver_requested_bytes"":35300,""solver_allocations"":156,""scratch_requested_bytes"":44316,""scratch_allocations"":280,""max_solver_live_bytes"":2376,""max_scratch_live_bytes"":2684,""evidence_import_solver_bytes"":668,""evidence_import_scratch_bytes"":1664,""snapshot_copy_bytes"":0,""snapshot_copy_allocations"":0,""principal_copy_buffer_bytes"":3656,""principal_copy_buffer_allocations"":54,""frozen_capture_temporary_bytes"":0,""frozen_capture_published_bytes"":12,""frozen_edge_scratch_bytes"":24,""region_scopes"":27,""max_region_scopes"":5,""call_collections_closed"":1,""call_collections_unresolved"":0,""call_memo_hits"":19,""solver_passes"":36,""solver_constraint_visits"":36,""occurs_steps"":6}",null,"{""persisted_requests"":0,""persisted_hits"":0,""persisted_nonempty_hits"":0,""persisted_call_proofs"":0,""persisted_declines"":0,""projected_empty_hits"":0,""projected_empty_declines"":0,""input_image_checks"":0,""dependency_validations"":0,""reused_dependency_validations"":0,""graph_importers_initialized"":0,""graph_importers_prepared"":0,""empty_hits"":0,""primitive_hits"":0,""primitive_fallbacks"":0,""primitive_key_declined"":0,""nonempty_requests"":0,""requests"":0,""fresh_unit_requests"":0,""fresh_unit_hits"":0,""hits"":0,""changed_or_unsupported"":0,""missing"":0,""evidence_declined"":0,""options_declined"":0,""captured"":0,""fresh_regions"":0,""call_publications_replayed"":0}"
build/bench/cloud-principal-graphs/canonical-sources/boxes-8-valid.blot,3e8e1a77a15ba49a548540ad7817939ca7d6428ae76aa9cdc8590d2f242b687b,default,"[931,937,950,952,959,1013,1039,1043,1053,1057,1078,1207,1259,2577,2981]","[1112,1115,1127,1181,1182,1191,1232,1241,1247,1269,1375,1391,1452,2763,3192]","[310620,310620,310620,310620,310620,310620,310620,310620,310620,310620,310620,310620,310620,310620,310620]","[96796,96796,96796,96796,96796,96796,96796,96796,96796,96796,96796,96796,96796,96796,96796]","{""semantic_component_batches"":0,""semantic_component_jobs"":0,""max_semantic_component_workers"":0,""inference_regions"":19,""canonical_specialization_queries"":8,""canonical_specialization_hits"":7,""solver_requested_bytes"":35300,""solver_allocations"":156,""scratch_requested_bytes"":44316,""scratch_allocations"":280,""max_solver_live_bytes"":2376,""max_scratch_live_bytes"":2684,""evidence_import_solver_bytes"":668,""evidence_import_scratch_bytes"":1664,""snapshot_copy_bytes"":0,""snapshot_copy_allocations"":0,""principal_copy_buffer_bytes"":3656,""principal_copy_buffer_allocations"":54,""frozen_capture_temporary_bytes"":0,""frozen_capture_published_bytes"":12,""frozen_edge_scratch_bytes"":24,""region_scopes"":27,""max_region_scopes"":5,""call_collections_closed"":1,""call_collections_unresolved"":0,""call_memo_hits"":19,""solver_passes"":36,""solver_constraint_visits"":36,""occurs_steps"":6}",null,"{""persisted_requests"":0,""persisted_hits"":0,""persisted_nonempty_hits"":0,""persisted_call_proofs"":0,""persisted_declines"":0,""projected_empty_hits"":0,""projected_empty_declines"":0,""input_image_checks"":0,""dependency_validations"":0,""reused_dependency_validations"":0,""graph_importers_initialized"":0,""graph_importers_prepared"":0,""empty_hits"":0,""primitive_hits"":0,""primitive_fallbacks"":0,""primitive_key_declined"":0,""nonempty_requests"":0,""requests"":0,""fresh_unit_requests"":0,""fresh_unit_hits"":0,""hits"":0,""changed_or_unsupported"":0,""missing"":0,""evidence_declined"":0,""options_declined"":0,""captured"":0,""fresh_regions"":0,""call_publications_replayed"":0}"
build/bench/cloud-principal-graphs/canonical-sources/nested-128-valid.blot,caadb44b853ab60e9105f4d1f2d04dc63d22cdfd2b506d73dd29c71aa0b3f9ef,baseline,"[4429,4471,4547,4554,4565,4579,4626,4833,4885,5066,5145,5879,6104,7131,7205]","[4617,4693,4764,4774,4896,4988,5071,5072,5272,5397,5939,6090,7378,7388,7433]","[2884421,2884421,2884421,2884421,2884421,2884421,2884421,2884421,2884421,2884421,2884421,2884421,2884421,2884421,2884421]","[574838,574838,574838,574838,574838,574838,574838,574838,574838,574838,574838,574838,574838,574838,574838]","{""semantic_component_batches"":0,""semantic_component_jobs"":0,""max_semantic_component_workers"":0,""inference_regions"":275,""canonical_specialization_queries"":128,""canonical_specialization_hits"":0,""solver_requested_bytes"":987760,""solver_allocations"":3405,""scratch_requested_bytes"":678116,""scratch_allocations"":4175,""max_solver_live_bytes"":3576,""max_scratch_live_bytes"":3156,""evidence_import_solver_bytes"":560,""evidence_import_scratch_bytes"":33280,""snapshot_copy_bytes"":0,""snapshot_copy_allocations"":0,""principal_copy_buffer_bytes"":4904,""principal_copy_buffer_allocations"":67,""frozen_capture_temporary_bytes"":0,""frozen_capture_published_bytes"":1024,""frozen_edge_scratch_bytes"":1024,""region_scopes"":404,""max_region_scopes"":2,""call_collections_closed"":1,""call_collections_unresolved"":0,""call_memo_hits"":773,""solver_passes"":786,""solver_constraint_visits"":1304,""occurs_steps"":134}",null,"{""persisted_requests"":0,""persisted_hits"":0,""persisted_nonempty_hits"":0,""persisted_call_proofs"":0,""persisted_declines"":0,""projected_empty_hits"":0,""projected_empty_declines"":0,""input_image_checks"":0,""dependency_validations"":0,""reused_dependency_validations"":0,""graph_importers_initialized"":0,""graph_importers_prepared"":0,""empty_hits"":0,""primitive_hits"":0,""primitive_fallbacks"":0,""primitive_key_declined"":0,""nonempty_requests"":0,""requests"":0,""fresh_unit_requests"":0,""fresh_unit_hits"":0,""hits"":0,""changed_or_unsupported"":0,""missing"":0,""evidence_declined"":0,""options_declined"":0,""captured"":0,""fresh_regions"":0,""call_publications_replayed"":0}"
build/bench/cloud-principal-graphs/canonical-sources/nested-128-valid.blot,caadb44b853ab60e9105f4d1f2d04dc63d22cdfd2b506d73dd29c71aa0b3f9ef,default,"[4406,4469,4506,4620,4674,4683,4785,5019,5063,5070,5091,5156,5190,5450,5649]","[4673,4686,4707,4816,4879,4975,4986,5225,5306,5345,5408,5482,5610,5803,5994]","[2884421,2884421,2884421,2884421,2884421,2884421,2884421,2884421,2884421,2884421,2884421,2884421,2884421,2884421,2884421]","[574838,574838,574838,574838,574838,574838,574838,574838,574838,574838,574838,574838,574838,574838,574838]","{""semantic_component_batches"":0,""semantic_component_jobs"":0,""max_semantic_component_workers"":0,""inference_regions"":275,""canonical_specialization_queries"":128,""canonical_specialization_hits"":0,""solver_requested_bytes"":987760,""solver_allocations"":3405,""scratch_requested_bytes"":678116,""scratch_allocations"":4175,""max_solver_live_bytes"":3576,""max_scratch_live_bytes"":3156,""evidence_import_solver_bytes"":560,""evidence_import_scratch_bytes"":33280,""snapshot_copy_bytes"":0,""snapshot_copy_allocations"":0,""principal_copy_buffer_bytes"":4904,""principal_copy_buffer_allocations"":67,""frozen_capture_temporary_bytes"":0,""frozen_capture_published_bytes"":1024,""frozen_edge_scratch_bytes"":1024,""region_scopes"":404,""max_region_scopes"":2,""call_collections_closed"":1,""call_collections_unresolved"":0,""call_memo_hits"":773,""solver_passes"":786,""solver_constraint_visits"":1304,""occurs_steps"":134}",null,"{""persisted_requests"":0,""persisted_hits"":0,""persisted_nonempty_hits"":0,""persisted_call_proofs"":0,""persisted_declines"":0,""projected_empty_hits"":0,""projected_empty_declines"":0,""input_image_checks"":0,""dependency_validations"":0,""reused_dependency_validations"":0,""graph_importers_initialized"":0,""graph_importers_prepared"":0,""empty_hits"":0,""primitive_hits"":0,""primitive_fallbacks"":0,""primitive_key_declined"":0,""nonempty_requests"":0,""requests"":0,""fresh_unit_requests"":0,""fresh_unit_hits"":0,""hits"":0,""changed_or_unsupported"":0,""missing"":0,""evidence_declined"":0,""options_declined"":0,""captured"":0,""fresh_regions"":0,""call_publications_replayed"":0}"
build/bench/cloud-principal-graphs/canonical-sources/nested-32-valid.blot,46bff0e8155a6add5f8d79ef3d881855b4215306960d443a69df6086dc2e45d7,baseline,"[1774,1782,1860,1881,1954,1973,2003,2023,2032,2051,2063,2189,2226,2238,2625]","[1947,1967,2072,2183,2185,2210,2244,2256,2265,2310,2406,2543,2603,2942,3064]","[900401,900401,900401,900401,900401,900401,900401,900401,900401,900401,900401,900401,900401,900401,900401]","[184021,184021,184021,184021,184021,184021,184021,184021,184021,184021,184021,184021,184021,184021,184021]","{""semantic_component_batches"":0,""semantic_component_jobs"":0,""max_semantic_component_workers"":0,""inference_regions"":83,""canonical_specialization_queries"":32,""canonical_specialization_hits"":0,""solver_requested_bytes"":258544,""solver_allocations"":909,""scratch_requested_bytes"":194276,""scratch_allocations"":1199,""max_solver_live_bytes"":3576,""max_scratch_live_bytes"":3156,""evidence_import_solver_bytes"":560,""evidence_import_scratch_bytes"":8704,""snapshot_copy_bytes"":0,""snapshot_copy_allocations"":0,""principal_copy_buffer_bytes"":4904,""principal_copy_buffer_allocations"":67,""frozen_capture_temporary_bytes"":0,""frozen_capture_published_bytes"":256,""frozen_edge_scratch_bytes"":256,""region_scopes"":116,""max_region_scopes"":2,""call_collections_closed"":1,""call_collections_unresolved"":0,""call_memo_hits"":197,""solver_passes"":210,""solver_constraint_visits"":344,""occurs_steps"":38}",null,"{""persisted_requests"":0,""persisted_hits"":0,""persisted_nonempty_hits"":0,""persisted_call_proofs"":0,""persisted_declines"":0,""projected_empty_hits"":0,""projected_empty_declines"":0,""input_image_checks"":0,""dependency_validations"":0,""reused_dependency_validations"":0,""graph_importers_initialized"":0,""graph_importers_prepared"":0,""empty_hits"":0,""primitive_hits"":0,""primitive_fallbacks"":0,""primitive_key_declined"":0,""nonempty_requests"":0,""requests"":0,""fresh_unit_requests"":0,""fresh_unit_hits"":0,""hits"":0,""changed_or_unsupported"":0,""missing"":0,""evidence_declined"":0,""options_declined"":0,""captured"":0,""fresh_regions"":0,""call_publications_replayed"":0}"
build/bench/cloud-principal-graphs/canonical-sources/nested-32-valid.blot,46bff0e8155a6add5f8d79ef3d881855b4215306960d443a69df6086dc2e45d7,default,"[1759,1804,1828,1833,1889,2044,2047,2062,2062,2083,2105,2137,2266,2581,2717]","[1942,1995,2037,2081,2129,2248,2292,2293,2305,2320,2430,2513,2777,2931,2986]","[900401,900401,900401,900401,900401,900401,900401,900401,900401,900401,900401,900401,900401,900401,900401]","[184021,184021,184021,184021,184021,184021,184021,184021,184021,184021,184021,184021,184021,184021,184021]","{""semantic_component_batches"":0,""semantic_component_jobs"":0,""max_semantic_component_workers"":0,""inference_regions"":83,""canonical_specialization_queries"":32,""canonical_specialization_hits"":0,""solver_requested_bytes"":258544,""solver_allocations"":909,""scratch_requested_bytes"":194276,""scratch_allocations"":1199,""max_solver_live_bytes"":3576,""max_scratch_live_bytes"":3156,""evidence_import_solver_bytes"":560,""evidence_import_scratch_bytes"":8704,""snapshot_copy_bytes"":0,""snapshot_copy_allocations"":0,""principal_copy_buffer_bytes"":4904,""principal_copy_buffer_allocations"":67,""frozen_capture_temporary_bytes"":0,""frozen_capture_published_bytes"":256,""frozen_edge_scratch_bytes"":256,""region_scopes"":116,""max_region_scopes"":2,""call_collections_closed"":1,""call_collections_unresolved"":0,""call_memo_hits"":197,""solver_passes"":210,""solver_constraint_visits"":344,""occurs_steps"":38}",null,"{""persisted_requests"":0,""persisted_hits"":0,""persisted_nonempty_hits"":0,""persisted_call_proofs"":0,""persisted_declines"":0,""projected_empty_hits"":0,""projected_empty_declines"":0,""input_image_checks"":0,""dependency_validations"":0,""reused_dependency_validations"":0,""graph_importers_initialized"":0,""graph_importers_prepared"":0,""empty_hits"":0,""primitive_hits"":0,""primitive_fallbacks"":0,""primitive_key_declined"":0,""nonempty_requests"":0,""requests"":0,""fresh_unit_requests"":0,""fresh_unit_hits"":0,""hits"":0,""changed_or_unsupported"":0,""missing"":0,""evidence_declined"":0,""options_declined"":0,""captured"":0,""fresh_regions"":0,""call_publications_replayed"":0}"
build/bench/cloud-principal-graphs/canonical-sources/nested-8-valid.blot,09e1f6fb31eea3f5f92a360f2a30d5a07e6d5f52f0784bed0721180cc038e62e,baseline,"[992,1031,1077,1094,1111,1165,1167,1168,1180,1211,1262,1418,1601,1741,1860]","[1168,1244,1340,1344,1345,1352,1367,1377,1387,1414,1453,1683,1798,1951,2236]","[364598,364598,364598,364598,364598,364598,364598,364598,364598,364598,364598,364598,364598,364598,364598]","[111611,111611,111611,111611,111611,111611,111611,111611,111611,111611,111611,111611,111611,111611,111611]","{""semantic_component_batches"":0,""semantic_component_jobs"":0,""max_semantic_component_workers"":0,""inference_regions"":35,""canonical_specialization_queries"":8,""canonical_specialization_hits"":0,""solver_requested_bytes"":76240,""solver_allocations"":285,""scratch_requested_bytes"":73316,""scratch_allocations"":455,""max_solver_live_bytes"":3576,""max_scratch_live_bytes"":3156,""evidence_import_solver_bytes"":560,""evidence_import_scratch_bytes"":2560,""snapshot_copy_bytes"":0,""snapshot_copy_allocations"":0,""principal_copy_buffer_bytes"":4904,""principal_copy_buffer_allocations"":67,""frozen_capture_temporary_bytes"":0,""frozen_capture_published_bytes"":64,""frozen_edge_scratch_bytes"":64,""region_scopes"":44,""max_region_scopes"":2,""call_collections_closed"":1,""call_collections_unresolved"":0,""call_memo_hits"":53,""solver_passes"":66,""solver_constraint_visits"":104,""occurs_steps"":14}",null,"{""persisted_requests"":0,""persisted_hits"":0,""persisted_nonempty_hits"":0,""persisted_call_proofs"":0,""persisted_declines"":0,""projected_empty_hits"":0,""projected_empty_declines"":0,""input_image_checks"":0,""dependency_validations"":0,""reused_dependency_validations"":0,""graph_importers_initialized"":0,""graph_importers_prepared"":0,""empty_hits"":0,""primitive_hits"":0,""primitive_fallbacks"":0,""primitive_key_declined"":0,""nonempty_requests"":0,""requests"":0,""fresh_unit_requests"":0,""fresh_unit_hits"":0,""hits"":0,""changed_or_unsupported"":0,""missing"":0,""evidence_declined"":0,""options_declined"":0,""captured"":0,""fresh_regions"":0,""call_publications_replayed"":0}"
build/bench/cloud-principal-graphs/canonical-sources/nested-8-valid.blot,09e1f6fb31eea3f5f92a360f2a30d5a07e6d5f52f0784bed0721180cc038e62e,default,"[1073,1078,1088,1093,1097,1142,1183,1190,1225,1240,1241,1261,1437,1583,2336]","[1241,1258,1258,1270,1297,1337,1381,1403,1410,1428,1432,1436,1660,2194,3240]","[364598,364598,364598,364598,364598,364598,364598,364598,364598,364598,364598,364598,364598,364598,364598]","[111611,111611,111611,111611,111611,111611,111611,111611,111611,111611,111611,111611,111611,111611,111611]","{""semantic_component_batches"":0,""semantic_component_jobs"":0,""max_semantic_component_workers"":0,""inference_regions"":35,""canonical_specialization_queries"":8,""canonical_specialization_hits"":0,""solver_requested_bytes"":76240,""solver_allocations"":285,""scratch_requested_bytes"":73316,""scratch_allocations"":455,""max_solver_live_bytes"":3576,""max_scratch_live_bytes"":3156,""evidence_import_solver_bytes"":560,""evidence_import_scratch_bytes"":2560,""snapshot_copy_bytes"":0,""snapshot_copy_allocations"":0,""principal_copy_buffer_bytes"":4904,""principal_copy_buffer_allocations"":67,""frozen_capture_temporary_bytes"":0,""frozen_capture_published_bytes"":64,""frozen_edge_scratch_bytes"":64,""region_scopes"":44,""max_region_scopes"":2,""call_collections_closed"":1,""call_collections_unresolved"":0,""call_memo_hits"":53,""solver_passes"":66,""solver_constraint_visits"":104,""occurs_steps"":14}",null,"{""persisted_requests"":0,""persisted_hits"":0,""persisted_nonempty_hits"":0,""persisted_call_proofs"":0,""persisted_declines"":0,""projected_empty_hits"":0,""projected_empty_declines"":0,""input_image_checks"":0,""dependency_validations"":0,""reused_dependency_validations"":0,""graph_importers_initialized"":0,""graph_importers_prepared"":0,""empty_hits"":0,""primitive_hits"":0,""primitive_fallbacks"":0,""primitive_key_declined"":0,""nonempty_requests"":0,""requests"":0,""fresh_unit_requests"":0,""fresh_unit_hits"":0,""hits"":0,""changed_or_unsupported"":0,""missing"":0,""evidence_declined"":0,""options_declined"":0,""captured"":0,""fresh_regions"":0,""call_publications_replayed"":0}"
build/bench/cloud-principal-graphs/canonical-sources/scalar-128-valid.blot,90695fcd55f2605dac68ec18b3fe3f2df15018cee205fc1b0294b3e9190ed53b,baseline,"[2447,2546,2559,2584,2596,2609,2619,2674,2692,2802,2946,3121,3593,3598,3985]","[2636,2722,2732,2768,2816,2869,2889,2894,2947,3009,3200,3345,3819,3859,4530]","[1946466,1946466,1946466,1946466,1946466,1946466,1946466,1946466,1946466,1946466,1946466,1946466,1946466,1946466,1946466]","[387339,387339,387339,387339,387339,387339,387339,387339,387339,387339,387339,387339,387339,387339,387339]","{""semantic_component_batches"":0,""semantic_component_jobs"":0,""max_semantic_component_workers"":0,""inference_regions"":141,""canonical_specialization_queries"":128,""canonical_specialization_hits"":127,""solver_requested_bytes"":345632,""solver_allocations"":1312,""scratch_requested_bytes"":229012,""scratch_allocations"":1422,""max_solver_live_bytes"":2156,""max_scratch_live_bytes"":2732,""evidence_import_solver_bytes"":0,""evidence_import_scratch_bytes"":16512,""snapshot_copy_bytes"":0,""snapshot_copy_allocations"":0,""principal_copy_buffer_bytes"":2960,""principal_copy_buffer_allocations"":48,""frozen_capture_temporary_bytes"":0,""frozen_capture_published_bytes"":4,""frozen_edge_scratch_bytes"":0,""region_scopes"":141,""max_region_scopes"":1,""call_collections_closed"":0,""call_collections_unresolved"":0,""call_memo_hits"":256,""solver_passes"":264,""solver_constraint_visits"":268,""occurs_steps"":0}",null,"{""persisted_requests"":0,""persisted_hits"":0,""persisted_nonempty_hits"":0,""persisted_call_proofs"":0,""persisted_declines"":0,""projected_empty_hits"":0,""projected_empty_declines"":0,""input_image_checks"":0,""dependency_validations"":0,""reused_dependency_validations"":0,""graph_importers_initialized"":0,""graph_importers_prepared"":0,""empty_hits"":0,""primitive_hits"":0,""primitive_fallbacks"":0,""primitive_key_declined"":0,""nonempty_requests"":0,""requests"":0,""fresh_unit_requests"":0,""fresh_unit_hits"":0,""hits"":0,""changed_or_unsupported"":0,""missing"":0,""evidence_declined"":0,""options_declined"":0,""captured"":0,""fresh_regions"":0,""call_publications_replayed"":0}"
build/bench/cloud-principal-graphs/canonical-sources/scalar-128-valid.blot,90695fcd55f2605dac68ec18b3fe3f2df15018cee205fc1b0294b3e9190ed53b,default,"[2449,2549,2551,2602,2633,2679,2725,2729,2844,2863,2898,2986,3016,3103,3579]","[2632,2732,2836,2872,2894,2913,2933,3002,3046,3050,3091,3195,3363,3443,3773]","[1946466,1946466,1946466,1946466,1946466,1946466,1946466,1946466,1946466,1946466,1946466,1946466,1946466,1946466,1946466]","[387339,387339,387339,387339,387339,387339,387339,387339,387339,387339,387339,387339,387339,387339,387339]","{""semantic_component_batches"":0,""semantic_component_jobs"":0,""max_semantic_component_workers"":0,""inference_regions"":141,""canonical_specialization_queries"":128,""canonical_specialization_hits"":127,""solver_requested_bytes"":345632,""solver_allocations"":1312,""scratch_requested_bytes"":229012,""scratch_allocations"":1422,""max_solver_live_bytes"":2156,""max_scratch_live_bytes"":2732,""evidence_import_solver_bytes"":0,""evidence_import_scratch_bytes"":16512,""snapshot_copy_bytes"":0,""snapshot_copy_allocations"":0,""principal_copy_buffer_bytes"":2960,""principal_copy_buffer_allocations"":48,""frozen_capture_temporary_bytes"":0,""frozen_capture_published_bytes"":4,""frozen_edge_scratch_bytes"":0,""region_scopes"":141,""max_region_scopes"":1,""call_collections_closed"":0,""call_collections_unresolved"":0,""call_memo_hits"":256,""solver_passes"":264,""solver_constraint_visits"":268,""occurs_steps"":0}",null,"{""persisted_requests"":0,""persisted_hits"":0,""persisted_nonempty_hits"":0,""persisted_call_proofs"":0,""persisted_declines"":0,""projected_empty_hits"":0,""projected_empty_declines"":0,""input_image_checks"":0,""dependency_validations"":0,""reused_dependency_validations"":0,""graph_importers_initialized"":0,""graph_importers_prepared"":0,""empty_hits"":0,""primitive_hits"":0,""primitive_fallbacks"":0,""primitive_key_declined"":0,""nonempty_requests"":0,""requests"":0,""fresh_unit_requests"":0,""fresh_unit_hits"":0,""hits"":0,""changed_or_unsupported"":0,""missing"":0,""evidence_declined"":0,""options_declined"":0,""captured"":0,""fresh_regions"":0,""call_publications_replayed"":0}"
build/bench/cloud-principal-graphs/canonical-sources/scalar-32-valid.blot,20410a6beaa48e726d4e89562df86f995bab651c159bb65abe4c8a01ed464250,baseline,"[1122,1137,1241,1254,1288,1307,1332,1345,1358,1394,1413,1438,1486,1621,4894]","[1301,1324,1424,1532,1538,1541,1547,1569,1579,1667,1695,1723,1728,1866,5105]","[597038,597038,597038,597038,597038,597038,597038,597038,597038,597038,597038,597038,597038,597038,597038]","[152640,152640,152640,152640,152640,152640,152640,152640,152640,152640,152640,152640,152640,152640,152640]","{""semantic_component_batches"":0,""semantic_component_jobs"":0,""max_semantic_component_workers"":0,""inference_regions"":45,""canonical_specialization_queries"":32,""canonical_specialization_hits"":31,""solver_requested_bytes"":90656,""solver_allocations"":352,""scratch_requested_bytes"":73492,""scratch_allocations"":462,""max_solver_live_bytes"":2156,""max_scratch_live_bytes"":2732,""evidence_import_solver_bytes"":0,""evidence_import_scratch_bytes"":4224,""snapshot_copy_bytes"":0,""snapshot_copy_allocations"":0,""principal_copy_buffer_bytes"":2960,""principal_copy_buffer_allocations"":48,""frozen_capture_temporary_bytes"":0,""frozen_capture_published_bytes"":4,""frozen_edge_scratch_bytes"":0,""region_scopes"":45,""max_region_scopes"":1,""call_collections_closed"":0,""call_collections_unresolved"":0,""call_memo_hits"":64,""solver_passes"":72,""solver_constraint_visits"":76,""occurs_steps"":0}",null,"{""persisted_requests"":0,""persisted_hits"":0,""persisted_nonempty_hits"":0,""persisted_call_proofs"":0,""persisted_declines"":0,""projected_empty_hits"":0,""projected_empty_declines"":0,""input_image_checks"":0,""dependency_validations"":0,""reused_dependency_validations"":0,""graph_importers_initialized"":0,""graph_importers_prepared"":0,""empty_hits"":0,""primitive_hits"":0,""primitive_fallbacks"":0,""primitive_key_declined"":0,""nonempty_requests"":0,""requests"":0,""fresh_unit_requests"":0,""fresh_unit_hits"":0,""hits"":0,""changed_or_unsupported"":0,""missing"":0,""evidence_declined"":0,""options_declined"":0,""captured"":0,""fresh_regions"":0,""call_publications_replayed"":0}"
build/bench/cloud-principal-graphs/canonical-sources/scalar-32-valid.blot,20410a6beaa48e726d4e89562df86f995bab651c159bb65abe4c8a01ed464250,default,"[1159,1197,1199,1238,1248,1299,1347,1361,1369,1386,1565,1594,1841,2051,2177]","[1391,1418,1432,1448,1486,1526,1532,1547,1558,1583,1774,1839,2079,2255,2372]","[597038,597038,597038,597038,597038,597038,597038,597038,597038,597038,597038,597038,597038,597038,597038]","[152640,152640,152640,152640,152640,152640,152640,152640,152640,152640,152640,152640,152640,152640,152640]","{""semantic_component_batches"":0,""semantic_component_jobs"":0,""max_semantic_component_workers"":0,""inference_regions"":45,""canonical_specialization_queries"":32,""canonical_specialization_hits"":31,""solver_requested_bytes"":90656,""solver_allocations"":352,""scratch_requested_bytes"":73492,""scratch_allocations"":462,""max_solver_live_bytes"":2156,""max_scratch_live_bytes"":2732,""evidence_import_solver_bytes"":0,""evidence_import_scratch_bytes"":4224,""snapshot_copy_bytes"":0,""snapshot_copy_allocations"":0,""principal_copy_buffer_bytes"":2960,""principal_copy_buffer_allocations"":48,""frozen_capture_temporary_bytes"":0,""frozen_capture_published_bytes"":4,""frozen_edge_scratch_bytes"":0,""region_scopes"":45,""max_region_scopes"":1,""call_collections_closed"":0,""call_collections_unresolved"":0,""call_memo_hits"":64,""solver_passes"":72,""solver_constraint_visits"":76,""occurs_steps"":0}",null,"{""persisted_requests"":0,""persisted_hits"":0,""persisted_nonempty_hits"":0,""persisted_call_proofs"":0,""persisted_declines"":0,""projected_empty_hits"":0,""projected_empty_declines"":0,""input_image_checks"":0,""dependency_validations"":0,""reused_dependency_validations"":0,""graph_importers_initialized"":0,""graph_importers_prepared"":0,""empty_hits"":0,""primitive_hits"":0,""primitive_fallbacks"":0,""primitive_key_declined"":0,""nonempty_requests"":0,""requests"":0,""fresh_unit_requests"":0,""fresh_unit_hits"":0,""hits"":0,""changed_or_unsupported"":0,""missing"":0,""evidence_declined"":0,""options_declined"":0,""captured"":0,""fresh_regions"":0,""call_publications_replayed"":0}"
build/bench/cloud-principal-graphs/canonical-sources/scalar-8-valid.blot,187fb088ca21e4a7e094bf368417114d276a1c45853e740014ef4aa6dcab9900,baseline,"[767,804,853,884,917,933,936,955,994,1004,1192,1199,1321,1497,2266]","[930,1038,1071,1088,1108,1157,1162,1195,1198,1375,1386,1496,1537,1753,2560]","[247069,247069,247069,247069,247069,247069,247069,247069,247069,247069,247069,247069,247069,247069,247069]","[91553,91553,91553,91553,91553,91553,91553,91553,91553,91553,91553,91553,91553,91553,91553]","{""semantic_component_batches"":0,""semantic_component_jobs"":0,""max_semantic_component_workers"":0,""inference_regions"":21,""canonical_specialization_queries"":8,""canonical_specialization_hits"":7,""solver_requested_bytes"":26912,""solver_allocations"":112,""scratch_requested_bytes"":34612,""scratch_allocations"":222,""max_solver_live_bytes"":2156,""max_scratch_live_bytes"":2732,""evidence_import_solver_bytes"":0,""evidence_import_scratch_bytes"":1152,""snapshot_copy_bytes"":0,""snapshot_copy_allocations"":0,""principal_copy_buffer_bytes"":2960,""principal_copy_buffer_allocations"":48,""frozen_capture_temporary_bytes"":0,""frozen_capture_published_bytes"":4,""frozen_edge_scratch_bytes"":0,""region_scopes"":21,""max_region_scopes"":1,""call_collections_closed"":0,""call_collections_unresolved"":0,""call_memo_hits"":16,""solver_passes"":24,""solver_constraint_visits"":28,""occurs_steps"":0}",null,"{""persisted_requests"":0,""persisted_hits"":0,""persisted_nonempty_hits"":0,""persisted_call_proofs"":0,""persisted_declines"":0,""projected_empty_hits"":0,""projected_empty_declines"":0,""input_image_checks"":0,""dependency_validations"":0,""reused_dependency_validations"":0,""graph_importers_initialized"":0,""graph_importers_prepared"":0,""empty_hits"":0,""primitive_hits"":0,""primitive_fallbacks"":0,""primitive_key_declined"":0,""nonempty_requests"":0,""requests"":0,""fresh_unit_requests"":0,""fresh_unit_hits"":0,""hits"":0,""changed_or_unsupported"":0,""missing"":0,""evidence_declined"":0,""options_declined"":0,""captured"":0,""fresh_regions"":0,""call_publications_replayed"":0}"
build/bench/cloud-principal-graphs/canonical-sources/scalar-8-valid.blot,187fb088ca21e4a7e094bf368417114d276a1c45853e740014ef4aa6dcab9900,default,"[760,771,812,827,868,871,889,905,939,953,981,1009,1049,1099,1144]","[949,984,1003,1046,1098,1105,1122,1148,1202,1225,1234,1236,1313,1357,1372]","[247069,247069,247069,247069,247069,247069,247069,247069,247069,247069,247069,247069,247069,247069,247069]","[91553,91553,91553,91553,91553,91553,91553,91553,91553,91553,91553,91553,91553,91553,91553]","{""semantic_component_batches"":0,""semantic_component_jobs"":0,""max_semantic_component_workers"":0,""inference_regions"":21,""canonical_specialization_queries"":8,""canonical_specialization_hits"":7,""solver_requested_bytes"":26912,""solver_allocations"":112,""scratch_requested_bytes"":34612,""scratch_allocations"":222,""max_solver_live_bytes"":2156,""max_scratch_live_bytes"":2732,""evidence_import_solver_bytes"":0,""evidence_import_scratch_bytes"":1152,""snapshot_copy_bytes"":0,""snapshot_copy_allocations"":0,""principal_copy_buffer_bytes"":2960,""principal_copy_buffer_allocations"":48,""frozen_capture_temporary_bytes"":0,""frozen_capture_published_bytes"":4,""frozen_edge_scratch_bytes"":0,""region_scopes"":21,""max_region_scopes"":1,""call_collections_closed"":0,""call_collections_unresolved"":0,""call_memo_hits"":16,""solver_passes"":24,""solver_constraint_visits"":28,""occurs_steps"":0}",null,"{""persisted_requests"":0,""persisted_hits"":0,""persisted_nonempty_hits"":0,""persisted_call_proofs"":0,""persisted_declines"":0,""projected_empty_hits"":0,""projected_empty_declines"":0,""input_image_checks"":0,""dependency_validations"":0,""reused_dependency_validations"":0,""graph_importers_initialized"":0,""graph_importers_prepared"":0,""empty_hits"":0,""primitive_hits"":0,""primitive_fallbacks"":0,""primitive_key_declined"":0,""nonempty_requests"":0,""requests"":0,""fresh_unit_requests"":0,""fresh_unit_hits"":0,""hits"":0,""changed_or_unsupported"":0,""missing"":0,""evidence_declined"":0,""options_declined"":0,""captured"":0,""fresh_regions"":0,""call_publications_replayed"":0}"
build/bench/cloud-principal-graphs/allocation-sources/wide-128-valid.blot,ea00ec430a58f381a45bd569b3909df71b84c707f6b65aabf0f5db338a157ab6,baseline,"[3615,3652,3664,3699,3716,3725,3786,3813,3826,3848,3920,4060,4203,4445,4482]","[3794,3872,3886,3911,3933,3984,4013,4015,4045,4122,4225,4356,4420,4674,4742]","[2866759,2866759,2866759,2866759,2866759,2866759,2866759,2866759,2866759,2866759,2866759,2866759,2866759,2866759,2866759]","[676698,676698,676698,676698,676698,676698,676698,676698,676698,676698,676698,676698,676698,676698,676698]","{""semantic_component_batches"":0,""semantic_component_jobs"":0,""max_semantic_component_workers"":0,""inference_regions"":69,""canonical_specialization_queries"":16,""canonical_specialization_hits"":0,""solver_requested_bytes"":135776,""solver_allocations"":490,""scratch_requested_bytes"":214196,""scratch_allocations"":1001,""max_solver_live_bytes"":3264,""max_scratch_live_bytes"":4628,""evidence_import_solver_bytes"":0,""evidence_import_scratch_bytes"":4224,""snapshot_copy_bytes"":0,""snapshot_copy_allocations"":0,""principal_copy_buffer_bytes"":10048,""principal_copy_buffer_allocations"":144,""frozen_capture_temporary_bytes"":0,""frozen_capture_published_bytes"":8192,""frozen_edge_scratch_bytes"":0,""region_scopes"":134,""max_region_scopes"":4,""call_collections_closed"":33,""call_collections_unresolved"":0,""call_memo_hits"":67,""solver_passes"":71,""solver_constraint_visits"":38,""occurs_steps"":0}",null,"{""persisted_requests"":0,""persisted_hits"":0,""persisted_nonempty_hits"":0,""persisted_call_proofs"":0,""persisted_declines"":0,""projected_empty_hits"":0,""projected_empty_declines"":0,""input_image_checks"":0,""dependency_validations"":0,""reused_dependency_validations"":0,""graph_importers_initialized"":0,""graph_importers_prepared"":0,""empty_hits"":0,""primitive_hits"":0,""primitive_fallbacks"":0,""primitive_key_declined"":0,""nonempty_requests"":0,""requests"":0,""fresh_unit_requests"":0,""fresh_unit_hits"":0,""hits"":0,""changed_or_unsupported"":0,""missing"":0,""evidence_declined"":0,""options_declined"":0,""captured"":0,""fresh_regions"":0,""call_publications_replayed"":0}"
build/bench/cloud-principal-graphs/allocation-sources/wide-128-valid.blot,ea00ec430a58f381a45bd569b3909df71b84c707f6b65aabf0f5db338a157ab6,default,"[3628,3670,3702,3719,3724,3750,3762,3836,3838,3942,3971,4094,4245,4342,4460]","[3843,3864,3916,3922,3926,3948,3950,4061,4135,4266,4312,4329,4427,4556,4649]","[2866759,2866759,2866759,2866759,2866759,2866759,2866759,2866759,2866759,2866759,2866759,2866759,2866759,2866759,2866759]","[676698,676698,676698,676698,676698,676698,676698,676698,676698,676698,676698,676698,676698,676698,676698]","{""semantic_component_batches"":0,""semantic_component_jobs"":0,""max_semantic_component_workers"":0,""inference_regions"":69,""canonical_specialization_queries"":16,""canonical_specialization_hits"":0,""solver_requested_bytes"":135776,""solver_allocations"":490,""scratch_requested_bytes"":214196,""scratch_allocations"":1001,""max_solver_live_bytes"":3264,""max_scratch_live_bytes"":4628,""evidence_import_solver_bytes"":0,""evidence_import_scratch_bytes"":4224,""snapshot_copy_bytes"":0,""snapshot_copy_allocations"":0,""principal_copy_buffer_bytes"":10048,""principal_copy_buffer_allocations"":144,""frozen_capture_temporary_bytes"":0,""frozen_capture_published_bytes"":8192,""frozen_edge_scratch_bytes"":0,""region_scopes"":134,""max_region_scopes"":4,""call_collections_closed"":33,""call_collections_unresolved"":0,""call_memo_hits"":67,""solver_passes"":71,""solver_constraint_visits"":38,""occurs_steps"":0}",null,"{""persisted_requests"":0,""persisted_hits"":0,""persisted_nonempty_hits"":0,""persisted_call_proofs"":0,""persisted_declines"":0,""projected_empty_hits"":0,""projected_empty_declines"":0,""input_image_checks"":0,""dependency_validations"":0,""reused_dependency_validations"":0,""graph_importers_initialized"":0,""graph_importers_prepared"":0,""empty_hits"":0,""primitive_hits"":0,""primitive_fallbacks"":0,""primitive_key_declined"":0,""nonempty_requests"":0,""requests"":0,""fresh_unit_requests"":0,""fresh_unit_hits"":0,""hits"":0,""changed_or_unsupported"":0,""missing"":0,""evidence_declined"":0,""options_declined"":0,""captured"":0,""fresh_regions"":0,""call_publications_replayed"":0}"
build/bench/cloud-principal-graphs/allocation-sources/wide-32-valid.blot,c5b1486984605f09d7f12c0ff8e6b851b5ed433cce10151bb00d9862a8d0ac3e,baseline,"[2029,2044,2076,2094,2106,2115,2133,2148,2210,2211,2218,2228,2240,2452,2946]","[2269,2272,2278,2298,2301,2324,2356,2420,2459,2465,2484,2503,2689,3259,3297]","[1269452,1269452,1269452,1269452,1269452,1269452,1269452,1269452,1269452,1269452,1269452,1269452,1269452,1269452,1269452]","[294522,294522,294522,294522,294522,294522,294522,294522,294522,294522,294522,294522,294522,294522,294522]","{""semantic_component_batches"":0,""semantic_component_jobs"":0,""max_semantic_component_workers"":0,""inference_regions"":69,""canonical_specialization_queries"":16,""canonical_specialization_hits"":0,""solver_requested_bytes"":135776,""solver_allocations"":490,""scratch_requested_bytes"":177384,""scratch_allocations"":998,""max_solver_live_bytes"":3264,""max_scratch_live_bytes"":2712,""evidence_import_solver_bytes"":0,""evidence_import_scratch_bytes"":4224,""snapshot_copy_bytes"":0,""snapshot_copy_allocations"":0,""principal_copy_buffer_bytes"":10048,""principal_copy_buffer_allocations"":144,""frozen_capture_temporary_bytes"":0,""frozen_capture_published_bytes"":2048,""frozen_edge_scratch_bytes"":0,""region_scopes"":134,""max_region_scopes"":4,""call_collections_closed"":33,""call_collections_unresolved"":0,""call_memo_hits"":67,""solver_passes"":71,""solver_constraint_visits"":38,""occurs_steps"":0}",null,"{""persisted_requests"":0,""persisted_hits"":0,""persisted_nonempty_hits"":0,""persisted_call_proofs"":0,""persisted_declines"":0,""projected_empty_hits"":0,""projected_empty_declines"":0,""input_image_checks"":0,""dependency_validations"":0,""reused_dependency_validations"":0,""graph_importers_initialized"":0,""graph_importers_prepared"":0,""empty_hits"":0,""primitive_hits"":0,""primitive_fallbacks"":0,""primitive_key_declined"":0,""nonempty_requests"":0,""requests"":0,""fresh_unit_requests"":0,""fresh_unit_hits"":0,""hits"":0,""changed_or_unsupported"":0,""missing"":0,""evidence_declined"":0,""options_declined"":0,""captured"":0,""fresh_regions"":0,""call_publications_replayed"":0}"
build/bench/cloud-principal-graphs/allocation-sources/wide-32-valid.blot,c5b1486984605f09d7f12c0ff8e6b851b5ed433cce10151bb00d9862a8d0ac3e,default,"[1997,2018,2056,2068,2132,2190,2232,2273,2302,2324,2346,2536,2594,2632,2853]","[2180,2207,2256,2345,2375,2408,2487,2487,2519,2525,2783,2837,2842,2854,4135]","[1269452,1269452,1269452,1269452,1269452,1269452,1269452,1269452,1269452,1269452,1269452,1269452,1269452,1269452,1269452]","[294522,294522,294522,294522,294522,294522,294522,294522,294522,294522,294522,294522,294522,294522,294522]","{""semantic_component_batches"":0,""semantic_component_jobs"":0,""max_semantic_component_workers"":0,""inference_regions"":69,""canonical_specialization_queries"":16,""canonical_specialization_hits"":0,""solver_requested_bytes"":135776,""solver_allocations"":490,""scratch_requested_bytes"":177384,""scratch_allocations"":998,""max_solver_live_bytes"":3264,""max_scratch_live_bytes"":2712,""evidence_import_solver_bytes"":0,""evidence_import_scratch_bytes"":4224,""snapshot_copy_bytes"":0,""snapshot_copy_allocations"":0,""principal_copy_buffer_bytes"":10048,""principal_copy_buffer_allocations"":144,""frozen_capture_temporary_bytes"":0,""frozen_capture_published_bytes"":2048,""frozen_edge_scratch_bytes"":0,""region_scopes"":134,""max_region_scopes"":4,""call_collections_closed"":33,""call_collections_unresolved"":0,""call_memo_hits"":67,""solver_passes"":71,""solver_constraint_visits"":38,""occurs_steps"":0}",null,"{""persisted_requests"":0,""persisted_hits"":0,""persisted_nonempty_hits"":0,""persisted_call_proofs"":0,""persisted_declines"":0,""projected_empty_hits"":0,""projected_empty_declines"":0,""input_image_checks"":0,""dependency_validations"":0,""reused_dependency_validations"":0,""graph_importers_initialized"":0,""graph_importers_prepared"":0,""empty_hits"":0,""primitive_hits"":0,""primitive_fallbacks"":0,""primitive_key_declined"":0,""nonempty_requests"":0,""requests"":0,""fresh_unit_requests"":0,""fresh_unit_hits"":0,""hits"":0,""changed_or_unsupported"":0,""missing"":0,""evidence_declined"":0,""options_declined"":0,""captured"":0,""fresh_regions"":0,""call_publications_replayed"":0}"
build/bench/cloud-principal-graphs/allocation-sources/wide-8-valid.blot,397a1b431e8574c84cf2584687056f03a0b6917e353f8040596c4165e9d53fa6,baseline,"[1496,1517,1626,1686,1712,1735,1739,1808,1813,1861,1875,1885,2211,3183,4883]","[1690,1695,1818,1889,1899,1938,1956,2000,2071,2071,2146,2192,2574,3387,5088]","[828977,828977,828977,828977,828977,828977,828977,828977,828977,828977,828977,828977,828977,828977,828977]","[202433,202433,202433,202433,202433,202433,202433,202433,202433,202433,202433,202433,202433,202433,202433]","{""semantic_component_batches"":0,""semantic_component_jobs"":0,""max_semantic_component_workers"":0,""inference_regions"":69,""canonical_specialization_queries"":16,""canonical_specialization_hits"":0,""solver_requested_bytes"":135776,""solver_allocations"":490,""scratch_requested_bytes"":152760,""scratch_allocations"":941,""max_solver_live_bytes"":3264,""max_scratch_live_bytes"":2644,""evidence_import_solver_bytes"":0,""evidence_import_scratch_bytes"":4224,""snapshot_copy_bytes"":0,""snapshot_copy_allocations"":0,""principal_copy_buffer_bytes"":10048,""principal_copy_buffer_allocations"":144,""frozen_capture_temporary_bytes"":0,""frozen_capture_published_bytes"":512,""frozen_edge_scratch_bytes"":0,""region_scopes"":134,""max_region_scopes"":4,""call_collections_closed"":33,""call_collections_unresolved"":0,""call_memo_hits"":67,""solver_passes"":71,""solver_constraint_visits"":38,""occurs_steps"":0}",null,"{""persisted_requests"":0,""persisted_hits"":0,""persisted_nonempty_hits"":0,""persisted_call_proofs"":0,""persisted_declines"":0,""projected_empty_hits"":0,""projected_empty_declines"":0,""input_image_checks"":0,""dependency_validations"":0,""reused_dependency_validations"":0,""graph_importers_initialized"":0,""graph_importers_prepared"":0,""empty_hits"":0,""primitive_hits"":0,""primitive_fallbacks"":0,""primitive_key_declined"":0,""nonempty_requests"":0,""requests"":0,""fresh_unit_requests"":0,""fresh_unit_hits"":0,""hits"":0,""changed_or_unsupported"":0,""missing"":0,""evidence_declined"":0,""options_declined"":0,""captured"":0,""fresh_regions"":0,""call_publications_replayed"":0}"
build/bench/cloud-principal-graphs/allocation-sources/wide-8-valid.blot,397a1b431e8574c84cf2584687056f03a0b6917e353f8040596c4165e9d53fa6,default,"[1479,1606,1675,1680,1691,1724,1749,1765,1816,1843,1901,1932,1973,2090,2150]","[1661,1850,1863,1882,1891,1959,1965,2025,2033,2104,2123,2144,2287,2336,2375]","[828977,828977,828977,828977,828977,828977,828977,828977,828977,828977,828977,828977,828977,828977,828977]","[202433,202433,202433,202433,202433,202433,202433,202433,202433,202433,202433,202433,202433,202433,202433]","{""semantic_component_batches"":0,""semantic_component_jobs"":0,""max_semantic_component_workers"":0,""inference_regions"":69,""canonical_specialization_queries"":16,""canonical_specialization_hits"":0,""solver_requested_bytes"":135776,""solver_allocations"":490,""scratch_requested_bytes"":152760,""scratch_allocations"":941,""max_solver_live_bytes"":3264,""max_scratch_live_bytes"":2644,""evidence_import_solver_bytes"":0,""evidence_import_scratch_bytes"":4224,""snapshot_copy_bytes"":0,""snapshot_copy_allocations"":0,""principal_copy_buffer_bytes"":10048,""principal_copy_buffer_allocations"":144,""frozen_capture_temporary_bytes"":0,""frozen_capture_published_bytes"":512,""frozen_edge_scratch_bytes"":0,""region_scopes"":134,""max_region_scopes"":4,""call_collections_closed"":33,""call_collections_unresolved"":0,""call_memo_hits"":67,""solver_passes"":71,""solver_constraint_visits"":38,""occurs_steps"":0}",null,"{""persisted_requests"":0,""persisted_hits"":0,""persisted_nonempty_hits"":0,""persisted_call_proofs"":0,""persisted_declines"":0,""projected_empty_hits"":0,""projected_empty_declines"":0,""input_image_checks"":0,""dependency_validations"":0,""reused_dependency_validations"":0,""graph_importers_initialized"":0,""graph_importers_prepared"":0,""empty_hits"":0,""primitive_hits"":0,""primitive_fallbacks"":0,""primitive_key_declined"":0,""nonempty_requests"":0,""requests"":0,""fresh_unit_requests"":0,""fresh_unit_hits"":0,""hits"":0,""changed_or_unsupported"":0,""missing"":0,""evidence_declined"":0,""options_declined"":0,""captured"":0,""fresh_regions"":0,""call_publications_replayed"":0}"
build/bench/cloud-principal-graphs/jobs-sources/wide-128-valid.blot,07790ca106cf90a4855f40f26d760a32a4f4247a1a9c254786efeff9465699ca,baseline,"[3538,3557,3584,3609,3726,3745,3994,4004,4011,4021,4211,4305,4511,4750,5229]","[3714,3776,3924,3960,3977,4103,4228,4239,4240,4249,4437,4543,4726,4985,5470]","[3215393,3215393,3215393,3215393,3215393,3215393,3215393,3215393,3215393,3215393,3215393,3215393,3215393,3215393,3215393]","[866693,866693,866693,866693,866693,866693,866693,866693,866693,866693,866693,866693,866693,866693,866693]","{""semantic_component_batches"":0,""semantic_component_jobs"":0,""max_semantic_component_workers"":0,""inference_regions"":258,""canonical_specialization_queries"":0,""canonical_specialization_hits"":0,""solver_requested_bytes"":398316,""solver_allocations"":1849,""scratch_requested_bytes"":365612,""scratch_allocations"":1481,""max_solver_live_bytes"":35756,""max_scratch_live_bytes"":46712,""evidence_import_solver_bytes"":0,""evidence_import_scratch_bytes"":128,""snapshot_copy_bytes"":0,""snapshot_copy_allocations"":0,""principal_copy_buffer_bytes"":0,""principal_copy_buffer_allocations"":0,""frozen_capture_temporary_bytes"":0,""frozen_capture_published_bytes"":0,""frozen_edge_scratch_bytes"":0,""region_scopes"":386,""max_region_scopes"":129,""call_collections_closed"":0,""call_collections_unresolved"":0,""call_memo_hits"":128,""solver_passes"":261,""solver_constraint_visits"":256,""occurs_steps"":0}",null,"{""persisted_requests"":0,""persisted_hits"":0,""persisted_nonempty_hits"":0,""persisted_call_proofs"":0,""persisted_declines"":0,""projected_empty_hits"":0,""projected_empty_declines"":0,""input_image_checks"":0,""dependency_validations"":0,""reused_dependency_validations"":0,""graph_importers_initialized"":0,""graph_importers_prepared"":0,""empty_hits"":0,""primitive_hits"":0,""primitive_fallbacks"":0,""primitive_key_declined"":0,""nonempty_requests"":0,""requests"":0,""fresh_unit_requests"":0,""fresh_unit_hits"":0,""hits"":0,""changed_or_unsupported"":0,""missing"":0,""evidence_declined"":0,""options_declined"":0,""captured"":0,""fresh_regions"":0,""call_publications_replayed"":0}"
build/bench/cloud-principal-graphs/jobs-sources/wide-128-valid.blot,07790ca106cf90a4855f40f26d760a32a4f4247a1a9c254786efeff9465699ca,default,"[3522,3569,3569,3651,3738,3769,3774,3903,4051,4202,4466,4497,4696,5020,5642]","[3769,3797,3862,3872,3961,3984,4112,4275,4334,4415,4690,4771,5274,5287,6249]","[3215393,3215393,3215393,3215393,3215393,3215393,3215393,3215393,3215393,3215393,3215393,3215393,3215393,3215393,3215393]","[866693,866693,866693,866693,866693,866693,866693,866693,866693,866693,866693,866693,866693,866693,866693]","{""semantic_component_batches"":0,""semantic_component_jobs"":0,""max_semantic_component_workers"":0,""inference_regions"":258,""canonical_specialization_queries"":0,""canonical_specialization_hits"":0,""solver_requested_bytes"":398316,""solver_allocations"":1849,""scratch_requested_bytes"":365612,""scratch_allocations"":1481,""max_solver_live_bytes"":35756,""max_scratch_live_bytes"":46712,""evidence_import_solver_bytes"":0,""evidence_import_scratch_bytes"":128,""snapshot_copy_bytes"":0,""snapshot_copy_allocations"":0,""principal_copy_buffer_bytes"":0,""principal_copy_buffer_allocations"":0,""frozen_capture_temporary_bytes"":0,""frozen_capture_published_bytes"":0,""frozen_edge_scratch_bytes"":0,""region_scopes"":386,""max_region_scopes"":129,""call_collections_closed"":0,""call_collections_unresolved"":0,""call_memo_hits"":128,""solver_passes"":261,""solver_constraint_visits"":256,""occurs_steps"":0}",null,"{""persisted_requests"":0,""persisted_hits"":0,""persisted_nonempty_hits"":0,""persisted_call_proofs"":0,""persisted_declines"":0,""projected_empty_hits"":0,""projected_empty_declines"":0,""input_image_checks"":0,""dependency_validations"":0,""reused_dependency_validations"":0,""graph_importers_initialized"":0,""graph_importers_prepared"":0,""empty_hits"":0,""primitive_hits"":0,""primitive_fallbacks"":0,""primitive_key_declined"":0,""nonempty_requests"":0,""requests"":0,""fresh_unit_requests"":0,""fresh_unit_hits"":0,""hits"":0,""changed_or_unsupported"":0,""missing"":0,""evidence_declined"":0,""options_declined"":0,""captured"":0,""fresh_regions"":0,""call_publications_replayed"":0}"
build/bench/cloud-principal-graphs/jobs-sources/wide-32-valid.blot,58b0513ff6eb1720cf42e1759039820b500a8deb4d75d53c17aabcb55e2878c4,baseline,"[1370,1397,1403,1407,1425,1429,1454,1490,1496,1508,1760,1778,1790,2015,2275]","[1553,1580,1589,1620,1656,1669,1670,1706,1801,1961,1982,1993,2011,2460,2599]","[852055,852055,852055,852055,852055,852055,852055,852055,852055,852055,852055,852055,852055,852055,852055]","[226596,226596,226596,226596,226596,226596,226596,226596,226596,226596,226596,226596,226596,226596,226596]","{""semantic_component_batches"":0,""semantic_component_jobs"":0,""max_semantic_component_workers"":0,""inference_regions"":66,""canonical_specialization_queries"":0,""canonical_specialization_hits"":0,""solver_requested_bytes"":103228,""solver_allocations"":486,""scratch_requested_bytes"":93624,""scratch_allocations"":404,""max_solver_live_bytes"":12124,""max_scratch_live_bytes"":13076,""evidence_import_solver_bytes"":0,""evidence_import_scratch_bytes"":128,""snapshot_copy_bytes"":0,""snapshot_copy_allocations"":0,""principal_copy_buffer_bytes"":0,""principal_copy_buffer_allocations"":0,""frozen_capture_temporary_bytes"":0,""frozen_capture_published_bytes"":0,""frozen_edge_scratch_bytes"":0,""region_scopes"":98,""max_region_scopes"":33,""call_collections_closed"":0,""call_collections_unresolved"":0,""call_memo_hits"":32,""solver_passes"":69,""solver_constraint_visits"":64,""occurs_steps"":0}",null,"{""persisted_requests"":0,""persisted_hits"":0,""persisted_nonempty_hits"":0,""persisted_call_proofs"":0,""persisted_declines"":0,""projected_empty_hits"":0,""projected_empty_declines"":0,""input_image_checks"":0,""dependency_validations"":0,""reused_dependency_validations"":0,""graph_importers_initialized"":0,""graph_importers_prepared"":0,""empty_hits"":0,""primitive_hits"":0,""primitive_fallbacks"":0,""primitive_key_declined"":0,""nonempty_requests"":0,""requests"":0,""fresh_unit_requests"":0,""fresh_unit_hits"":0,""hits"":0,""changed_or_unsupported"":0,""missing"":0,""evidence_declined"":0,""options_declined"":0,""captured"":0,""fresh_regions"":0,""call_publications_replayed"":0}"
build/bench/cloud-principal-graphs/jobs-sources/wide-32-valid.blot,58b0513ff6eb1720cf42e1759039820b500a8deb4d75d53c17aabcb55e2878c4,default,"[1351,1410,1448,1496,1534,1567,1570,1611,1636,1774,1781,1808,1844,1924,1970]","[1556,1622,1640,1703,1758,1785,1793,2014,2021,2022,2027,2059,2170,2219,2857]","[852055,852055,852055,852055,852055,852055,852055,852055,852055,852055,852055,852055,852055,852055,852055]","[226596,226596,226596,226596,226596,226596,226596,226596,226596,226596,226596,226596,226596,226596,226596]","{""semantic_component_batches"":0,""semantic_component_jobs"":0,""max_semantic_component_workers"":0,""inference_regions"":66,""canonical_specialization_queries"":0,""canonical_specialization_hits"":0,""solver_requested_bytes"":103228,""solver_allocations"":486,""scratch_requested_bytes"":93624,""scratch_allocations"":404,""max_solver_live_bytes"":12124,""max_scratch_live_bytes"":13076,""evidence_import_solver_bytes"":0,""evidence_import_scratch_bytes"":128,""snapshot_copy_bytes"":0,""snapshot_copy_allocations"":0,""principal_copy_buffer_bytes"":0,""principal_copy_buffer_allocations"":0,""frozen_capture_temporary_bytes"":0,""frozen_capture_published_bytes"":0,""frozen_edge_scratch_bytes"":0,""region_scopes"":98,""max_region_scopes"":33,""call_collections_closed"":0,""call_collections_unresolved"":0,""call_memo_hits"":32,""solver_passes"":69,""solver_constraint_visits"":64,""occurs_steps"":0}",null,"{""persisted_requests"":0,""persisted_hits"":0,""persisted_nonempty_hits"":0,""persisted_call_proofs"":0,""persisted_declines"":0,""projected_empty_hits"":0,""projected_empty_declines"":0,""input_image_checks"":0,""dependency_validations"":0,""reused_dependency_validations"":0,""graph_importers_initialized"":0,""graph_importers_prepared"":0,""empty_hits"":0,""primitive_hits"":0,""primitive_fallbacks"":0,""primitive_key_declined"":0,""nonempty_requests"":0,""requests"":0,""fresh_unit_requests"":0,""fresh_unit_hits"":0,""hits"":0,""changed_or_unsupported"":0,""missing"":0,""evidence_declined"":0,""options_declined"":0,""captured"":0,""fresh_regions"":0,""call_publications_replayed"":0}"
build/bench/cloud-principal-graphs/jobs-sources/wide-8-valid.blot,4852cdb5c1dc7aa488f2e51ab644f6d9f5cbf4c857856ca2fe084bfda1af3827,baseline,"[798,825,829,852,855,864,889,929,933,950,955,994,1025,1091,2115]","[1009,1010,1032,1063,1111,1137,1186,1195,1201,1214,1239,1250,1274,1292,2299]","[217348,217348,217348,217348,217348,217348,217348,217348,217348,217348,217348,217348,217348,217348,217348]","[60044,60044,60044,60044,60044,60044,60044,60044,60044,60044,60044,60044,60044,60044,60044]","{""semantic_component_batches"":0,""semantic_component_jobs"":0,""max_semantic_component_workers"":0,""inference_regions"":18,""canonical_specialization_queries"":0,""canonical_specialization_hits"":0,""solver_requested_bytes"":24240,""solver_allocations"":134,""scratch_requested_bytes"":21592,""scratch_allocations"":116,""max_solver_live_bytes"":3072,""max_scratch_live_bytes"":3364,""evidence_import_solver_bytes"":0,""evidence_import_scratch_bytes"":128,""snapshot_copy_bytes"":0,""snapshot_copy_allocations"":0,""principal_copy_buffer_bytes"":0,""principal_copy_buffer_allocations"":0,""frozen_capture_temporary_bytes"":0,""frozen_capture_published_bytes"":0,""frozen_edge_scratch_bytes"":0,""region_scopes"":26,""max_region_scopes"":9,""call_collections_closed"":0,""call_collections_unresolved"":0,""call_memo_hits"":8,""solver_passes"":21,""solver_constraint_visits"":24,""occurs_steps"":0}",null,"{""persisted_requests"":0,""persisted_hits"":0,""persisted_nonempty_hits"":0,""persisted_call_proofs"":0,""persisted_declines"":0,""projected_empty_hits"":0,""projected_empty_declines"":0,""input_image_checks"":0,""dependency_validations"":0,""reused_dependency_validations"":0,""graph_importers_initialized"":0,""graph_importers_prepared"":0,""empty_hits"":0,""primitive_hits"":0,""primitive_fallbacks"":0,""primitive_key_declined"":0,""nonempty_requests"":0,""requests"":0,""fresh_unit_requests"":0,""fresh_unit_hits"":0,""hits"":0,""changed_or_unsupported"":0,""missing"":0,""evidence_declined"":0,""options_declined"":0,""captured"":0,""fresh_regions"":0,""call_publications_replayed"":0}"
build/bench/cloud-principal-graphs/jobs-sources/wide-8-valid.blot,4852cdb5c1dc7aa488f2e51ab644f6d9f5cbf4c857856ca2fe084bfda1af3827,default,"[757,772,805,813,828,845,879,893,904,937,941,943,1036,1166,3103]","[958,1008,1070,1079,1102,1107,1110,1113,1123,1151,1192,1213,1220,1380,3345]","[217348,217348,217348,217348,217348,217348,217348,217348,217348,217348,217348,217348,217348,217348,217348]","[60044,60044,60044,60044,60044,60044,60044,60044,60044,60044,60044,60044,60044,60044,60044]","{""semantic_component_batches"":0,""semantic_component_jobs"":0,""max_semantic_component_workers"":0,""inference_regions"":18,""canonical_specialization_queries"":0,""canonical_specialization_hits"":0,""solver_requested_bytes"":24240,""solver_allocations"":134,""scratch_requested_bytes"":21592,""scratch_allocations"":116,""max_solver_live_bytes"":3072,""max_scratch_live_bytes"":3364,""evidence_import_solver_bytes"":0,""evidence_import_scratch_bytes"":128,""snapshot_copy_bytes"":0,""snapshot_copy_allocations"":0,""principal_copy_buffer_bytes"":0,""principal_copy_buffer_allocations"":0,""frozen_capture_temporary_bytes"":0,""frozen_capture_published_bytes"":0,""frozen_edge_scratch_bytes"":0,""region_scopes"":26,""max_region_scopes"":9,""call_collections_closed"":0,""call_collections_unresolved"":0,""call_memo_hits"":8,""solver_passes"":21,""solver_constraint_visits"":24,""occurs_steps"":0}",null,"{""persisted_requests"":0,""persisted_hits"":0,""persisted_nonempty_hits"":0,""persisted_call_proofs"":0,""persisted_declines"":0,""projected_empty_hits"":0,""projected_empty_declines"":0,""input_image_checks"":0,""dependency_validations"":0,""reused_dependency_validations"":0,""graph_importers_initialized"":0,""graph_importers_prepared"":0,""empty_hits"":0,""primitive_hits"":0,""primitive_fallbacks"":0,""primitive_key_declined"":0,""nonempty_requests"":0,""requests"":0,""fresh_unit_requests"":0,""fresh_unit_hits"":0,""hits"":0,""changed_or_unsupported"":0,""missing"":0,""evidence_declined"":0,""options_declined"":0,""captured"":0,""fresh_regions"":0,""call_publications_replayed"":0}"
build/bench/cloud-principal-graphs/query-sources/refinement-128.blot,583e9144b65e081634a28c5d6f3ffc9cf4f95a9d51589b7db218011d44d2657a,baseline,"[2961,2968,3160,3202,3228,3326,3333,3346,3409,3421,3499,3621,3706,4145,4146]","[3158,3179,3351,3396,3429,3540,3564,3566,3601,3606,3712,3808,4032,4340,4361]","[2612180,2612180,2612180,2612180,2612180,2612180,2612180,2612180,2612180,2612180,2612180,2612180,2612180,2612180,2612180]","[660186,660186,660186,660186,660186,660186,660186,660186,660186,660186,660186,660186,660186,660186,660186]","{""semantic_component_batches"":0,""semantic_component_jobs"":0,""max_semantic_component_workers"":0,""inference_regions"":260,""canonical_specialization_queries"":0,""canonical_specialization_hits"":0,""solver_requested_bytes"":321360,""solver_allocations"":1950,""scratch_requested_bytes"":318904,""scratch_allocations"":2077,""max_solver_live_bytes"":1416,""max_scratch_live_bytes"":1752,""evidence_import_solver_bytes"":0,""evidence_import_scratch_bytes"":16512,""snapshot_copy_bytes"":0,""snapshot_copy_allocations"":0,""principal_copy_buffer_bytes"":0,""principal_copy_buffer_allocations"":0,""frozen_capture_temporary_bytes"":0,""frozen_capture_published_bytes"":0,""frozen_edge_scratch_bytes"":0,""region_scopes"":261,""max_region_scopes"":2,""call_collections_closed"":0,""call_collections_unresolved"":0,""call_memo_hits"":129,""solver_passes"":391,""solver_constraint_visits"":131,""occurs_steps"":0}",null,"{""persisted_requests"":0,""persisted_hits"":0,""persisted_nonempty_hits"":0,""persisted_call_proofs"":0,""persisted_declines"":0,""projected_empty_hits"":0,""projected_empty_declines"":0,""input_image_checks"":0,""dependency_validations"":0,""reused_dependency_validations"":0,""graph_importers_initialized"":0,""graph_importers_prepared"":0,""empty_hits"":0,""primitive_hits"":0,""primitive_fallbacks"":0,""primitive_key_declined"":0,""nonempty_requests"":0,""requests"":0,""fresh_unit_requests"":0,""fresh_unit_hits"":0,""hits"":0,""changed_or_unsupported"":0,""missing"":0,""evidence_declined"":0,""options_declined"":0,""captured"":0,""fresh_regions"":0,""call_publications_replayed"":0}"
build/bench/cloud-principal-graphs/query-sources/refinement-128.blot,583e9144b65e081634a28c5d6f3ffc9cf4f95a9d51589b7db218011d44d2657a,default,"[2945,2987,2992,3091,3102,3128,3169,3240,3323,3539,3552,3644,3905,3906,4208]","[3158,3175,3178,3293,3299,3337,3369,3434,3522,3728,3755,3826,4171,4186,4421]","[2612180,2612180,2612180,2612180,2612180,2612180,2612180,2612180,2612180,2612180,2612180,2612180,2612180,2612180,2612180]","[660186,660186,660186,660186,660186,660186,660186,660186,660186,660186,660186,660186,660186,660186,660186]","{""semantic_component_batches"":0,""semantic_component_jobs"":0,""max_semantic_component_workers"":0,""inference_regions"":260,""canonical_specialization_queries"":0,""canonical_specialization_hits"":0,""solver_requested_bytes"":321360,""solver_allocations"":1950,""scratch_requested_bytes"":318904,""scratch_allocations"":2077,""max_solver_live_bytes"":1416,""max_scratch_live_bytes"":1752,""evidence_import_solver_bytes"":0,""evidence_import_scratch_bytes"":16512,""snapshot_copy_bytes"":0,""snapshot_copy_allocations"":0,""principal_copy_buffer_bytes"":0,""principal_copy_buffer_allocations"":0,""frozen_capture_temporary_bytes"":0,""frozen_capture_published_bytes"":0,""frozen_edge_scratch_bytes"":0,""region_scopes"":261,""max_region_scopes"":2,""call_collections_closed"":0,""call_collections_unresolved"":0,""call_memo_hits"":129,""solver_passes"":391,""solver_constraint_visits"":131,""occurs_steps"":0}",null,"{""persisted_requests"":0,""persisted_hits"":0,""persisted_nonempty_hits"":0,""persisted_call_proofs"":0,""persisted_declines"":0,""projected_empty_hits"":0,""projected_empty_declines"":0,""input_image_checks"":0,""dependency_validations"":0,""reused_dependency_validations"":0,""graph_importers_initialized"":0,""graph_importers_prepared"":0,""empty_hits"":0,""primitive_hits"":0,""primitive_fallbacks"":0,""primitive_key_declined"":0,""nonempty_requests"":0,""requests"":0,""fresh_unit_requests"":0,""fresh_unit_hits"":0,""hits"":0,""changed_or_unsupported"":0,""missing"":0,""evidence_declined"":0,""options_declined"":0,""captured"":0,""fresh_regions"":0,""call_publications_replayed"":0}"
build/bench/cloud-principal-graphs/query-sources/refinement-32.blot,61044b0a77b1f96a60fe883ea08fa621cff730b8038d9df1cccd727ba7f0ceaf,baseline,"[1263,1281,1303,1310,1311,1362,1368,1396,1397,1430,1490,1535,1642,1714,1732]","[1471,1480,1503,1542,1562,1566,1592,1623,1635,1636,1694,1728,1850,1944,2148]","[731082,731082,731082,731082,731082,731082,731082,731082,731082,731082,731082,731082,731082,731082,731082]","[184513,184513,184513,184513,184513,184513,184513,184513,184513,184513,184513,184513,184513,184513,184513]","{""semantic_component_batches"":0,""semantic_component_jobs"":0,""max_semantic_component_workers"":0,""inference_regions"":68,""canonical_specialization_queries"":0,""canonical_specialization_hits"":0,""solver_requested_bytes"":84048,""solver_allocations"":510,""scratch_requested_bytes"":83128,""scratch_allocations"":541,""max_solver_live_bytes"":1416,""max_scratch_live_bytes"":1752,""evidence_import_solver_bytes"":0,""evidence_import_scratch_bytes"":4224,""snapshot_copy_bytes"":0,""snapshot_copy_allocations"":0,""principal_copy_buffer_bytes"":0,""principal_copy_buffer_allocations"":0,""frozen_capture_temporary_bytes"":0,""frozen_capture_published_bytes"":0,""frozen_edge_scratch_bytes"":0,""region_scopes"":69,""max_region_scopes"":2,""call_collections_closed"":0,""call_collections_unresolved"":0,""call_memo_hits"":33,""solver_passes"":103,""solver_constraint_visits"":35,""occurs_steps"":0}",null,"{""persisted_requests"":0,""persisted_hits"":0,""persisted_nonempty_hits"":0,""persisted_call_proofs"":0,""persisted_declines"":0,""projected_empty_hits"":0,""projected_empty_declines"":0,""input_image_checks"":0,""dependency_validations"":0,""reused_dependency_validations"":0,""graph_importers_initialized"":0,""graph_importers_prepared"":0,""empty_hits"":0,""primitive_hits"":0,""primitive_fallbacks"":0,""primitive_key_declined"":0,""nonempty_requests"":0,""requests"":0,""fresh_unit_requests"":0,""fresh_unit_hits"":0,""hits"":0,""changed_or_unsupported"":0,""missing"":0,""evidence_declined"":0,""options_declined"":0,""captured"":0,""fresh_regions"":0,""call_publications_replayed"":0}"
build/bench/cloud-principal-graphs/query-sources/refinement-32.blot,61044b0a77b1f96a60fe883ea08fa621cff730b8038d9df1cccd727ba7f0ceaf,default,"[1212,1276,1279,1282,1371,1382,1451,1454,1484,1488,1506,1558,1611,1662,1810]","[1463,1475,1486,1500,1582,1637,1689,1689,1694,1760,1860,1877,1885,1913,2177]","[731082,731082,731082,731082,731082,731082,731082,731082,731082,731082,731082,731082,731082,731082,731082]","[184513,184513,184513,184513,184513,184513,184513,184513,184513,184513,184513,184513,184513,184513,184513]","{""semantic_component_batches"":0,""semantic_component_jobs"":0,""max_semantic_component_workers"":0,""inference_regions"":68,""canonical_specialization_queries"":0,""canonical_specialization_hits"":0,""solver_requested_bytes"":84048,""solver_allocations"":510,""scratch_requested_bytes"":83128,""scratch_allocations"":541,""max_solver_live_bytes"":1416,""max_scratch_live_bytes"":1752,""evidence_import_solver_bytes"":0,""evidence_import_scratch_bytes"":4224,""snapshot_copy_bytes"":0,""snapshot_copy_allocations"":0,""principal_copy_buffer_bytes"":0,""principal_copy_buffer_allocations"":0,""frozen_capture_temporary_bytes"":0,""frozen_capture_published_bytes"":0,""frozen_edge_scratch_bytes"":0,""region_scopes"":69,""max_region_scopes"":2,""call_collections_closed"":0,""call_collections_unresolved"":0,""call_memo_hits"":33,""solver_passes"":103,""solver_constraint_visits"":35,""occurs_steps"":0}",null,"{""persisted_requests"":0,""persisted_hits"":0,""persisted_nonempty_hits"":0,""persisted_call_proofs"":0,""persisted_declines"":0,""projected_empty_hits"":0,""projected_empty_declines"":0,""input_image_checks"":0,""dependency_validations"":0,""reused_dependency_validations"":0,""graph_importers_initialized"":0,""graph_importers_prepared"":0,""empty_hits"":0,""primitive_hits"":0,""primitive_fallbacks"":0,""primitive_key_declined"":0,""nonempty_requests"":0,""requests"":0,""fresh_unit_requests"":0,""fresh_unit_hits"":0,""hits"":0,""changed_or_unsupported"":0,""missing"":0,""evidence_declined"":0,""options_declined"":0,""captured"":0,""fresh_regions"":0,""call_publications_replayed"":0}"
build/bench/cloud-principal-graphs/query-sources/refinement-8.blot,05fd360001bd7d68f82b5887c88c1049b0c41a3c666ffc13a1541fb697f2fe07,baseline,"[758,799,803,804,817,840,841,891,899,912,991,1027,1112,1240,2796]","[926,963,966,989,995,1009,1071,1098,1103,1125,1178,1250,1338,1499,2996]","[221093,221093,221093,221093,221093,221093,221093,221093,221093,221093,221093,221093,221093,221093,221093]","[58579,58579,58579,58579,58579,58579,58579,58579,58579,58579,58579,58579,58579,58579,58579]","{""semantic_component_batches"":0,""semantic_component_jobs"":0,""max_semantic_component_workers"":0,""inference_regions"":20,""canonical_specialization_queries"":0,""canonical_specialization_hits"":0,""solver_requested_bytes"":24720,""solver_allocations"":150,""scratch_requested_bytes"":24184,""scratch_allocations"":157,""max_solver_live_bytes"":1416,""max_scratch_live_bytes"":1752,""evidence_import_solver_bytes"":0,""evidence_import_scratch_bytes"":1152,""snapshot_copy_bytes"":0,""snapshot_copy_allocations"":0,""principal_copy_buffer_bytes"":0,""principal_copy_buffer_allocations"":0,""frozen_capture_temporary_bytes"":0,""frozen_capture_published_bytes"":0,""frozen_edge_scratch_bytes"":0,""region_scopes"":21,""max_region_scopes"":2,""call_collections_closed"":0,""call_collections_unresolved"":0,""call_memo_hits"":9,""solver_passes"":31,""solver_constraint_visits"":11,""occurs_steps"":0}",null,"{""persisted_requests"":0,""persisted_hits"":0,""persisted_nonempty_hits"":0,""persisted_call_proofs"":0,""persisted_declines"":0,""projected_empty_hits"":0,""projected_empty_declines"":0,""input_image_checks"":0,""dependency_validations"":0,""reused_dependency_validations"":0,""graph_importers_initialized"":0,""graph_importers_prepared"":0,""empty_hits"":0,""primitive_hits"":0,""primitive_fallbacks"":0,""primitive_key_declined"":0,""nonempty_requests"":0,""requests"":0,""fresh_unit_requests"":0,""fresh_unit_hits"":0,""hits"":0,""changed_or_unsupported"":0,""missing"":0,""evidence_declined"":0,""options_declined"":0,""captured"":0,""fresh_regions"":0,""call_publications_replayed"":0}"
build/bench/cloud-principal-graphs/query-sources/refinement-8.blot,05fd360001bd7d68f82b5887c88c1049b0c41a3c666ffc13a1541fb697f2fe07,default,"[712,756,785,808,826,828,828,841,904,943,949,969,984,994,1067]","[897,918,965,996,1003,1016,1019,1035,1074,1137,1170,1197,1205,1333,1661]","[221093,221093,221093,221093,221093,221093,221093,221093,221093,221093,221093,221093,221093,221093,221093]","[58579,58579,58579,58579,58579,58579,58579,58579,58579,58579,58579,58579,58579,58579,58579]","{""semantic_component_batches"":0,""semantic_component_jobs"":0,""max_semantic_component_workers"":0,""inference_regions"":20,""canonical_specialization_queries"":0,""canonical_specialization_hits"":0,""solver_requested_bytes"":24720,""solver_allocations"":150,""scratch_requested_bytes"":24184,""scratch_allocations"":157,""max_solver_live_bytes"":1416,""max_scratch_live_bytes"":1752,""evidence_import_solver_bytes"":0,""evidence_import_scratch_bytes"":1152,""snapshot_copy_bytes"":0,""snapshot_copy_allocations"":0,""principal_copy_buffer_bytes"":0,""principal_copy_buffer_allocations"":0,""frozen_capture_temporary_bytes"":0,""frozen_capture_published_bytes"":0,""frozen_edge_scratch_bytes"":0,""region_scopes"":21,""max_region_scopes"":2,""call_collections_closed"":0,""call_collections_unresolved"":0,""call_memo_hits"":9,""solver_passes"":31,""solver_constraint_visits"":11,""occurs_steps"":0}",null,"{""persisted_requests"":0,""persisted_hits"":0,""persisted_nonempty_hits"":0,""persisted_call_proofs"":0,""persisted_declines"":0,""projected_empty_hits"":0,""projected_empty_declines"":0,""input_image_checks"":0,""dependency_validations"":0,""reused_dependency_validations"":0,""graph_importers_initialized"":0,""graph_importers_prepared"":0,""empty_hits"":0,""primitive_hits"":0,""primitive_fallbacks"":0,""primitive_key_declined"":0,""nonempty_requests"":0,""requests"":0,""fresh_unit_requests"":0,""fresh_unit_hits"":0,""hits"":0,""changed_or_unsupported"":0,""missing"":0,""evidence_declined"":0,""options_declined"":0,""captured"":0,""fresh_regions"":0,""call_publications_replayed"":0}"
