source,sha256,policy,cpu_us,wall_us,requested_bytes,peak_bytes,work_counters,refinements
build/bench/cloud-principal-graphs/callback-sources/apply-4-valid.blot,e84842f1447cfac4cf505f7c6b6c5075718e0aac86a738f4b7d8477cb29fa700,baseline,"[4501,4524,4540,4542,4579,4580,4646,4822,4923,4958,5055,5119,5715,5916,6169]","[4701,4744,4777,4781,4783,4787,4861,5118,5149,5246,5300,5503,5935,6377,6475]","[3708253,3708253,3708253,3708253,3708253,3708253,3708253,3708253,3708253,3708253,3708253,3708253,3708253,3708253,3708253]","[1072587,1072587,1072587,1072587,1072587,1072587,1072587,1072587,1072587,1072587,1072587,1072587,1072587,1072587,1072587]","{""semantic_component_batches"":0,""semantic_component_jobs"":0,""max_semantic_component_workers"":0,""inference_regions"":42,""canonical_specialization_queries"":2,""canonical_specialization_hits"":0,""solver_requested_bytes"":124624,""solver_allocations"":432,""scratch_requested_bytes"":122552,""scratch_allocations"":737,""max_solver_live_bytes"":4120,""max_scratch_live_bytes"":3192,""evidence_import_solver_bytes"":0,""evidence_import_scratch_bytes"":1792,""snapshot_copy_bytes"":0,""snapshot_copy_allocations"":0,""principal_copy_buffer_bytes"":17384,""principal_copy_buffer_allocations"":162,""frozen_capture_temporary_bytes"":0,""frozen_capture_published_bytes"":0,""frozen_edge_scratch_bytes"":0,""region_scopes"":62,""max_region_scopes"":4,""call_collections_closed"":4,""call_collections_unresolved"":0,""call_memo_hits"":32,""solver_passes"":64,""solver_constraint_visits"":75,""occurs_steps"":65}",null
build/bench/cloud-principal-graphs/callback-sources/apply-4-valid.blot,e84842f1447cfac4cf505f7c6b6c5075718e0aac86a738f4b7d8477cb29fa700,default,"[4415,4459,4581,4600,4601,4609,4694,4788,4857,4892,4939,5276,5936,5940,6102]","[4608,4667,4817,4834,4852,4886,4924,5001,5060,5175,5206,5524,6150,6222,6322]","[3702405,3702405,3702405,3702405,3702405,3702405,3702405,3702405,3702405,3702405,3702405,3702405,3702405,3702405,3702405]","[1072587,1072587,1072587,1072587,1072587,1072587,1072587,1072587,1072587,1072587,1072587,1072587,1072587,1072587,1072587]","{""semantic_component_batches"":0,""semantic_component_jobs"":0,""max_semantic_component_workers"":0,""inference_regions"":42,""canonical_specialization_queries"":2,""canonical_specialization_hits"":0,""solver_requested_bytes"":124624,""solver_allocations"":432,""scratch_requested_bytes"":122552,""scratch_allocations"":737,""max_solver_live_bytes"":4120,""max_scratch_live_bytes"":3192,""evidence_import_solver_bytes"":0,""evidence_import_scratch_bytes"":1792,""snapshot_copy_bytes"":0,""snapshot_copy_allocations"":0,""principal_copy_buffer_bytes"":17384,""principal_copy_buffer_allocations"":162,""frozen_capture_temporary_bytes"":0,""frozen_capture_published_bytes"":0,""frozen_edge_scratch_bytes"":0,""region_scopes"":62,""max_region_scopes"":4,""call_collections_closed"":4,""call_collections_unresolved"":0,""call_memo_hits"":32,""solver_passes"":64,""solver_constraint_visits"":75,""occurs_steps"":65}",null
build/bench/cloud-principal-graphs/callback-sources/apply-8-valid.blot,92ff4642cd94874b50272210ce3c0f1d1682a92bcdc6a299e163154224d2e103,baseline,"[4784,4897,4955,4976,5057,5166,5181,5257,5294,5455,5488,5545,5895,5966,9721]","[5031,5110,5216,5224,5309,5391,5443,5494,5544,5706,5727,5957,6166,6211,10027]","[4080156,4080156,4080156,4080156,4080156,4080156,4080156,4080156,4080156,4080156,4080156,4080156,4080156,4080156,4080156]","[1096207,1096207,1096207,1096207,1096207,1096207,1096207,1096207,1096207,1096207,1096207,1096207,1096207,1096207,1096207]","{""semantic_component_batches"":0,""semantic_component_jobs"":0,""max_semantic_component_workers"":0,""inference_regions"":66,""canonical_specialization_queries"":2,""canonical_specialization_hits"":0,""solver_requested_bytes"":203152,""solver_allocations"":680,""scratch_requested_bytes"":201328,""scratch_allocations"":1210,""max_solver_live_bytes"":4120,""max_scratch_live_bytes"":4000,""evidence_import_solver_bytes"":0,""evidence_import_scratch_bytes"":2816,""snapshot_copy_bytes"":0,""snapshot_copy_allocations"":0,""principal_copy_buffer_bytes"":30600,""principal_copy_buffer_allocations"":278,""frozen_capture_temporary_bytes"":0,""frozen_capture_published_bytes"":0,""frozen_edge_scratch_bytes"":0,""region_scopes"":94,""max_region_scopes"":4,""call_collections_closed"":4,""call_collections_unresolved"":0,""call_memo_hits"":56,""solver_passes"":104,""solver_constraint_visits"":131,""occurs_steps"":97}",null
build/bench/cloud-principal-graphs/callback-sources/apply-8-valid.blot,92ff4642cd94874b50272210ce3c0f1d1682a92bcdc6a299e163154224d2e103,default,"[4840,4888,4990,5045,5047,5066,5187,5232,5389,5545,5686,5860,6080,6433,6894]","[5110,5196,5245,5290,5296,5483,5521,5540,5595,5792,5898,6138,6456,6715,7177]","[4078780,4078780,4078780,4078780,4078780,4078780,4078780,4078780,4078780,4078780,4078780,4078780,4078780,4078780,4078780]","[1096207,1096207,1096207,1096207,1096207,1096207,1096207,1096207,1096207,1096207,1096207,1096207,1096207,1096207,1096207]","{""semantic_component_batches"":0,""semantic_component_jobs"":0,""max_semantic_component_workers"":0,""inference_regions"":66,""canonical_specialization_queries"":2,""canonical_specialization_hits"":0,""solver_requested_bytes"":203152,""solver_allocations"":680,""scratch_requested_bytes"":201328,""scratch_allocations"":1210,""max_solver_live_bytes"":4120,""max_scratch_live_bytes"":4000,""evidence_import_solver_bytes"":0,""evidence_import_scratch_bytes"":2816,""snapshot_copy_bytes"":0,""snapshot_copy_allocations"":0,""principal_copy_buffer_bytes"":30600,""principal_copy_buffer_allocations"":278,""frozen_capture_temporary_bytes"":0,""frozen_capture_published_bytes"":0,""frozen_edge_scratch_bytes"":0,""region_scopes"":94,""max_region_scopes"":4,""call_collections_closed"":4,""call_collections_unresolved"":0,""call_memo_hits"":56,""solver_passes"":104,""solver_constraint_visits"":131,""occurs_steps"":97}",null
build/bench/cloud-principal-graphs/callback-sources/apply-12-valid.blot,b5f4a9cb2fe83b3736327b474588f59d3cd7f55244b0ff456179a56b91f27cfa,baseline,"[5213,5322,5383,5452,5613,5635,5658,5852,6086,6167,6237,6587,6631,6936,9247]","[5430,5591,5633,5658,5837,5852,5906,6116,6398,6421,6517,6869,7085,7241,9603]","[4442922,4442922,4442922,4442922,4442922,4442922,4442922,4442922,4442922,4442922,4442922,4442922,4442922,4442922,4442922]","[1133455,1133455,1133455,1133455,1133455,1133455,1133455,1133455,1133455,1133455,1133455,1133455,1133455,1133455,1133455]","{""semantic_component_batches"":0,""semantic_component_jobs"":0,""max_semantic_component_workers"":0,""inference_regions"":90,""canonical_specialization_queries"":2,""canonical_specialization_hits"":0,""solver_requested_bytes"":281680,""solver_allocations"":928,""scratch_requested_bytes"":283048,""scratch_allocations"":1684,""max_solver_live_bytes"":4120,""max_scratch_live_bytes"":6640,""evidence_import_solver_bytes"":0,""evidence_import_scratch_bytes"":3840,""snapshot_copy_bytes"":0,""snapshot_copy_allocations"":0,""principal_copy_buffer_bytes"":43816,""principal_copy_buffer_allocations"":394,""frozen_capture_temporary_bytes"":0,""frozen_capture_published_bytes"":0,""frozen_edge_scratch_bytes"":0,""region_scopes"":126,""max_region_scopes"":4,""call_collections_closed"":4,""call_collections_unresolved"":0,""call_memo_hits"":80,""solver_passes"":144,""solver_constraint_visits"":187,""occurs_steps"":129}",null
build/bench/cloud-principal-graphs/callback-sources/apply-12-valid.blot,b5f4a9cb2fe83b3736327b474588f59d3cd7f55244b0ff456179a56b91f27cfa,default,"[5201,5216,5403,5430,5551,5702,5887,5888,5994,6011,6203,6515,6635,6926,7104]","[5418,5430,5654,5663,5780,5913,6088,6172,6221,6334,6465,6745,6920,7229,7524]","[4434354,4434354,4434354,4434354,4434354,4434354,4434354,4434354,4434354,4434354,4434354,4434354,4434354,4434354,4434354]","[1133455,1133455,1133455,1133455,1133455,1133455,1133455,1133455,1133455,1133455,1133455,1133455,1133455,1133455,1133455]","{""semantic_component_batches"":0,""semantic_component_jobs"":0,""max_semantic_component_workers"":0,""inference_regions"":90,""canonical_specialization_queries"":2,""canonical_specialization_hits"":0,""solver_requested_bytes"":281680,""solver_allocations"":928,""scratch_requested_bytes"":283048,""scratch_allocations"":1684,""max_solver_live_bytes"":4120,""max_scratch_live_bytes"":6640,""evidence_import_solver_bytes"":0,""evidence_import_scratch_bytes"":3840,""snapshot_copy_bytes"":0,""snapshot_copy_allocations"":0,""principal_copy_buffer_bytes"":43816,""principal_copy_buffer_allocations"":394,""frozen_capture_temporary_bytes"":0,""frozen_capture_published_bytes"":0,""frozen_edge_scratch_bytes"":0,""region_scopes"":126,""max_region_scopes"":4,""call_collections_closed"":4,""call_collections_unresolved"":0,""call_memo_hits"":80,""solver_passes"":144,""solver_constraint_visits"":187,""occurs_steps"":129}",null
build/bench/cloud-principal-graphs/callback-sources/curried-4-valid.blot,ac10c5cf4c1535cedab5194798feb143a690c04c290b8685b9f3a003935d12f6,baseline,"[4545,4569,4626,4697,4921,4929,4960,4966,5021,5059,5067,5322,5483,6035,7374]","[4767,4773,4860,4943,5157,5163,5168,5262,5321,5338,5432,5548,5739,6280,7656]","[3765970,3765970,3765970,3765970,3765970,3765970,3765970,3765970,3765970,3765970,3765970,3765970,3765970,3765970,3765970]","[1074071,1074071,1074071,1074071,1074071,1074071,1074071,1074071,1074071,1074071,1074071,1074071,1074071,1074071,1074071]","{""semantic_component_batches"":0,""semantic_component_jobs"":0,""max_semantic_component_workers"":0,""inference_regions"":42,""canonical_specialization_queries"":2,""canonical_specialization_hits"":0,""solver_requested_bytes"":184312,""solver_allocations"":478,""scratch_requested_bytes"":149128,""scratch_allocations"":810,""max_solver_live_bytes"":7328,""max_scratch_live_bytes"":3424,""evidence_import_solver_bytes"":0,""evidence_import_scratch_bytes"":1792,""snapshot_copy_bytes"":0,""snapshot_copy_allocations"":0,""principal_copy_buffer_bytes"":23280,""principal_copy_buffer_allocations"":175,""frozen_capture_temporary_bytes"":0,""frozen_capture_published_bytes"":0,""frozen_edge_scratch_bytes"":0,""region_scopes"":62,""max_region_scopes"":4,""call_collections_closed"":4,""call_collections_unresolved"":0,""call_memo_hits"":32,""solver_passes"":64,""solver_constraint_visits"":77,""occurs_steps"":71}",null
build/bench/cloud-principal-graphs/callback-sources/curried-4-valid.blot,ac10c5cf4c1535cedab5194798feb143a690c04c290b8685b9f3a003935d12f6,default,"[4633,4640,4711,4714,4757,4829,4838,5082,5335,5375,5409,5415,5698,6856,11903]","[4835,4843,4930,4932,5010,5061,5216,5311,5562,5605,5713,5738,5929,7226,12171]","[3760122,3760122,3760122,3760122,3760122,3760122,3760122,3760122,3760122,3760122,3760122,3760122,3760122,3760122,3760122]","[1074071,1074071,1074071,1074071,1074071,1074071,1074071,1074071,1074071,1074071,1074071,1074071,1074071,1074071,1074071]","{""semantic_component_batches"":0,""semantic_component_jobs"":0,""max_semantic_component_workers"":0,""inference_regions"":42,""canonical_specialization_queries"":2,""canonical_specialization_hits"":0,""solver_requested_bytes"":184312,""solver_allocations"":478,""scratch_requested_bytes"":149128,""scratch_allocations"":810,""max_solver_live_bytes"":7328,""max_scratch_live_bytes"":3424,""evidence_import_solver_bytes"":0,""evidence_import_scratch_bytes"":1792,""snapshot_copy_bytes"":0,""snapshot_copy_allocations"":0,""principal_copy_buffer_bytes"":23280,""principal_copy_buffer_allocations"":175,""frozen_capture_temporary_bytes"":0,""frozen_capture_published_bytes"":0,""frozen_edge_scratch_bytes"":0,""region_scopes"":62,""max_region_scopes"":4,""call_collections_closed"":4,""call_collections_unresolved"":0,""call_memo_hits"":32,""solver_passes"":64,""solver_constraint_visits"":77,""occurs_steps"":71}",null
build/bench/cloud-principal-graphs/callback-sources/curried-8-valid.blot,56773e7f11db4927845db7b7864234b7c10cb95c0e666efce882afc855ef1f0c,baseline,"[4938,5029,5131,5265,5304,5323,5510,5663,5663,5683,5693,5705,5716,5984,7045]","[5259,5319,5358,5513,5531,5540,5914,5922,5930,5944,6008,6008,6043,6485,7378]","[4197599,4197599,4197599,4197599,4197599,4197599,4197599,4197599,4197599,4197599,4197599,4197599,4197599,4197599,4197599]","[1116059,1116059,1116059,1116059,1116059,1116059,1116059,1116059,1116059,1116059,1116059,1116059,1116059,1116059,1116059]","{""semantic_component_batches"":0,""semantic_component_jobs"":0,""max_semantic_component_workers"":0,""inference_regions"":66,""canonical_specialization_queries"":2,""canonical_specialization_hits"":0,""solver_requested_bytes"":295096,""solver_allocations"":750,""scratch_requested_bytes"":246528,""scratch_allocations"":1323,""max_solver_live_bytes"":7328,""max_scratch_live_bytes"":4080,""evidence_import_solver_bytes"":0,""evidence_import_scratch_bytes"":2816,""snapshot_copy_bytes"":0,""snapshot_copy_allocations"":0,""principal_copy_buffer_bytes"":40464,""principal_copy_buffer_allocations"":299,""frozen_capture_temporary_bytes"":0,""frozen_capture_published_bytes"":0,""frozen_edge_scratch_bytes"":0,""region_scopes"":94,""max_region_scopes"":4,""call_collections_closed"":4,""call_collections_unresolved"":0,""call_memo_hits"":56,""solver_passes"":104,""solver_constraint_visits"":133,""occurs_steps"":103}",null
build/bench/cloud-principal-graphs/callback-sources/curried-8-valid.blot,56773e7f11db4927845db7b7864234b7c10cb95c0e666efce882afc855ef1f0c,default,"[5036,5134,5309,5311,5408,5414,5685,5712,5793,5855,6276,6337,6551,6804,7137]","[5248,5340,5543,5607,5660,5814,5947,5987,6100,6157,6495,6554,6850,7182,7368]","[4196223,4196223,4196223,4196223,4196223,4196223,4196223,4196223,4196223,4196223,4196223,4196223,4196223,4196223,4196223]","[1116059,1116059,1116059,1116059,1116059,1116059,1116059,1116059,1116059,1116059,1116059,1116059,1116059,1116059,1116059]","{""semantic_component_batches"":0,""semantic_component_jobs"":0,""max_semantic_component_workers"":0,""inference_regions"":66,""canonical_specialization_queries"":2,""canonical_specialization_hits"":0,""solver_requested_bytes"":295096,""solver_allocations"":750,""scratch_requested_bytes"":246528,""scratch_allocations"":1323,""max_solver_live_bytes"":7328,""max_scratch_live_bytes"":4080,""evidence_import_solver_bytes"":0,""evidence_import_scratch_bytes"":2816,""snapshot_copy_bytes"":0,""snapshot_copy_allocations"":0,""principal_copy_buffer_bytes"":40464,""principal_copy_buffer_allocations"":299,""frozen_capture_temporary_bytes"":0,""frozen_capture_published_bytes"":0,""frozen_edge_scratch_bytes"":0,""region_scopes"":94,""max_region_scopes"":4,""call_collections_closed"":4,""call_collections_unresolved"":0,""call_memo_hits"":56,""solver_passes"":104,""solver_constraint_visits"":133,""occurs_steps"":103}",null
build/bench/cloud-principal-graphs/callback-sources/curried-12-valid.blot,f4c39c89bf97d5f83cbf169801ad3c28ac37d4e47c4be2898152e5d1965d3982,baseline,"[3670,5565,5642,5729,5802,5808,5870,5934,5955,5989,6277,6399,6531,7603,7622]","[5804,5859,5982,6034,6037,6079,6164,6202,6206,6532,6602,6762,6768,7871,7943]","[4549753,4549753,4549753,4549753,4549753,4549753,4549753,4549753,4549753,4549753,4549753,4549753,4549753,4549753,4549753]","[1137055,1137055,1137055,1137055,1137055,1137055,1137055,1137055,1137055,1137055,1137055,1137055,1137055,1137055,1137055]","{""semantic_component_batches"":0,""semantic_component_jobs"":0,""max_semantic_component_workers"":0,""inference_regions"":90,""canonical_specialization_queries"":2,""canonical_specialization_hits"":0,""solver_requested_bytes"":405880,""solver_allocations"":1022,""scratch_requested_bytes"":346872,""scratch_allocations"":1837,""max_solver_live_bytes"":7328,""max_scratch_live_bytes"":6640,""evidence_import_solver_bytes"":0,""evidence_import_scratch_bytes"":3840,""snapshot_copy_bytes"":0,""snapshot_copy_allocations"":0,""principal_copy_buffer_bytes"":57648,""principal_copy_buffer_allocations"":423,""frozen_capture_temporary_bytes"":0,""frozen_capture_published_bytes"":0,""frozen_edge_scratch_bytes"":0,""region_scopes"":126,""max_region_scopes"":4,""call_collections_closed"":4,""call_collections_unresolved"":0,""call_memo_hits"":80,""solver_passes"":144,""solver_constraint_visits"":189,""occurs_steps"":135}",null
build/bench/cloud-principal-graphs/callback-sources/curried-12-valid.blot,f4c39c89bf97d5f83cbf169801ad3c28ac37d4e47c4be2898152e5d1965d3982,default,"[4127,5510,5721,5946,6063,6208,6281,6320,6680,6704,6715,6865,6902,7013,7377]","[5738,5939,6234,6337,6479,6532,6544,6901,6949,6951,7133,7186,7369,7702,8100]","[4541185,4541185,4541185,4541185,4541185,4541185,4541185,4541185,4541185,4541185,4541185,4541185,4541185,4541185,4541185]","[1137055,1137055,1137055,1137055,1137055,1137055,1137055,1137055,1137055,1137055,1137055,1137055,1137055,1137055,1137055]","{""semantic_component_batches"":0,""semantic_component_jobs"":0,""max_semantic_component_workers"":0,""inference_regions"":90,""canonical_specialization_queries"":2,""canonical_specialization_hits"":0,""solver_requested_bytes"":405880,""solver_allocations"":1022,""scratch_requested_bytes"":346872,""scratch_allocations"":1837,""max_solver_live_bytes"":7328,""max_scratch_live_bytes"":6640,""evidence_import_solver_bytes"":0,""evidence_import_scratch_bytes"":3840,""snapshot_copy_bytes"":0,""snapshot_copy_allocations"":0,""principal_copy_buffer_bytes"":57648,""principal_copy_buffer_allocations"":423,""frozen_capture_temporary_bytes"":0,""frozen_capture_published_bytes"":0,""frozen_edge_scratch_bytes"":0,""region_scopes"":126,""max_region_scopes"":4,""call_collections_closed"":4,""call_collections_unresolved"":0,""call_memo_hits"":80,""solver_passes"":144,""solver_constraint_visits"":189,""occurs_steps"":135}",null
build/bench/cloud-principal-graphs/callback-sources/returned-4-valid.blot,d58dc6e9acc913d8467680aa996ce1bc94977ee95a3dccd0c0a8647c32826f6a,baseline,"[4529,4561,4768,4774,4811,4872,4890,4895,5008,5238,5302,5338,5493,5518,8486]","[4805,4846,4982,4983,5106,5114,5124,5153,5356,5451,5546,5619,5718,5869,8774]","[3798637,3798637,3798637,3798637,3798637,3798637,3798637,3798637,3798637,3798637,3798637,3798637,3798637,3798637,3798637]","[1073899,1073899,1073899,1073899,1073899,1073899,1073899,1073899,1073899,1073899,1073899,1073899,1073899,1073899,1073899]","{""semantic_component_batches"":0,""semantic_component_jobs"":0,""max_semantic_component_workers"":0,""inference_regions"":42,""canonical_specialization_queries"":2,""canonical_specialization_hits"":0,""solver_requested_bytes"":181048,""solver_allocations"":476,""scratch_requested_bytes"":151488,""scratch_allocations"":824,""max_solver_live_bytes"":6156,""max_scratch_live_bytes"":3424,""evidence_import_solver_bytes"":0,""evidence_import_scratch_bytes"":1792,""snapshot_copy_bytes"":0,""snapshot_copy_allocations"":0,""principal_copy_buffer_bytes"":23376,""principal_copy_buffer_allocations"":175,""frozen_capture_temporary_bytes"":0,""frozen_capture_published_bytes"":0,""frozen_edge_scratch_bytes"":0,""region_scopes"":62,""max_region_scopes"":4,""call_collections_closed"":4,""call_collections_unresolved"":0,""call_memo_hits"":32,""solver_passes"":64,""solver_constraint_visits"":77,""occurs_steps"":65}",null
build/bench/cloud-principal-graphs/callback-sources/returned-4-valid.blot,d58dc6e9acc913d8467680aa996ce1bc94977ee95a3dccd0c0a8647c32826f6a,default,"[4847,4864,4886,4959,5054,5099,5296,5415,5650,5656,5816,5844,6034,6097,17678]","[5096,5135,5145,5175,5290,5404,5502,5670,5954,5998,6110,6140,6269,6413,17990]","[3792789,3792789,3792789,3792789,3792789,3792789,3792789,3792789,3792789,3792789,3792789,3792789,3792789,3792789,3792789]","[1073899,1073899,1073899,1073899,1073899,1073899,1073899,1073899,1073899,1073899,1073899,1073899,1073899,1073899,1073899]","{""semantic_component_batches"":0,""semantic_component_jobs"":0,""max_semantic_component_workers"":0,""inference_regions"":42,""canonical_specialization_queries"":2,""canonical_specialization_hits"":0,""solver_requested_bytes"":181048,""solver_allocations"":476,""scratch_requested_bytes"":151488,""scratch_allocations"":824,""max_solver_live_bytes"":6156,""max_scratch_live_bytes"":3424,""evidence_import_solver_bytes"":0,""evidence_import_scratch_bytes"":1792,""snapshot_copy_bytes"":0,""snapshot_copy_allocations"":0,""principal_copy_buffer_bytes"":23376,""principal_copy_buffer_allocations"":175,""frozen_capture_temporary_bytes"":0,""frozen_capture_published_bytes"":0,""frozen_edge_scratch_bytes"":0,""region_scopes"":62,""max_region_scopes"":4,""call_collections_closed"":4,""call_collections_unresolved"":0,""call_memo_hits"":32,""solver_passes"":64,""solver_constraint_visits"":77,""occurs_steps"":65}",null
build/bench/cloud-principal-graphs/callback-sources/returned-8-valid.blot,0bda513588392078285cadf78599d512871131e3473cbf962aebe44f5ccf03b2,baseline,"[5031,5353,5428,5510,5535,5627,5699,5848,5898,5911,6338,6899,6969,8621,14814]","[5259,5651,5687,5753,5753,5919,5958,6123,6217,6222,6657,7382,8291,9005,15133]","[4197698,4197698,4197698,4197698,4197698,4197698,4197698,4197698,4197698,4197698,4197698,4197698,4197698,4197698,4197698]","[1115899,1115899,1115899,1115899,1115899,1115899,1115899,1115899,1115899,1115899,1115899,1115899,1115899,1115899,1115899]","{""semantic_component_batches"":0,""semantic_component_jobs"":0,""max_semantic_component_workers"":0,""inference_regions"":66,""canonical_specialization_queries"":2,""canonical_specialization_hits"":0,""solver_requested_bytes"":291832,""solver_allocations"":748,""scratch_requested_bytes"":248056,""scratch_allocations"":1345,""max_solver_live_bytes"":6156,""max_scratch_live_bytes"":4080,""evidence_import_solver_bytes"":0,""evidence_import_scratch_bytes"":2816,""snapshot_copy_bytes"":0,""snapshot_copy_allocations"":0,""principal_copy_buffer_bytes"":40624,""principal_copy_buffer_allocations"":299,""frozen_capture_temporary_bytes"":0,""frozen_capture_published_bytes"":0,""frozen_edge_scratch_bytes"":0,""region_scopes"":94,""max_region_scopes"":4,""call_collections_closed"":4,""call_collections_unresolved"":0,""call_memo_hits"":56,""solver_passes"":104,""solver_constraint_visits"":133,""occurs_steps"":97}",null
build/bench/cloud-principal-graphs/callback-sources/returned-8-valid.blot,0bda513588392078285cadf78599d512871131e3473cbf962aebe44f5ccf03b2,default,"[5223,5228,5228,5250,5319,5339,5447,5455,5551,5561,5904,6024,6067,6702,6785]","[5427,5435,5455,5488,5574,5575,5664,5702,5780,5787,6184,6305,6988,7053,7076]","[4196322,4196322,4196322,4196322,4196322,4196322,4196322,4196322,4196322,4196322,4196322,4196322,4196322,4196322,4196322]","[1115899,1115899,1115899,1115899,1115899,1115899,1115899,1115899,1115899,1115899,1115899,1115899,1115899,1115899,1115899]","{""semantic_component_batches"":0,""semantic_component_jobs"":0,""max_semantic_component_workers"":0,""inference_regions"":66,""canonical_specialization_queries"":2,""canonical_specialization_hits"":0,""solver_requested_bytes"":291832,""solver_allocations"":748,""scratch_requested_bytes"":248056,""scratch_allocations"":1345,""max_solver_live_bytes"":6156,""max_scratch_live_bytes"":4080,""evidence_import_solver_bytes"":0,""evidence_import_scratch_bytes"":2816,""snapshot_copy_bytes"":0,""snapshot_copy_allocations"":0,""principal_copy_buffer_bytes"":40624,""principal_copy_buffer_allocations"":299,""frozen_capture_temporary_bytes"":0,""frozen_capture_published_bytes"":0,""frozen_edge_scratch_bytes"":0,""region_scopes"":94,""max_region_scopes"":4,""call_collections_closed"":4,""call_collections_unresolved"":0,""call_memo_hits"":56,""solver_passes"":104,""solver_constraint_visits"":133,""occurs_steps"":97}",null
build/bench/cloud-principal-graphs/callback-sources/returned-12-valid.blot,bf32b5676b2074fae78e7aee4aeef78a99cd74b513a8720ee2aa863d1fca2f71,baseline,"[5519,5661,5725,5806,5816,5932,6039,6170,6215,6278,6573,6875,7163,7548,7971]","[5748,5875,5976,6012,6163,6170,6326,6386,6519,6553,6796,7170,7407,8170,8232]","[4550406,4550406,4550406,4550406,4550406,4550406,4550406,4550406,4550406,4550406,4550406,4550406,4550406,4550406,4550406]","[1136847,1136847,1136847,1136847,1136847,1136847,1136847,1136847,1136847,1136847,1136847,1136847,1136847,1136847,1136847]","{""semantic_component_batches"":0,""semantic_component_jobs"":0,""max_semantic_component_workers"":0,""inference_regions"":90,""canonical_specialization_queries"":2,""canonical_specialization_hits"":0,""solver_requested_bytes"":402616,""solver_allocations"":1020,""scratch_requested_bytes"":347568,""scratch_allocations"":1867,""max_solver_live_bytes"":6156,""max_scratch_live_bytes"":6640,""evidence_import_solver_bytes"":0,""evidence_import_scratch_bytes"":3840,""snapshot_copy_bytes"":0,""snapshot_copy_allocations"":0,""principal_copy_buffer_bytes"":57872,""principal_copy_buffer_allocations"":423,""frozen_capture_temporary_bytes"":0,""frozen_capture_published_bytes"":0,""frozen_edge_scratch_bytes"":0,""region_scopes"":126,""max_region_scopes"":4,""call_collections_closed"":4,""call_collections_unresolved"":0,""call_memo_hits"":80,""solver_passes"":144,""solver_constraint_visits"":189,""occurs_steps"":129}",null
build/bench/cloud-principal-graphs/callback-sources/returned-12-valid.blot,bf32b5676b2074fae78e7aee4aeef78a99cd74b513a8720ee2aa863d1fca2f71,default,"[5632,5694,5729,5950,6099,6155,6159,6180,6266,6274,6286,6304,6869,7645,8027]","[5906,5924,5948,6189,6366,6387,6459,6501,6514,6531,6624,6660,7194,7887,8341]","[4541838,4541838,4541838,4541838,4541838,4541838,4541838,4541838,4541838,4541838,4541838,4541838,4541838,4541838,4541838]","[1136847,1136847,1136847,1136847,1136847,1136847,1136847,1136847,1136847,1136847,1136847,1136847,1136847,1136847,1136847]","{""semantic_component_batches"":0,""semantic_component_jobs"":0,""max_semantic_component_workers"":0,""inference_regions"":90,""canonical_specialization_queries"":2,""canonical_specialization_hits"":0,""solver_requested_bytes"":402616,""solver_allocations"":1020,""scratch_requested_bytes"":347568,""scratch_allocations"":1867,""max_solver_live_bytes"":6156,""max_scratch_live_bytes"":6640,""evidence_import_solver_bytes"":0,""evidence_import_scratch_bytes"":3840,""snapshot_copy_bytes"":0,""snapshot_copy_allocations"":0,""principal_copy_buffer_bytes"":57872,""principal_copy_buffer_allocations"":423,""frozen_capture_temporary_bytes"":0,""frozen_capture_published_bytes"":0,""frozen_edge_scratch_bytes"":0,""region_scopes"":126,""max_region_scopes"":4,""call_collections_closed"":4,""call_collections_unresolved"":0,""call_memo_hits"":80,""solver_passes"":144,""solver_constraint_visits"":189,""occurs_steps"":129}",null
build/bench/cloud-principal-graphs/callback-sources/effect-4-valid.blot,c71475f300fec75542309bf26fe245946889cdd3fde69b031699ba0d6c8b5c65,baseline,"[4548,4678,4698,4757,4787,4798,4844,4917,4924,4983,5195,5254,5372,6616,7212]","[4777,4929,5006,5017,5031,5042,5125,5162,5206,5207,5489,5623,5685,6832,7526]","[3659172,3659172,3659172,3659172,3659172,3659172,3659172,3659172,3659172,3659172,3659172,3659172,3659172,3659172,3659172]","[1075100,1075100,1075100,1075100,1075100,1075100,1075100,1075100,1075100,1075100,1075100,1075100,1075100,1075100,1075100]","{""semantic_component_batches"":0,""semantic_component_jobs"":0,""max_semantic_component_workers"":0,""inference_regions"":30,""canonical_specialization_queries"":1,""canonical_specialization_hits"":0,""solver_requested_bytes"":85092,""solver_allocations"":248,""scratch_requested_bytes"":99428,""scratch_allocations"":606,""max_solver_live_bytes"":6000,""max_scratch_live_bytes"":4376,""evidence_import_solver_bytes"":792,""evidence_import_scratch_bytes"":2240,""snapshot_copy_bytes"":0,""snapshot_copy_allocations"":0,""principal_copy_buffer_bytes"":19272,""principal_copy_buffer_allocations"":184,""frozen_capture_temporary_bytes"":0,""frozen_capture_published_bytes"":0,""frozen_edge_scratch_bytes"":0,""region_scopes"":46,""max_region_scopes"":5,""call_collections_closed"":2,""call_collections_unresolved"":0,""call_memo_hits"":12,""solver_passes"":38,""solver_constraint_visits"":52,""occurs_steps"":45}",null
build/bench/cloud-principal-graphs/callback-sources/effect-4-valid.blot,c71475f300fec75542309bf26fe245946889cdd3fde69b031699ba0d6c8b5c65,default,"[4434,4649,4685,4694,4853,4883,4887,4937,4940,5009,5043,5093,5123,5173,5338]","[4646,4905,4921,4999,5096,5110,5175,5184,5188,5274,5327,5372,5413,5597,5657]","[3659972,3659972,3659972,3659972,3659972,3659972,3659972,3659972,3659972,3659972,3659972,3659972,3659972,3659972,3659972]","[1075100,1075100,1075100,1075100,1075100,1075100,1075100,1075100,1075100,1075100,1075100,1075100,1075100,1075100,1075100]","{""semantic_component_batches"":0,""semantic_component_jobs"":0,""max_semantic_component_workers"":0,""inference_regions"":30,""canonical_specialization_queries"":1,""canonical_specialization_hits"":0,""solver_requested_bytes"":85092,""solver_allocations"":248,""scratch_requested_bytes"":99428,""scratch_allocations"":606,""max_solver_live_bytes"":6000,""max_scratch_live_bytes"":4376,""evidence_import_solver_bytes"":792,""evidence_import_scratch_bytes"":2240,""snapshot_copy_bytes"":0,""snapshot_copy_allocations"":0,""principal_copy_buffer_bytes"":19272,""principal_copy_buffer_allocations"":184,""frozen_capture_temporary_bytes"":0,""frozen_capture_published_bytes"":0,""frozen_edge_scratch_bytes"":0,""region_scopes"":46,""max_region_scopes"":5,""call_collections_closed"":2,""call_collections_unresolved"":0,""call_memo_hits"":12,""solver_passes"":38,""solver_constraint_visits"":52,""occurs_steps"":45}",null
build/bench/cloud-principal-graphs/callback-sources/effect-8-valid.blot,b79ad454ee8905851136cf14d8cb0bda40baeea75e1760967367cfd8da06fffb,baseline,"[4808,4881,4888,5030,5188,5240,5257,5309,5343,5437,5571,5999,6141,6845,7697]","[5015,5084,5105,5278,5409,5526,5549,5626,5706,5715,5843,6248,6447,7104,7978]","[3917008,3917008,3917008,3917008,3917008,3917008,3917008,3917008,3917008,3917008,3917008,3917008,3917008,3917008,3917008]","[1100976,1100976,1100976,1100976,1100976,1100976,1100976,1100976,1100976,1100976,1100976,1100976,1100976,1100976,1100976]","{""semantic_component_batches"":0,""semantic_component_jobs"":0,""max_semantic_component_workers"":0,""inference_regions"":46,""canonical_specialization_queries"":1,""canonical_specialization_hits"":0,""solver_requested_bytes"":137572,""solver_allocations"":388,""scratch_requested_bytes"":157932,""scratch_allocations"":967,""max_solver_live_bytes"":6000,""max_scratch_live_bytes"":4388,""evidence_import_solver_bytes"":1320,""evidence_import_scratch_bytes"":3520,""snapshot_copy_bytes"":0,""snapshot_copy_allocations"":0,""principal_copy_buffer_bytes"":32488,""principal_copy_buffer_allocations"":300,""frozen_capture_temporary_bytes"":0,""frozen_capture_published_bytes"":0,""frozen_edge_scratch_bytes"":0,""region_scopes"":70,""max_region_scopes"":5,""call_collections_closed"":2,""call_collections_unresolved"":0,""call_memo_hits"":20,""solver_passes"":58,""solver_constraint_visits"":84,""occurs_steps"":69}",null
build/bench/cloud-principal-graphs/callback-sources/effect-8-valid.blot,b79ad454ee8905851136cf14d8cb0bda40baeea75e1760967367cfd8da06fffb,default,"[4705,4707,4805,4880,5054,5079,5128,5388,5432,5439,5489,5539,5618,6375,6845]","[4926,5018,5106,5156,5312,5345,5397,5623,5683,5706,5760,5787,5846,6672,7085]","[3911728,3911728,3911728,3911728,3911728,3911728,3911728,3911728,3911728,3911728,3911728,3911728,3911728,3911728,3911728]","[1100976,1100976,1100976,1100976,1100976,1100976,1100976,1100976,1100976,1100976,1100976,1100976,1100976,1100976,1100976]","{""semantic_component_batches"":0,""semantic_component_jobs"":0,""max_semantic_component_workers"":0,""inference_regions"":46,""canonical_specialization_queries"":1,""canonical_specialization_hits"":0,""solver_requested_bytes"":137572,""solver_allocations"":388,""scratch_requested_bytes"":157932,""scratch_allocations"":967,""max_solver_live_bytes"":6000,""max_scratch_live_bytes"":4388,""evidence_import_solver_bytes"":1320,""evidence_import_scratch_bytes"":3520,""snapshot_copy_bytes"":0,""snapshot_copy_allocations"":0,""principal_copy_buffer_bytes"":32488,""principal_copy_buffer_allocations"":300,""frozen_capture_temporary_bytes"":0,""frozen_capture_published_bytes"":0,""frozen_edge_scratch_bytes"":0,""region_scopes"":70,""max_region_scopes"":5,""call_collections_closed"":2,""call_collections_unresolved"":0,""call_memo_hits"":20,""solver_passes"":58,""solver_constraint_visits"":84,""occurs_steps"":69}",null
build/bench/cloud-principal-graphs/callback-sources/effect-12-valid.blot,3dfe088b10d37738582b9f9c4bfbc5c8e2861b2e4c516956a9079d5350c8506d,baseline,"[4953,5449,5530,5555,5568,5605,5628,5697,5761,5822,5871,5976,5999,6149,6402]","[5165,5710,5746,5787,5848,5881,5921,5983,6043,6072,6175,6219,6249,6423,6677]","[4178690,4178690,4178690,4178690,4178690,4178690,4178690,4178690,4178690,4178690,4178690,4178690,4178690,4178690,4178690]","[1137160,1137160,1137160,1137160,1137160,1137160,1137160,1137160,1137160,1137160,1137160,1137160,1137160,1137160,1137160]","{""semantic_component_batches"":0,""semantic_component_jobs"":0,""max_semantic_component_workers"":0,""inference_regions"":62,""canonical_specialization_queries"":1,""canonical_specialization_hits"":0,""solver_requested_bytes"":190052,""solver_allocations"":528,""scratch_requested_bytes"":219380,""scratch_allocations"":1329,""max_solver_live_bytes"":6000,""max_scratch_live_bytes"":7028,""evidence_import_solver_bytes"":1848,""evidence_import_scratch_bytes"":4800,""snapshot_copy_bytes"":0,""snapshot_copy_allocations"":0,""principal_copy_buffer_bytes"":45704,""principal_copy_buffer_allocations"":416,""frozen_capture_temporary_bytes"":0,""frozen_capture_published_bytes"":0,""frozen_edge_scratch_bytes"":0,""region_scopes"":94,""max_region_scopes"":5,""call_collections_closed"":2,""call_collections_unresolved"":0,""call_memo_hits"":28,""solver_passes"":78,""solver_constraint_visits"":116,""occurs_steps"":93}",null
build/bench/cloud-principal-graphs/callback-sources/effect-12-valid.blot,3dfe088b10d37738582b9f9c4bfbc5c8e2861b2e4c516956a9079d5350c8506d,default,"[5150,5185,5319,5567,5720,5755,5766,5778,5893,5949,5951,6043,6170,8245,9117]","[5412,5440,5552,5961,5989,6004,6080,6131,6211,6271,6287,6321,6476,8602,9723]","[4173410,4173410,4173410,4173410,4173410,4173410,4173410,4173410,4173410,4173410,4173410,4173410,4173410,4173410,4173410]","[1137160,1137160,1137160,1137160,1137160,1137160,1137160,1137160,1137160,1137160,1137160,1137160,1137160,1137160,1137160]","{""semantic_component_batches"":0,""semantic_component_jobs"":0,""max_semantic_component_workers"":0,""inference_regions"":62,""canonical_specialization_queries"":1,""canonical_specialization_hits"":0,""solver_requested_bytes"":190052,""solver_allocations"":528,""scratch_requested_bytes"":219380,""scratch_allocations"":1329,""max_solver_live_bytes"":6000,""max_scratch_live_bytes"":7028,""evidence_import_solver_bytes"":1848,""evidence_import_scratch_bytes"":4800,""snapshot_copy_bytes"":0,""snapshot_copy_allocations"":0,""principal_copy_buffer_bytes"":45704,""principal_copy_buffer_allocations"":416,""frozen_capture_temporary_bytes"":0,""frozen_capture_published_bytes"":0,""frozen_edge_scratch_bytes"":0,""region_scopes"":94,""max_region_scopes"":5,""call_collections_closed"":2,""call_collections_unresolved"":0,""call_memo_hits"":28,""solver_passes"":78,""solver_constraint_visits"":116,""occurs_steps"":93}",null
build/bench/cloud-principal-graphs/callback-sources/unused-4-valid.blot,b8b19a7f194b4b1bdb3b4b03abe428d6f4e8da424af4151ac835d265d8a33f5a,baseline,"[4316,4321,4325,4347,4386,4477,4537,4560,4685,4740,4814,4889,4979,5167,5230]","[4526,4534,4550,4578,4651,4740,4756,4786,5023,5045,5050,5136,5250,5407,5532]","[3451776,3451776,3451776,3451776,3451776,3451776,3451776,3451776,3451776,3451776,3451776,3451776,3451776,3451776,3451776]","[1068887,1068887,1068887,1068887,1068887,1068887,1068887,1068887,1068887,1068887,1068887,1068887,1068887,1068887,1068887]","{""semantic_component_batches"":0,""semantic_component_jobs"":0,""max_semantic_component_workers"":0,""inference_regions"":24,""canonical_specialization_queries"":1,""canonical_specialization_hits"":0,""solver_requested_bytes"":35592,""solver_allocations"":118,""scratch_requested_bytes"":75364,""scratch_allocations"":495,""max_solver_live_bytes"":6196,""max_scratch_live_bytes"":3356,""evidence_import_solver_bytes"":0,""evidence_import_scratch_bytes"":640,""snapshot_copy_bytes"":0,""snapshot_copy_allocations"":0,""principal_copy_buffer_bytes"":14640,""principal_copy_buffer_allocations"":183,""frozen_capture_temporary_bytes"":0,""frozen_capture_published_bytes"":0,""frozen_edge_scratch_bytes"":0,""region_scopes"":32,""max_region_scopes"":4,""call_collections_closed"":1,""call_collections_unresolved"":0,""call_memo_hits"":7,""solver_passes"":18,""solver_constraint_visits"":26,""occurs_steps"":0}",null
build/bench/cloud-principal-graphs/callback-sources/unused-4-valid.blot,b8b19a7f194b4b1bdb3b4b03abe428d6f4e8da424af4151ac835d265d8a33f5a,default,"[4309,4339,4354,4376,4435,4522,4551,4573,4818,4863,4863,4916,4944,5282,6070]","[4515,4570,4591,4691,4697,4752,4796,4838,5041,5111,5119,5180,5191,5509,6457]","[3452872,3452872,3452872,3452872,3452872,3452872,3452872,3452872,3452872,3452872,3452872,3452872,3452872,3452872,3452872]","[1068887,1068887,1068887,1068887,1068887,1068887,1068887,1068887,1068887,1068887,1068887,1068887,1068887,1068887,1068887]","{""semantic_component_batches"":0,""semantic_component_jobs"":0,""max_semantic_component_workers"":0,""inference_regions"":24,""canonical_specialization_queries"":1,""canonical_specialization_hits"":0,""solver_requested_bytes"":35592,""solver_allocations"":118,""scratch_requested_bytes"":75364,""scratch_allocations"":495,""max_solver_live_bytes"":6196,""max_scratch_live_bytes"":3356,""evidence_import_solver_bytes"":0,""evidence_import_scratch_bytes"":640,""snapshot_copy_bytes"":0,""snapshot_copy_allocations"":0,""principal_copy_buffer_bytes"":14640,""principal_copy_buffer_allocations"":183,""frozen_capture_temporary_bytes"":0,""frozen_capture_published_bytes"":0,""frozen_edge_scratch_bytes"":0,""region_scopes"":32,""max_region_scopes"":4,""call_collections_closed"":1,""call_collections_unresolved"":0,""call_memo_hits"":7,""solver_passes"":18,""solver_constraint_visits"":26,""occurs_steps"":0}",null
build/bench/cloud-principal-graphs/callback-sources/unused-8-valid.blot,a79866d18141c82fd354e0d394ae96d9d012918d5272d87608a7ffada240b3e5,baseline,"[4423,4468,4508,4567,4631,4698,4732,4756,4797,4876,4878,5290,5331,7112,7386]","[4639,4696,4699,4830,4842,4963,4972,4998,5088,5109,5121,5547,5581,7449,7692]","[3605522,3605522,3605522,3605522,3605522,3605522,3605522,3605522,3605522,3605522,3605522,3605522,3605522,3605522,3605522]","[1092847,1092847,1092847,1092847,1092847,1092847,1092847,1092847,1092847,1092847,1092847,1092847,1092847,1092847,1092847]","{""semantic_component_batches"":0,""semantic_component_jobs"":0,""max_semantic_component_workers"":0,""inference_regions"":36,""canonical_specialization_queries"":1,""canonical_specialization_hits"":0,""solver_requested_bytes"":48184,""solver_allocations"":166,""scratch_requested_bytes"":114892,""scratch_allocations"":736,""max_solver_live_bytes"":6196,""max_scratch_live_bytes"":4256,""evidence_import_solver_bytes"":0,""evidence_import_scratch_bytes"":640,""snapshot_copy_bytes"":0,""snapshot_copy_allocations"":0,""principal_copy_buffer_bytes"":23824,""principal_copy_buffer_allocations"":295,""frozen_capture_temporary_bytes"":0,""frozen_capture_published_bytes"":0,""frozen_edge_scratch_bytes"":0,""region_scopes"":48,""max_region_scopes"":4,""call_collections_closed"":1,""call_collections_unresolved"":0,""call_memo_hits"":11,""solver_passes"":22,""solver_constraint_visits"":34,""occurs_steps"":0}",null
build/bench/cloud-principal-graphs/callback-sources/unused-8-valid.blot,a79866d18141c82fd354e0d394ae96d9d012918d5272d87608a7ffada240b3e5,default,"[4330,4397,4454,4490,4583,4647,4819,4926,4972,4981,4982,5075,5226,5267,5451]","[4579,4630,4668,4718,4797,4887,5059,5154,5195,5218,5227,5487,5512,5599,5857]","[3600242,3600242,3600242,3600242,3600242,3600242,3600242,3600242,3600242,3600242,3600242,3600242,3600242,3600242,3600242]","[1092847,1092847,1092847,1092847,1092847,1092847,1092847,1092847,1092847,1092847,1092847,1092847,1092847,1092847,1092847]","{""semantic_component_batches"":0,""semantic_component_jobs"":0,""max_semantic_component_workers"":0,""inference_regions"":36,""canonical_specialization_queries"":1,""canonical_specialization_hits"":0,""solver_requested_bytes"":48184,""solver_allocations"":166,""scratch_requested_bytes"":114892,""scratch_allocations"":736,""max_solver_live_bytes"":6196,""max_scratch_live_bytes"":4256,""evidence_import_solver_bytes"":0,""evidence_import_scratch_bytes"":640,""snapshot_copy_bytes"":0,""snapshot_copy_allocations"":0,""principal_copy_buffer_bytes"":23824,""principal_copy_buffer_allocations"":295,""frozen_capture_temporary_bytes"":0,""frozen_capture_published_bytes"":0,""frozen_edge_scratch_bytes"":0,""region_scopes"":48,""max_region_scopes"":4,""call_collections_closed"":1,""call_collections_unresolved"":0,""call_memo_hits"":11,""solver_passes"":22,""solver_constraint_visits"":34,""occurs_steps"":0}",null
build/bench/cloud-principal-graphs/callback-sources/unused-12-valid.blot,dc238d2a6694bb1e2d25cd828a8fb616eec2192cca4b0da72dea0799e5f36b80,baseline,"[4778,4867,4895,4922,4966,4981,4997,5074,5123,5157,5380,5491,5688,6050,6063]","[4971,5074,5135,5173,5201,5219,5247,5313,5369,5373,5596,5734,5972,6288,7658]","[3761641,3761641,3761641,3761641,3761641,3761641,3761641,3761641,3761641,3761641,3761641,3761641,3761641,3761641,3761641]","[1124547,1124547,1124547,1124547,1124547,1124547,1124547,1124547,1124547,1124547,1124547,1124547,1124547,1124547,1124547]","{""semantic_component_batches"":0,""semantic_component_jobs"":0,""max_semantic_component_workers"":0,""inference_regions"":48,""canonical_specialization_queries"":1,""canonical_specialization_hits"":0,""solver_requested_bytes"":60776,""solver_allocations"":214,""scratch_requested_bytes"":157364,""scratch_allocations"":978,""max_solver_live_bytes"":6196,""max_scratch_live_bytes"":6896,""evidence_import_solver_bytes"":0,""evidence_import_scratch_bytes"":640,""snapshot_copy_bytes"":0,""snapshot_copy_allocations"":0,""principal_copy_buffer_bytes"":33008,""principal_copy_buffer_allocations"":407,""frozen_capture_temporary_bytes"":0,""frozen_capture_published_bytes"":0,""frozen_edge_scratch_bytes"":0,""region_scopes"":64,""max_region_scopes"":4,""call_collections_closed"":1,""call_collections_unresolved"":0,""call_memo_hits"":15,""solver_passes"":26,""solver_constraint_visits"":42,""occurs_steps"":0}",null
build/bench/cloud-principal-graphs/callback-sources/unused-12-valid.blot,dc238d2a6694bb1e2d25cd828a8fb616eec2192cca4b0da72dea0799e5f36b80,default,"[4464,4583,4671,4782,4897,4955,5094,5190,5326,5365,5373,5591,5650,5730,6272]","[4670,4871,4955,5017,5091,5210,5433,5556,5580,5581,5835,5915,6015,6092,6523]","[3756361,3756361,3756361,3756361,3756361,3756361,3756361,3756361,3756361,3756361,3756361,3756361,3756361,3756361,3756361]","[1124547,1124547,1124547,1124547,1124547,1124547,1124547,1124547,1124547,1124547,1124547,1124547,1124547,1124547,1124547]","{""semantic_component_batches"":0,""semantic_component_jobs"":0,""max_semantic_component_workers"":0,""inference_regions"":48,""canonical_specialization_queries"":1,""canonical_specialization_hits"":0,""solver_requested_bytes"":60776,""solver_allocations"":214,""scratch_requested_bytes"":157364,""scratch_allocations"":978,""max_solver_live_bytes"":6196,""max_scratch_live_bytes"":6896,""evidence_import_solver_bytes"":0,""evidence_import_scratch_bytes"":640,""snapshot_copy_bytes"":0,""snapshot_copy_allocations"":0,""principal_copy_buffer_bytes"":33008,""principal_copy_buffer_allocations"":407,""frozen_capture_temporary_bytes"":0,""frozen_capture_published_bytes"":0,""frozen_edge_scratch_bytes"":0,""region_scopes"":64,""max_region_scopes"":4,""call_collections_closed"":1,""call_collections_unresolved"":0,""call_memo_hits"":15,""solver_passes"":26,""solver_constraint_visits"":42,""occurs_steps"":0}",null
build/bench/cloud-principal-graphs/callback-sources/predicate_apply-4-valid.blot,afda23d4d8a2ae918109407984e9397b95d8f019a090082206ae7801323aec58,baseline,"[5004,5126,5140,5187,5204,5252,5417,5502,5531,5591,5628,5668,5704,6050,6085]","[5217,5365,5415,5428,5487,5589,5728,5746,5750,5785,5929,5952,6010,6295,6305]","[4188185,4188185,4188185,4188185,4188185,4188185,4188185,4188185,4188185,4188185,4188185,4188185,4188185,4188185,4188185]","[1075706,1075706,1075706,1075706,1075706,1075706,1075706,1075706,1075706,1075706,1075706,1075706,1075706,1075706,1075706]","{""semantic_component_batches"":0,""semantic_component_jobs"":0,""max_semantic_component_workers"":0,""inference_regions"":73,""canonical_specialization_queries"":2,""canonical_specialization_hits"":0,""solver_requested_bytes"":191204,""solver_allocations"":720,""scratch_requested_bytes"":272276,""scratch_allocations"":1670,""max_solver_live_bytes"":3656,""max_scratch_live_bytes"":3712,""evidence_import_solver_bytes"":0,""evidence_import_scratch_bytes"":5376,""snapshot_copy_bytes"":0,""snapshot_copy_allocations"":0,""principal_copy_buffer_bytes"":36904,""principal_copy_buffer_allocations"":313,""frozen_capture_temporary_bytes"":0,""frozen_capture_published_bytes"":0,""frozen_edge_scratch_bytes"":0,""region_scopes"":87,""max_region_scopes"":3,""call_collections_closed"":4,""call_collections_unresolved"":0,""call_memo_hits"":74,""solver_passes"":159,""solver_constraint_visits"":218,""occurs_steps"":201}",null
build/bench/cloud-principal-graphs/callback-sources/predicate_apply-4-valid.blot,afda23d4d8a2ae918109407984e9397b95d8f019a090082206ae7801323aec58,default,"[5042,5053,5155,5189,5204,5374,5436,5469,5525,5679,5915,5955,6258,6303,6411]","[5286,5288,5362,5453,5578,5642,5690,5740,5745,5925,6139,6158,6534,6547,6626]","[4182337,4182337,4182337,4182337,4182337,4182337,4182337,4182337,4182337,4182337,4182337,4182337,4182337,4182337,4182337]","[1075706,1075706,1075706,1075706,1075706,1075706,1075706,1075706,1075706,1075706,1075706,1075706,1075706,1075706,1075706]","{""semantic_component_batches"":0,""semantic_component_jobs"":0,""max_semantic_component_workers"":0,""inference_regions"":73,""canonical_specialization_queries"":2,""canonical_specialization_hits"":0,""solver_requested_bytes"":191204,""solver_allocations"":720,""scratch_requested_bytes"":272276,""scratch_allocations"":1670,""max_solver_live_bytes"":3656,""max_scratch_live_bytes"":3712,""evidence_import_solver_bytes"":0,""evidence_import_scratch_bytes"":5376,""snapshot_copy_bytes"":0,""snapshot_copy_allocations"":0,""principal_copy_buffer_bytes"":36904,""principal_copy_buffer_allocations"":313,""frozen_capture_temporary_bytes"":0,""frozen_capture_published_bytes"":0,""frozen_edge_scratch_bytes"":0,""region_scopes"":87,""max_region_scopes"":3,""call_collections_closed"":4,""call_collections_unresolved"":0,""call_memo_hits"":74,""solver_passes"":159,""solver_constraint_visits"":218,""occurs_steps"":201}",null
build/bench/cloud-principal-graphs/callback-sources/predicate_apply-8-valid.blot,948b01983c630f0f05cf8f0467d8673571852f2b08f591ee34e36a25859673eb,baseline,"[5565,5942,5949,5960,6023,6297,6406,6843,6846,7054,7408,7609,9418,11127,14369]","[5775,6196,6221,6269,6380,6568,6626,7076,7272,7305,7760,7910,9687,11467,14656]","[4974630,4974630,4974630,4974630,4974630,4974630,4974630,4974630,4974630,4974630,4974630,4974630,4974630,4974630,4974630]","[1113086,1113086,1113086,1113086,1113086,1113086,1113086,1113086,1113086,1113086,1113086,1113086,1113086,1113086,1113086]","{""semantic_component_batches"":0,""semantic_component_jobs"":0,""max_semantic_component_workers"":0,""inference_regions"":121,""canonical_specialization_queries"":2,""canonical_specialization_hits"":0,""solver_requested_bytes"":328356,""solver_allocations"":1200,""scratch_requested_bytes"":494116,""scratch_allocations"":2947,""max_solver_live_bytes"":3656,""max_scratch_live_bytes"":4028,""evidence_import_solver_bytes"":0,""evidence_import_scratch_bytes"":9472,""snapshot_copy_bytes"":0,""snapshot_copy_allocations"":0,""principal_copy_buffer_bytes"":66088,""principal_copy_buffer_allocations"":553,""frozen_capture_temporary_bytes"":0,""frozen_capture_published_bytes"":0,""frozen_edge_scratch_bytes"":0,""region_scopes"":135,""max_region_scopes"":3,""call_collections_closed"":4,""call_collections_unresolved"":0,""call_memo_hits"":138,""solver_passes"":271,""solver_constraint_visits"":394,""occurs_steps"":345}",null
build/bench/cloud-principal-graphs/callback-sources/predicate_apply-8-valid.blot,948b01983c630f0f05cf8f0467d8673571852f2b08f591ee34e36a25859673eb,default,"[5688,5746,5813,5839,5958,6047,6289,6299,6416,6551,6726,6852,6965,7144,7594]","[5985,6008,6057,6150,6233,6336,6593,6732,6747,6835,6990,7196,7234,7408,7881]","[4973254,4973254,4973254,4973254,4973254,4973254,4973254,4973254,4973254,4973254,4973254,4973254,4973254,4973254,4973254]","[1113086,1113086,1113086,1113086,1113086,1113086,1113086,1113086,1113086,1113086,1113086,1113086,1113086,1113086,1113086]","{""semantic_component_batches"":0,""semantic_component_jobs"":0,""max_semantic_component_workers"":0,""inference_regions"":121,""canonical_specialization_queries"":2,""canonical_specialization_hits"":0,""solver_requested_bytes"":328356,""solver_allocations"":1200,""scratch_requested_bytes"":494116,""scratch_allocations"":2947,""max_solver_live_bytes"":3656,""max_scratch_live_bytes"":4028,""evidence_import_solver_bytes"":0,""evidence_import_scratch_bytes"":9472,""snapshot_copy_bytes"":0,""snapshot_copy_allocations"":0,""principal_copy_buffer_bytes"":66088,""principal_copy_buffer_allocations"":553,""frozen_capture_temporary_bytes"":0,""frozen_capture_published_bytes"":0,""frozen_edge_scratch_bytes"":0,""region_scopes"":135,""max_region_scopes"":3,""call_collections_closed"":4,""call_collections_unresolved"":0,""call_memo_hits"":138,""solver_passes"":271,""solver_constraint_visits"":394,""occurs_steps"":345}",null
build/bench/cloud-principal-graphs/callback-sources/predicate_apply-12-valid.blot,50ea90857bad651c20538ba115f2a4448cf4988dc4c61eb4de306a46f30a0996,baseline,"[6607,6652,6679,7020,7135,7137,7259,7268,7382,7850,7964,7989,8249,8367,8659]","[6921,6928,6941,7332,7340,7385,7539,7547,7643,8078,8214,8328,8650,8796,8945]","[5745692,5745692,5745692,5745692,5745692,5745692,5745692,5745692,5745692,5745692,5745692,5745692,5745692,5745692,5745692]","[1143598,1143598,1143598,1143598,1143598,1143598,1143598,1143598,1143598,1143598,1143598,1143598,1143598,1143598,1143598]","{""semantic_component_batches"":0,""semantic_component_jobs"":0,""max_semantic_component_workers"":0,""inference_regions"":169,""canonical_specialization_queries"":2,""canonical_specialization_hits"":0,""solver_requested_bytes"":465508,""solver_allocations"":1680,""scratch_requested_bytes"":742028,""scratch_allocations"":4284,""max_solver_live_bytes"":3656,""max_scratch_live_bytes"":6668,""evidence_import_solver_bytes"":0,""evidence_import_scratch_bytes"":13568,""snapshot_copy_bytes"":0,""snapshot_copy_allocations"":0,""principal_copy_buffer_bytes"":95272,""principal_copy_buffer_allocations"":793,""frozen_capture_temporary_bytes"":0,""frozen_capture_published_bytes"":0,""frozen_edge_scratch_bytes"":0,""region_scopes"":183,""max_region_scopes"":3,""call_collections_closed"":4,""call_collections_unresolved"":0,""call_memo_hits"":202,""solver_passes"":383,""solver_constraint_visits"":570,""occurs_steps"":489}",null
build/bench/cloud-principal-graphs/callback-sources/predicate_apply-12-valid.blot,50ea90857bad651c20538ba115f2a4448cf4988dc4c61eb4de306a46f30a0996,default,"[6580,6667,6769,6966,7043,7098,7180,7251,7402,7587,7601,7744,7845,7933,8326]","[6836,6877,7011,7222,7259,7375,7635,7721,7854,7906,8010,8028,8119,8288,8587]","[5737124,5737124,5737124,5737124,5737124,5737124,5737124,5737124,5737124,5737124,5737124,5737124,5737124,5737124,5737124]","[1143598,1143598,1143598,1143598,1143598,1143598,1143598,1143598,1143598,1143598,1143598,1143598,1143598,1143598,1143598]","{""semantic_component_batches"":0,""semantic_component_jobs"":0,""max_semantic_component_workers"":0,""inference_regions"":169,""canonical_specialization_queries"":2,""canonical_specialization_hits"":0,""solver_requested_bytes"":465508,""solver_allocations"":1680,""scratch_requested_bytes"":742028,""scratch_allocations"":4284,""max_solver_live_bytes"":3656,""max_scratch_live_bytes"":6668,""evidence_import_solver_bytes"":0,""evidence_import_scratch_bytes"":13568,""snapshot_copy_bytes"":0,""snapshot_copy_allocations"":0,""principal_copy_buffer_bytes"":95272,""principal_copy_buffer_allocations"":793,""frozen_capture_temporary_bytes"":0,""frozen_capture_published_bytes"":0,""frozen_edge_scratch_bytes"":0,""region_scopes"":183,""max_region_scopes"":3,""call_collections_closed"":4,""call_collections_unresolved"":0,""call_memo_hits"":202,""solver_passes"":383,""solver_constraint_visits"":570,""occurs_steps"":489}",null
build/bench/cloud-principal-graphs/callback-sources/predicate_curried-4-valid.blot,0dacd5a825a0a5397fa76aaa8174a03498e16cd1be9ce93544f188cc9cf53594,baseline,"[5068,5087,5193,5262,5269,5273,5365,5411,5454,5563,5575,5604,6158,6356,7589]","[5290,5318,5481,5524,5581,5624,5625,5691,5793,5907,6046,6582,6619,7868,8625]","[4263861,4263861,4263861,4263861,4263861,4263861,4263861,4263861,4263861,4263861,4263861,4263861,4263861,4263861,4263861]","[1076266,1076266,1076266,1076266,1076266,1076266,1076266,1076266,1076266,1076266,1076266,1076266,1076266,1076266,1076266]","{""semantic_component_batches"":0,""semantic_component_jobs"":0,""max_semantic_component_workers"":0,""inference_regions"":73,""canonical_specialization_queries"":2,""canonical_specialization_hits"":0,""solver_requested_bytes"":292772,""solver_allocations"":790,""scratch_requested_bytes"":316532,""scratch_allocations"":1820,""max_solver_live_bytes"":6116,""max_scratch_live_bytes"":3712,""evidence_import_solver_bytes"":21824,""evidence_import_scratch_bytes"":5376,""snapshot_copy_bytes"":0,""snapshot_copy_allocations"":0,""principal_copy_buffer_bytes"":43672,""principal_copy_buffer_allocations"":323,""frozen_capture_temporary_bytes"":0,""frozen_capture_published_bytes"":0,""frozen_edge_scratch_bytes"":0,""region_scopes"":87,""max_region_scopes"":3,""call_collections_closed"":4,""call_collections_unresolved"":0,""call_memo_hits"":74,""solver_passes"":159,""solver_constraint_visits"":222,""occurs_steps"":207}",null
build/bench/cloud-principal-graphs/callback-sources/predicate_curried-4-valid.blot,0dacd5a825a0a5397fa76aaa8174a03498e16cd1be9ce93544f188cc9cf53594,default,"[5335,5457,5480,5537,5651,5668,5746,6070,6114,6116,6219,6328,6358,6762,7196]","[5659,5694,5696,5765,5891,5905,6019,6294,6430,6498,6574,6610,6611,6982,7512]","[4258013,4258013,4258013,4258013,4258013,4258013,4258013,4258013,4258013,4258013,4258013,4258013,4258013,4258013,4258013]","[1076266,1076266,1076266,1076266,1076266,1076266,1076266,1076266,1076266,1076266,1076266,1076266,1076266,1076266,1076266]","{""semantic_component_batches"":0,""semantic_component_jobs"":0,""max_semantic_component_workers"":0,""inference_regions"":73,""canonical_specialization_queries"":2,""canonical_specialization_hits"":0,""solver_requested_bytes"":292772,""solver_allocations"":790,""scratch_requested_bytes"":316532,""scratch_allocations"":1820,""max_solver_live_bytes"":6116,""max_scratch_live_bytes"":3712,""evidence_import_solver_bytes"":21824,""evidence_import_scratch_bytes"":5376,""snapshot_copy_bytes"":0,""snapshot_copy_allocations"":0,""principal_copy_buffer_bytes"":43672,""principal_copy_buffer_allocations"":323,""frozen_capture_temporary_bytes"":0,""frozen_capture_published_bytes"":0,""frozen_edge_scratch_bytes"":0,""region_scopes"":87,""max_region_scopes"":3,""call_collections_closed"":4,""call_collections_unresolved"":0,""call_memo_hits"":74,""solver_passes"":159,""solver_constraint_visits"":222,""occurs_steps"":207}",null
build/bench/cloud-principal-graphs/callback-sources/predicate_curried-8-valid.blot,36752c4b8c05698a20c84ea7208bea5a61322ad234f8a267a30dd5512bd59b5f,baseline,"[6109,6120,6153,6270,6397,6558,6674,6722,6814,6835,6914,6958,7597,7975,9095]","[6338,6340,6365,6639,6660,6870,6908,7011,7032,7081,7184,7231,7911,8232,9408]","[5129787,5129787,5129787,5129787,5129787,5129787,5129787,5129787,5129787,5129787,5129787,5129787,5129787,5129787,5129787]","[1122970,1122970,1122970,1122970,1122970,1122970,1122970,1122970,1122970,1122970,1122970,1122970,1122970,1122970,1122970]","{""semantic_component_batches"":0,""semantic_component_jobs"":0,""max_semantic_component_workers"":0,""inference_regions"":121,""canonical_specialization_queries"":2,""canonical_specialization_hits"":0,""solver_requested_bytes"":502180,""solver_allocations"":1318,""scratch_requested_bytes"":566916,""scratch_allocations"":3177,""max_solver_live_bytes"":6116,""max_scratch_live_bytes"":4212,""evidence_import_solver_bytes"":45632,""evidence_import_scratch_bytes"":9472,""snapshot_copy_bytes"":0,""snapshot_copy_allocations"":0,""principal_copy_buffer_bytes"":78296,""principal_copy_buffer_allocations"":571,""frozen_capture_temporary_bytes"":0,""frozen_capture_published_bytes"":0,""frozen_edge_scratch_bytes"":0,""region_scopes"":135,""max_region_scopes"":3,""call_collections_closed"":4,""call_collections_unresolved"":0,""call_memo_hits"":138,""solver_passes"":271,""solver_constraint_visits"":398,""occurs_steps"":351}",null
build/bench/cloud-principal-graphs/callback-sources/predicate_curried-8-valid.blot,36752c4b8c05698a20c84ea7208bea5a61322ad234f8a267a30dd5512bd59b5f,default,"[6286,6395,6543,6544,6574,6609,6736,6758,7034,7206,7233,7283,7291,7313,16513]","[6516,6649,6820,6829,6884,6952,6992,6996,7284,7450,7523,7565,7606,8514,18499]","[5128411,5128411,5128411,5128411,5128411,5128411,5128411,5128411,5128411,5128411,5128411,5128411,5128411,5128411,5128411]","[1122970,1122970,1122970,1122970,1122970,1122970,1122970,1122970,1122970,1122970,1122970,1122970,1122970,1122970,1122970]","{""semantic_component_batches"":0,""semantic_component_jobs"":0,""max_semantic_component_workers"":0,""inference_regions"":121,""canonical_specialization_queries"":2,""canonical_specialization_hits"":0,""solver_requested_bytes"":502180,""solver_allocations"":1318,""scratch_requested_bytes"":566916,""scratch_allocations"":3177,""max_solver_live_bytes"":6116,""max_scratch_live_bytes"":4212,""evidence_import_solver_bytes"":45632,""evidence_import_scratch_bytes"":9472,""snapshot_copy_bytes"":0,""snapshot_copy_allocations"":0,""principal_copy_buffer_bytes"":78296,""principal_copy_buffer_allocations"":571,""frozen_capture_temporary_bytes"":0,""frozen_capture_published_bytes"":0,""frozen_edge_scratch_bytes"":0,""region_scopes"":135,""max_region_scopes"":3,""call_collections_closed"":4,""call_collections_unresolved"":0,""call_memo_hits"":138,""solver_passes"":271,""solver_constraint_visits"":398,""occurs_steps"":351}",null
build/bench/cloud-principal-graphs/callback-sources/predicate_curried-12-valid.blot,57b88621bea72152ef5850b57b44da6487628648f728f53ad980a7687b85d80f,baseline,"[6010,7079,7145,7255,7353,7582,7591,7797,7880,7934,8359,8654,8731,8969,9114]","[7301,7375,7489,7596,7683,7861,8009,8026,8150,8239,8646,8976,9015,9353,9480]","[6015933,6015933,6015933,6015933,6015933,6015933,6015933,6015933,6015933,6015933,6015933,6015933,6015933,6015933,6015933]","[1172325,1172325,1172325,1172325,1172325,1172325,1172325,1172325,1172325,1172325,1172325,1172325,1172325,1172325,1172325]","{""semantic_component_batches"":0,""semantic_component_jobs"":0,""max_semantic_component_workers"":0,""inference_regions"":169,""canonical_specialization_queries"":2,""canonical_specialization_hits"":0,""solver_requested_bytes"":711588,""solver_allocations"":1846,""scratch_requested_bytes"":843372,""scratch_allocations"":4594,""max_solver_live_bytes"":6116,""max_scratch_live_bytes"":6772,""evidence_import_solver_bytes"":69440,""evidence_import_scratch_bytes"":13568,""snapshot_copy_bytes"":0,""snapshot_copy_allocations"":0,""principal_copy_buffer_bytes"":112920,""principal_copy_buffer_allocations"":819,""frozen_capture_temporary_bytes"":0,""frozen_capture_published_bytes"":0,""frozen_edge_scratch_bytes"":0,""region_scopes"":183,""max_region_scopes"":3,""call_collections_closed"":4,""call_collections_unresolved"":0,""call_memo_hits"":202,""solver_passes"":383,""solver_constraint_visits"":574,""occurs_steps"":495}",null
build/bench/cloud-principal-graphs/callback-sources/predicate_curried-12-valid.blot,57b88621bea72152ef5850b57b44da6487628648f728f53ad980a7687b85d80f,default,"[7240,7374,7398,7417,7432,7440,7495,7585,7672,7902,7990,8108,8111,8475,9659]","[7474,7619,7640,7676,7691,7730,7801,7816,7894,8135,8233,8388,8401,8819,11195]","[6007365,6007365,6007365,6007365,6007365,6007365,6007365,6007365,6007365,6007365,6007365,6007365,6007365,6007365,6007365]","[1172325,1172325,1172325,1172325,1172325,1172325,1172325,1172325,1172325,1172325,1172325,1172325,1172325,1172325,1172325]","{""semantic_component_batches"":0,""semantic_component_jobs"":0,""max_semantic_component_workers"":0,""inference_regions"":169,""canonical_specialization_queries"":2,""canonical_specialization_hits"":0,""solver_requested_bytes"":711588,""solver_allocations"":1846,""scratch_requested_bytes"":843372,""scratch_allocations"":4594,""max_solver_live_bytes"":6116,""max_scratch_live_bytes"":6772,""evidence_import_solver_bytes"":69440,""evidence_import_scratch_bytes"":13568,""snapshot_copy_bytes"":0,""snapshot_copy_allocations"":0,""principal_copy_buffer_bytes"":112920,""principal_copy_buffer_allocations"":819,""frozen_capture_temporary_bytes"":0,""frozen_capture_published_bytes"":0,""frozen_edge_scratch_bytes"":0,""region_scopes"":183,""max_region_scopes"":3,""call_collections_closed"":4,""call_collections_unresolved"":0,""call_memo_hits"":202,""solver_passes"":383,""solver_constraint_visits"":574,""occurs_steps"":495}",null
build/bench/cloud-principal-graphs/callback-sources/predicate_returned-4-valid.blot,f91ca549408fda9d4ca57806827ba1c550f893995bebe82e576cb7d7312f5238,baseline,"[5099,5247,5252,5314,5349,5390,5908,5974,6098,6284,6307,6456,7517,9462,11126]","[5308,5481,5492,5575,5611,5679,6224,6282,6375,6499,6539,6714,7762,10342,11434]","[4298177,4298177,4298177,4298177,4298177,4298177,4298177,4298177,4298177,4298177,4298177,4298177,4298177,4298177,4298177]","[1076166,1076166,1076166,1076166,1076166,1076166,1076166,1076166,1076166,1076166,1076166,1076166,1076166,1076166,1076166]","{""semantic_component_batches"":0,""semantic_component_jobs"":0,""max_semantic_component_workers"":0,""inference_regions"":73,""canonical_specialization_queries"":2,""canonical_specialization_hits"":0,""solver_requested_bytes"":292772,""solver_allocations"":790,""scratch_requested_bytes"":320740,""scratch_allocations"":1828,""max_solver_live_bytes"":6116,""max_scratch_live_bytes"":3712,""evidence_import_solver_bytes"":0,""evidence_import_scratch_bytes"":5376,""snapshot_copy_bytes"":0,""snapshot_copy_allocations"":0,""principal_copy_buffer_bytes"":43848,""principal_copy_buffer_allocations"":323,""frozen_capture_temporary_bytes"":0,""frozen_capture_published_bytes"":0,""frozen_edge_scratch_bytes"":0,""region_scopes"":87,""max_region_scopes"":3,""call_collections_closed"":4,""call_collections_unresolved"":0,""call_memo_hits"":74,""solver_passes"":159,""solver_constraint_visits"":222,""occurs_steps"":201}",null
build/bench/cloud-principal-graphs/callback-sources/predicate_returned-4-valid.blot,f91ca549408fda9d4ca57806827ba1c550f893995bebe82e576cb7d7312f5238,default,"[5356,5501,5504,5524,5660,5778,5797,5802,6035,6060,6081,6122,6662,6766,6961]","[5643,5805,5819,5840,5898,6012,6059,6067,6305,6368,6393,6573,6936,6996,7640]","[4292329,4292329,4292329,4292329,4292329,4292329,4292329,4292329,4292329,4292329,4292329,4292329,4292329,4292329,4292329]","[1076166,1076166,1076166,1076166,1076166,1076166,1076166,1076166,1076166,1076166,1076166,1076166,1076166,1076166,1076166]","{""semantic_component_batches"":0,""semantic_component_jobs"":0,""max_semantic_component_workers"":0,""inference_regions"":73,""canonical_specialization_queries"":2,""canonical_specialization_hits"":0,""solver_requested_bytes"":292772,""solver_allocations"":790,""scratch_requested_bytes"":320740,""scratch_allocations"":1828,""max_solver_live_bytes"":6116,""max_scratch_live_bytes"":3712,""evidence_import_solver_bytes"":0,""evidence_import_scratch_bytes"":5376,""snapshot_copy_bytes"":0,""snapshot_copy_allocations"":0,""principal_copy_buffer_bytes"":43848,""principal_copy_buffer_allocations"":323,""frozen_capture_temporary_bytes"":0,""frozen_capture_published_bytes"":0,""frozen_edge_scratch_bytes"":0,""region_scopes"":87,""max_region_scopes"":3,""call_collections_closed"":4,""call_collections_unresolved"":0,""call_memo_hits"":74,""solver_passes"":159,""solver_constraint_visits"":222,""occurs_steps"":201}",null
build/bench/cloud-principal-graphs/callback-sources/predicate_returned-8-valid.blot,15fa99d769839f585ae2688784e4bdef738b06c6f819c5ea07557ffd2074c2d8,baseline,"[5990,6071,6222,6412,6645,6766,6791,6837,6905,6962,7100,7178,7211,7445,7500]","[6269,6308,6466,6657,6885,7019,7042,7084,7154,7203,7427,7470,7502,7779,8058]","[5131201,5131201,5131201,5131201,5131201,5131201,5131201,5131201,5131201,5131201,5131201,5131201,5131201,5131201,5131201]","[1122810,1122810,1122810,1122810,1122810,1122810,1122810,1122810,1122810,1122810,1122810,1122810,1122810,1122810,1122810]","{""semantic_component_batches"":0,""semantic_component_jobs"":0,""max_semantic_component_workers"":0,""inference_regions"":121,""canonical_specialization_queries"":2,""canonical_specialization_hits"":0,""solver_requested_bytes"":502180,""solver_allocations"":1318,""scratch_requested_bytes"":571124,""scratch_allocations"":3185,""max_solver_live_bytes"":6116,""max_scratch_live_bytes"":4212,""evidence_import_solver_bytes"":0,""evidence_import_scratch_bytes"":9472,""snapshot_copy_bytes"":0,""snapshot_copy_allocations"":0,""principal_copy_buffer_bytes"":78600,""principal_copy_buffer_allocations"":571,""frozen_capture_temporary_bytes"":0,""frozen_capture_published_bytes"":0,""frozen_edge_scratch_bytes"":0,""region_scopes"":135,""max_region_scopes"":3,""call_collections_closed"":4,""call_collections_unresolved"":0,""call_memo_hits"":138,""solver_passes"":271,""solver_constraint_visits"":398,""occurs_steps"":345}",null
build/bench/cloud-principal-graphs/callback-sources/predicate_returned-8-valid.blot,15fa99d769839f585ae2688784e4bdef738b06c6f819c5ea07557ffd2074c2d8,default,"[6015,6092,6347,6510,6527,6533,6546,6718,6728,6741,6800,6949,7030,7797,14234]","[6301,6317,6664,6784,6841,6951,6960,6975,7022,7102,7168,7269,7833,8054,14621]","[5129825,5129825,5129825,5129825,5129825,5129825,5129825,5129825,5129825,5129825,5129825,5129825,5129825,5129825,5129825]","[1122810,1122810,1122810,1122810,1122810,1122810,1122810,1122810,1122810,1122810,1122810,1122810,1122810,1122810,1122810]","{""semantic_component_batches"":0,""semantic_component_jobs"":0,""max_semantic_component_workers"":0,""inference_regions"":121,""canonical_specialization_queries"":2,""canonical_specialization_hits"":0,""solver_requested_bytes"":502180,""solver_allocations"":1318,""scratch_requested_bytes"":571124,""scratch_allocations"":3185,""max_solver_live_bytes"":6116,""max_scratch_live_bytes"":4212,""evidence_import_solver_bytes"":0,""evidence_import_scratch_bytes"":9472,""snapshot_copy_bytes"":0,""snapshot_copy_allocations"":0,""principal_copy_buffer_bytes"":78600,""principal_copy_buffer_allocations"":571,""frozen_capture_temporary_bytes"":0,""frozen_capture_published_bytes"":0,""frozen_edge_scratch_bytes"":0,""region_scopes"":135,""max_region_scopes"":3,""call_collections_closed"":4,""call_collections_unresolved"":0,""call_memo_hits"":138,""solver_passes"":271,""solver_constraint_visits"":398,""occurs_steps"":345}",null
build/bench/cloud-principal-graphs/callback-sources/predicate_returned-12-valid.blot,7dffb6b82e6a55df458efeb363f63b857b8f87b0abeeaebf93c86a04a58e4e1a,baseline,"[7295,7374,7443,7451,7617,7735,7825,7844,7930,8016,8087,8107,8639,9285,9663]","[7539,7720,7722,7770,7835,7998,8075,8076,8149,8356,8374,8393,8918,9667,9925]","[6017675,6017675,6017675,6017675,6017675,6017675,6017675,6017675,6017675,6017675,6017675,6017675,6017675,6017675,6017675]","[1172168,1172168,1172168,1172168,1172168,1172168,1172168,1172168,1172168,1172168,1172168,1172168,1172168,1172168,1172168]","{""semantic_component_batches"":0,""semantic_component_jobs"":0,""max_semantic_component_workers"":0,""inference_regions"":169,""canonical_specialization_queries"":2,""canonical_specialization_hits"":0,""solver_requested_bytes"":711588,""solver_allocations"":1846,""scratch_requested_bytes"":847580,""scratch_allocations"":4602,""max_solver_live_bytes"":6116,""max_scratch_live_bytes"":6772,""evidence_import_solver_bytes"":0,""evidence_import_scratch_bytes"":13568,""snapshot_copy_bytes"":0,""snapshot_copy_allocations"":0,""principal_copy_buffer_bytes"":113352,""principal_copy_buffer_allocations"":819,""frozen_capture_temporary_bytes"":0,""frozen_capture_published_bytes"":0,""frozen_edge_scratch_bytes"":0,""region_scopes"":183,""max_region_scopes"":3,""call_collections_closed"":4,""call_collections_unresolved"":0,""call_memo_hits"":202,""solver_passes"":383,""solver_constraint_visits"":574,""occurs_steps"":489}",null
build/bench/cloud-principal-graphs/callback-sources/predicate_returned-12-valid.blot,7dffb6b82e6a55df458efeb363f63b857b8f87b0abeeaebf93c86a04a58e4e1a,default,"[7100,7250,7254,7453,7458,7512,7520,7576,7624,7780,7999,8289,8440,8560,10450]","[7318,7485,7525,7753,7764,7809,7827,7839,7958,8051,8323,8578,8681,8808,10735]","[6009107,6009107,6009107,6009107,6009107,6009107,6009107,6009107,6009107,6009107,6009107,6009107,6009107,6009107,6009107]","[1172168,1172168,1172168,1172168,1172168,1172168,1172168,1172168,1172168,1172168,1172168,1172168,1172168,1172168,1172168]","{""semantic_component_batches"":0,""semantic_component_jobs"":0,""max_semantic_component_workers"":0,""inference_regions"":169,""canonical_specialization_queries"":2,""canonical_specialization_hits"":0,""solver_requested_bytes"":711588,""solver_allocations"":1846,""scratch_requested_bytes"":847580,""scratch_allocations"":4602,""max_solver_live_bytes"":6116,""max_scratch_live_bytes"":6772,""evidence_import_solver_bytes"":0,""evidence_import_scratch_bytes"":13568,""snapshot_copy_bytes"":0,""snapshot_copy_allocations"":0,""principal_copy_buffer_bytes"":113352,""principal_copy_buffer_allocations"":819,""frozen_capture_temporary_bytes"":0,""frozen_capture_published_bytes"":0,""frozen_edge_scratch_bytes"":0,""region_scopes"":183,""max_region_scopes"":3,""call_collections_closed"":4,""call_collections_unresolved"":0,""call_memo_hits"":202,""solver_passes"":383,""solver_constraint_visits"":574,""occurs_steps"":489}",null
build/bench/cloud-principal-graphs/callback-sources/predicate_effect-4-valid.blot,d0b8c8a9449ff6025f2cdedeee216cd0050acd359bbf517914edb34fbfb2e987,baseline,"[5020,5110,5160,5194,5216,5330,5367,5372,5467,5500,5736,5849,5857,6366,7038]","[5274,5379,5392,5426,5433,5543,5594,5606,5786,5803,6024,6090,6134,6659,7365]","[3978990,3978990,3978990,3978990,3978990,3978990,3978990,3978990,3978990,3978990,3978990,3978990,3978990,3978990,3978990]","[1079407,1079407,1079407,1079407,1079407,1079407,1079407,1079407,1079407,1079407,1079407,1079407,1079407,1079407,1079407]","{""semantic_component_batches"":0,""semantic_component_jobs"":0,""max_semantic_component_workers"":0,""inference_regions"":51,""canonical_specialization_queries"":1,""canonical_specialization_hits"":0,""solver_requested_bytes"":132468,""solver_allocations"":425,""scratch_requested_bytes"":201232,""scratch_allocations"":1253,""max_solver_live_bytes"":6168,""max_scratch_live_bytes"":4384,""evidence_import_solver_bytes"":1980,""evidence_import_scratch_bytes"":5952,""snapshot_copy_bytes"":0,""snapshot_copy_allocations"":0,""principal_copy_buffer_bytes"":39448,""principal_copy_buffer_allocations"":337,""frozen_capture_temporary_bytes"":0,""frozen_capture_published_bytes"":0,""frozen_edge_scratch_bytes"":0,""region_scopes"":60,""max_region_scopes"":4,""call_collections_closed"":2,""call_collections_unresolved"":0,""call_memo_hits"":37,""solver_passes"":90,""solver_constraint_visits"":135,""occurs_steps"":141}",null
build/bench/cloud-principal-graphs/callback-sources/predicate_effect-4-valid.blot,d0b8c8a9449ff6025f2cdedeee216cd0050acd359bbf517914edb34fbfb2e987,default,"[4894,4913,5017,5066,5106,5249,5461,5462,5476,5483,5842,6856,6942,8232,15690]","[5127,5131,5241,5270,5698,5707,5717,5762,5820,6058,6466,7160,7200,8599,16899]","[3979790,3979790,3979790,3979790,3979790,3979790,3979790,3979790,3979790,3979790,3979790,3979790,3979790,3979790,3979790]","[1079407,1079407,1079407,1079407,1079407,1079407,1079407,1079407,1079407,1079407,1079407,1079407,1079407,1079407,1079407]","{""semantic_component_batches"":0,""semantic_component_jobs"":0,""max_semantic_component_workers"":0,""inference_regions"":51,""canonical_specialization_queries"":1,""canonical_specialization_hits"":0,""solver_requested_bytes"":132468,""solver_allocations"":425,""scratch_requested_bytes"":201232,""scratch_allocations"":1253,""max_solver_live_bytes"":6168,""max_scratch_live_bytes"":4384,""evidence_import_solver_bytes"":1980,""evidence_import_scratch_bytes"":5952,""snapshot_copy_bytes"":0,""snapshot_copy_allocations"":0,""principal_copy_buffer_bytes"":39448,""principal_copy_buffer_allocations"":337,""frozen_capture_temporary_bytes"":0,""frozen_capture_published_bytes"":0,""frozen_edge_scratch_bytes"":0,""region_scopes"":60,""max_region_scopes"":4,""call_collections_closed"":2,""call_collections_unresolved"":0,""call_memo_hits"":37,""solver_passes"":90,""solver_constraint_visits"":135,""occurs_steps"":141}",null
build/bench/cloud-principal-graphs/callback-sources/predicate_effect-8-valid.blot,78cd08c62781f97f47eb623a0ae06c28e9c22062252b81af5c882dd3fbf4c9e4,baseline,"[5555,5604,5620,5628,5661,5688,5718,5725,5840,5971,6110,6294,6520,7148,7892]","[5803,5861,5862,5874,5913,5924,5965,5972,6056,6197,6337,6544,6773,8231,13864]","[4517617,4517617,4517617,4517617,4517617,4517617,4517617,4517617,4517617,4517617,4517617,4517617,4517617,4517617,4517617]","[1122627,1122627,1122627,1122627,1122627,1122627,1122627,1122627,1122627,1122627,1122627,1122627,1122627,1122627,1122627]","{""semantic_component_batches"":0,""semantic_component_jobs"":0,""max_semantic_component_workers"":0,""inference_regions"":83,""canonical_specialization_queries"":1,""canonical_specialization_hits"":0,""solver_requested_bytes"":222484,""solver_allocations"":701,""scratch_requested_bytes"":351200,""scratch_allocations"":2142,""max_solver_live_bytes"":6168,""max_scratch_live_bytes"":4388,""evidence_import_solver_bytes"":3564,""evidence_import_scratch_bytes"":10304,""snapshot_copy_bytes"":0,""snapshot_copy_allocations"":0,""principal_copy_buffer_bytes"":68632,""principal_copy_buffer_allocations"":577,""frozen_capture_temporary_bytes"":0,""frozen_capture_published_bytes"":0,""frozen_edge_scratch_bytes"":0,""region_scopes"":92,""max_region_scopes"":4,""call_collections_closed"":2,""call_collections_unresolved"":0,""call_memo_hits"":69,""solver_passes"":146,""solver_constraint_visits"":231,""occurs_steps"":237}",null
build/bench/cloud-principal-graphs/callback-sources/predicate_effect-8-valid.blot,78cd08c62781f97f47eb623a0ae06c28e9c22062252b81af5c882dd3fbf4c9e4,default,"[5276,5404,5496,5611,5803,5956,6095,6133,6297,6318,6395,6545,6754,7604,9006]","[5512,5610,5724,5826,6050,6272,6394,6473,6639,6645,6770,6992,6994,7862,9335]","[4512337,4512337,4512337,4512337,4512337,4512337,4512337,4512337,4512337,4512337,4512337,4512337,4512337,4512337,4512337]","[1122627,1122627,1122627,1122627,1122627,1122627,1122627,1122627,1122627,1122627,1122627,1122627,1122627,1122627,1122627]","{""semantic_component_batches"":0,""semantic_component_jobs"":0,""max_semantic_component_workers"":0,""inference_regions"":83,""canonical_specialization_queries"":1,""canonical_specialization_hits"":0,""solver_requested_bytes"":222484,""solver_allocations"":701,""scratch_requested_bytes"":351200,""scratch_allocations"":2142,""max_solver_live_bytes"":6168,""max_scratch_live_bytes"":4388,""evidence_import_solver_bytes"":3564,""evidence_import_scratch_bytes"":10304,""snapshot_copy_bytes"":0,""snapshot_copy_allocations"":0,""principal_copy_buffer_bytes"":68632,""principal_copy_buffer_allocations"":577,""frozen_capture_temporary_bytes"":0,""frozen_capture_published_bytes"":0,""frozen_edge_scratch_bytes"":0,""region_scopes"":92,""max_region_scopes"":4,""call_collections_closed"":2,""call_collections_unresolved"":0,""call_memo_hits"":69,""solver_passes"":146,""solver_constraint_visits"":231,""occurs_steps"":237}",null
build/bench/cloud-principal-graphs/callback-sources/predicate_effect-12-valid.blot,c1068e02f87b13988deb751cd889ad8f4a2393c87552156707406a5c5b2136f2,baseline,"[6076,6091,6110,6190,6406,6420,6764,6841,6843,7744,7750,8083,8753,9217,18858]","[6290,6325,6395,6413,6642,6652,7040,7115,7184,7977,8041,8414,9182,9659,19198]","[5025644,5025644,5025644,5025644,5025644,5025644,5025644,5025644,5025644,5025644,5025644,5025644,5025644,5025644,5025644]","[1147323,1147323,1147323,1147323,1147323,1147323,1147323,1147323,1147323,1147323,1147323,1147323,1147323,1147323,1147323]","{""semantic_component_batches"":0,""semantic_component_jobs"":0,""max_semantic_component_workers"":0,""inference_regions"":115,""canonical_specialization_queries"":1,""canonical_specialization_hits"":0,""solver_requested_bytes"":312500,""solver_allocations"":977,""scratch_requested_bytes"":516632,""scratch_allocations"":3061,""max_solver_live_bytes"":6168,""max_scratch_live_bytes"":7028,""evidence_import_solver_bytes"":5148,""evidence_import_scratch_bytes"":14656,""snapshot_copy_bytes"":0,""snapshot_copy_allocations"":0,""principal_copy_buffer_bytes"":97816,""principal_copy_buffer_allocations"":817,""frozen_capture_temporary_bytes"":0,""frozen_capture_published_bytes"":0,""frozen_edge_scratch_bytes"":0,""region_scopes"":124,""max_region_scopes"":4,""call_collections_closed"":2,""call_collections_unresolved"":0,""call_memo_hits"":101,""solver_passes"":202,""solver_constraint_visits"":327,""occurs_steps"":333}",null
build/bench/cloud-principal-graphs/callback-sources/predicate_effect-12-valid.blot,c1068e02f87b13988deb751cd889ad8f4a2393c87552156707406a5c5b2136f2,default,"[6442,6453,6461,6525,6543,6566,6590,6670,6823,7253,7300,7466,7564,7792,8120]","[6688,6705,6756,6816,6818,6860,6892,6892,7082,7547,7549,7788,7810,8285,8373]","[5020364,5020364,5020364,5020364,5020364,5020364,5020364,5020364,5020364,5020364,5020364,5020364,5020364,5020364,5020364]","[1147323,1147323,1147323,1147323,1147323,1147323,1147323,1147323,1147323,1147323,1147323,1147323,1147323,1147323,1147323]","{""semantic_component_batches"":0,""semantic_component_jobs"":0,""max_semantic_component_workers"":0,""inference_regions"":115,""canonical_specialization_queries"":1,""canonical_specialization_hits"":0,""solver_requested_bytes"":312500,""solver_allocations"":977,""scratch_requested_bytes"":516632,""scratch_allocations"":3061,""max_solver_live_bytes"":6168,""max_scratch_live_bytes"":7028,""evidence_import_solver_bytes"":5148,""evidence_import_scratch_bytes"":14656,""snapshot_copy_bytes"":0,""snapshot_copy_allocations"":0,""principal_copy_buffer_bytes"":97816,""principal_copy_buffer_allocations"":817,""frozen_capture_temporary_bytes"":0,""frozen_capture_published_bytes"":0,""frozen_edge_scratch_bytes"":0,""region_scopes"":124,""max_region_scopes"":4,""call_collections_closed"":2,""call_collections_unresolved"":0,""call_memo_hits"":101,""solver_passes"":202,""solver_constraint_visits"":327,""occurs_steps"":333}",null
build/bench/cloud-principal-graphs/callback-sources/capture-4-valid.blot,4142cb946d916c6401fb28d2ee90dbdd963f5b250a53c470ac2878658888e0f8,baseline,"[4653,4825,4987,5010,5013,5021,5217,5343,5442,5498,5502,5721,5913,6216,6330]","[4894,5110,5230,5244,5264,5295,5527,5601,5675,5752,5997,6011,6159,6451,6556]","[3661021,3661021,3661021,3661021,3661021,3661021,3661021,3661021,3661021,3661021,3661021,3661021,3661021,3661021,3661021]","[1067243,1067243,1067243,1067243,1067243,1067243,1067243,1067243,1067243,1067243,1067243,1067243,1067243,1067243,1067243]","{""semantic_component_batches"":0,""semantic_component_jobs"":0,""max_semantic_component_workers"":0,""inference_regions"":9,""canonical_specialization_queries"":1,""canonical_specialization_hits"":0,""solver_requested_bytes"":232488,""solver_allocations"":177,""scratch_requested_bytes"":146952,""scratch_allocations"":288,""max_solver_live_bytes"":92856,""max_scratch_live_bytes"":57496,""evidence_import_solver_bytes"":0,""evidence_import_scratch_bytes"":128,""snapshot_copy_bytes"":0,""snapshot_copy_allocations"":0,""principal_copy_buffer_bytes"":0,""principal_copy_buffer_allocations"":0,""frozen_capture_temporary_bytes"":0,""frozen_capture_published_bytes"":0,""frozen_edge_scratch_bytes"":0,""region_scopes"":81,""max_region_scopes"":65,""call_collections_closed"":1,""call_collections_unresolved"":64,""call_memo_hits"":5,""solver_passes"":10,""solver_constraint_visits"":32,""occurs_steps"":112}",null
build/bench/cloud-principal-graphs/callback-sources/capture-4-valid.blot,4142cb946d916c6401fb28d2ee90dbdd963f5b250a53c470ac2878658888e0f8,default,"[4713,4827,4869,4953,4966,4970,5032,5243,5271,5334,5470,5564,5709,5764,5837]","[4931,5054,5119,5172,5244,5255,5270,5507,5529,5684,5807,5840,5999,6009,6189]","[3662117,3662117,3662117,3662117,3662117,3662117,3662117,3662117,3662117,3662117,3662117,3662117,3662117,3662117,3662117]","[1067243,1067243,1067243,1067243,1067243,1067243,1067243,1067243,1067243,1067243,1067243,1067243,1067243,1067243,1067243]","{""semantic_component_batches"":0,""semantic_component_jobs"":0,""max_semantic_component_workers"":0,""inference_regions"":9,""canonical_specialization_queries"":1,""canonical_specialization_hits"":0,""solver_requested_bytes"":232488,""solver_allocations"":177,""scratch_requested_bytes"":146952,""scratch_allocations"":288,""max_solver_live_bytes"":92856,""max_scratch_live_bytes"":57496,""evidence_import_solver_bytes"":0,""evidence_import_scratch_bytes"":128,""snapshot_copy_bytes"":0,""snapshot_copy_allocations"":0,""principal_copy_buffer_bytes"":0,""principal_copy_buffer_allocations"":0,""frozen_capture_temporary_bytes"":0,""frozen_capture_published_bytes"":0,""frozen_edge_scratch_bytes"":0,""region_scopes"":81,""max_region_scopes"":65,""call_collections_closed"":1,""call_collections_unresolved"":64,""call_memo_hits"":5,""solver_passes"":10,""solver_constraint_visits"":32,""occurs_steps"":112}",null
build/bench/cloud-principal-graphs/callback-sources/capture-6-valid.blot,5b1656eac65c3f015338e3d1e889892ef89a5754b11f58ed380e93f94dba767e,baseline,"[7406,7497,7575,7716,7910,8141,8285,8310,8341,8414,8549,8642,8832,9178,49636]","[7636,7712,7804,8168,8333,8381,8560,8594,8595,8673,8768,8877,9110,9536,50075]","[4315873,4315873,4315873,4315873,4315873,4315873,4315873,4315873,4315873,4315873,4315873,4315873,4315873,4315873,4315873]","[1148147,1148147,1148147,1148147,1148147,1148147,1148147,1148147,1148147,1148147,1148147,1148147,1148147,1148147,1148147]","{""semantic_component_batches"":0,""semantic_component_jobs"":0,""max_semantic_component_workers"":0,""inference_regions"":11,""canonical_specialization_queries"":1,""canonical_specialization_hits"":0,""solver_requested_bytes"":643564,""solver_allocations"":225,""scratch_requested_bytes"":517844,""scratch_allocations"":719,""max_solver_live_bytes"":308936,""max_scratch_live_bytes"":218716,""evidence_import_solver_bytes"":0,""evidence_import_scratch_bytes"":128,""snapshot_copy_bytes"":0,""snapshot_copy_allocations"":0,""principal_copy_buffer_bytes"":0,""principal_copy_buffer_allocations"":0,""frozen_capture_temporary_bytes"":0,""frozen_capture_published_bytes"":0,""frozen_edge_scratch_bytes"":0,""region_scopes"":277,""max_region_scopes"":257,""call_collections_closed"":1,""call_collections_unresolved"":256,""call_memo_hits"":7,""solver_passes"":12,""solver_constraint_visits"":128,""occurs_steps"":404}",null
build/bench/cloud-principal-graphs/callback-sources/capture-6-valid.blot,5b1656eac65c3f015338e3d1e889892ef89a5754b11f58ed380e93f94dba767e,default,"[7372,7463,7534,7571,7611,7674,7747,7784,7923,8041,8157,8259,8396,8491,8592]","[7603,7720,7782,7977,8055,8102,8138,8169,8192,8284,8415,8566,8639,8766,8839]","[4316673,4316673,4316673,4316673,4316673,4316673,4316673,4316673,4316673,4316673,4316673,4316673,4316673,4316673,4316673]","[1151299,1151299,1151299,1151299,1151299,1151299,1151299,1151299,1151299,1151299,1151299,1151299,1151299,1151299,1151299]","{""semantic_component_batches"":0,""semantic_component_jobs"":0,""max_semantic_component_workers"":0,""inference_regions"":11,""canonical_specialization_queries"":1,""canonical_specialization_hits"":0,""solver_requested_bytes"":643564,""solver_allocations"":225,""scratch_requested_bytes"":517844,""scratch_allocations"":719,""max_solver_live_bytes"":308936,""max_scratch_live_bytes"":218716,""evidence_import_solver_bytes"":0,""evidence_import_scratch_bytes"":128,""snapshot_copy_bytes"":0,""snapshot_copy_allocations"":0,""principal_copy_buffer_bytes"":0,""principal_copy_buffer_allocations"":0,""frozen_capture_temporary_bytes"":0,""frozen_capture_published_bytes"":0,""frozen_edge_scratch_bytes"":0,""region_scopes"":277,""max_region_scopes"":257,""call_collections_closed"":1,""call_collections_unresolved"":256,""call_memo_hits"":7,""solver_passes"":12,""solver_constraint_visits"":128,""occurs_steps"":404}",null
build/bench/cloud-principal-graphs/callback-sources/capture-8-valid.blot,b72f95692e56167319e708f5525015e368ae84a600d69c29f7f04250b3f8f576,baseline,"[33739,33758,33829,34223,34275,34332,34439,35077,35420,35784,36648,36809,36826,37338,40041]","[34019,34133,34152,34550,34616,34631,34922,35395,35863,36157,37027,37114,37130,37695,40394]","[8697868,8697868,8697868,8697868,8697868,8697868,8697868,8697868,8697868,8697868,8697868,8697868,8697868,8697868,8697868]","[5431698,5431698,5431698,5431698,5431698,5431698,5431698,5431698,5431698,5431698,5431698,5431698,5431698,5431698,5431698]","{""semantic_component_batches"":0,""semantic_component_jobs"":0,""max_semantic_component_workers"":0,""inference_regions"":13,""canonical_specialization_queries"":1,""canonical_specialization_hits"":0,""solver_requested_bytes"":3540656,""solver_allocations"":277,""scratch_requested_bytes"":1962412,""scratch_allocations"":2303,""max_solver_live_bytes"":1837980,""max_scratch_live_bytes"":835220,""evidence_import_solver_bytes"":0,""evidence_import_scratch_bytes"":128,""snapshot_copy_bytes"":0,""snapshot_copy_allocations"":0,""principal_copy_buffer_bytes"":0,""principal_copy_buffer_allocations"":0,""frozen_capture_temporary_bytes"":0,""frozen_capture_published_bytes"":0,""frozen_edge_scratch_bytes"":0,""region_scopes"":1049,""max_region_scopes"":1025,""call_collections_closed"":1,""call_collections_unresolved"":1024,""call_memo_hits"":9,""solver_passes"":14,""solver_constraint_visits"":512,""occurs_steps"":1560}",null
build/bench/cloud-principal-graphs/callback-sources/capture-8-valid.blot,b72f95692e56167319e708f5525015e368ae84a600d69c29f7f04250b3f8f576,default,"[34135,34396,34435,34623,34950,35020,35032,35531,35596,35797,36021,36297,36648,37005,49236]","[34522,34794,34809,34961,35236,35381,35438,35901,36026,36219,36375,36674,36982,37391,49540]","[8692588,8692588,8692588,8692588,8692588,8692588,8692588,8692588,8692588,8692588,8692588,8692588,8692588,8692588,8692588]","[5433648,5433648,5433648,5433648,5433648,5433648,5433648,5433648,5433648,5433648,5433648,5433648,5433648,5433648,5433648]","{""semantic_component_batches"":0,""semantic_component_jobs"":0,""max_semantic_component_workers"":0,""inference_regions"":13,""canonical_specialization_queries"":1,""canonical_specialization_hits"":0,""solver_requested_bytes"":3540656,""solver_allocations"":277,""scratch_requested_bytes"":1962412,""scratch_allocations"":2303,""max_solver_live_bytes"":1837980,""max_scratch_live_bytes"":835220,""evidence_import_solver_bytes"":0,""evidence_import_scratch_bytes"":128,""snapshot_copy_bytes"":0,""snapshot_copy_allocations"":0,""principal_copy_buffer_bytes"":0,""principal_copy_buffer_allocations"":0,""frozen_capture_temporary_bytes"":0,""frozen_capture_published_bytes"":0,""frozen_edge_scratch_bytes"":0,""region_scopes"":1049,""max_region_scopes"":1025,""call_collections_closed"":1,""call_collections_unresolved"":1024,""call_memo_hits"":9,""solver_passes"":14,""solver_constraint_visits"":512,""occurs_steps"":1560}",null
build/bench/cloud-principal-graphs/sources/factory-diamond-12.blot,8cda9e21d5226b9b30be3e095b5ae43882b5356437fc96fc01e7720ad7075a16,baseline,"[4131,6076,6152,6172,6262,6292,6314,6413,6560,6700,6923,7234,7482,7528,7570]","[6316,6462,6464,6554,6557,6580,6697,6945,7251,7390,7526,7791,7935,8145,8448]","[5947091,5947091,5947091,5947091,5947091,5947091,5947091,5947091,5947091,5947091,5947091,5947091,5947091,5947091,5947091]","[1080310,1080310,1080310,1080310,1080310,1080310,1080310,1080310,1080310,1080310,1080310,1080310,1080310,1080310,1080310]","{""semantic_component_batches"":0,""semantic_component_jobs"":0,""max_semantic_component_workers"":0,""inference_regions"":167,""canonical_specialization_queries"":2,""canonical_specialization_hits"":0,""solver_requested_bytes"":263824,""solver_allocations"":1327,""scratch_requested_bytes"":470748,""scratch_allocations"":2733,""max_solver_live_bytes"":2648,""max_scratch_live_bytes"":6564,""evidence_import_solver_bytes"":0,""evidence_import_scratch_bytes"":12800,""snapshot_copy_bytes"":0,""snapshot_copy_allocations"":0,""principal_copy_buffer_bytes"":40352,""principal_copy_buffer_allocations"":552,""frozen_capture_temporary_bytes"":0,""frozen_capture_published_bytes"":0,""frozen_edge_scratch_bytes"":0,""region_scopes"":181,""max_region_scopes"":3,""call_collections_closed"":2,""call_collections_unresolved"":4,""call_memo_hits"":200,""solver_passes"":400,""solver_constraint_visits"":513,""occurs_steps"":430}",null
build/bench/cloud-principal-graphs/sources/factory-diamond-12.blot,8cda9e21d5226b9b30be3e095b5ae43882b5356437fc96fc01e7720ad7075a16,default,"[6223,6338,6406,6442,6467,6510,6667,6688,6702,6814,6909,6984,7231,7425,8863]","[6493,6664,6709,6748,6781,6880,6988,6988,7011,7119,7280,7400,7483,7811,9265]","[5938523,5938523,5938523,5938523,5938523,5938523,5938523,5938523,5938523,5938523,5938523,5938523,5938523,5938523,5938523]","[1080310,1080310,1080310,1080310,1080310,1080310,1080310,1080310,1080310,1080310,1080310,1080310,1080310,1080310,1080310]","{""semantic_component_batches"":0,""semantic_component_jobs"":0,""max_semantic_component_workers"":0,""inference_regions"":167,""canonical_specialization_queries"":2,""canonical_specialization_hits"":0,""solver_requested_bytes"":263824,""solver_allocations"":1327,""scratch_requested_bytes"":470748,""scratch_allocations"":2733,""max_solver_live_bytes"":2648,""max_scratch_live_bytes"":6564,""evidence_import_solver_bytes"":0,""evidence_import_scratch_bytes"":12800,""snapshot_copy_bytes"":0,""snapshot_copy_allocations"":0,""principal_copy_buffer_bytes"":40352,""principal_copy_buffer_allocations"":552,""frozen_capture_temporary_bytes"":0,""frozen_capture_published_bytes"":0,""frozen_edge_scratch_bytes"":0,""region_scopes"":181,""max_region_scopes"":3,""call_collections_closed"":2,""call_collections_unresolved"":4,""call_memo_hits"":200,""solver_passes"":400,""solver_constraint_visits"":513,""occurs_steps"":430}",null
build/bench/cloud-principal-graphs/live-header-sources/source-mixed-12.blot,b1b3f200d96b501cba2ec91a5d87e32c85e176c321b481bd28dad7f7f5f2cd1c,baseline,"[4772,4985,5020,5196,5408,5411,5448,5478,5834,5891,5931,5933,5960,6148,7535]","[4983,5274,5380,5482,5646,5697,5710,6158,6169,6186,6199,6404,6564,7865,8368]","[4364285,4364285,4364285,4364285,4364285,4364285,4364285,4364285,4364285,4364285,4364285,4364285,4364285,4364285,4364285]","[1088082,1088082,1088082,1088082,1088082,1088082,1088082,1088082,1088082,1088082,1088082,1088082,1088082,1088082,1088082]","{""semantic_component_batches"":0,""semantic_component_jobs"":0,""max_semantic_component_workers"":0,""inference_regions"":103,""canonical_specialization_queries"":1,""canonical_specialization_hits"":0,""solver_requested_bytes"":101988,""solver_allocations"":509,""scratch_requested_bytes"":258148,""scratch_allocations"":1532,""max_solver_live_bytes"":3096,""max_scratch_live_bytes"":6564,""evidence_import_solver_bytes"":0,""evidence_import_scratch_bytes"":4736,""snapshot_copy_bytes"":0,""snapshot_copy_allocations"":0,""principal_copy_buffer_bytes"":39328,""principal_copy_buffer_allocations"":545,""frozen_capture_temporary_bytes"":0,""frozen_capture_published_bytes"":0,""frozen_edge_scratch_bytes"":0,""region_scopes"":111,""max_region_scopes"":2,""call_collections_closed"":1,""call_collections_unresolved"":0,""call_memo_hits"":62,""solver_passes"":119,""solver_constraint_visits"":179,""occurs_steps"":204}",null
build/bench/cloud-principal-graphs/live-header-sources/source-mixed-12.blot,b1b3f200d96b501cba2ec91a5d87e32c85e176c321b481bd28dad7f7f5f2cd1c,default,"[5020,5023,5055,5080,5201,5217,5299,5456,5542,5565,5584,5920,5933,6147,6474]","[5248,5264,5280,5295,5429,5506,5555,5756,5862,5888,5941,6192,6196,6499,6952]","[4359005,4359005,4359005,4359005,4359005,4359005,4359005,4359005,4359005,4359005,4359005,4359005,4359005,4359005,4359005]","[1088082,1088082,1088082,1088082,1088082,1088082,1088082,1088082,1088082,1088082,1088082,1088082,1088082,1088082,1088082]","{""semantic_component_batches"":0,""semantic_component_jobs"":0,""max_semantic_component_workers"":0,""inference_regions"":103,""canonical_specialization_queries"":1,""canonical_specialization_hits"":0,""solver_requested_bytes"":101988,""solver_allocations"":509,""scratch_requested_bytes"":258148,""scratch_allocations"":1532,""max_solver_live_bytes"":3096,""max_scratch_live_bytes"":6564,""evidence_import_solver_bytes"":0,""evidence_import_scratch_bytes"":4736,""snapshot_copy_bytes"":0,""snapshot_copy_allocations"":0,""principal_copy_buffer_bytes"":39328,""principal_copy_buffer_allocations"":545,""frozen_capture_temporary_bytes"":0,""frozen_capture_published_bytes"":0,""frozen_edge_scratch_bytes"":0,""region_scopes"":111,""max_region_scopes"":2,""call_collections_closed"":1,""call_collections_unresolved"":0,""call_memo_hits"":62,""solver_passes"":119,""solver_constraint_visits"":179,""occurs_steps"":204}",null
build/bench/cloud-principal-graphs/lexical-sources/aggregate-separate-128-valid.blot,041fd208800d0bc3248f5b29df4fc8d80d1d866913dd1188a69171c68e37e350,baseline,"[11376,11471,11638,11644,11950,11981,12257,12288,12419,12430,12653,12983,13002,13144,13230]","[11651,11828,11899,11920,12220,12345,12512,12618,12762,12794,13002,13263,13456,13527,13540]","[9356447,9356447,9356447,9356447,9356447,9356447,9356447,9356447,9356447,9356447,9356447,9356447,9356447,9356447,9356447]","[2187776,2187776,2187776,2187776,2187776,2187776,2187776,2187776,2187776,2187776,2187776,2187776,2187776,2187776,2187776]","{""semantic_component_batches"":0,""semantic_component_jobs"":0,""max_semantic_component_workers"":0,""inference_regions"":520,""canonical_specialization_queries"":128,""canonical_specialization_hits"":127,""solver_requested_bytes"":1038136,""solver_allocations"":3306,""scratch_requested_bytes"":1230412,""scratch_allocations"":7449,""max_solver_live_bytes"":3708,""max_scratch_live_bytes"":5072,""evidence_import_solver_bytes"":932,""evidence_import_scratch_bytes"":33792,""snapshot_copy_bytes"":0,""snapshot_copy_allocations"":0,""principal_copy_buffer_bytes"":0,""principal_copy_buffer_allocations"":0,""frozen_capture_temporary_bytes"":0,""frozen_capture_published_bytes"":24,""frozen_edge_scratch_bytes"":48,""region_scopes"":924,""max_region_scopes"":9,""call_collections_closed"":257,""call_collections_unresolved"":0,""call_memo_hits"":772,""solver_passes"":533,""solver_constraint_visits"":538,""occurs_steps"":12}",null
build/bench/cloud-principal-graphs/lexical-sources/aggregate-separate-128-valid.blot,041fd208800d0bc3248f5b29df4fc8d80d1d866913dd1188a69171c68e37e350,default,"[10906,10985,11256,11299,11504,11608,11766,11915,12074,12716,13097,13629,14028,15952,15983]","[11159,11266,11504,11562,11775,11854,12240,12281,12654,13073,13426,13910,14518,16256,16260]","[9347903,9347903,9347903,9347903,9347903,9347903,9347903,9347903,9347903,9347903,9347903,9347903,9347903,9347903,9347903]","[2187776,2187776,2187776,2187776,2187776,2187776,2187776,2187776,2187776,2187776,2187776,2187776,2187776,2187776,2187776]","{""semantic_component_batches"":0,""semantic_component_jobs"":0,""max_semantic_component_workers"":0,""inference_regions"":520,""canonical_specialization_queries"":128,""canonical_specialization_hits"":127,""solver_requested_bytes"":1038136,""solver_allocations"":3306,""scratch_requested_bytes"":1230412,""scratch_allocations"":7449,""max_solver_live_bytes"":3708,""max_scratch_live_bytes"":5072,""evidence_import_solver_bytes"":932,""evidence_import_scratch_bytes"":33792,""snapshot_copy_bytes"":0,""snapshot_copy_allocations"":0,""principal_copy_buffer_bytes"":0,""principal_copy_buffer_allocations"":0,""frozen_capture_temporary_bytes"":0,""frozen_capture_published_bytes"":24,""frozen_edge_scratch_bytes"":48,""region_scopes"":924,""max_region_scopes"":9,""call_collections_closed"":257,""call_collections_unresolved"":0,""call_memo_hits"":772,""solver_passes"":533,""solver_constraint_visits"":538,""occurs_steps"":12}",null
build/bench/cloud-principal-graphs/lexical-sources/aggregate-separate-32-valid.blot,b4de8b2751b643b3e2e9f24965069bbe42931d2a76e1b2b3b03761b7df7eeb1b,baseline,"[4938,5943,5958,6086,6173,6229,6396,6423,6641,6784,7098,7121,7287,7657,7699]","[6182,6195,6332,6409,6556,6704,6910,7006,7045,7384,7404,7426,7595,8001,8100]","[4937694,4937694,4937694,4937694,4937694,4937694,4937694,4937694,4937694,4937694,4937694,4937694,4937694,4937694,4937694]","[1328162,1328162,1328162,1328162,1328162,1328162,1328162,1328162,1328162,1328162,1328162,1328162,1328162,1328162,1328162]","{""semantic_component_batches"":0,""semantic_component_jobs"":0,""max_semantic_component_workers"":0,""inference_regions"":136,""canonical_specialization_queries"":32,""canonical_specialization_hits"":31,""solver_requested_bytes"":276280,""solver_allocations"":906,""scratch_requested_bytes"":334156,""scratch_allocations"":1977,""max_solver_live_bytes"":3708,""max_scratch_live_bytes"":5072,""evidence_import_solver_bytes"":932,""evidence_import_scratch_bytes"":9216,""snapshot_copy_bytes"":0,""snapshot_copy_allocations"":0,""principal_copy_buffer_bytes"":0,""principal_copy_buffer_allocations"":0,""frozen_capture_temporary_bytes"":0,""frozen_capture_published_bytes"":24,""frozen_edge_scratch_bytes"":48,""region_scopes"":252,""max_region_scopes"":9,""call_collections_closed"":65,""call_collections_unresolved"":0,""call_memo_hits"":196,""solver_passes"":149,""solver_constraint_visits"":154,""occurs_steps"":12}",null
build/bench/cloud-principal-graphs/lexical-sources/aggregate-separate-32-valid.blot,b4de8b2751b643b3e2e9f24965069bbe42931d2a76e1b2b3b03761b7df7eeb1b,default,"[5969,5974,6051,6204,6219,6403,6502,6568,6580,6663,6705,6736,6914,8560,8689]","[6217,6245,6422,6459,6535,6684,6784,6824,6848,6937,7010,7036,7249,8909,9009]","[4930238,4930238,4930238,4930238,4930238,4930238,4930238,4930238,4930238,4930238,4930238,4930238,4930238,4930238,4930238]","[1328162,1328162,1328162,1328162,1328162,1328162,1328162,1328162,1328162,1328162,1328162,1328162,1328162,1328162,1328162]","{""semantic_component_batches"":0,""semantic_component_jobs"":0,""max_semantic_component_workers"":0,""inference_regions"":136,""canonical_specialization_queries"":32,""canonical_specialization_hits"":31,""solver_requested_bytes"":276280,""solver_allocations"":906,""scratch_requested_bytes"":334156,""scratch_allocations"":1977,""max_solver_live_bytes"":3708,""max_scratch_live_bytes"":5072,""evidence_import_solver_bytes"":932,""evidence_import_scratch_bytes"":9216,""snapshot_copy_bytes"":0,""snapshot_copy_allocations"":0,""principal_copy_buffer_bytes"":0,""principal_copy_buffer_allocations"":0,""frozen_capture_temporary_bytes"":0,""frozen_capture_published_bytes"":24,""frozen_edge_scratch_bytes"":48,""region_scopes"":252,""max_region_scopes"":9,""call_collections_closed"":65,""call_collections_unresolved"":0,""call_memo_hits"":196,""solver_passes"":149,""solver_constraint_visits"":154,""occurs_steps"":12}",null
build/bench/cloud-principal-graphs/lexical-sources/aggregate-separate-8-valid.blot,7c66f1523d670223f71a0744d01854dcb9050579a01696a66f73f42503b27d01,baseline,"[4656,4794,4803,4896,4975,5063,5152,5160,5180,5202,5472,5638,5740,5817,5922]","[4867,5035,5123,5203,5287,5298,5410,5429,5451,5521,5714,6074,6081,6130,6219]","[3770799,3770799,3770799,3770799,3770799,3770799,3770799,3770799,3770799,3770799,3770799,3770799,3770799,3770799,3770799]","[1148461,1148461,1148461,1148461,1148461,1148461,1148461,1148461,1148461,1148461,1148461,1148461,1148461,1148461,1148461]","{""semantic_component_batches"":0,""semantic_component_jobs"":0,""max_semantic_component_workers"":0,""inference_regions"":40,""canonical_specialization_queries"":8,""canonical_specialization_hits"":7,""solver_requested_bytes"":85816,""solver_allocations"":306,""scratch_requested_bytes"":110092,""scratch_allocations"":609,""max_solver_live_bytes"":3708,""max_scratch_live_bytes"":5072,""evidence_import_solver_bytes"":932,""evidence_import_scratch_bytes"":3072,""snapshot_copy_bytes"":0,""snapshot_copy_allocations"":0,""principal_copy_buffer_bytes"":0,""principal_copy_buffer_allocations"":0,""frozen_capture_temporary_bytes"":0,""frozen_capture_published_bytes"":24,""frozen_edge_scratch_bytes"":48,""region_scopes"":84,""max_region_scopes"":9,""call_collections_closed"":17,""call_collections_unresolved"":0,""call_memo_hits"":52,""solver_passes"":53,""solver_constraint_visits"":58,""occurs_steps"":12}",null
build/bench/cloud-principal-graphs/lexical-sources/aggregate-separate-8-valid.blot,7c66f1523d670223f71a0744d01854dcb9050579a01696a66f73f42503b27d01,default,"[4762,4780,4833,4860,5060,5076,5120,5150,5210,5254,5478,5647,5837,6277,7518]","[5008,5023,5052,5117,5312,5333,5419,5427,5464,5569,5721,6071,6564,6920,7941]","[3771599,3771599,3771599,3771599,3771599,3771599,3771599,3771599,3771599,3771599,3771599,3771599,3771599,3771599,3771599]","[1148461,1148461,1148461,1148461,1148461,1148461,1148461,1148461,1148461,1148461,1148461,1148461,1148461,1148461,1148461]","{""semantic_component_batches"":0,""semantic_component_jobs"":0,""max_semantic_component_workers"":0,""inference_regions"":40,""canonical_specialization_queries"":8,""canonical_specialization_hits"":7,""solver_requested_bytes"":85816,""solver_allocations"":306,""scratch_requested_bytes"":110092,""scratch_allocations"":609,""max_solver_live_bytes"":3708,""max_scratch_live_bytes"":5072,""evidence_import_solver_bytes"":932,""evidence_import_scratch_bytes"":3072,""snapshot_copy_bytes"":0,""snapshot_copy_allocations"":0,""principal_copy_buffer_bytes"":0,""principal_copy_buffer_allocations"":0,""frozen_capture_temporary_bytes"":0,""frozen_capture_published_bytes"":24,""frozen_edge_scratch_bytes"":48,""region_scopes"":84,""max_region_scopes"":9,""call_collections_closed"":17,""call_collections_unresolved"":0,""call_memo_hits"":52,""solver_passes"":53,""solver_constraint_visits"":58,""occurs_steps"":12}",null
build/bench/cloud-principal-graphs/lexical-sources/aggregate-shared-128-valid.blot,2879e4c25e62d08616f31a5f89fd1370db6d27378d44f2d47fc2e89781b12cce,baseline,"[10669,10948,11004,11102,11120,11125,11135,11296,11387,11487,11880,12205,12565,12976,17347]","[10992,11257,11265,11369,11399,11403,11421,11626,11648,11736,12143,12500,13006,13276,17679]","[8809128,8809128,8809128,8809128,8809128,8809128,8809128,8809128,8809128,8809128,8809128,8809128,8809128,8809128,8809128]","[2059280,2059280,2059280,2059280,2059280,2059280,2059280,2059280,2059280,2059280,2059280,2059280,2059280,2059280,2059280]","{""semantic_component_batches"":0,""semantic_component_jobs"":0,""max_semantic_component_workers"":0,""inference_regions"":520,""canonical_specialization_queries"":128,""canonical_specialization_hits"":127,""solver_requested_bytes"":1037996,""solver_allocations"":3305,""scratch_requested_bytes"":1042908,""scratch_allocations"":6421,""max_solver_live_bytes"":3708,""max_scratch_live_bytes"":5072,""evidence_import_solver_bytes"":932,""evidence_import_scratch_bytes"":33792,""snapshot_copy_bytes"":0,""snapshot_copy_allocations"":0,""principal_copy_buffer_bytes"":0,""principal_copy_buffer_allocations"":0,""frozen_capture_temporary_bytes"":0,""frozen_capture_published_bytes"":16,""frozen_edge_scratch_bytes"":32,""region_scopes"":921,""max_region_scopes"":6,""call_collections_closed"":257,""call_collections_unresolved"":0,""call_memo_hits"":772,""solver_passes"":533,""solver_constraint_visits"":538,""occurs_steps"":12}",null
build/bench/cloud-principal-graphs/lexical-sources/aggregate-shared-128-valid.blot,2879e4c25e62d08616f31a5f89fd1370db6d27378d44f2d47fc2e89781b12cce,default,"[10641,10665,10681,10699,10933,11108,11113,11441,11667,11716,11730,11732,12303,13487,14221]","[10884,10967,10999,11120,11196,11380,11417,11700,11965,11994,12073,12592,13749,14039,14516]","[8800584,8800584,8800584,8800584,8800584,8800584,8800584,8800584,8800584,8800584,8800584,8800584,8800584,8800584,8800584]","[2059280,2059280,2059280,2059280,2059280,2059280,2059280,2059280,2059280,2059280,2059280,2059280,2059280,2059280,2059280]","{""semantic_component_batches"":0,""semantic_component_jobs"":0,""max_semantic_component_workers"":0,""inference_regions"":520,""canonical_specialization_queries"":128,""canonical_specialization_hits"":127,""solver_requested_bytes"":1037996,""solver_allocations"":3305,""scratch_requested_bytes"":1042908,""scratch_allocations"":6421,""max_solver_live_bytes"":3708,""max_scratch_live_bytes"":5072,""evidence_import_solver_bytes"":932,""evidence_import_scratch_bytes"":33792,""snapshot_copy_bytes"":0,""snapshot_copy_allocations"":0,""principal_copy_buffer_bytes"":0,""principal_copy_buffer_allocations"":0,""frozen_capture_temporary_bytes"":0,""frozen_capture_published_bytes"":16,""frozen_edge_scratch_bytes"":32,""region_scopes"":921,""max_region_scopes"":6,""call_collections_closed"":257,""call_collections_unresolved"":0,""call_memo_hits"":772,""solver_passes"":533,""solver_constraint_visits"":538,""occurs_steps"":12}",null
build/bench/cloud-principal-graphs/lexical-sources/aggregate-shared-32-valid.blot,1a829cebf538f08244072bc6372b560ca0348aa44a4c798ef43cf2021a4ee889,baseline,"[5744,5880,6038,6185,6335,6346,6762,6781,6832,6882,6918,7091,7376,7841,8008]","[5985,6266,6290,6467,6603,6608,7047,7076,7089,7121,7162,7377,7749,8117,8293]","[4838314,4838314,4838314,4838314,4838314,4838314,4838314,4838314,4838314,4838314,4838314,4838314,4838314,4838314,4838314]","[1314335,1314335,1314335,1314335,1314335,1314335,1314335,1314335,1314335,1314335,1314335,1314335,1314335,1314335,1314335]","{""semantic_component_batches"":0,""semantic_component_jobs"":0,""max_semantic_component_workers"":0,""inference_regions"":136,""canonical_specialization_queries"":32,""canonical_specialization_hits"":31,""solver_requested_bytes"":276140,""solver_allocations"":905,""scratch_requested_bytes"":287196,""scratch_allocations"":1717,""max_solver_live_bytes"":3708,""max_scratch_live_bytes"":5072,""evidence_import_solver_bytes"":932,""evidence_import_scratch_bytes"":9216,""snapshot_copy_bytes"":0,""snapshot_copy_allocations"":0,""principal_copy_buffer_bytes"":0,""principal_copy_buffer_allocations"":0,""frozen_capture_temporary_bytes"":0,""frozen_capture_published_bytes"":16,""frozen_edge_scratch_bytes"":32,""region_scopes"":249,""max_region_scopes"":6,""call_collections_closed"":65,""call_collections_unresolved"":0,""call_memo_hits"":196,""solver_passes"":149,""solver_constraint_visits"":154,""occurs_steps"":12}",null
build/bench/cloud-principal-graphs/lexical-sources/aggregate-shared-32-valid.blot,1a829cebf538f08244072bc6372b560ca0348aa44a4c798ef43cf2021a4ee889,default,"[5887,5889,5897,5958,5959,5975,6052,6203,6386,6420,6422,6598,6916,6944,7039]","[6114,6185,6207,6256,6304,6408,6453,6650,6704,6872,6926,6926,7149,7234,7420]","[4830858,4830858,4830858,4830858,4830858,4830858,4830858,4830858,4830858,4830858,4830858,4830858,4830858,4830858,4830858]","[1314335,1314335,1314335,1314335,1314335,1314335,1314335,1314335,1314335,1314335,1314335,1314335,1314335,1314335,1314335]","{""semantic_component_batches"":0,""semantic_component_jobs"":0,""max_semantic_component_workers"":0,""inference_regions"":136,""canonical_specialization_queries"":32,""canonical_specialization_hits"":31,""solver_requested_bytes"":276140,""solver_allocations"":905,""scratch_requested_bytes"":287196,""scratch_allocations"":1717,""max_solver_live_bytes"":3708,""max_scratch_live_bytes"":5072,""evidence_import_solver_bytes"":932,""evidence_import_scratch_bytes"":9216,""snapshot_copy_bytes"":0,""snapshot_copy_allocations"":0,""principal_copy_buffer_bytes"":0,""principal_copy_buffer_allocations"":0,""frozen_capture_temporary_bytes"":0,""frozen_capture_published_bytes"":16,""frozen_edge_scratch_bytes"":32,""region_scopes"":249,""max_region_scopes"":6,""call_collections_closed"":65,""call_collections_unresolved"":0,""call_memo_hits"":196,""solver_passes"":149,""solver_constraint_visits"":154,""occurs_steps"":12}",null
build/bench/cloud-principal-graphs/lexical-sources/aggregate-shared-8-valid.blot,38595d9e394b2433257f47112c119f6dd6e6590495341326680afc9881ff4d6f,baseline,"[4650,4663,4690,4728,4765,4788,4854,4854,4874,4969,5178,5797,5842,5852,6339]","[4885,4891,4919,4968,4997,5000,5109,5186,5251,5262,5506,6033,6065,6247,6635]","[3723242,3723242,3723242,3723242,3723242,3723242,3723242,3723242,3723242,3723242,3723242,3723242,3723242,3723242,3723242]","[1145393,1145393,1145393,1145393,1145393,1145393,1145393,1145393,1145393,1145393,1145393,1145393,1145393,1145393,1145393]","{""semantic_component_batches"":0,""semantic_component_jobs"":0,""max_semantic_component_workers"":0,""inference_regions"":40,""canonical_specialization_queries"":8,""canonical_specialization_hits"":7,""solver_requested_bytes"":85676,""solver_allocations"":305,""scratch_requested_bytes"":98268,""scratch_allocations"":541,""max_solver_live_bytes"":3708,""max_scratch_live_bytes"":5072,""evidence_import_solver_bytes"":932,""evidence_import_scratch_bytes"":3072,""snapshot_copy_bytes"":0,""snapshot_copy_allocations"":0,""principal_copy_buffer_bytes"":0,""principal_copy_buffer_allocations"":0,""frozen_capture_temporary_bytes"":0,""frozen_capture_published_bytes"":16,""frozen_edge_scratch_bytes"":32,""region_scopes"":81,""max_region_scopes"":6,""call_collections_closed"":17,""call_collections_unresolved"":0,""call_memo_hits"":52,""solver_passes"":53,""solver_constraint_visits"":58,""occurs_steps"":12}",null
build/bench/cloud-principal-graphs/lexical-sources/aggregate-shared-8-valid.blot,38595d9e394b2433257f47112c119f6dd6e6590495341326680afc9881ff4d6f,default,"[4542,4663,4760,4854,4892,4898,5057,5069,5150,5195,5289,5356,5441,6281,6603]","[4797,4899,5025,5089,5126,5299,5377,5391,5418,5541,5565,5611,5644,6586,6906]","[3724042,3724042,3724042,3724042,3724042,3724042,3724042,3724042,3724042,3724042,3724042,3724042,3724042,3724042,3724042]","[1145393,1145393,1145393,1145393,1145393,1145393,1145393,1145393,1145393,1145393,1145393,1145393,1145393,1145393,1145393]","{""semantic_component_batches"":0,""semantic_component_jobs"":0,""max_semantic_component_workers"":0,""inference_regions"":40,""canonical_specialization_queries"":8,""canonical_specialization_hits"":7,""solver_requested_bytes"":85676,""solver_allocations"":305,""scratch_requested_bytes"":98268,""scratch_allocations"":541,""max_solver_live_bytes"":3708,""max_scratch_live_bytes"":5072,""evidence_import_solver_bytes"":932,""evidence_import_scratch_bytes"":3072,""snapshot_copy_bytes"":0,""snapshot_copy_allocations"":0,""principal_copy_buffer_bytes"":0,""principal_copy_buffer_allocations"":0,""frozen_capture_temporary_bytes"":0,""frozen_capture_published_bytes"":16,""frozen_edge_scratch_bytes"":32,""region_scopes"":81,""max_region_scopes"":6,""call_collections_closed"":17,""call_collections_unresolved"":0,""call_memo_hits"":52,""solver_passes"":53,""solver_constraint_visits"":58,""occurs_steps"":12}",null
build/bench/cloud-principal-graphs/lexical-sources/anonymous-128-valid.blot,13e4421c0acc7feb2174b022617801ce0098cef8556efcc888034508ea64b907,baseline,"[10491,10529,10618,10740,10786,10997,11267,11438,11771,12094,12465,12671,12755,12790,13228]","[10767,10787,11017,11025,11089,11299,11517,11680,12057,12371,12712,13049,13074,13133,13575]","[8745327,8745327,8745327,8745327,8745327,8745327,8745327,8745327,8745327,8745327,8745327,8745327,8745327,8745327,8745327]","[1865384,1865384,1865384,1865384,1865384,1865384,1865384,1865384,1865384,1865384,1865384,1865384,1865384,1865384,1865384]","{""semantic_component_batches"":0,""semantic_component_jobs"":0,""max_semantic_component_workers"":0,""inference_regions"":521,""canonical_specialization_queries"":128,""canonical_specialization_hits"":126,""solver_requested_bytes"":1078528,""solver_allocations"":3120,""scratch_requested_bytes"":1450840,""scratch_allocations"":8421,""max_solver_live_bytes"":3264,""max_scratch_live_bytes"":3384,""evidence_import_solver_bytes"":71680,""evidence_import_scratch_bytes"":16896,""snapshot_copy_bytes"":0,""snapshot_copy_allocations"":0,""principal_copy_buffer_bytes"":160768,""principal_copy_buffer_allocations"":2304,""frozen_capture_temporary_bytes"":0,""frozen_capture_published_bytes"":8,""frozen_edge_scratch_bytes"":0,""region_scopes"":1163,""max_region_scopes"":4,""call_collections_closed"":257,""call_collections_unresolved"":0,""call_memo_hits"":516,""solver_passes"":398,""solver_constraint_visits"":266,""occurs_steps"":0}",null
build/bench/cloud-principal-graphs/lexical-sources/anonymous-128-valid.blot,13e4421c0acc7feb2174b022617801ce0098cef8556efcc888034508ea64b907,default,"[10136,10436,10558,10689,10727,10800,10870,11073,11324,12003,12205,12388,12885,14046,16246]","[10397,10732,10865,10989,11074,11113,11193,11426,11563,12311,12497,12696,13130,14357,16576]","[8792079,8792079,8792079,8792079,8792079,8792079,8792079,8792079,8792079,8792079,8792079,8792079,8792079,8792079,8792079]","[1865384,1865384,1865384,1865384,1865384,1865384,1865384,1865384,1865384,1865384,1865384,1865384,1865384,1865384,1865384]","{""semantic_component_batches"":0,""semantic_component_jobs"":0,""max_semantic_component_workers"":0,""inference_regions"":521,""canonical_specialization_queries"":128,""canonical_specialization_hits"":126,""solver_requested_bytes"":1078528,""solver_allocations"":3120,""scratch_requested_bytes"":1450840,""scratch_allocations"":8421,""max_solver_live_bytes"":3264,""max_scratch_live_bytes"":3384,""evidence_import_solver_bytes"":71680,""evidence_import_scratch_bytes"":16896,""snapshot_copy_bytes"":0,""snapshot_copy_allocations"":0,""principal_copy_buffer_bytes"":160768,""principal_copy_buffer_allocations"":2304,""frozen_capture_temporary_bytes"":0,""frozen_capture_published_bytes"":8,""frozen_edge_scratch_bytes"":0,""region_scopes"":1163,""max_region_scopes"":4,""call_collections_closed"":257,""call_collections_unresolved"":0,""call_memo_hits"":516,""solver_passes"":398,""solver_constraint_visits"":266,""occurs_steps"":0}",null
build/bench/cloud-principal-graphs/lexical-sources/anonymous-32-valid.blot,2dc3f904a60e624a61875ebab6c027a48baccef16f90b915de2b389021430f0e,baseline,"[5718,5844,5894,5913,5932,5939,6139,6525,6563,6693,7007,7159,7504,8275,8312]","[5957,6132,6163,6185,6201,6227,6431,6757,6803,7007,7221,7463,7829,8578,8695]","[4683023,4683023,4683023,4683023,4683023,4683023,4683023,4683023,4683023,4683023,4683023,4683023,4683023,4683023,4683023]","[1238941,1238941,1238941,1238941,1238941,1238941,1238941,1238941,1238941,1238941,1238941,1238941,1238941,1238941,1238941]","{""semantic_component_batches"":0,""semantic_component_jobs"":0,""max_semantic_component_workers"":0,""inference_regions"":137,""canonical_specialization_queries"":32,""canonical_specialization_hits"":30,""solver_requested_bytes"":276736,""solver_allocations"":816,""scratch_requested_bytes"":377560,""scratch_allocations"":2181,""max_solver_live_bytes"":3264,""max_scratch_live_bytes"":3384,""evidence_import_solver_bytes"":17920,""evidence_import_scratch_bytes"":4608,""snapshot_copy_bytes"":0,""snapshot_copy_allocations"":0,""principal_copy_buffer_bytes"":40192,""principal_copy_buffer_allocations"":576,""frozen_capture_temporary_bytes"":0,""frozen_capture_published_bytes"":8,""frozen_edge_scratch_bytes"":0,""region_scopes"":299,""max_region_scopes"":4,""call_collections_closed"":65,""call_collections_unresolved"":0,""call_memo_hits"":132,""solver_passes"":110,""solver_constraint_visits"":74,""occurs_steps"":0}",null
build/bench/cloud-principal-graphs/lexical-sources/anonymous-32-valid.blot,2dc3f904a60e624a61875ebab6c027a48baccef16f90b915de2b389021430f0e,default,"[5747,5749,5863,5877,6043,6131,6137,6168,6324,6326,6461,6470,6890,7837,8489]","[6013,6075,6119,6139,6329,6403,6406,6488,6764,6776,6820,6876,7193,8327,8754]","[4702191,4702191,4702191,4702191,4702191,4702191,4702191,4702191,4702191,4702191,4702191,4702191,4702191,4702191,4702191]","[1238941,1238941,1238941,1238941,1238941,1238941,1238941,1238941,1238941,1238941,1238941,1238941,1238941,1238941,1238941]","{""semantic_component_batches"":0,""semantic_component_jobs"":0,""max_semantic_component_workers"":0,""inference_regions"":137,""canonical_specialization_queries"":32,""canonical_specialization_hits"":30,""solver_requested_bytes"":276736,""solver_allocations"":816,""scratch_requested_bytes"":377560,""scratch_allocations"":2181,""max_solver_live_bytes"":3264,""max_scratch_live_bytes"":3384,""evidence_import_solver_bytes"":17920,""evidence_import_scratch_bytes"":4608,""snapshot_copy_bytes"":0,""snapshot_copy_allocations"":0,""principal_copy_buffer_bytes"":40192,""principal_copy_buffer_allocations"":576,""frozen_capture_temporary_bytes"":0,""frozen_capture_published_bytes"":8,""frozen_edge_scratch_bytes"":0,""region_scopes"":299,""max_region_scopes"":4,""call_collections_closed"":65,""call_collections_unresolved"":0,""call_memo_hits"":132,""solver_passes"":110,""solver_constraint_visits"":74,""occurs_steps"":0}",null
build/bench/cloud-principal-graphs/lexical-sources/anonymous-8-valid.blot,568e2b717ea5f11a267a45f206c5d726720932cb4781787946003051c65c5f1a,baseline,"[4400,4403,4442,4472,4589,4680,4922,4933,5018,5073,5261,5378,5781,6364,7466]","[4613,4627,4697,4769,4839,4885,5155,5212,5300,5438,5488,5900,6029,6625,7839]","[3699722,3699722,3699722,3699722,3699722,3699722,3699722,3699722,3699722,3699722,3699722,3699722,3699722,3699722,3699722]","[1134336,1134336,1134336,1134336,1134336,1134336,1134336,1134336,1134336,1134336,1134336,1134336,1134336,1134336,1134336]","{""semantic_component_batches"":0,""semantic_component_jobs"":0,""max_semantic_component_workers"":0,""inference_regions"":41,""canonical_specialization_queries"":8,""canonical_specialization_hits"":6,""solver_requested_bytes"":76288,""solver_allocations"":240,""scratch_requested_bytes"":109240,""scratch_allocations"":621,""max_solver_live_bytes"":3264,""max_scratch_live_bytes"":3384,""evidence_import_solver_bytes"":4480,""evidence_import_scratch_bytes"":1536,""snapshot_copy_bytes"":0,""snapshot_copy_allocations"":0,""principal_copy_buffer_bytes"":10048,""principal_copy_buffer_allocations"":144,""frozen_capture_temporary_bytes"":0,""frozen_capture_published_bytes"":8,""frozen_edge_scratch_bytes"":0,""region_scopes"":83,""max_region_scopes"":4,""call_collections_closed"":17,""call_collections_unresolved"":0,""call_memo_hits"":36,""solver_passes"":38,""solver_constraint_visits"":26,""occurs_steps"":0}",null
build/bench/cloud-principal-graphs/lexical-sources/anonymous-8-valid.blot,568e2b717ea5f11a267a45f206c5d726720932cb4781787946003051c65c5f1a,default,"[4457,4603,4803,4940,4949,4975,5110,5143,5248,5352,5447,5866,6353,6529,7982]","[4665,4854,5197,5204,5232,5279,5381,5415,5527,5665,5668,6151,6844,6848,8248]","[3700522,3700522,3700522,3700522,3700522,3700522,3700522,3700522,3700522,3700522,3700522,3700522,3700522,3700522,3700522]","[1134336,1134336,1134336,1134336,1134336,1134336,1134336,1134336,1134336,1134336,1134336,1134336,1134336,1134336,1134336]","{""semantic_component_batches"":0,""semantic_component_jobs"":0,""max_semantic_component_workers"":0,""inference_regions"":41,""canonical_specialization_queries"":8,""canonical_specialization_hits"":6,""solver_requested_bytes"":76288,""solver_allocations"":240,""scratch_requested_bytes"":109240,""scratch_allocations"":621,""max_solver_live_bytes"":3264,""max_scratch_live_bytes"":3384,""evidence_import_solver_bytes"":4480,""evidence_import_scratch_bytes"":1536,""snapshot_copy_bytes"":0,""snapshot_copy_allocations"":0,""principal_copy_buffer_bytes"":10048,""principal_copy_buffer_allocations"":144,""frozen_capture_temporary_bytes"":0,""frozen_capture_published_bytes"":8,""frozen_edge_scratch_bytes"":0,""region_scopes"":83,""max_region_scopes"":4,""call_collections_closed"":17,""call_collections_unresolved"":0,""call_memo_hits"":36,""solver_passes"":38,""solver_constraint_visits"":26,""occurs_steps"":0}",null
build/bench/cloud-principal-graphs/lexical-sources/demand-128-valid.blot,9677e5978ca87c021141c8e5fc6a9ed2ad3d0a5519b07afac225218c5efa69d7,baseline,"[11179,11302,11387,11436,11680,11973,12181,12341,12430,12585,12949,13204,13600,13627,14863]","[11569,11611,11631,11789,11980,12229,12543,12711,12897,12968,13354,13485,13916,13971,15159]","[10085301,10085301,10085301,10085301,10085301,10085301,10085301,10085301,10085301,10085301,10085301,10085301,10085301,10085301,10085301]","[2073811,2073811,2073811,2073811,2073811,2073811,2073811,2073811,2073811,2073811,2073811,2073811,2073811,2073811,2073811]","{""semantic_component_batches"":0,""semantic_component_jobs"":0,""max_semantic_component_workers"":0,""inference_regions"":900,""canonical_specialization_queries"":128,""canonical_specialization_hits"":0,""solver_requested_bytes"":1724136,""solver_allocations"":6161,""scratch_requested_bytes"":1398168,""scratch_allocations"":8351,""max_solver_live_bytes"":3576,""max_scratch_live_bytes"":2992,""evidence_import_solver_bytes"":0,""evidence_import_scratch_bytes"":32768,""snapshot_copy_bytes"":0,""snapshot_copy_allocations"":0,""principal_copy_buffer_bytes"":0,""principal_copy_buffer_allocations"":0,""frozen_capture_temporary_bytes"":0,""frozen_capture_published_bytes"":512,""frozen_edge_scratch_bytes"":1024,""region_scopes"":1928,""max_region_scopes"":5,""call_collections_closed"":257,""call_collections_unresolved"":258,""call_memo_hits"":385,""solver_passes"":1025,""solver_constraint_visits"":383,""occurs_steps"":0}",null
build/bench/cloud-principal-graphs/lexical-sources/demand-128-valid.blot,9677e5978ca87c021141c8e5fc6a9ed2ad3d0a5519b07afac225218c5efa69d7,default,"[11574,12191,12192,12338,12363,12428,12901,12916,12926,12950,12957,12972,13203,13887,15551]","[11880,12471,12494,12593,12648,12729,13159,13194,13218,13283,13313,13469,13643,14169,15869]","[10059093,10059093,10059093,10059093,10059093,10059093,10059093,10059093,10059093,10059093,10059093,10059093,10059093,10059093,10059093]","[2073811,2073811,2073811,2073811,2073811,2073811,2073811,2073811,2073811,2073811,2073811,2073811,2073811,2073811,2073811]","{""semantic_component_batches"":0,""semantic_component_jobs"":0,""max_semantic_component_workers"":0,""inference_regions"":900,""canonical_specialization_queries"":128,""canonical_specialization_hits"":0,""solver_requested_bytes"":1724136,""solver_allocations"":6161,""scratch_requested_bytes"":1398168,""scratch_allocations"":8351,""max_solver_live_bytes"":3576,""max_scratch_live_bytes"":2992,""evidence_import_solver_bytes"":0,""evidence_import_scratch_bytes"":32768,""snapshot_copy_bytes"":0,""snapshot_copy_allocations"":0,""principal_copy_buffer_bytes"":0,""principal_copy_buffer_allocations"":0,""frozen_capture_temporary_bytes"":0,""frozen_capture_published_bytes"":512,""frozen_edge_scratch_bytes"":1024,""region_scopes"":1928,""max_region_scopes"":5,""call_collections_closed"":257,""call_collections_unresolved"":258,""call_memo_hits"":385,""solver_passes"":1025,""solver_constraint_visits"":383,""occurs_steps"":0}",null
build/bench/cloud-principal-graphs/lexical-sources/demand-32-valid.blot,d0019a35c5c82a8d02375dc8d0eedfac002ca9c027fad327508c876df3622560,baseline,"[5852,6102,6260,6322,6351,6369,6545,6583,6618,6774,6821,7305,7484,7504,7792]","[6104,6416,6554,6650,6652,6802,6850,6863,6913,7104,7150,7546,7794,7817,8352]","[4930163,4930163,4930163,4930163,4930163,4930163,4930163,4930163,4930163,4930163,4930163,4930163,4930163,4930163,4930163]","[1248985,1248985,1248985,1248985,1248985,1248985,1248985,1248985,1248985,1248985,1248985,1248985,1248985,1248985,1248985]","{""semantic_component_batches"":0,""semantic_component_jobs"":0,""max_semantic_component_workers"":0,""inference_regions"":228,""canonical_specialization_queries"":32,""canonical_specialization_hits"":0,""solver_requested_bytes"":434664,""solver_allocations"":1553,""scratch_requested_bytes"":353688,""scratch_allocations"":2111,""max_solver_live_bytes"":3576,""max_scratch_live_bytes"":2992,""evidence_import_solver_bytes"":0,""evidence_import_scratch_bytes"":8192,""snapshot_copy_bytes"":0,""snapshot_copy_allocations"":0,""principal_copy_buffer_bytes"":0,""principal_copy_buffer_allocations"":0,""frozen_capture_temporary_bytes"":0,""frozen_capture_published_bytes"":128,""frozen_edge_scratch_bytes"":256,""region_scopes"":488,""max_region_scopes"":5,""call_collections_closed"":65,""call_collections_unresolved"":66,""call_memo_hits"":97,""solver_passes"":257,""solver_constraint_visits"":95,""occurs_steps"":0}",null
build/bench/cloud-principal-graphs/lexical-sources/demand-32-valid.blot,d0019a35c5c82a8d02375dc8d0eedfac002ca9c027fad327508c876df3622560,default,"[5838,5863,6058,6132,6219,6292,6509,6566,6713,6877,7059,7114,7492,7662,8025]","[6079,6145,6304,6388,6472,6522,6833,6837,7083,7103,7317,7447,7840,7961,9575]","[4925283,4925283,4925283,4925283,4925283,4925283,4925283,4925283,4925283,4925283,4925283,4925283,4925283,4925283,4925283]","[1248985,1248985,1248985,1248985,1248985,1248985,1248985,1248985,1248985,1248985,1248985,1248985,1248985,1248985,1248985]","{""semantic_component_batches"":0,""semantic_component_jobs"":0,""max_semantic_component_workers"":0,""inference_regions"":228,""canonical_specialization_queries"":32,""canonical_specialization_hits"":0,""solver_requested_bytes"":434664,""solver_allocations"":1553,""scratch_requested_bytes"":353688,""scratch_allocations"":2111,""max_solver_live_bytes"":3576,""max_scratch_live_bytes"":2992,""evidence_import_solver_bytes"":0,""evidence_import_scratch_bytes"":8192,""snapshot_copy_bytes"":0,""snapshot_copy_allocations"":0,""principal_copy_buffer_bytes"":0,""principal_copy_buffer_allocations"":0,""frozen_capture_temporary_bytes"":0,""frozen_capture_published_bytes"":128,""frozen_edge_scratch_bytes"":256,""region_scopes"":488,""max_region_scopes"":5,""call_collections_closed"":65,""call_collections_unresolved"":66,""call_memo_hits"":97,""solver_passes"":257,""solver_constraint_visits"":95,""occurs_steps"":0}",null
build/bench/cloud-principal-graphs/lexical-sources/demand-8-valid.blot,409408616820eaedd3350178096b8da8047994c1fe3aacb5684562ea45616058,baseline,"[4160,4354,4365,4504,4564,4731,4759,4776,4952,5110,5192,5338,5465,5512,10183]","[4360,4574,4583,4703,4786,4947,5004,5024,5211,5411,5411,5652,5707,5771,10669]","[3601314,3601314,3601314,3601314,3601314,3601314,3601314,3601314,3601314,3601314,3601314,3601314,3601314,3601314,3601314]","[1075073,1075073,1075073,1075073,1075073,1075073,1075073,1075073,1075073,1075073,1075073,1075073,1075073,1075073,1075073]","{""semantic_component_batches"":0,""semantic_component_jobs"":0,""max_semantic_component_workers"":0,""inference_regions"":60,""canonical_specialization_queries"":8,""canonical_specialization_hits"":0,""solver_requested_bytes"":112296,""solver_allocations"":401,""scratch_requested_bytes"":92568,""scratch_allocations"":551,""max_solver_live_bytes"":3576,""max_scratch_live_bytes"":2992,""evidence_import_solver_bytes"":0,""evidence_import_scratch_bytes"":2048,""snapshot_copy_bytes"":0,""snapshot_copy_allocations"":0,""principal_copy_buffer_bytes"":0,""principal_copy_buffer_allocations"":0,""frozen_capture_temporary_bytes"":0,""frozen_capture_published_bytes"":32,""frozen_edge_scratch_bytes"":64,""region_scopes"":128,""max_region_scopes"":5,""call_collections_closed"":17,""call_collections_unresolved"":18,""call_memo_hits"":25,""solver_passes"":65,""solver_constraint_visits"":23,""occurs_steps"":0}",null
build/bench/cloud-principal-graphs/lexical-sources/demand-8-valid.blot,409408616820eaedd3350178096b8da8047994c1fe3aacb5684562ea45616058,default,"[4356,4391,4678,4705,4742,4818,4861,4969,5022,5038,5391,5500,5952,7993,15783]","[4605,4938,4946,5000,5002,5029,5159,5208,5280,5303,5613,5816,6186,8341,16161]","[3596034,3596034,3596034,3596034,3596034,3596034,3596034,3596034,3596034,3596034,3596034,3596034,3596034,3596034,3596034]","[1075073,1075073,1075073,1075073,1075073,1075073,1075073,1075073,1075073,1075073,1075073,1075073,1075073,1075073,1075073]","{""semantic_component_batches"":0,""semantic_component_jobs"":0,""max_semantic_component_workers"":0,""inference_regions"":60,""canonical_specialization_queries"":8,""canonical_specialization_hits"":0,""solver_requested_bytes"":112296,""solver_allocations"":401,""scratch_requested_bytes"":92568,""scratch_allocations"":551,""max_solver_live_bytes"":3576,""max_scratch_live_bytes"":2992,""evidence_import_solver_bytes"":0,""evidence_import_scratch_bytes"":2048,""snapshot_copy_bytes"":0,""snapshot_copy_allocations"":0,""principal_copy_buffer_bytes"":0,""principal_copy_buffer_allocations"":0,""frozen_capture_temporary_bytes"":0,""frozen_capture_published_bytes"":32,""frozen_edge_scratch_bytes"":64,""region_scopes"":128,""max_region_scopes"":5,""call_collections_closed"":17,""call_collections_unresolved"":18,""call_memo_hits"":25,""solver_passes"":65,""solver_constraint_visits"":23,""occurs_steps"":0}",null
build/bench/cloud-principal-graphs/lexical-sources/named-128-valid.blot,c7c15434c7cfb1f9e653a303292b7009b0e326919112092f83b4a8df0f7caac6,baseline,"[13137,13163,13268,13275,13350,13502,13621,14024,14106,14558,14707,14973,15790,17043,17270]","[13407,13433,13529,13589,13623,13821,13945,14399,14555,14934,15192,15372,16512,17393,17553]","[10754099,10754099,10754099,10754099,10754099,10754099,10754099,10754099,10754099,10754099,10754099,10754099,10754099,10754099,10754099]","[1934721,1934721,1934721,1934721,1934721,1934721,1934721,1934721,1934721,1934721,1934721,1934721,1934721,1934721,1934721]","{""semantic_component_batches"":0,""semantic_component_jobs"":0,""max_semantic_component_workers"":0,""inference_regions"":779,""canonical_specialization_queries"":128,""canonical_specialization_hits"":126,""solver_requested_bytes"":1058104,""solver_allocations"":3123,""scratch_requested_bytes"":2388944,""scratch_allocations"":15893,""max_solver_live_bytes"":3264,""max_scratch_live_bytes"":3252,""evidence_import_solver_bytes"":0,""evidence_import_scratch_bytes"":512,""snapshot_copy_bytes"":0,""snapshot_copy_allocations"":0,""principal_copy_buffer_bytes"":326096,""principal_copy_buffer_allocations"":4644,""frozen_capture_temporary_bytes"":0,""frozen_capture_published_bytes"":8,""frozen_edge_scratch_bytes"":0,""region_scopes"":1165,""max_region_scopes"":4,""call_collections_closed"":129,""call_collections_unresolved"":0,""call_memo_hits"":132,""solver_passes"":530,""solver_constraint_visits"":1548,""occurs_steps"":0}",null
build/bench/cloud-principal-graphs/lexical-sources/named-128-valid.blot,c7c15434c7cfb1f9e653a303292b7009b0e326919112092f83b4a8df0f7caac6,default,"[12931,13109,13231,13356,13374,13579,13687,13971,14073,14684,14738,14923,15602,17224,17729]","[13220,13432,13476,13626,13668,13848,13993,14229,14390,14993,15081,15321,15857,17810,18141]","[10800851,10800851,10800851,10800851,10800851,10800851,10800851,10800851,10800851,10800851,10800851,10800851,10800851,10800851,10800851]","[1985057,1985057,1985057,1985057,1985057,1985057,1985057,1985057,1985057,1985057,1985057,1985057,1985057,1985057,1985057]","{""semantic_component_batches"":0,""semantic_component_jobs"":0,""max_semantic_component_workers"":0,""inference_regions"":779,""canonical_specialization_queries"":128,""canonical_specialization_hits"":126,""solver_requested_bytes"":1058104,""solver_allocations"":3123,""scratch_requested_bytes"":2388944,""scratch_allocations"":15893,""max_solver_live_bytes"":3264,""max_scratch_live_bytes"":3252,""evidence_import_solver_bytes"":0,""evidence_import_scratch_bytes"":512,""snapshot_copy_bytes"":0,""snapshot_copy_allocations"":0,""principal_copy_buffer_bytes"":326096,""principal_copy_buffer_allocations"":4644,""frozen_capture_temporary_bytes"":0,""frozen_capture_published_bytes"":8,""frozen_edge_scratch_bytes"":0,""region_scopes"":1165,""max_region_scopes"":4,""call_collections_closed"":129,""call_collections_unresolved"":0,""call_memo_hits"":132,""solver_passes"":530,""solver_constraint_visits"":1548,""occurs_steps"":0}",null
build/bench/cloud-principal-graphs/lexical-sources/named-32-valid.blot,d2debc63c03ede9b380d5b612af7b5e208aa6393f22b302580582e8f44b382ba,baseline,"[6387,6675,6771,6786,6858,7039,7040,7127,7605,7670,7673,7934,8241,8557,9399]","[6679,6949,7066,7279,7279,7299,7396,7656,7993,8100,8112,8256,8843,9239,9703]","[5197769,5197769,5197769,5197769,5197769,5197769,5197769,5197769,5197769,5197769,5197769,5197769,5197769,5197769,5197769]","[1235398,1235398,1235398,1235398,1235398,1235398,1235398,1235398,1235398,1235398,1235398,1235398,1235398,1235398,1235398]","{""semantic_component_batches"":0,""semantic_component_jobs"":0,""max_semantic_component_workers"":0,""inference_regions"":203,""canonical_specialization_queries"":32,""canonical_specialization_hits"":30,""solver_requested_bytes"":272440,""solver_allocations"":819,""scratch_requested_bytes"":633296,""scratch_allocations"":4181,""max_solver_live_bytes"":3264,""max_scratch_live_bytes"":3252,""evidence_import_solver_bytes"":0,""evidence_import_scratch_bytes"":512,""snapshot_copy_bytes"":0,""snapshot_copy_allocations"":0,""principal_copy_buffer_bytes"":84944,""principal_copy_buffer_allocations"":1188,""frozen_capture_temporary_bytes"":0,""frozen_capture_published_bytes"":8,""frozen_edge_scratch_bytes"":0,""region_scopes"":301,""max_region_scopes"":4,""call_collections_closed"":33,""call_collections_unresolved"":0,""call_memo_hits"":36,""solver_passes"":146,""solver_constraint_visits"":396,""occurs_steps"":0}",null
build/bench/cloud-principal-graphs/lexical-sources/named-32-valid.blot,d2debc63c03ede9b380d5b612af7b5e208aa6393f22b302580582e8f44b382ba,default,"[6360,6384,6540,6552,6623,6855,6863,6879,6880,6982,7065,7569,7586,8025,8483]","[6612,6665,6784,6828,6854,7134,7138,7168,7278,7285,7316,7870,8182,8394,8768]","[5216937,5216937,5216937,5216937,5216937,5216937,5216937,5216937,5216937,5216937,5216937,5216937,5216937,5216937,5216937]","[1235398,1235398,1235398,1235398,1235398,1235398,1235398,1235398,1235398,1235398,1235398,1235398,1235398,1235398,1235398]","{""semantic_component_batches"":0,""semantic_component_jobs"":0,""max_semantic_component_workers"":0,""inference_regions"":203,""canonical_specialization_queries"":32,""canonical_specialization_hits"":30,""solver_requested_bytes"":272440,""solver_allocations"":819,""scratch_requested_bytes"":633296,""scratch_allocations"":4181,""max_solver_live_bytes"":3264,""max_scratch_live_bytes"":3252,""evidence_import_solver_bytes"":0,""evidence_import_scratch_bytes"":512,""snapshot_copy_bytes"":0,""snapshot_copy_allocations"":0,""principal_copy_buffer_bytes"":84944,""principal_copy_buffer_allocations"":1188,""frozen_capture_temporary_bytes"":0,""frozen_capture_published_bytes"":8,""frozen_edge_scratch_bytes"":0,""region_scopes"":301,""max_region_scopes"":4,""call_collections_closed"":33,""call_collections_unresolved"":0,""call_memo_hits"":36,""solver_passes"":146,""solver_constraint_visits"":396,""occurs_steps"":0}",null
build/bench/cloud-principal-graphs/lexical-sources/named-8-valid.blot,a0c8a44e017a97f1814564e8b23b9409db1b590bc1e2615e5b9932b8e01896b7,baseline,"[4727,4830,4871,4886,4936,4937,4947,5027,5508,5538,5577,5603,5695,5792,7940]","[4989,5100,5161,5165,5179,5291,5352,5739,5822,5827,5894,5961,6039,7038,8263]","[3814145,3814145,3814145,3814145,3814145,3814145,3814145,3814145,3814145,3814145,3814145,3814145,3814145,3814145,3814145]","[1125777,1125777,1125777,1125777,1125777,1125777,1125777,1125777,1125777,1125777,1125777,1125777,1125777,1125777,1125777]","{""semantic_component_batches"":0,""semantic_component_jobs"":0,""max_semantic_component_workers"":0,""inference_regions"":59,""canonical_specialization_queries"":8,""canonical_specialization_hits"":6,""solver_requested_bytes"":76024,""solver_allocations"":243,""scratch_requested_bytes"":194384,""scratch_allocations"":1253,""max_solver_live_bytes"":3264,""max_scratch_live_bytes"":3252,""evidence_import_solver_bytes"":0,""evidence_import_scratch_bytes"":512,""snapshot_copy_bytes"":0,""snapshot_copy_allocations"":0,""principal_copy_buffer_bytes"":24656,""principal_copy_buffer_allocations"":324,""frozen_capture_temporary_bytes"":0,""frozen_capture_published_bytes"":8,""frozen_edge_scratch_bytes"":0,""region_scopes"":85,""max_region_scopes"":4,""call_collections_closed"":9,""call_collections_unresolved"":0,""call_memo_hits"":12,""solver_passes"":50,""solver_constraint_visits"":108,""occurs_steps"":0}",null
build/bench/cloud-principal-graphs/lexical-sources/named-8-valid.blot,a0c8a44e017a97f1814564e8b23b9409db1b590bc1e2615e5b9932b8e01896b7,default,"[4772,4874,4876,5060,5218,5280,5283,5533,5577,5617,5886,6026,6038,6358,7929]","[4983,5103,5120,5284,5467,5496,5687,5749,5862,5907,6091,6288,6294,6723,8263]","[3814945,3814945,3814945,3814945,3814945,3814945,3814945,3814945,3814945,3814945,3814945,3814945,3814945,3814945,3814945]","[1125777,1125777,1125777,1125777,1125777,1125777,1125777,1125777,1125777,1125777,1125777,1125777,1125777,1125777,1125777]","{""semantic_component_batches"":0,""semantic_component_jobs"":0,""max_semantic_component_workers"":0,""inference_regions"":59,""canonical_specialization_queries"":8,""canonical_specialization_hits"":6,""solver_requested_bytes"":76024,""solver_allocations"":243,""scratch_requested_bytes"":194384,""scratch_allocations"":1253,""max_solver_live_bytes"":3264,""max_scratch_live_bytes"":3252,""evidence_import_solver_bytes"":0,""evidence_import_scratch_bytes"":512,""snapshot_copy_bytes"":0,""snapshot_copy_allocations"":0,""principal_copy_buffer_bytes"":24656,""principal_copy_buffer_allocations"":324,""frozen_capture_temporary_bytes"":0,""frozen_capture_published_bytes"":8,""frozen_edge_scratch_bytes"":0,""region_scopes"":85,""max_region_scopes"":4,""call_collections_closed"":9,""call_collections_unresolved"":0,""call_memo_hits"":12,""solver_passes"":50,""solver_constraint_visits"":108,""occurs_steps"":0}",null
build/bench/cloud-principal-graphs/lexical-sources/nested-128-valid.blot,13d26fadb67e2a106af4ff3dc849392b0211eb1a51f24c9c61fdae19a5b3185d,baseline,"[15352,15577,15596,15846,15860,15957,16015,16087,16258,16303,16871,17161,17718,21365,22493]","[15720,15868,15890,16124,16202,16292,16384,16419,16577,16591,17295,17477,17987,21818,22779]","[11871260,11871260,11871260,11871260,11871260,11871260,11871260,11871260,11871260,11871260,11871260,11871260,11871260,11871260,11871260]","[2167841,2167841,2167841,2167841,2167841,2167841,2167841,2167841,2167841,2167841,2167841,2167841,2167841,2167841,2167841]","{""semantic_component_batches"":0,""semantic_component_jobs"":0,""max_semantic_component_workers"":0,""inference_regions"":786,""canonical_specialization_queries"":128,""canonical_specialization_hits"":126,""solver_requested_bytes"":1062312,""solver_allocations"":3141,""scratch_requested_bytes"":3339996,""scratch_allocations"":20375,""max_solver_live_bytes"":3264,""max_scratch_live_bytes"":5132,""evidence_import_solver_bytes"":0,""evidence_import_scratch_bytes"":768,""snapshot_copy_bytes"":0,""snapshot_copy_allocations"":0,""principal_copy_buffer_bytes"":571752,""principal_copy_buffer_allocations"":5175,""frozen_capture_temporary_bytes"":0,""frozen_capture_published_bytes"":16,""frozen_edge_scratch_bytes"":16,""region_scopes"":1175,""max_region_scopes"":5,""call_collections_closed"":129,""call_collections_unresolved"":0,""call_memo_hits"":134,""solver_passes"":533,""solver_constraint_visits"":2640,""occurs_steps"":0}",null
build/bench/cloud-principal-graphs/lexical-sources/nested-128-valid.blot,13d26fadb67e2a106af4ff3dc849392b0211eb1a51f24c9c61fdae19a5b3185d,default,"[15113,15116,15225,15446,15463,15610,15701,16672,16963,16968,17239,17300,17675,19697,22147]","[15354,15460,15706,15717,15810,15896,16042,17067,17241,17297,17582,17589,18011,20353,22512]","[11918012,11918012,11918012,11918012,11918012,11918012,11918012,11918012,11918012,11918012,11918012,11918012,11918012,11918012,11918012]","[2218177,2218177,2218177,2218177,2218177,2218177,2218177,2218177,2218177,2218177,2218177,2218177,2218177,2218177,2218177]","{""semantic_component_batches"":0,""semantic_component_jobs"":0,""max_semantic_component_workers"":0,""inference_regions"":786,""canonical_specialization_queries"":128,""canonical_specialization_hits"":126,""solver_requested_bytes"":1062312,""solver_allocations"":3141,""scratch_requested_bytes"":3339996,""scratch_allocations"":20375,""max_solver_live_bytes"":3264,""max_scratch_live_bytes"":5132,""evidence_import_solver_bytes"":0,""evidence_import_scratch_bytes"":768,""snapshot_copy_bytes"":0,""snapshot_copy_allocations"":0,""principal_copy_buffer_bytes"":571752,""principal_copy_buffer_allocations"":5175,""frozen_capture_temporary_bytes"":0,""frozen_capture_published_bytes"":16,""frozen_edge_scratch_bytes"":16,""region_scopes"":1175,""max_region_scopes"":5,""call_collections_closed"":129,""call_collections_unresolved"":0,""call_memo_hits"":134,""solver_passes"":533,""solver_constraint_visits"":2640,""occurs_steps"":0}",null
build/bench/cloud-principal-graphs/lexical-sources/nested-32-valid.blot,bbf3441ddd391e8f2f7b6b3a9f56a898d437a270781a69781efbcd8e81d04578,baseline,"[7214,7297,7354,7514,7574,7580,7731,7736,7739,7926,7950,8063,8406,10324,10775]","[7512,7609,7647,7773,7860,7882,8019,8024,8159,8207,8328,8484,8671,10703,11089]","[5574905,5574905,5574905,5574905,5574905,5574905,5574905,5574905,5574905,5574905,5574905,5574905,5574905,5574905,5574905]","[1264063,1264063,1264063,1264063,1264063,1264063,1264063,1264063,1264063,1264063,1264063,1264063,1264063,1264063,1264063]","{""semantic_component_batches"":0,""semantic_component_jobs"":0,""max_semantic_component_workers"":0,""inference_regions"":210,""canonical_specialization_queries"":32,""canonical_specialization_hits"":30,""solver_requested_bytes"":276648,""solver_allocations"":837,""scratch_requested_bytes"":907740,""scratch_allocations"":5495,""max_solver_live_bytes"":3264,""max_scratch_live_bytes"":5132,""evidence_import_solver_bytes"":0,""evidence_import_scratch_bytes"":768,""snapshot_copy_bytes"":0,""snapshot_copy_allocations"":0,""principal_copy_buffer_bytes"":153960,""principal_copy_buffer_allocations"":1335,""frozen_capture_temporary_bytes"":0,""frozen_capture_published_bytes"":16,""frozen_edge_scratch_bytes"":16,""region_scopes"":311,""max_region_scopes"":5,""call_collections_closed"":33,""call_collections_unresolved"":0,""call_memo_hits"":38,""solver_passes"":149,""solver_constraint_visits"":720,""occurs_steps"":0}",null
build/bench/cloud-principal-graphs/lexical-sources/nested-32-valid.blot,bbf3441ddd391e8f2f7b6b3a9f56a898d437a270781a69781efbcd8e81d04578,default,"[7054,7153,7313,7422,7574,7632,7652,7658,7711,7720,7769,7858,8878,9856,10363]","[7415,7549,7730,7817,7938,7961,7964,7992,8077,8231,8367,9367,9376,10205,10753]","[5594073,5594073,5594073,5594073,5594073,5594073,5594073,5594073,5594073,5594073,5594073,5594073,5594073,5594073,5594073]","[1264063,1264063,1264063,1264063,1264063,1264063,1264063,1264063,1264063,1264063,1264063,1264063,1264063,1264063,1264063]","{""semantic_component_batches"":0,""semantic_component_jobs"":0,""max_semantic_component_workers"":0,""inference_regions"":210,""canonical_specialization_queries"":32,""canonical_specialization_hits"":30,""solver_requested_bytes"":276648,""solver_allocations"":837,""scratch_requested_bytes"":907740,""scratch_allocations"":5495,""max_solver_live_bytes"":3264,""max_scratch_live_bytes"":5132,""evidence_import_solver_bytes"":0,""evidence_import_scratch_bytes"":768,""snapshot_copy_bytes"":0,""snapshot_copy_allocations"":0,""principal_copy_buffer_bytes"":153960,""principal_copy_buffer_allocations"":1335,""frozen_capture_temporary_bytes"":0,""frozen_capture_published_bytes"":16,""frozen_edge_scratch_bytes"":16,""region_scopes"":311,""max_region_scopes"":5,""call_collections_closed"":33,""call_collections_unresolved"":0,""call_memo_hits"":38,""solver_passes"":149,""solver_constraint_visits"":720,""occurs_steps"":0}",null
build/bench/cloud-principal-graphs/lexical-sources/nested-8-valid.blot,bd1b2bf3f55a24ae8157733e3289325acfd8c68dc05d25765bc53e14187be1d1,baseline,"[4818,4845,5007,5016,5037,5207,5338,5367,5387,5690,5712,5838,6134,6693,11494]","[5044,5068,5272,5324,5372,5430,5584,5655,5790,5920,6017,6084,6382,7105,11903]","[3882542,3882542,3882542,3882542,3882542,3882542,3882542,3882542,3882542,3882542,3882542,3882542,3882542,3882542,3882542]","[1096099,1096099,1096099,1096099,1096099,1096099,1096099,1096099,1096099,1096099,1096099,1096099,1096099,1096099,1096099]","{""semantic_component_batches"":0,""semantic_component_jobs"":0,""max_semantic_component_workers"":0,""inference_regions"":66,""canonical_specialization_queries"":8,""canonical_specialization_hits"":6,""solver_requested_bytes"":80232,""solver_allocations"":261,""scratch_requested_bytes"":299676,""scratch_allocations"":1775,""max_solver_live_bytes"":3264,""max_scratch_live_bytes"":5132,""evidence_import_solver_bytes"":0,""evidence_import_scratch_bytes"":768,""snapshot_copy_bytes"":0,""snapshot_copy_allocations"":0,""principal_copy_buffer_bytes"":49512,""principal_copy_buffer_allocations"":375,""frozen_capture_temporary_bytes"":0,""frozen_capture_published_bytes"":16,""frozen_edge_scratch_bytes"":16,""region_scopes"":95,""max_region_scopes"":5,""call_collections_closed"":9,""call_collections_unresolved"":0,""call_memo_hits"":14,""solver_passes"":53,""solver_constraint_visits"":240,""occurs_steps"":0}",null
build/bench/cloud-principal-graphs/lexical-sources/nested-8-valid.blot,bd1b2bf3f55a24ae8157733e3289325acfd8c68dc05d25765bc53e14187be1d1,default,"[4706,4961,4967,5103,5133,5149,5175,5180,5285,5499,5508,5651,6046,6294,6447]","[4975,5198,5203,5332,5392,5411,5455,5477,5525,5818,5913,5942,6471,6523,6749]","[3883342,3883342,3883342,3883342,3883342,3883342,3883342,3883342,3883342,3883342,3883342,3883342,3883342,3883342,3883342]","[1096099,1096099,1096099,1096099,1096099,1096099,1096099,1096099,1096099,1096099,1096099,1096099,1096099,1096099,1096099]","{""semantic_component_batches"":0,""semantic_component_jobs"":0,""max_semantic_component_workers"":0,""inference_regions"":66,""canonical_specialization_queries"":8,""canonical_specialization_hits"":6,""solver_requested_bytes"":80232,""solver_allocations"":261,""scratch_requested_bytes"":299676,""scratch_allocations"":1775,""max_solver_live_bytes"":3264,""max_scratch_live_bytes"":5132,""evidence_import_solver_bytes"":0,""evidence_import_scratch_bytes"":768,""snapshot_copy_bytes"":0,""snapshot_copy_allocations"":0,""principal_copy_buffer_bytes"":49512,""principal_copy_buffer_allocations"":375,""frozen_capture_temporary_bytes"":0,""frozen_capture_published_bytes"":16,""frozen_edge_scratch_bytes"":16,""region_scopes"":95,""max_region_scopes"":5,""call_collections_closed"":9,""call_collections_unresolved"":0,""call_memo_hits"":14,""solver_passes"":53,""solver_constraint_visits"":240,""occurs_steps"":0}",null
build/bench/cloud-principal-graphs/lexical-sources/provider-128-valid.blot,b81c010491d4b87249e39c8100be8424c49c83654fb0781829d9c22bbdaf1c6d,baseline,"[11587,11628,11736,11763,11771,12283,12384,12640,12735,13253,13322,13475,15476,16808,17485]","[11878,11982,12050,12086,12128,12559,12793,12948,13200,13494,13621,13787,15838,17094,17825]","[10276599,10276599,10276599,10276599,10276599,10276599,10276599,10276599,10276599,10276599,10276599,10276599,10276599,10276599,10276599]","[1845909,1845909,1845909,1845909,1845909,1845909,1845909,1845909,1845909,1845909,1845909,1845909,1845909,1845909,1845909]","{""semantic_component_batches"":0,""semantic_component_jobs"":0,""max_semantic_component_workers"":0,""inference_regions"":901,""canonical_specialization_queries"":128,""canonical_specialization_hits"":0,""solver_requested_bytes"":1557952,""solver_allocations"":6065,""scratch_requested_bytes"":1754524,""scratch_allocations"":11594,""max_solver_live_bytes"":3264,""max_scratch_live_bytes"":2880,""evidence_import_solver_bytes"":0,""evidence_import_scratch_bytes"":49664,""snapshot_copy_bytes"":0,""snapshot_copy_allocations"":0,""principal_copy_buffer_bytes"":0,""principal_copy_buffer_allocations"":0,""frozen_capture_temporary_bytes"":0,""frozen_capture_published_bytes"":1024,""frozen_edge_scratch_bytes"":2048,""region_scopes"":1799,""max_region_scopes"":4,""call_collections_closed"":257,""call_collections_unresolved"":0,""call_memo_hits"":644,""solver_passes"":1293,""solver_constraint_visits"":781,""occurs_steps"":0}",null
build/bench/cloud-principal-graphs/lexical-sources/provider-128-valid.blot,b81c010491d4b87249e39c8100be8424c49c83654fb0781829d9c22bbdaf1c6d,default,"[11372,11536,11618,11626,11638,11864,12588,12706,12750,12788,12977,13457,13564,13989,20220]","[11646,11801,11897,11922,11927,12190,12898,13019,13060,13102,13365,13746,13883,14311,20583]","[10360983,10360983,10360983,10360983,10360983,10360983,10360983,10360983,10360983,10360983,10360983,10360983,10360983,10360983,10360983]","[1845909,1845909,1845909,1845909,1845909,1845909,1845909,1845909,1845909,1845909,1845909,1845909,1845909,1845909,1845909]","{""semantic_component_batches"":0,""semantic_component_jobs"":0,""max_semantic_component_workers"":0,""inference_regions"":901,""canonical_specialization_queries"":128,""canonical_specialization_hits"":0,""solver_requested_bytes"":1557952,""solver_allocations"":6065,""scratch_requested_bytes"":1754524,""scratch_allocations"":11594,""max_solver_live_bytes"":3264,""max_scratch_live_bytes"":2880,""evidence_import_solver_bytes"":0,""evidence_import_scratch_bytes"":49664,""snapshot_copy_bytes"":0,""snapshot_copy_allocations"":0,""principal_copy_buffer_bytes"":0,""principal_copy_buffer_allocations"":0,""frozen_capture_temporary_bytes"":0,""frozen_capture_published_bytes"":1024,""frozen_edge_scratch_bytes"":2048,""region_scopes"":1799,""max_region_scopes"":4,""call_collections_closed"":257,""call_collections_unresolved"":0,""call_memo_hits"":644,""solver_passes"":1293,""solver_constraint_visits"":781,""occurs_steps"":0}",null
build/bench/cloud-principal-graphs/lexical-sources/provider-32-valid.blot,148b705812f6a243acf1555ad1b62d8314ebdfa7a93c28b50af6d6596131a73c,baseline,"[5632,5886,5971,6074,6243,6277,6499,6542,6570,6765,7058,7381,7524,8134,11730]","[5870,6124,6218,6375,6513,6575,6779,6810,6812,6999,7375,7694,7853,8476,12003]","[5020328,5020328,5020328,5020328,5020328,5020328,5020328,5020328,5020328,5020328,5020328,5020328,5020328,5020328,5020328]","[1189360,1189360,1189360,1189360,1189360,1189360,1189360,1189360,1189360,1189360,1189360,1189360,1189360,1189360,1189360]","{""semantic_component_batches"":0,""semantic_component_jobs"":0,""max_semantic_component_workers"":0,""inference_regions"":229,""canonical_specialization_queries"":32,""canonical_specialization_hits"":0,""solver_requested_bytes"":397888,""solver_allocations"":1553,""scratch_requested_bytes"":447772,""scratch_allocations"":2954,""max_solver_live_bytes"":3264,""max_scratch_live_bytes"":2880,""evidence_import_solver_bytes"":0,""evidence_import_scratch_bytes"":12800,""snapshot_copy_bytes"":0,""snapshot_copy_allocations"":0,""principal_copy_buffer_bytes"":0,""principal_copy_buffer_allocations"":0,""frozen_capture_temporary_bytes"":0,""frozen_capture_published_bytes"":256,""frozen_edge_scratch_bytes"":512,""region_scopes"":455,""max_region_scopes"":4,""call_collections_closed"":65,""call_collections_unresolved"":0,""call_memo_hits"":164,""solver_passes"":333,""solver_constraint_visits"":205,""occurs_steps"":0}",null
build/bench/cloud-principal-graphs/lexical-sources/provider-32-valid.blot,148b705812f6a243acf1555ad1b62d8314ebdfa7a93c28b50af6d6596131a73c,default,"[5841,5862,5962,6057,6170,6201,6345,6345,6358,6494,6505,6896,7524,9299,10617]","[6080,6161,6298,6304,6434,6563,6649,6654,6780,6811,6892,7121,7778,9605,10936]","[5068696,5068696,5068696,5068696,5068696,5068696,5068696,5068696,5068696,5068696,5068696,5068696,5068696,5068696,5068696]","[1189360,1189360,1189360,1189360,1189360,1189360,1189360,1189360,1189360,1189360,1189360,1189360,1189360,1189360,1189360]","{""semantic_component_batches"":0,""semantic_component_jobs"":0,""max_semantic_component_workers"":0,""inference_regions"":229,""canonical_specialization_queries"":32,""canonical_specialization_hits"":0,""solver_requested_bytes"":397888,""solver_allocations"":1553,""scratch_requested_bytes"":447772,""scratch_allocations"":2954,""max_solver_live_bytes"":3264,""max_scratch_live_bytes"":2880,""evidence_import_solver_bytes"":0,""evidence_import_scratch_bytes"":12800,""snapshot_copy_bytes"":0,""snapshot_copy_allocations"":0,""principal_copy_buffer_bytes"":0,""principal_copy_buffer_allocations"":0,""frozen_capture_temporary_bytes"":0,""frozen_capture_published_bytes"":256,""frozen_edge_scratch_bytes"":512,""region_scopes"":455,""max_region_scopes"":4,""call_collections_closed"":65,""call_collections_unresolved"":0,""call_memo_hits"":164,""solver_passes"":333,""solver_constraint_visits"":205,""occurs_steps"":0}",null
build/bench/cloud-principal-graphs/lexical-sources/provider-8-valid.blot,63fd3000ae3003deb49ac9e6b1c4ee16d959d8e2beb9d5cded11d8267fabe528,baseline,"[4262,4329,4489,4552,4584,4757,4760,4894,5090,5141,5210,5522,5531,6153,6183]","[4470,4641,4717,4761,4826,4977,5080,5195,5325,5393,5494,5824,5832,6468,6486]","[3627770,3627770,3627770,3627770,3627770,3627770,3627770,3627770,3627770,3627770,3627770,3627770,3627770,3627770,3627770]","[1062481,1062481,1062481,1062481,1062481,1062481,1062481,1062481,1062481,1062481,1062481,1062481,1062481,1062481,1062481]","{""semantic_component_batches"":0,""semantic_component_jobs"":0,""max_semantic_component_workers"":0,""inference_regions"":61,""canonical_specialization_queries"":8,""canonical_specialization_hits"":0,""solver_requested_bytes"":107872,""solver_allocations"":425,""scratch_requested_bytes"":121084,""scratch_allocations"":794,""max_solver_live_bytes"":3264,""max_scratch_live_bytes"":2880,""evidence_import_solver_bytes"":0,""evidence_import_scratch_bytes"":3584,""snapshot_copy_bytes"":0,""snapshot_copy_allocations"":0,""principal_copy_buffer_bytes"":0,""principal_copy_buffer_allocations"":0,""frozen_capture_temporary_bytes"":0,""frozen_capture_published_bytes"":64,""frozen_edge_scratch_bytes"":128,""region_scopes"":119,""max_region_scopes"":4,""call_collections_closed"":17,""call_collections_unresolved"":0,""call_memo_hits"":44,""solver_passes"":93,""solver_constraint_visits"":61,""occurs_steps"":0}",null
build/bench/cloud-principal-graphs/lexical-sources/provider-8-valid.blot,63fd3000ae3003deb49ac9e6b1c4ee16d959d8e2beb9d5cded11d8267fabe528,default,"[4242,4431,4456,4469,4578,4600,4612,4712,4856,4885,4933,4990,5162,5445,6912]","[4455,4705,4725,4762,4842,4847,4903,4959,5099,5139,5187,5401,5406,6098,7208]","[3635802,3635802,3635802,3635802,3635802,3635802,3635802,3635802,3635802,3635802,3635802,3635802,3635802,3635802,3635802]","[1062481,1062481,1062481,1062481,1062481,1062481,1062481,1062481,1062481,1062481,1062481,1062481,1062481,1062481,1062481]","{""semantic_component_batches"":0,""semantic_component_jobs"":0,""max_semantic_component_workers"":0,""inference_regions"":61,""canonical_specialization_queries"":8,""canonical_specialization_hits"":0,""solver_requested_bytes"":107872,""solver_allocations"":425,""scratch_requested_bytes"":121084,""scratch_allocations"":794,""max_solver_live_bytes"":3264,""max_scratch_live_bytes"":2880,""evidence_import_solver_bytes"":0,""evidence_import_scratch_bytes"":3584,""snapshot_copy_bytes"":0,""snapshot_copy_allocations"":0,""principal_copy_buffer_bytes"":0,""principal_copy_buffer_allocations"":0,""frozen_capture_temporary_bytes"":0,""frozen_capture_published_bytes"":64,""frozen_edge_scratch_bytes"":128,""region_scopes"":119,""max_region_scopes"":4,""call_collections_closed"":17,""call_collections_unresolved"":0,""call_memo_hits"":44,""solver_passes"":93,""solver_constraint_visits"":61,""occurs_steps"":0}",null
build/bench/cloud-principal-graphs/component-sources/direct-8-valid.blot,ff92b5686827ea8bda6ce76129502552cd6f51383f804f6724f7942f6201acdc,baseline,"[900,943,957,968,975,1048,1051,1069,1116,1232,1300,1334,1425,1594,1734]","[1087,1133,1175,1195,1227,1253,1281,1295,1436,1550,1583,1586,1659,1838,1914]","[288961,288961,288961,288961,288961,288961,288961,288961,288961,288961,288961,288961,288961,288961,288961]","[78068,78068,78068,78068,78068,78068,78068,78068,78068,78068,78068,78068,78068,78068,78068]","{""semantic_component_batches"":0,""semantic_component_jobs"":0,""max_semantic_component_workers"":0,""inference_regions"":19,""canonical_specialization_queries"":0,""canonical_specialization_hits"":0,""solver_requested_bytes"":27572,""solver_allocations"":126,""scratch_requested_bytes"":33808,""scratch_allocations"":165,""max_solver_live_bytes"":5232,""max_scratch_live_bytes"":7056,""evidence_import_solver_bytes"":0,""evidence_import_scratch_bytes"":128,""snapshot_copy_bytes"":0,""snapshot_copy_allocations"":0,""principal_copy_buffer_bytes"":0,""principal_copy_buffer_allocations"":0,""frozen_capture_temporary_bytes"":0,""frozen_capture_published_bytes"":0,""frozen_edge_scratch_bytes"":0,""region_scopes"":41,""max_region_scopes"":15,""call_collections_closed"":7,""call_collections_unresolved"":0,""call_memo_hits"":9,""solver_passes"":30,""solver_constraint_visits"":25,""occurs_steps"":0}",null
build/bench/cloud-principal-graphs/component-sources/direct-8-valid.blot,ff92b5686827ea8bda6ce76129502552cd6f51383f804f6724f7942f6201acdc,default,"[932,935,971,998,1006,1015,1043,1048,1070,1101,1127,1188,1202,1205,1461]","[1153,1165,1181,1190,1215,1222,1232,1277,1277,1328,1354,1427,1433,1473,1681]","[289761,289761,289761,289761,289761,289761,289761,289761,289761,289761,289761,289761,289761,289761,289761]","[78068,78068,78068,78068,78068,78068,78068,78068,78068,78068,78068,78068,78068,78068,78068]","{""semantic_component_batches"":0,""semantic_component_jobs"":0,""max_semantic_component_workers"":0,""inference_regions"":19,""canonical_specialization_queries"":0,""canonical_specialization_hits"":0,""solver_requested_bytes"":27572,""solver_allocations"":126,""scratch_requested_bytes"":33808,""scratch_allocations"":165,""max_solver_live_bytes"":5232,""max_scratch_live_bytes"":7056,""evidence_import_solver_bytes"":0,""evidence_import_scratch_bytes"":128,""snapshot_copy_bytes"":0,""snapshot_copy_allocations"":0,""principal_copy_buffer_bytes"":0,""principal_copy_buffer_allocations"":0,""frozen_capture_temporary_bytes"":0,""frozen_capture_published_bytes"":0,""frozen_edge_scratch_bytes"":0,""region_scopes"":41,""max_region_scopes"":15,""call_collections_closed"":7,""call_collections_unresolved"":0,""call_memo_hits"":9,""solver_passes"":30,""solver_constraint_visits"":25,""occurs_steps"":0}",null
build/bench/cloud-principal-graphs/component-sources/callback-8-valid.blot,265eb44aa0bf4fb57ecc50aaec8e00ad0c58d7bff7275964a4370f1c6d313ac9,baseline,"[1050,1053,1094,1161,1175,1180,1233,1236,1350,1363,1416,1574,1812,2038,2990]","[1227,1239,1330,1335,1360,1429,1470,1553,1587,1596,1625,1815,2013,2213,3176]","[414512,414512,414512,414512,414512,414512,414512,414512,414512,414512,414512,414512,414512,414512,414512]","[126247,126247,126247,126247,126247,126247,126247,126247,126247,126247,126247,126247,126247,126247,126247]","{""semantic_component_batches"":0,""semantic_component_jobs"":0,""max_semantic_component_workers"":0,""inference_regions"":22,""canonical_specialization_queries"":0,""canonical_specialization_hits"":0,""solver_requested_bytes"":59588,""solver_allocations"":216,""scratch_requested_bytes"":60932,""scratch_allocations"":283,""max_solver_live_bytes"":11548,""max_scratch_live_bytes"":12008,""evidence_import_solver_bytes"":0,""evidence_import_scratch_bytes"":512,""snapshot_copy_bytes"":0,""snapshot_copy_allocations"":0,""principal_copy_buffer_bytes"":0,""principal_copy_buffer_allocations"":0,""frozen_capture_temporary_bytes"":0,""frozen_capture_published_bytes"":0,""frozen_edge_scratch_bytes"":0,""region_scopes"":52,""max_region_scopes"":15,""call_collections_closed"":7,""call_collections_unresolved"":0,""call_memo_hits"":24,""solver_passes"":36,""solver_constraint_visits"":70,""occurs_steps"":22}",null
build/bench/cloud-principal-graphs/component-sources/callback-8-valid.blot,265eb44aa0bf4fb57ecc50aaec8e00ad0c58d7bff7275964a4370f1c6d313ac9,default,"[1072,1090,1109,1113,1116,1145,1221,1222,1246,1316,1323,1727,1735,1768,1834]","[1256,1282,1289,1290,1333,1353,1394,1411,1436,1506,1598,1904,1929,1976,2188]","[414944,414944,414944,414944,414944,414944,414944,414944,414944,414944,414944,414944,414944,414944,414944]","[129175,129175,129175,129175,129175,129175,129175,129175,129175,129175,129175,129175,129175,129175,129175]","{""semantic_component_batches"":0,""semantic_component_jobs"":0,""max_semantic_component_workers"":0,""inference_regions"":22,""canonical_specialization_queries"":0,""canonical_specialization_hits"":0,""solver_requested_bytes"":59588,""solver_allocations"":216,""scratch_requested_bytes"":60932,""scratch_allocations"":283,""max_solver_live_bytes"":11548,""max_scratch_live_bytes"":12008,""evidence_import_solver_bytes"":0,""evidence_import_scratch_bytes"":512,""snapshot_copy_bytes"":0,""snapshot_copy_allocations"":0,""principal_copy_buffer_bytes"":0,""principal_copy_buffer_allocations"":0,""frozen_capture_temporary_bytes"":0,""frozen_capture_published_bytes"":0,""frozen_edge_scratch_bytes"":0,""region_scopes"":52,""max_region_scopes"":15,""call_collections_closed"":7,""call_collections_unresolved"":0,""call_memo_hits"":24,""solver_passes"":36,""solver_constraint_visits"":70,""occurs_steps"":22}",null
build/bench/cloud-principal-graphs/component-sources/diamond-8-valid.blot,8a100a318811df8df4a4da5c42ed3d534c4e6ceb7fe15581db0abb3f39a756be,baseline,"[2637,2669,2692,2734,2793,2861,2864,2918,3018,3039,3158,3186,3336,3351,3417]","[2821,2910,2922,2929,2984,3053,3121,3169,3221,3288,3341,3370,3555,3641,3661]","[1447803,1447803,1447803,1447803,1447803,1447803,1447803,1447803,1447803,1447803,1447803,1447803,1447803,1447803,1447803]","[278277,278277,278277,278277,278277,278277,278277,278277,278277,278277,278277,278277,278277,278277,278277]","{""semantic_component_batches"":0,""semantic_component_jobs"":0,""max_semantic_component_workers"":0,""inference_regions"":59,""canonical_specialization_queries"":0,""canonical_specialization_hits"":0,""solver_requested_bytes"":397940,""solver_allocations"":646,""scratch_requested_bytes"":668832,""scratch_allocations"":1163,""max_solver_live_bytes"":15748,""max_scratch_live_bytes"":24672,""evidence_import_solver_bytes"":0,""evidence_import_scratch_bytes"":128,""snapshot_copy_bytes"":0,""snapshot_copy_allocations"":0,""principal_copy_buffer_bytes"":0,""principal_copy_buffer_allocations"":0,""frozen_capture_temporary_bytes"":0,""frozen_capture_published_bytes"":0,""frozen_edge_scratch_bytes"":0,""region_scopes"":586,""max_region_scopes"":46,""call_collections_closed"":311,""call_collections_unresolved"":0,""call_memo_hits"":289,""solver_passes"":117,""solver_constraint_visits"":576,""occurs_steps"":0}",null
build/bench/cloud-principal-graphs/component-sources/diamond-8-valid.blot,8a100a318811df8df4a4da5c42ed3d534c4e6ceb7fe15581db0abb3f39a756be,default,"[2670,2774,2819,2819,2828,2903,2915,2916,3011,3024,3123,3160,3248,5142,7394]","[2925,2976,3032,3043,3054,3105,3123,3212,3237,3333,3341,3348,3459,5410,7726]","[1445723,1445723,1445723,1445723,1445723,1445723,1445723,1445723,1445723,1445723,1445723,1445723,1445723,1445723,1445723]","[278277,278277,278277,278277,278277,278277,278277,278277,278277,278277,278277,278277,278277,278277,278277]","{""semantic_component_batches"":0,""semantic_component_jobs"":0,""max_semantic_component_workers"":0,""inference_regions"":59,""canonical_specialization_queries"":0,""canonical_specialization_hits"":0,""solver_requested_bytes"":397940,""solver_allocations"":646,""scratch_requested_bytes"":668832,""scratch_allocations"":1163,""max_solver_live_bytes"":15748,""max_scratch_live_bytes"":24672,""evidence_import_solver_bytes"":0,""evidence_import_scratch_bytes"":128,""snapshot_copy_bytes"":0,""snapshot_copy_allocations"":0,""principal_copy_buffer_bytes"":0,""principal_copy_buffer_allocations"":0,""frozen_capture_temporary_bytes"":0,""frozen_capture_published_bytes"":0,""frozen_edge_scratch_bytes"":0,""region_scopes"":586,""max_region_scopes"":46,""call_collections_closed"":311,""call_collections_unresolved"":0,""call_memo_hits"":289,""solver_passes"":117,""solver_constraint_visits"":576,""occurs_steps"":0}",null
build/bench/cloud-principal-graphs/component-sources/direct-32-valid.blot,226da25797175ca6d6519533095bca7f61b8e836a7fae9c8f58b65cc77b31a82,baseline,"[1732,1736,1760,1804,1912,2014,2062,2171,2186,2236,2263,2562,2706,2899,3831]","[1916,1918,1937,2107,2142,2186,2244,2426,2500,2500,2564,2791,2929,3140,4104]","[1129227,1129227,1129227,1129227,1129227,1129227,1129227,1129227,1129227,1129227,1129227,1129227,1129227,1129227,1129227]","[277459,277459,277459,277459,277459,277459,277459,277459,277459,277459,277459,277459,277459,277459,277459]","{""semantic_component_batches"":0,""semantic_component_jobs"":0,""max_semantic_component_workers"":0,""inference_regions"":67,""canonical_specialization_queries"":0,""canonical_specialization_hits"":0,""solver_requested_bytes"":107944,""solver_allocations"":447,""scratch_requested_bytes"":143504,""scratch_allocations"":554,""max_solver_live_bytes"":17188,""max_scratch_live_bytes"":29392,""evidence_import_solver_bytes"":0,""evidence_import_scratch_bytes"":128,""snapshot_copy_bytes"":0,""snapshot_copy_allocations"":0,""principal_copy_buffer_bytes"":0,""principal_copy_buffer_allocations"":0,""frozen_capture_temporary_bytes"":0,""frozen_capture_published_bytes"":0,""frozen_edge_scratch_bytes"":0,""region_scopes"":161,""max_region_scopes"":63,""call_collections_closed"":31,""call_collections_unresolved"":0,""call_memo_hits"":33,""solver_passes"":102,""solver_constraint_visits"":97,""occurs_steps"":0}",null
build/bench/cloud-principal-graphs/component-sources/direct-32-valid.blot,226da25797175ca6d6519533095bca7f61b8e836a7fae9c8f58b65cc77b31a82,default,"[0,1669,1738,1767,1820,1867,1971,1978,1999,2003,2027,2068,2282,2317,2367]","[1837,1957,1981,2023,2037,2161,2164,2192,2206,2286,2415,2466,2556,2640,2759]","[1148395,1148395,1148395,1148395,1148395,1148395,1148395,1148395,1148395,1148395,1148395,1148395,1148395,1148395,1148395]","[296549,296549,296549,296549,296549,296549,296549,296549,296549,296549,296549,296549,296549,296549,296549]","{""semantic_component_batches"":0,""semantic_component_jobs"":0,""max_semantic_component_workers"":0,""inference_regions"":67,""canonical_specialization_queries"":0,""canonical_specialization_hits"":0,""solver_requested_bytes"":107944,""solver_allocations"":447,""scratch_requested_bytes"":143504,""scratch_allocations"":554,""max_solver_live_bytes"":17188,""max_scratch_live_bytes"":29392,""evidence_import_solver_bytes"":0,""evidence_import_scratch_bytes"":128,""snapshot_copy_bytes"":0,""snapshot_copy_allocations"":0,""principal_copy_buffer_bytes"":0,""principal_copy_buffer_allocations"":0,""frozen_capture_temporary_bytes"":0,""frozen_capture_published_bytes"":0,""frozen_edge_scratch_bytes"":0,""region_scopes"":161,""max_region_scopes"":63,""call_collections_closed"":31,""call_collections_unresolved"":0,""call_memo_hits"":33,""solver_passes"":102,""solver_constraint_visits"":97,""occurs_steps"":0}",null
build/bench/cloud-principal-graphs/component-sources/callback-32-valid.blot,506f003d956aa31689067d3e0938d6b02549a8967a19b005567b9f11ff8d77e3,baseline,"[2366,2375,2389,2406,2471,2540,2577,2630,2647,2704,2711,2743,2787,3063,3284]","[2583,2583,2628,2646,2707,2733,2774,2835,2891,2895,2946,3002,3109,3375,3581]","[1455448,1455448,1455448,1455448,1455448,1455448,1455448,1455448,1455448,1455448,1455448,1455448,1455448,1455448,1455448]","[383439,383439,383439,383439,383439,383439,383439,383439,383439,383439,383439,383439,383439,383439,383439]","{""semantic_component_batches"":0,""semantic_component_jobs"":0,""max_semantic_component_workers"":0,""inference_regions"":70,""canonical_specialization_queries"":0,""canonical_specialization_hits"":0,""solver_requested_bytes"":203392,""solver_allocations"":681,""scratch_requested_bytes"":228260,""scratch_allocations"":912,""max_solver_live_bytes"":33948,""max_scratch_live_bytes"":45788,""evidence_import_solver_bytes"":0,""evidence_import_scratch_bytes"":512,""snapshot_copy_bytes"":0,""snapshot_copy_allocations"":0,""principal_copy_buffer_bytes"":0,""principal_copy_buffer_allocations"":0,""frozen_capture_temporary_bytes"":0,""frozen_capture_published_bytes"":0,""frozen_edge_scratch_bytes"":0,""region_scopes"":196,""max_region_scopes"":63,""call_collections_closed"":31,""call_collections_unresolved"":0,""call_memo_hits"":96,""solver_passes"":108,""solver_constraint_visits"":286,""occurs_steps"":70}",null
build/bench/cloud-principal-graphs/component-sources/callback-32-valid.blot,506f003d956aa31689067d3e0938d6b02549a8967a19b005567b9f11ff8d77e3,default,"[2301,2391,2414,2435,2463,2536,2574,2600,2619,2626,2823,2983,2992,3077,3110]","[2493,2620,2624,2624,2755,2755,2770,2807,2847,2877,3020,3189,3301,3313,3342]","[1474616,1474616,1474616,1474616,1474616,1474616,1474616,1474616,1474616,1474616,1474616,1474616,1474616,1474616,1474616]","[401553,401553,401553,401553,401553,401553,401553,401553,401553,401553,401553,401553,401553,401553,401553]","{""semantic_component_batches"":0,""semantic_component_jobs"":0,""max_semantic_component_workers"":0,""inference_regions"":70,""canonical_specialization_queries"":0,""canonical_specialization_hits"":0,""solver_requested_bytes"":203392,""solver_allocations"":681,""scratch_requested_bytes"":228260,""scratch_allocations"":912,""max_solver_live_bytes"":33948,""max_scratch_live_bytes"":45788,""evidence_import_solver_bytes"":0,""evidence_import_scratch_bytes"":512,""snapshot_copy_bytes"":0,""snapshot_copy_allocations"":0,""principal_copy_buffer_bytes"":0,""principal_copy_buffer_allocations"":0,""frozen_capture_temporary_bytes"":0,""frozen_capture_published_bytes"":0,""frozen_edge_scratch_bytes"":0,""region_scopes"":196,""max_region_scopes"":63,""call_collections_closed"":31,""call_collections_unresolved"":0,""call_memo_hits"":96,""solver_passes"":108,""solver_constraint_visits"":286,""occurs_steps"":70}",null
build/bench/cloud-principal-graphs/component-sources/diamond-32-valid.blot,39dab5c6a11f84372424e9e5c5a8e192f01d314949147255076bf3a9716370d5,baseline,"[18092,18157,18287,18470,18748,19000,19137,19191,19300,19643,19909,20362,20894,21588,23958]","[18326,18418,18590,18712,18968,19298,19500,19504,19539,19968,20246,20669,21488,22124,24274]","[8488139,8488139,8488139,8488139,8488139,8488139,8488139,8488139,8488139,8488139,8488139,8488139,8488139,8488139,8488139]","[783752,783752,783752,783752,783752,783752,783752,783752,783752,783752,783752,783752,783752,783752,783752]","{""semantic_component_batches"":0,""semantic_component_jobs"":0,""max_semantic_component_workers"":0,""inference_regions"":201,""canonical_specialization_queries"":0,""canonical_specialization_hits"":0,""solver_requested_bytes"":3207424,""solver_allocations"":2394,""scratch_requested_bytes"":5851020,""scratch_allocations"":4267,""max_solver_live_bytes"":60040,""max_scratch_live_bytes"":96732,""evidence_import_solver_bytes"":0,""evidence_import_scratch_bytes"":0,""snapshot_copy_bytes"":0,""snapshot_copy_allocations"":0,""principal_copy_buffer_bytes"":0,""principal_copy_buffer_allocations"":0,""frozen_capture_temporary_bytes"":0,""frozen_capture_published_bytes"":0,""frozen_edge_scratch_bytes"":0,""region_scopes"":4952,""max_region_scopes"":190,""call_collections_closed"":2990,""call_collections_unresolved"":0,""call_memo_hits"":2119,""solver_passes"":366,""solver_constraint_visits"":5401,""occurs_steps"":0}",null
build/bench/cloud-principal-graphs/component-sources/diamond-32-valid.blot,39dab5c6a11f84372424e9e5c5a8e192f01d314949147255076bf3a9716370d5,default,"[18911,19093,19094,19266,19279,19659,19720,19759,20425,20769,21093,21115,21446,22076,24755]","[19153,19429,19470,19547,19589,19995,20053,20487,20688,21011,21368,21412,21747,22503,25102]","[8500811,8500811,8500811,8500811,8500811,8500811,8500811,8500811,8500811,8500811,8500811,8500811,8500811,8500811,8500811]","[783752,783752,783752,783752,783752,783752,783752,783752,783752,783752,783752,783752,783752,783752,783752]","{""semantic_component_batches"":0,""semantic_component_jobs"":0,""max_semantic_component_workers"":0,""inference_regions"":201,""canonical_specialization_queries"":0,""canonical_specialization_hits"":0,""solver_requested_bytes"":3207424,""solver_allocations"":2394,""scratch_requested_bytes"":5851020,""scratch_allocations"":4267,""max_solver_live_bytes"":60040,""max_scratch_live_bytes"":96732,""evidence_import_solver_bytes"":0,""evidence_import_scratch_bytes"":0,""snapshot_copy_bytes"":0,""snapshot_copy_allocations"":0,""principal_copy_buffer_bytes"":0,""principal_copy_buffer_allocations"":0,""frozen_capture_temporary_bytes"":0,""frozen_capture_published_bytes"":0,""frozen_edge_scratch_bytes"":0,""region_scopes"":4952,""max_region_scopes"":190,""call_collections_closed"":2990,""call_collections_unresolved"":0,""call_memo_hits"":2119,""solver_passes"":366,""solver_constraint_visits"":5401,""occurs_steps"":0}",null
build/bench/cloud-principal-graphs/component-sources/direct-128-valid.blot,43226289c837f680485587acdc8a22897d59612db85b728d777f228185c1567c,baseline,"[5895,5990,6088,6109,6186,6276,6338,6376,6461,6529,6668,6762,6975,7125,7411]","[6116,6216,6326,6393,6556,6646,6731,6759,6801,6962,7026,7063,7271,7433,7829]","[4382805,4382805,4382805,4382805,4382805,4382805,4382805,4382805,4382805,4382805,4382805,4382805,4382805,4382805,4382805]","[1073651,1073651,1073651,1073651,1073651,1073651,1073651,1073651,1073651,1073651,1073651,1073651,1073651,1073651,1073651]","{""semantic_component_batches"":0,""semantic_component_jobs"":0,""max_semantic_component_workers"":0,""inference_regions"":259,""canonical_specialization_queries"":0,""canonical_specialization_hits"":0,""solver_requested_bytes"":449576,""solver_allocations"":1704,""scratch_requested_bytes"":548572,""scratch_allocations"":2017,""max_solver_live_bytes"":90692,""max_scratch_live_bytes"":109724,""evidence_import_solver_bytes"":0,""evidence_import_scratch_bytes"":128,""snapshot_copy_bytes"":0,""snapshot_copy_allocations"":0,""principal_copy_buffer_bytes"":0,""principal_copy_buffer_allocations"":0,""frozen_capture_temporary_bytes"":0,""frozen_capture_published_bytes"":0,""frozen_edge_scratch_bytes"":0,""region_scopes"":641,""max_region_scopes"":255,""call_collections_closed"":127,""call_collections_unresolved"":0,""call_memo_hits"":129,""solver_passes"":390,""solver_constraint_visits"":385,""occurs_steps"":0}",null
build/bench/cloud-principal-graphs/component-sources/direct-128-valid.blot,43226289c837f680485587acdc8a22897d59612db85b728d777f228185c1567c,default,"[5612,5971,5992,6094,6142,6185,6208,6213,6423,6939,6993,7067,7449,7580,7600]","[5934,6195,6228,6432,6436,6467,6468,6489,6738,7225,7251,7435,7720,7939,8030]","[4429557,4429557,4429557,4429557,4429557,4429557,4429557,4429557,4429557,4429557,4429557,4429557,4429557,4429557,4429557]","[1073651,1073651,1073651,1073651,1073651,1073651,1073651,1073651,1073651,1073651,1073651,1073651,1073651,1073651,1073651]","{""semantic_component_batches"":0,""semantic_component_jobs"":0,""max_semantic_component_workers"":0,""inference_regions"":259,""canonical_specialization_queries"":0,""canonical_specialization_hits"":0,""solver_requested_bytes"":449576,""solver_allocations"":1704,""scratch_requested_bytes"":548572,""scratch_allocations"":2017,""max_solver_live_bytes"":90692,""max_scratch_live_bytes"":109724,""evidence_import_solver_bytes"":0,""evidence_import_scratch_bytes"":128,""snapshot_copy_bytes"":0,""snapshot_copy_allocations"":0,""principal_copy_buffer_bytes"":0,""principal_copy_buffer_allocations"":0,""frozen_capture_temporary_bytes"":0,""frozen_capture_published_bytes"":0,""frozen_edge_scratch_bytes"":0,""region_scopes"":641,""max_region_scopes"":255,""call_collections_closed"":127,""call_collections_unresolved"":0,""call_memo_hits"":129,""solver_passes"":390,""solver_constraint_visits"":385,""occurs_steps"":0}",null
build/bench/cloud-principal-graphs/component-sources/callback-128-valid.blot,3ab5190808483b2fdfe339d18c20f500a2384ad7956091ca053007858f44adf2,baseline,"[8063,8147,8177,8199,8248,8304,8539,8828,9402,9625,9886,10228,10694,12117,25033]","[8313,8401,8433,8535,8540,8692,8801,9062,9665,9861,10255,10474,11018,12735,25472]","[5504267,5504267,5504267,5504267,5504267,5504267,5504267,5504267,5504267,5504267,5504267,5504267,5504267,5504267,5504267]","[1453102,1453102,1453102,1453102,1453102,1453102,1453102,1453102,1453102,1453102,1453102,1453102,1453102,1453102,1453102]","{""semantic_component_batches"":0,""semantic_component_jobs"":0,""max_semantic_component_workers"":0,""inference_regions"":262,""canonical_specialization_queries"":0,""canonical_specialization_hits"":0,""solver_requested_bytes"":867408,""solver_allocations"":2517,""scratch_requested_bytes"":952156,""scratch_allocations"":3336,""max_solver_live_bytes"":211756,""max_scratch_live_bytes"":213772,""evidence_import_solver_bytes"":0,""evidence_import_scratch_bytes"":512,""snapshot_copy_bytes"":0,""snapshot_copy_allocations"":0,""principal_copy_buffer_bytes"":0,""principal_copy_buffer_allocations"":0,""frozen_capture_temporary_bytes"":0,""frozen_capture_published_bytes"":0,""frozen_edge_scratch_bytes"":0,""region_scopes"":772,""max_region_scopes"":255,""call_collections_closed"":127,""call_collections_unresolved"":0,""call_memo_hits"":384,""solver_passes"":396,""solver_constraint_visits"":1150,""occurs_steps"":262}",null
build/bench/cloud-principal-graphs/component-sources/callback-128-valid.blot,3ab5190808483b2fdfe339d18c20f500a2384ad7956091ca053007858f44adf2,default,"[8116,8162,8420,8457,8485,8490,8909,9068,9513,9553,9601,9966,10556,11902,26227]","[8388,8502,8672,8707,8730,8787,9197,9327,9811,9834,10280,10446,11052,12553,26553]","[5551019,5551019,5551019,5551019,5551019,5551019,5551019,5551019,5551019,5551019,5551019,5551019,5551019,5551019,5551019]","[1503438,1503438,1503438,1503438,1503438,1503438,1503438,1503438,1503438,1503438,1503438,1503438,1503438,1503438,1503438]","{""semantic_component_batches"":0,""semantic_component_jobs"":0,""max_semantic_component_workers"":0,""inference_regions"":262,""canonical_specialization_queries"":0,""canonical_specialization_hits"":0,""solver_requested_bytes"":867408,""solver_allocations"":2517,""scratch_requested_bytes"":952156,""scratch_allocations"":3336,""max_solver_live_bytes"":211756,""max_scratch_live_bytes"":213772,""evidence_import_solver_bytes"":0,""evidence_import_scratch_bytes"":512,""snapshot_copy_bytes"":0,""snapshot_copy_allocations"":0,""principal_copy_buffer_bytes"":0,""principal_copy_buffer_allocations"":0,""frozen_capture_temporary_bytes"":0,""frozen_capture_published_bytes"":0,""frozen_edge_scratch_bytes"":0,""region_scopes"":772,""max_region_scopes"":255,""call_collections_closed"":127,""call_collections_unresolved"":0,""call_memo_hits"":384,""solver_passes"":396,""solver_constraint_visits"":1150,""occurs_steps"":262}",null
build/bench/cloud-principal-graphs/component-sources/diamond-128-valid.blot,72e16908893226eb28e34fdbe1041ecaafa11b1cd9d61270071808d88b625055,baseline,"[25848,26392,26654,26735,27046,27189,27482,27694,27705,28012,28169,28429,29760,29988,31622]","[26204,26853,27033,27042,27372,27562,27855,28023,28031,28395,28544,28753,30121,30481,32079]","[13226194,13226194,13226194,13226194,13226194,13226194,13226194,13226194,13226194,13226194,13226194,13226194,13226194,13226194,13226194]","[2876771,2876771,2876771,2876771,2876771,2876771,2876771,2876771,2876771,2876771,2876771,2876771,2876771,2876771,2876771]","{""semantic_component_batches"":0,""semantic_component_jobs"":0,""max_semantic_component_workers"":0,""inference_regions"":647,""canonical_specialization_queries"":0,""canonical_specialization_hits"":0,""solver_requested_bytes"":2619872,""solver_allocations"":4377,""scratch_requested_bytes"":4542604,""scratch_allocations"":5175,""max_solver_live_bytes"":226084,""max_scratch_live_bytes"":339872,""evidence_import_solver_bytes"":0,""evidence_import_scratch_bytes"":0,""snapshot_copy_bytes"":0,""snapshot_copy_allocations"":0,""principal_copy_buffer_bytes"":0,""principal_copy_buffer_allocations"":0,""frozen_capture_temporary_bytes"":0,""frozen_capture_published_bytes"":0,""frozen_edge_scratch_bytes"":0,""region_scopes"":4097,""max_region_scopes"":766,""call_collections_closed"":2044,""call_collections_unresolved"":0,""call_memo_hits"":1164,""solver_passes"":919,""solver_constraint_visits"":4418,""occurs_steps"":0}",null
build/bench/cloud-principal-graphs/component-sources/diamond-128-valid.blot,72e16908893226eb28e34fdbe1041ecaafa11b1cd9d61270071808d88b625055,default,"[25058,25678,26273,26427,26534,26747,26938,27839,27857,28182,29434,31715,32193,35200,134788]","[25390,26040,26689,26733,26946,27122,27329,28240,28511,29849,29885,32566,35346,35542,135133]","[13246562,13246562,13246562,13246562,13246562,13246562,13246562,13246562,13246562,13246562,13246562,13246562,13246562,13246562,13246562]","[2876771,2876771,2876771,2876771,2876771,2876771,2876771,2876771,2876771,2876771,2876771,2876771,2876771,2876771,2876771]","{""semantic_component_batches"":0,""semantic_component_jobs"":0,""max_semantic_component_workers"":0,""inference_regions"":647,""canonical_specialization_queries"":0,""canonical_specialization_hits"":0,""solver_requested_bytes"":2619872,""solver_allocations"":4377,""scratch_requested_bytes"":4542604,""scratch_allocations"":5175,""max_solver_live_bytes"":226084,""max_scratch_live_bytes"":339872,""evidence_import_solver_bytes"":0,""evidence_import_scratch_bytes"":0,""snapshot_copy_bytes"":0,""snapshot_copy_allocations"":0,""principal_copy_buffer_bytes"":0,""principal_copy_buffer_allocations"":0,""frozen_capture_temporary_bytes"":0,""frozen_capture_published_bytes"":0,""frozen_edge_scratch_bytes"":0,""region_scopes"":4097,""max_region_scopes"":766,""call_collections_closed"":2044,""call_collections_unresolved"":0,""call_memo_hits"":1164,""solver_passes"":919,""solver_constraint_visits"":4418,""occurs_steps"":0}",null
build/bench/cloud-principal-graphs/component-sources/forward-generic-300-valid.blot,91cb83d5909281b036cb2e29b6db31567767ad9145e1d079152b4c9d27a33c4f,baseline,"[8917,9163,9400,9466,9479,9585,9665,9794,9972,9975,10057,10371,11382,12609,16332]","[9219,9460,9765,9766,9804,9916,9990,10068,10256,10306,10438,10785,11703,13120,16720]","[6811358,6811358,6811358,6811358,6811358,6811358,6811358,6811358,6811358,6811358,6811358,6811358,6811358,6811358,6811358]","[2428603,2428603,2428603,2428603,2428603,2428603,2428603,2428603,2428603,2428603,2428603,2428603,2428603,2428603,2428603]","{""semantic_component_batches"":0,""semantic_component_jobs"":0,""max_semantic_component_workers"":0,""inference_regions"":604,""canonical_specialization_queries"":0,""canonical_specialization_hits"":0,""solver_requested_bytes"":1097700,""solver_allocations"":6637,""scratch_requested_bytes"":858068,""scratch_allocations"":5431,""max_solver_live_bytes"":1820,""max_scratch_live_bytes"":1816,""evidence_import_solver_bytes"":0,""evidence_import_scratch_bytes"":38528,""snapshot_copy_bytes"":0,""snapshot_copy_allocations"":0,""principal_copy_buffer_bytes"":0,""principal_copy_buffer_allocations"":0,""frozen_capture_temporary_bytes"":0,""frozen_capture_published_bytes"":0,""frozen_edge_scratch_bytes"":0,""region_scopes"":905,""max_region_scopes"":2,""call_collections_closed"":0,""call_collections_unresolved"":0,""call_memo_hits"":301,""solver_passes"":1507,""solver_constraint_visits"":903,""occurs_steps"":903}",null
build/bench/cloud-principal-graphs/component-sources/forward-generic-300-valid.blot,91cb83d5909281b036cb2e29b6db31567767ad9145e1d079152b4c9d27a33c4f,default,"[8546,8768,8987,9041,9186,9193,9270,9489,9556,9655,9783,9838,11678,11772,11942]","[8798,9079,9253,9320,9489,9544,9565,9854,9935,9956,10097,10198,12093,12235,12435]","[6893214,6893214,6893214,6893214,6893214,6893214,6893214,6893214,6893214,6893214,6893214,6893214,6893214,6893214,6893214]","[2428603,2428603,2428603,2428603,2428603,2428603,2428603,2428603,2428603,2428603,2428603,2428603,2428603,2428603,2428603]","{""semantic_component_batches"":0,""semantic_component_jobs"":0,""max_semantic_component_workers"":0,""inference_regions"":604,""canonical_specialization_queries"":0,""canonical_specialization_hits"":0,""solver_requested_bytes"":1097700,""solver_allocations"":6637,""scratch_requested_bytes"":858068,""scratch_allocations"":5431,""max_solver_live_bytes"":1820,""max_scratch_live_bytes"":1816,""evidence_import_solver_bytes"":0,""evidence_import_scratch_bytes"":38528,""snapshot_copy_bytes"":0,""snapshot_copy_allocations"":0,""principal_copy_buffer_bytes"":0,""principal_copy_buffer_allocations"":0,""frozen_capture_temporary_bytes"":0,""frozen_capture_published_bytes"":0,""frozen_edge_scratch_bytes"":0,""region_scopes"":905,""max_region_scopes"":2,""call_collections_closed"":0,""call_collections_unresolved"":0,""call_memo_hits"":301,""solver_passes"":1507,""solver_constraint_visits"":903,""occurs_steps"":903}",null
build/bench/cloud-principal-graphs/component-sources/forward-mono-300-valid.blot,77a373a73d6b8f0e64b6ff72761b9eb25726001f8b1d4e128f28deba0b654414,baseline,"[7349,7900,8143,8202,8282,8307,8354,8448,8578,8695,9266,9449,9470,10350,11016]","[7618,8218,8439,8525,8595,8639,8689,8714,8846,9014,9580,9689,9912,10768,11393]","[6316801,6316801,6316801,6316801,6316801,6316801,6316801,6316801,6316801,6316801,6316801,6316801,6316801,6316801,6316801]","[2397874,2397874,2397874,2397874,2397874,2397874,2397874,2397874,2397874,2397874,2397874,2397874,2397874,2397874,2397874]","{""semantic_component_batches"":0,""semantic_component_jobs"":0,""max_semantic_component_workers"":0,""inference_regions"":604,""canonical_specialization_queries"":0,""canonical_specialization_hits"":0,""solver_requested_bytes"":688104,""solver_allocations"":3924,""scratch_requested_bytes"":817000,""scratch_allocations"":4828,""max_solver_live_bytes"":1224,""max_scratch_live_bytes"":1816,""evidence_import_solver_bytes"":0,""evidence_import_scratch_bytes"":38528,""snapshot_copy_bytes"":0,""snapshot_copy_allocations"":0,""principal_copy_buffer_bytes"":0,""principal_copy_buffer_allocations"":0,""frozen_capture_temporary_bytes"":0,""frozen_capture_published_bytes"":0,""frozen_edge_scratch_bytes"":0,""region_scopes"":905,""max_region_scopes"":2,""call_collections_closed"":0,""call_collections_unresolved"":0,""call_memo_hits"":301,""solver_passes"":1507,""solver_constraint_visits"":903,""occurs_steps"":0}",null
build/bench/cloud-principal-graphs/component-sources/forward-mono-300-valid.blot,77a373a73d6b8f0e64b6ff72761b9eb25726001f8b1d4e128f28deba0b654414,default,"[7681,8111,8182,8305,8416,8420,8559,8742,8838,9085,9108,9183,9290,9298,10136]","[8049,8367,8550,8736,8822,8844,9047,9130,9219,9406,9476,9548,9682,9739,10492]","[6398657,6398657,6398657,6398657,6398657,6398657,6398657,6398657,6398657,6398657,6398657,6398657,6398657,6398657,6398657]","[2397874,2397874,2397874,2397874,2397874,2397874,2397874,2397874,2397874,2397874,2397874,2397874,2397874,2397874,2397874]","{""semantic_component_batches"":0,""semantic_component_jobs"":0,""max_semantic_component_workers"":0,""inference_regions"":604,""canonical_specialization_queries"":0,""canonical_specialization_hits"":0,""solver_requested_bytes"":688104,""solver_allocations"":3924,""scratch_requested_bytes"":817000,""scratch_allocations"":4828,""max_solver_live_bytes"":1224,""max_scratch_live_bytes"":1816,""evidence_import_solver_bytes"":0,""evidence_import_scratch_bytes"":38528,""snapshot_copy_bytes"":0,""snapshot_copy_allocations"":0,""principal_copy_buffer_bytes"":0,""principal_copy_buffer_allocations"":0,""frozen_capture_temporary_bytes"":0,""frozen_capture_published_bytes"":0,""frozen_edge_scratch_bytes"":0,""region_scopes"":905,""max_region_scopes"":2,""call_collections_closed"":0,""call_collections_unresolved"":0,""call_memo_hits"":301,""solver_passes"":1507,""solver_constraint_visits"":903,""occurs_steps"":0}",null
build/bench/cloud-principal-graphs/component-sources/forward-generic-1000-valid.blot,4bfa4c02779491bfd1268a4064bda951a7a3cc1c1aea2f667152dee2ac599bfe,baseline,"[34770,35516,35554,35675,35982,36363,36731,37219,37686,38324,38766,38878,38966,39628,46896]","[35236,35864,35964,36071,36397,36901,37099,37723,37990,38762,39117,39202,39311,40190,47527]","[21850171,21850171,21850171,21850171,21850171,21850171,21850171,21850171,21850171,21850171,21850171,21850171,21850171,21850171,21850171]","[8072264,8072264,8072264,8072264,8072264,8072264,8072264,8072264,8072264,8072264,8072264,8072264,8072264,8072264,8072264]","{""semantic_component_batches"":0,""semantic_component_jobs"":0,""max_semantic_component_workers"":0,""inference_regions"":2004,""canonical_specialization_queries"":0,""canonical_specialization_hits"":0,""solver_requested_bytes"":3645700,""solver_allocations"":22037,""scratch_requested_bytes"":2848868,""scratch_allocations"":18031,""max_solver_live_bytes"":1820,""max_scratch_live_bytes"":1816,""evidence_import_solver_bytes"":0,""evidence_import_scratch_bytes"":128128,""snapshot_copy_bytes"":0,""snapshot_copy_allocations"":0,""principal_copy_buffer_bytes"":0,""principal_copy_buffer_allocations"":0,""frozen_capture_temporary_bytes"":0,""frozen_capture_published_bytes"":0,""frozen_edge_scratch_bytes"":0,""region_scopes"":3005,""max_region_scopes"":2,""call_collections_closed"":0,""call_collections_unresolved"":0,""call_memo_hits"":1001,""solver_passes"":5007,""solver_constraint_visits"":3003,""occurs_steps"":3003}",null
build/bench/cloud-principal-graphs/component-sources/forward-generic-1000-valid.blot,4bfa4c02779491bfd1268a4064bda951a7a3cc1c1aea2f667152dee2ac599bfe,default,"[34709,35025,35480,35548,35753,35830,35930,36376,36587,37337,37783,38752,39623,47937,50531]","[35148,35347,35875,35897,36081,36277,36333,36733,37009,37777,38116,39113,39999,48388,51007]","[21833739,21833739,21833739,21833739,21833739,21833739,21833739,21833739,21833739,21833739,21833739,21833739,21833739,21833739,21833739]","[8072264,8072264,8072264,8072264,8072264,8072264,8072264,8072264,8072264,8072264,8072264,8072264,8072264,8072264,8072264]","{""semantic_component_batches"":0,""semantic_component_jobs"":0,""max_semantic_component_workers"":0,""inference_regions"":2004,""canonical_specialization_queries"":0,""canonical_specialization_hits"":0,""solver_requested_bytes"":3645700,""solver_allocations"":22037,""scratch_requested_bytes"":2848868,""scratch_allocations"":18031,""max_solver_live_bytes"":1820,""max_scratch_live_bytes"":1816,""evidence_import_solver_bytes"":0,""evidence_import_scratch_bytes"":128128,""snapshot_copy_bytes"":0,""snapshot_copy_allocations"":0,""principal_copy_buffer_bytes"":0,""principal_copy_buffer_allocations"":0,""frozen_capture_temporary_bytes"":0,""frozen_capture_published_bytes"":0,""frozen_edge_scratch_bytes"":0,""region_scopes"":3005,""max_region_scopes"":2,""call_collections_closed"":0,""call_collections_unresolved"":0,""call_memo_hits"":1001,""solver_passes"":5007,""solver_constraint_visits"":3003,""occurs_steps"":3003}",null
build/bench/cloud-principal-graphs/component-sources/forward-mono-1000-valid.blot,bfca0964080a805fa74c91c8423075fff710c09b3fc1d587e9b8dc23df8bfe31,baseline,"[31080,31594,32261,32274,32569,33132,33411,33740,34493,35440,35461,35843,37191,38729,41851]","[31413,31960,32680,32797,32907,33525,33746,34202,34907,35831,35863,36260,37563,39084,42315]","[19779747,19779747,19779747,19779747,19779747,19779747,19779747,19779747,19779747,19779747,19779747,19779747,19779747,19779747,19779747]","[8004130,8004130,8004130,8004130,8004130,8004130,8004130,8004130,8004130,8004130,8004130,8004130,8004130,8004130,8004130]","{""semantic_component_batches"":0,""semantic_component_jobs"":0,""max_semantic_component_workers"":0,""inference_regions"":2004,""canonical_specialization_queries"":0,""canonical_specialization_hits"":0,""solver_requested_bytes"":2284104,""solver_allocations"":13024,""scratch_requested_bytes"":2712600,""scratch_allocations"":16028,""max_solver_live_bytes"":1224,""max_scratch_live_bytes"":1816,""evidence_import_solver_bytes"":0,""evidence_import_scratch_bytes"":128128,""snapshot_copy_bytes"":0,""snapshot_copy_allocations"":0,""principal_copy_buffer_bytes"":0,""principal_copy_buffer_allocations"":0,""frozen_capture_temporary_bytes"":0,""frozen_capture_published_bytes"":0,""frozen_edge_scratch_bytes"":0,""region_scopes"":3005,""max_region_scopes"":2,""call_collections_closed"":0,""call_collections_unresolved"":0,""call_memo_hits"":1001,""solver_passes"":5007,""solver_constraint_visits"":3003,""occurs_steps"":0}",null
build/bench/cloud-principal-graphs/component-sources/forward-mono-1000-valid.blot,bfca0964080a805fa74c91c8423075fff710c09b3fc1d587e9b8dc23df8bfe31,default,"[29488,30442,31567,31838,32180,33118,33740,33751,34439,34927,35354,36020,36083,36987,37003]","[29821,30808,31969,32201,32602,33566,34118,34250,34806,35258,35744,36515,36529,37386,37465]","[19763315,19763315,19763315,19763315,19763315,19763315,19763315,19763315,19763315,19763315,19763315,19763315,19763315,19763315,19763315]","[8004130,8004130,8004130,8004130,8004130,8004130,8004130,8004130,8004130,8004130,8004130,8004130,8004130,8004130,8004130]","{""semantic_component_batches"":0,""semantic_component_jobs"":0,""max_semantic_component_workers"":0,""inference_regions"":2004,""canonical_specialization_queries"":0,""canonical_specialization_hits"":0,""solver_requested_bytes"":2284104,""solver_allocations"":13024,""scratch_requested_bytes"":2712600,""scratch_allocations"":16028,""max_solver_live_bytes"":1224,""max_scratch_live_bytes"":1816,""evidence_import_solver_bytes"":0,""evidence_import_scratch_bytes"":128128,""snapshot_copy_bytes"":0,""snapshot_copy_allocations"":0,""principal_copy_buffer_bytes"":0,""principal_copy_buffer_allocations"":0,""frozen_capture_temporary_bytes"":0,""frozen_capture_published_bytes"":0,""frozen_edge_scratch_bytes"":0,""region_scopes"":3005,""max_region_scopes"":2,""call_collections_closed"":0,""call_collections_unresolved"":0,""call_memo_hits"":1001,""solver_passes"":5007,""solver_constraint_visits"":3003,""occurs_steps"":0}",null
build/bench/cloud-principal-graphs/component-sources/late-method-valid.blot,5f74e53af283a6c1e7b8ee7e145f5cee1f5aea01d3031112c70f7085c95df83e,baseline,"[1073,1086,1090,1127,1176,1204,1217,1305,1328,1329,1334,1355,1384,1421,1519]","[1274,1304,1328,1359,1390,1426,1498,1539,1555,1611,1654,1716,1760,1879,1883]","[220867,220867,220867,220867,220867,220867,220867,220867,220867,220867,220867,220867,220867,220867,220867]","[49481,49481,49481,49481,49481,49481,49481,49481,49481,49481,49481,49481,49481,49481,49481]","{""semantic_component_batches"":0,""semantic_component_jobs"":0,""max_semantic_component_workers"":0,""inference_regions"":9,""canonical_specialization_queries"":0,""canonical_specialization_hits"":0,""solver_requested_bytes"":20984,""solver_allocations"":140,""scratch_requested_bytes"":20192,""scratch_allocations"":116,""max_solver_live_bytes"":3100,""max_scratch_live_bytes"":3028,""evidence_import_solver_bytes"":152,""evidence_import_scratch_bytes"":512,""snapshot_copy_bytes"":0,""snapshot_copy_allocations"":0,""principal_copy_buffer_bytes"":0,""principal_copy_buffer_allocations"":0,""frozen_capture_temporary_bytes"":0,""frozen_capture_published_bytes"":0,""frozen_edge_scratch_bytes"":0,""region_scopes"":17,""max_region_scopes"":3,""call_collections_closed"":0,""call_collections_unresolved"":0,""call_memo_hits"":4,""solver_passes"":23,""solver_constraint_visits"":16,""occurs_steps"":12}",null
build/bench/cloud-principal-graphs/component-sources/late-method-valid.blot,5f74e53af283a6c1e7b8ee7e145f5cee1f5aea01d3031112c70f7085c95df83e,default,"[977,1002,1083,1096,1169,1199,1244,1260,1267,1325,1359,1405,1423,1478,1514]","[1160,1277,1283,1294,1365,1475,1482,1537,1584,1602,1691,1694,1739,1784,1833]","[225027,225027,225027,225027,225027,225027,225027,225027,225027,225027,225027,225027,225027,225027,225027]","[54097,54097,54097,54097,54097,54097,54097,54097,54097,54097,54097,54097,54097,54097,54097]","{""semantic_component_batches"":0,""semantic_component_jobs"":0,""max_semantic_component_workers"":0,""inference_regions"":9,""canonical_specialization_queries"":0,""canonical_specialization_hits"":0,""solver_requested_bytes"":20984,""solver_allocations"":140,""scratch_requested_bytes"":20192,""scratch_allocations"":116,""max_solver_live_bytes"":3100,""max_scratch_live_bytes"":3028,""evidence_import_solver_bytes"":152,""evidence_import_scratch_bytes"":512,""snapshot_copy_bytes"":0,""snapshot_copy_allocations"":0,""principal_copy_buffer_bytes"":0,""principal_copy_buffer_allocations"":0,""frozen_capture_temporary_bytes"":0,""frozen_capture_published_bytes"":0,""frozen_edge_scratch_bytes"":0,""region_scopes"":17,""max_region_scopes"":3,""call_collections_closed"":0,""call_collections_unresolved"":0,""call_memo_hits"":4,""solver_passes"":23,""solver_constraint_visits"":16,""occurs_steps"":12}",null
build/bench/cloud-principal-graphs/component-sources/polymorphic-valid.blot,3869174a53316692617ec006cd6f64856ef3419bcbadaabd64ab9c189127c255,baseline,"[679,709,720,723,743,748,750,761,790,822,832,886,1058,1120,1546]","[891,894,931,933,933,948,983,1008,1008,1013,1062,1064,1301,1772,2187]","[101468,101468,101468,101468,101468,101468,101468,101468,101468,101468,101468,101468,101468,101468,101468]","[25919,25919,25919,25919,25919,25919,25919,25919,25919,25919,25919,25919,25919,25919,25919]","{""semantic_component_batches"":0,""semantic_component_jobs"":0,""max_semantic_component_workers"":0,""inference_regions"":8,""canonical_specialization_queries"":0,""canonical_specialization_hits"":0,""solver_requested_bytes"":13960,""solver_allocations"":80,""scratch_requested_bytes"":11360,""scratch_allocations"":74,""max_solver_live_bytes"":2108,""max_scratch_live_bytes"":1824,""evidence_import_solver_bytes"":0,""evidence_import_scratch_bytes"":256,""snapshot_copy_bytes"":0,""snapshot_copy_allocations"":0,""principal_copy_buffer_bytes"":0,""principal_copy_buffer_allocations"":0,""frozen_capture_temporary_bytes"":0,""frozen_capture_published_bytes"":0,""frozen_edge_scratch_bytes"":0,""region_scopes"":10,""max_region_scopes"":2,""call_collections_closed"":0,""call_collections_unresolved"":0,""call_memo_hits"":4,""solver_passes"":14,""solver_constraint_visits"":6,""occurs_steps"":6}",null
build/bench/cloud-principal-graphs/component-sources/polymorphic-valid.blot,3869174a53316692617ec006cd6f64856ef3419bcbadaabd64ab9c189127c255,default,"[702,750,770,776,783,789,817,830,842,880,901,909,990,1156,1216]","[907,939,943,955,961,978,1012,1014,1037,1079,1099,1140,1176,1409,1476]","[105628,105628,105628,105628,105628,105628,105628,105628,105628,105628,105628,105628,105628,105628,105628]","[28565,28565,28565,28565,28565,28565,28565,28565,28565,28565,28565,28565,28565,28565,28565]","{""semantic_component_batches"":0,""semantic_component_jobs"":0,""max_semantic_component_workers"":0,""inference_regions"":8,""canonical_specialization_queries"":0,""canonical_specialization_hits"":0,""solver_requested_bytes"":13960,""solver_allocations"":80,""scratch_requested_bytes"":11360,""scratch_allocations"":74,""max_solver_live_bytes"":2108,""max_scratch_live_bytes"":1824,""evidence_import_solver_bytes"":0,""evidence_import_scratch_bytes"":256,""snapshot_copy_bytes"":0,""snapshot_copy_allocations"":0,""principal_copy_buffer_bytes"":0,""principal_copy_buffer_allocations"":0,""frozen_capture_temporary_bytes"":0,""frozen_capture_published_bytes"":0,""frozen_edge_scratch_bytes"":0,""region_scopes"":10,""max_region_scopes"":2,""call_collections_closed"":0,""call_collections_unresolved"":0,""call_memo_hits"":4,""solver_passes"":14,""solver_constraint_visits"":6,""occurs_steps"":6}",null
build/bench/cloud-principal-graphs/canonical-sources/boxes-128-valid.blot,14ec0332302990544e6146777482b6ef91be4ce0f226033a593fff6deba103ae,baseline,"[3326,3332,3377,3427,3540,3560,3634,3654,3716,3730,3858,3956,4132,4200,4643]","[3526,3563,3567,3689,3735,3804,3811,3854,4054,4077,4152,4194,4402,4452,4845]","[2660790,2660790,2660790,2660790,2660790,2660790,2660790,2660790,2660790,2660790,2660790,2660790,2660790,2660790,2660790]","[472865,472865,472865,472865,472865,472865,472865,472865,472865,472865,472865,472865,472865,472865,472865]","{""semantic_component_batches"":0,""semantic_component_jobs"":0,""max_semantic_component_workers"":0,""inference_regions"":139,""canonical_specialization_queries"":128,""canonical_specialization_hits"":127,""solver_requested_bytes"":369860,""solver_allocations"":1476,""scratch_requested_bytes"":336636,""scratch_allocations"":2080,""max_solver_live_bytes"":2376,""max_scratch_live_bytes"":2684,""evidence_import_solver_bytes"":668,""evidence_import_scratch_bytes"":17024,""snapshot_copy_bytes"":0,""snapshot_copy_allocations"":0,""principal_copy_buffer_bytes"":3656,""principal_copy_buffer_allocations"":54,""frozen_capture_temporary_bytes"":0,""frozen_capture_published_bytes"":12,""frozen_edge_scratch_bytes"":24,""region_scopes"":147,""max_region_scopes"":5,""call_collections_closed"":1,""call_collections_unresolved"":0,""call_memo_hits"":259,""solver_passes"":276,""solver_constraint_visits"":276,""occurs_steps"":6}",null
build/bench/cloud-principal-graphs/canonical-sources/boxes-128-valid.blot,14ec0332302990544e6146777482b6ef91be4ce0f226033a593fff6deba103ae,default,"[3314,3349,3388,3465,3512,3573,3585,3651,3804,3881,3883,3885,3895,3909,4133]","[3522,3540,3604,3661,3773,3789,3833,3880,4011,4075,4111,4113,4118,4160,4443]","[2666934,2666934,2666934,2666934,2666934,2666934,2666934,2666934,2666934,2666934,2666934,2666934,2666934,2666934,2666934]","[479009,479009,479009,479009,479009,479009,479009,479009,479009,479009,479009,479009,479009,479009,479009]","{""semantic_component_batches"":0,""semantic_component_jobs"":0,""max_semantic_component_workers"":0,""inference_regions"":139,""canonical_specialization_queries"":128,""canonical_specialization_hits"":127,""solver_requested_bytes"":369860,""solver_allocations"":1476,""scratch_requested_bytes"":336636,""scratch_allocations"":2080,""max_solver_live_bytes"":2376,""max_scratch_live_bytes"":2684,""evidence_import_solver_bytes"":668,""evidence_import_scratch_bytes"":17024,""snapshot_copy_bytes"":0,""snapshot_copy_allocations"":0,""principal_copy_buffer_bytes"":3656,""principal_copy_buffer_allocations"":54,""frozen_capture_temporary_bytes"":0,""frozen_capture_published_bytes"":12,""frozen_edge_scratch_bytes"":24,""region_scopes"":147,""max_region_scopes"":5,""call_collections_closed"":1,""call_collections_unresolved"":0,""call_memo_hits"":259,""solver_passes"":276,""solver_constraint_visits"":276,""occurs_steps"":6}",null
build/bench/cloud-principal-graphs/canonical-sources/boxes-32-valid.blot,113072c3fd9968bb97b4a870b18fed703b24968016edfcc6949a424e7efbf602,baseline,"[1362,1408,1440,1462,1472,1501,1512,1529,1543,1585,1594,1601,1617,1741,2083]","[1541,1589,1629,1659,1662,1696,1706,1754,1758,1789,1791,1794,1862,1958,2437]","[749394,749394,749394,749394,749394,749394,749394,749394,749394,749394,749394,749394,749394,749394,749394]","[154896,154896,154896,154896,154896,154896,154896,154896,154896,154896,154896,154896,154896,154896,154896]","{""semantic_component_batches"":0,""semantic_component_jobs"":0,""max_semantic_component_workers"":0,""inference_regions"":43,""canonical_specialization_queries"":32,""canonical_specialization_hits"":31,""solver_requested_bytes"":102212,""solver_allocations"":420,""scratch_requested_bytes"":102780,""scratch_allocations"":640,""max_solver_live_bytes"":2376,""max_scratch_live_bytes"":2684,""evidence_import_solver_bytes"":668,""evidence_import_scratch_bytes"":4736,""snapshot_copy_bytes"":0,""snapshot_copy_allocations"":0,""principal_copy_buffer_bytes"":3656,""principal_copy_buffer_allocations"":54,""frozen_capture_temporary_bytes"":0,""frozen_capture_published_bytes"":12,""frozen_edge_scratch_bytes"":24,""region_scopes"":51,""max_region_scopes"":5,""call_collections_closed"":1,""call_collections_unresolved"":0,""call_memo_hits"":67,""solver_passes"":84,""solver_constraint_visits"":84,""occurs_steps"":6}",null
build/bench/cloud-principal-graphs/canonical-sources/boxes-32-valid.blot,113072c3fd9968bb97b4a870b18fed703b24968016edfcc6949a424e7efbf602,default,"[1401,1404,1472,1482,1579,1582,1582,1589,1596,1697,1728,1784,1932,1979,2210]","[1602,1661,1674,1781,1789,1792,1846,1850,1873,1898,1916,2012,2123,2171,2445]","[755538,755538,755538,755538,755538,755538,755538,755538,755538,755538,755538,755538,755538,755538,755538]","[161040,161040,161040,161040,161040,161040,161040,161040,161040,161040,161040,161040,161040,161040,161040]","{""semantic_component_batches"":0,""semantic_component_jobs"":0,""max_semantic_component_workers"":0,""inference_regions"":43,""canonical_specialization_queries"":32,""canonical_specialization_hits"":31,""solver_requested_bytes"":102212,""solver_allocations"":420,""scratch_requested_bytes"":102780,""scratch_allocations"":640,""max_solver_live_bytes"":2376,""max_scratch_live_bytes"":2684,""evidence_import_solver_bytes"":668,""evidence_import_scratch_bytes"":4736,""snapshot_copy_bytes"":0,""snapshot_copy_allocations"":0,""principal_copy_buffer_bytes"":3656,""principal_copy_buffer_allocations"":54,""frozen_capture_temporary_bytes"":0,""frozen_capture_published_bytes"":12,""frozen_edge_scratch_bytes"":24,""region_scopes"":51,""max_region_scopes"":5,""call_collections_closed"":1,""call_collections_unresolved"":0,""call_memo_hits"":67,""solver_passes"":84,""solver_constraint_visits"":84,""occurs_steps"":6}",null
build/bench/cloud-principal-graphs/canonical-sources/boxes-8-valid.blot,3e8e1a77a15ba49a548540ad7817939ca7d6428ae76aa9cdc8590d2f242b687b,baseline,"[865,874,940,950,974,978,1013,1046,1068,1122,1132,1228,1236,1338,1432]","[1043,1092,1113,1118,1141,1146,1180,1228,1299,1306,1318,1420,1423,1506,1627]","[292868,292868,292868,292868,292868,292868,292868,292868,292868,292868,292868,292868,292868,292868,292868]","[79092,79092,79092,79092,79092,79092,79092,79092,79092,79092,79092,79092,79092,79092,79092]","{""semantic_component_batches"":0,""semantic_component_jobs"":0,""max_semantic_component_workers"":0,""inference_regions"":19,""canonical_specialization_queries"":8,""canonical_specialization_hits"":7,""solver_requested_bytes"":35300,""solver_allocations"":156,""scratch_requested_bytes"":44316,""scratch_allocations"":280,""max_solver_live_bytes"":2376,""max_scratch_live_bytes"":2684,""evidence_import_solver_bytes"":668,""evidence_import_scratch_bytes"":1664,""snapshot_copy_bytes"":0,""snapshot_copy_allocations"":0,""principal_copy_buffer_bytes"":3656,""principal_copy_buffer_allocations"":54,""frozen_capture_temporary_bytes"":0,""frozen_capture_published_bytes"":12,""frozen_edge_scratch_bytes"":24,""region_scopes"":27,""max_region_scopes"":5,""call_collections_closed"":1,""call_collections_unresolved"":0,""call_memo_hits"":19,""solver_passes"":36,""solver_constraint_visits"":36,""occurs_steps"":6}",null
build/bench/cloud-principal-graphs/canonical-sources/boxes-8-valid.blot,3e8e1a77a15ba49a548540ad7817939ca7d6428ae76aa9cdc8590d2f242b687b,default,"[926,954,956,972,982,983,985,1000,1022,1036,1081,1156,1265,1325,1624]","[1093,1121,1150,1154,1155,1159,1164,1164,1203,1211,1264,1393,1454,1643,1968]","[299012,299012,299012,299012,299012,299012,299012,299012,299012,299012,299012,299012,299012,299012,299012]","[85236,85236,85236,85236,85236,85236,85236,85236,85236,85236,85236,85236,85236,85236,85236]","{""semantic_component_batches"":0,""semantic_component_jobs"":0,""max_semantic_component_workers"":0,""inference_regions"":19,""canonical_specialization_queries"":8,""canonical_specialization_hits"":7,""solver_requested_bytes"":35300,""solver_allocations"":156,""scratch_requested_bytes"":44316,""scratch_allocations"":280,""max_solver_live_bytes"":2376,""max_scratch_live_bytes"":2684,""evidence_import_solver_bytes"":668,""evidence_import_scratch_bytes"":1664,""snapshot_copy_bytes"":0,""snapshot_copy_allocations"":0,""principal_copy_buffer_bytes"":3656,""principal_copy_buffer_allocations"":54,""frozen_capture_temporary_bytes"":0,""frozen_capture_published_bytes"":12,""frozen_edge_scratch_bytes"":24,""region_scopes"":27,""max_region_scopes"":5,""call_collections_closed"":1,""call_collections_unresolved"":0,""call_memo_hits"":19,""solver_passes"":36,""solver_constraint_visits"":36,""occurs_steps"":6}",null
build/bench/cloud-principal-graphs/canonical-sources/nested-128-valid.blot,caadb44b853ab60e9105f4d1f2d04dc63d22cdfd2b506d73dd29c71aa0b3f9ef,baseline,"[4435,4495,4744,4759,4785,4899,5011,5094,5120,5149,5252,5444,5797,5853,7595]","[4617,4680,4935,4968,4984,5143,5248,5313,5377,5466,5650,5710,6058,6149,7891]","[2874317,2874317,2874317,2874317,2874317,2874317,2874317,2874317,2874317,2874317,2874317,2874317,2874317,2874317,2874317]","[574838,574838,574838,574838,574838,574838,574838,574838,574838,574838,574838,574838,574838,574838,574838]","{""semantic_component_batches"":0,""semantic_component_jobs"":0,""max_semantic_component_workers"":0,""inference_regions"":275,""canonical_specialization_queries"":128,""canonical_specialization_hits"":0,""solver_requested_bytes"":987760,""solver_allocations"":3405,""scratch_requested_bytes"":678116,""scratch_allocations"":4175,""max_solver_live_bytes"":3576,""max_scratch_live_bytes"":3156,""evidence_import_solver_bytes"":560,""evidence_import_scratch_bytes"":33280,""snapshot_copy_bytes"":0,""snapshot_copy_allocations"":0,""principal_copy_buffer_bytes"":4904,""principal_copy_buffer_allocations"":67,""frozen_capture_temporary_bytes"":0,""frozen_capture_published_bytes"":1024,""frozen_edge_scratch_bytes"":1024,""region_scopes"":404,""max_region_scopes"":2,""call_collections_closed"":1,""call_collections_unresolved"":0,""call_memo_hits"":773,""solver_passes"":786,""solver_constraint_visits"":1304,""occurs_steps"":134}",null
build/bench/cloud-principal-graphs/canonical-sources/nested-128-valid.blot,caadb44b853ab60e9105f4d1f2d04dc63d22cdfd2b506d73dd29c71aa0b3f9ef,default,"[4274,4487,4532,4570,4634,4756,4925,5068,5076,5150,5158,5345,5921,5937,6320]","[4533,4679,4735,4759,4909,5022,5202,5306,5387,5428,5575,5611,6163,6179,6685]","[2880157,2880157,2880157,2880157,2880157,2880157,2880157,2880157,2880157,2880157,2880157,2880157,2880157,2880157,2880157]","[574838,574838,574838,574838,574838,574838,574838,574838,574838,574838,574838,574838,574838,574838,574838]","{""semantic_component_batches"":0,""semantic_component_jobs"":0,""max_semantic_component_workers"":0,""inference_regions"":275,""canonical_specialization_queries"":128,""canonical_specialization_hits"":0,""solver_requested_bytes"":987760,""solver_allocations"":3405,""scratch_requested_bytes"":678116,""scratch_allocations"":4175,""max_solver_live_bytes"":3576,""max_scratch_live_bytes"":3156,""evidence_import_solver_bytes"":560,""evidence_import_scratch_bytes"":33280,""snapshot_copy_bytes"":0,""snapshot_copy_allocations"":0,""principal_copy_buffer_bytes"":4904,""principal_copy_buffer_allocations"":67,""frozen_capture_temporary_bytes"":0,""frozen_capture_published_bytes"":1024,""frozen_edge_scratch_bytes"":1024,""region_scopes"":404,""max_region_scopes"":2,""call_collections_closed"":1,""call_collections_unresolved"":0,""call_memo_hits"":773,""solver_passes"":786,""solver_constraint_visits"":1304,""occurs_steps"":134}",null
build/bench/cloud-principal-graphs/canonical-sources/nested-32-valid.blot,46bff0e8155a6add5f8d79ef3d881855b4215306960d443a69df6086dc2e45d7,baseline,"[1712,1773,1788,1825,1957,1965,1978,1992,2060,2104,2114,2251,2316,2748,2962]","[1914,1982,2031,2062,2162,2200,2213,2259,2284,2321,2480,2574,2597,3125,3213]","[890297,890297,890297,890297,890297,890297,890297,890297,890297,890297,890297,890297,890297,890297,890297]","[173965,173965,173965,173965,173965,173965,173965,173965,173965,173965,173965,173965,173965,173965,173965]","{""semantic_component_batches"":0,""semantic_component_jobs"":0,""max_semantic_component_workers"":0,""inference_regions"":83,""canonical_specialization_queries"":32,""canonical_specialization_hits"":0,""solver_requested_bytes"":258544,""solver_allocations"":909,""scratch_requested_bytes"":194276,""scratch_allocations"":1199,""max_solver_live_bytes"":3576,""max_scratch_live_bytes"":3156,""evidence_import_solver_bytes"":560,""evidence_import_scratch_bytes"":8704,""snapshot_copy_bytes"":0,""snapshot_copy_allocations"":0,""principal_copy_buffer_bytes"":4904,""principal_copy_buffer_allocations"":67,""frozen_capture_temporary_bytes"":0,""frozen_capture_published_bytes"":256,""frozen_edge_scratch_bytes"":256,""region_scopes"":116,""max_region_scopes"":2,""call_collections_closed"":1,""call_collections_unresolved"":0,""call_memo_hits"":197,""solver_passes"":210,""solver_constraint_visits"":344,""occurs_steps"":38}",null
build/bench/cloud-principal-graphs/canonical-sources/nested-32-valid.blot,46bff0e8155a6add5f8d79ef3d881855b4215306960d443a69df6086dc2e45d7,default,"[1675,1740,1800,1856,1920,1924,1954,2023,2035,2070,2257,2356,2464,2562,2618]","[1906,1935,2022,2123,2160,2167,2295,2299,2301,2428,2568,2682,2762,2839,2876]","[896137,896137,896137,896137,896137,896137,896137,896137,896137,896137,896137,896137,896137,896137,896137]","[179805,179805,179805,179805,179805,179805,179805,179805,179805,179805,179805,179805,179805,179805,179805]","{""semantic_component_batches"":0,""semantic_component_jobs"":0,""max_semantic_component_workers"":0,""inference_regions"":83,""canonical_specialization_queries"":32,""canonical_specialization_hits"":0,""solver_requested_bytes"":258544,""solver_allocations"":909,""scratch_requested_bytes"":194276,""scratch_allocations"":1199,""max_solver_live_bytes"":3576,""max_scratch_live_bytes"":3156,""evidence_import_solver_bytes"":560,""evidence_import_scratch_bytes"":8704,""snapshot_copy_bytes"":0,""snapshot_copy_allocations"":0,""principal_copy_buffer_bytes"":4904,""principal_copy_buffer_allocations"":67,""frozen_capture_temporary_bytes"":0,""frozen_capture_published_bytes"":256,""frozen_edge_scratch_bytes"":256,""region_scopes"":116,""max_region_scopes"":2,""call_collections_closed"":1,""call_collections_unresolved"":0,""call_memo_hits"":197,""solver_passes"":210,""solver_constraint_visits"":344,""occurs_steps"":38}",null
build/bench/cloud-principal-graphs/canonical-sources/nested-8-valid.blot,09e1f6fb31eea3f5f92a360f2a30d5a07e6d5f52f0784bed0721180cc038e62e,baseline,"[959,1010,1018,1072,1074,1080,1081,1097,1110,1119,1155,1210,1271,1568,1744]","[1131,1185,1251,1257,1273,1298,1317,1320,1333,1338,1396,1405,1477,1754,2058]","[354494,354494,354494,354494,354494,354494,354494,354494,354494,354494,354494,354494,354494,354494,354494]","[101555,101555,101555,101555,101555,101555,101555,101555,101555,101555,101555,101555,101555,101555,101555]","{""semantic_component_batches"":0,""semantic_component_jobs"":0,""max_semantic_component_workers"":0,""inference_regions"":35,""canonical_specialization_queries"":8,""canonical_specialization_hits"":0,""solver_requested_bytes"":76240,""solver_allocations"":285,""scratch_requested_bytes"":73316,""scratch_allocations"":455,""max_solver_live_bytes"":3576,""max_scratch_live_bytes"":3156,""evidence_import_solver_bytes"":560,""evidence_import_scratch_bytes"":2560,""snapshot_copy_bytes"":0,""snapshot_copy_allocations"":0,""principal_copy_buffer_bytes"":4904,""principal_copy_buffer_allocations"":67,""frozen_capture_temporary_bytes"":0,""frozen_capture_published_bytes"":64,""frozen_edge_scratch_bytes"":64,""region_scopes"":44,""max_region_scopes"":2,""call_collections_closed"":1,""call_collections_unresolved"":0,""call_memo_hits"":53,""solver_passes"":66,""solver_constraint_visits"":104,""occurs_steps"":14}",null
build/bench/cloud-principal-graphs/canonical-sources/nested-8-valid.blot,09e1f6fb31eea3f5f92a360f2a30d5a07e6d5f52f0784bed0721180cc038e62e,default,"[999,1031,1041,1062,1129,1131,1132,1147,1199,1247,1254,1377,1385,1620,1883]","[1211,1231,1264,1293,1306,1337,1340,1378,1457,1493,1527,1582,1699,1846,2110]","[360334,360334,360334,360334,360334,360334,360334,360334,360334,360334,360334,360334,360334,360334,360334]","[107395,107395,107395,107395,107395,107395,107395,107395,107395,107395,107395,107395,107395,107395,107395]","{""semantic_component_batches"":0,""semantic_component_jobs"":0,""max_semantic_component_workers"":0,""inference_regions"":35,""canonical_specialization_queries"":8,""canonical_specialization_hits"":0,""solver_requested_bytes"":76240,""solver_allocations"":285,""scratch_requested_bytes"":73316,""scratch_allocations"":455,""max_solver_live_bytes"":3576,""max_scratch_live_bytes"":3156,""evidence_import_solver_bytes"":560,""evidence_import_scratch_bytes"":2560,""snapshot_copy_bytes"":0,""snapshot_copy_allocations"":0,""principal_copy_buffer_bytes"":4904,""principal_copy_buffer_allocations"":67,""frozen_capture_temporary_bytes"":0,""frozen_capture_published_bytes"":64,""frozen_edge_scratch_bytes"":64,""region_scopes"":44,""max_region_scopes"":2,""call_collections_closed"":1,""call_collections_unresolved"":0,""call_memo_hits"":53,""solver_passes"":66,""solver_constraint_visits"":104,""occurs_steps"":14}",null
build/bench/cloud-principal-graphs/canonical-sources/scalar-128-valid.blot,90695fcd55f2605dac68ec18b3fe3f2df15018cee205fc1b0294b3e9190ed53b,baseline,"[2437,2481,2485,2624,2641,2706,2707,2791,2847,2887,2890,2978,3275,3314,3397]","[2663,2670,2670,2795,2895,2896,2903,3005,3099,3110,3181,3189,3541,3585,3626]","[1928594,1928594,1928594,1928594,1928594,1928594,1928594,1928594,1928594,1928594,1928594,1928594,1928594,1928594,1928594]","[369467,369467,369467,369467,369467,369467,369467,369467,369467,369467,369467,369467,369467,369467,369467]","{""semantic_component_batches"":0,""semantic_component_jobs"":0,""max_semantic_component_workers"":0,""inference_regions"":141,""canonical_specialization_queries"":128,""canonical_specialization_hits"":127,""solver_requested_bytes"":345632,""solver_allocations"":1312,""scratch_requested_bytes"":229012,""scratch_allocations"":1422,""max_solver_live_bytes"":2156,""max_scratch_live_bytes"":2732,""evidence_import_solver_bytes"":0,""evidence_import_scratch_bytes"":16512,""snapshot_copy_bytes"":0,""snapshot_copy_allocations"":0,""principal_copy_buffer_bytes"":2960,""principal_copy_buffer_allocations"":48,""frozen_capture_temporary_bytes"":0,""frozen_capture_published_bytes"":4,""frozen_edge_scratch_bytes"":0,""region_scopes"":141,""max_region_scopes"":1,""call_collections_closed"":0,""call_collections_unresolved"":0,""call_memo_hits"":256,""solver_passes"":264,""solver_constraint_visits"":268,""occurs_steps"":0}",null
build/bench/cloud-principal-graphs/canonical-sources/scalar-128-valid.blot,90695fcd55f2605dac68ec18b3fe3f2df15018cee205fc1b0294b3e9190ed53b,default,"[2512,2538,2592,2649,2679,2680,2787,2791,2818,2927,2974,3017,3018,3157,3334]","[2697,2732,2781,2850,2869,2899,2992,3040,3048,3141,3164,3211,3236,3368,3672]","[1934738,1934738,1934738,1934738,1934738,1934738,1934738,1934738,1934738,1934738,1934738,1934738,1934738,1934738,1934738]","[375611,375611,375611,375611,375611,375611,375611,375611,375611,375611,375611,375611,375611,375611,375611]","{""semantic_component_batches"":0,""semantic_component_jobs"":0,""max_semantic_component_workers"":0,""inference_regions"":141,""canonical_specialization_queries"":128,""canonical_specialization_hits"":127,""solver_requested_bytes"":345632,""solver_allocations"":1312,""scratch_requested_bytes"":229012,""scratch_allocations"":1422,""max_solver_live_bytes"":2156,""max_scratch_live_bytes"":2732,""evidence_import_solver_bytes"":0,""evidence_import_scratch_bytes"":16512,""snapshot_copy_bytes"":0,""snapshot_copy_allocations"":0,""principal_copy_buffer_bytes"":2960,""principal_copy_buffer_allocations"":48,""frozen_capture_temporary_bytes"":0,""frozen_capture_published_bytes"":4,""frozen_edge_scratch_bytes"":0,""region_scopes"":141,""max_region_scopes"":1,""call_collections_closed"":0,""call_collections_unresolved"":0,""call_memo_hits"":256,""solver_passes"":264,""solver_constraint_visits"":268,""occurs_steps"":0}",null
build/bench/cloud-principal-graphs/canonical-sources/scalar-32-valid.blot,20410a6beaa48e726d4e89562df86f995bab651c159bb65abe4c8a01ed464250,baseline,"[1136,1156,1158,1173,1185,1218,1262,1269,1273,1294,1316,1813,1844,1930,1948]","[1315,1361,1363,1365,1397,1440,1445,1468,1481,1501,1539,2021,2052,2105,2200]","[579166,579166,579166,579166,579166,579166,579166,579166,579166,579166,579166,579166,579166,579166,579166]","[134768,134768,134768,134768,134768,134768,134768,134768,134768,134768,134768,134768,134768,134768,134768]","{""semantic_component_batches"":0,""semantic_component_jobs"":0,""max_semantic_component_workers"":0,""inference_regions"":45,""canonical_specialization_queries"":32,""canonical_specialization_hits"":31,""solver_requested_bytes"":90656,""solver_allocations"":352,""scratch_requested_bytes"":73492,""scratch_allocations"":462,""max_solver_live_bytes"":2156,""max_scratch_live_bytes"":2732,""evidence_import_solver_bytes"":0,""evidence_import_scratch_bytes"":4224,""snapshot_copy_bytes"":0,""snapshot_copy_allocations"":0,""principal_copy_buffer_bytes"":2960,""principal_copy_buffer_allocations"":48,""frozen_capture_temporary_bytes"":0,""frozen_capture_published_bytes"":4,""frozen_edge_scratch_bytes"":0,""region_scopes"":45,""max_region_scopes"":1,""call_collections_closed"":0,""call_collections_unresolved"":0,""call_memo_hits"":64,""solver_passes"":72,""solver_constraint_visits"":76,""occurs_steps"":0}",null
build/bench/cloud-principal-graphs/canonical-sources/scalar-32-valid.blot,20410a6beaa48e726d4e89562df86f995bab651c159bb65abe4c8a01ed464250,default,"[1175,1188,1212,1219,1276,1288,1299,1315,1320,1332,1428,1754,1833,1969,2181]","[1369,1394,1461,1470,1476,1496,1505,1521,1529,1562,1615,1932,2012,2145,2510]","[585310,585310,585310,585310,585310,585310,585310,585310,585310,585310,585310,585310,585310,585310,585310]","[140912,140912,140912,140912,140912,140912,140912,140912,140912,140912,140912,140912,140912,140912,140912]","{""semantic_component_batches"":0,""semantic_component_jobs"":0,""max_semantic_component_workers"":0,""inference_regions"":45,""canonical_specialization_queries"":32,""canonical_specialization_hits"":31,""solver_requested_bytes"":90656,""solver_allocations"":352,""scratch_requested_bytes"":73492,""scratch_allocations"":462,""max_solver_live_bytes"":2156,""max_scratch_live_bytes"":2732,""evidence_import_solver_bytes"":0,""evidence_import_scratch_bytes"":4224,""snapshot_copy_bytes"":0,""snapshot_copy_allocations"":0,""principal_copy_buffer_bytes"":2960,""principal_copy_buffer_allocations"":48,""frozen_capture_temporary_bytes"":0,""frozen_capture_published_bytes"":4,""frozen_edge_scratch_bytes"":0,""region_scopes"":45,""max_region_scopes"":1,""call_collections_closed"":0,""call_collections_unresolved"":0,""call_memo_hits"":64,""solver_passes"":72,""solver_constraint_visits"":76,""occurs_steps"":0}",null
build/bench/cloud-principal-graphs/canonical-sources/scalar-8-valid.blot,187fb088ca21e4a7e094bf368417114d276a1c45853e740014ef4aa6dcab9900,baseline,"[745,849,851,855,874,875,879,889,916,921,1007,1023,1096,1181,1395]","[979,1017,1024,1027,1044,1079,1101,1130,1177,1186,1195,1221,1325,1353,1585]","[229197,229197,229197,229197,229197,229197,229197,229197,229197,229197,229197,229197,229197,229197,229197]","[73681,73681,73681,73681,73681,73681,73681,73681,73681,73681,73681,73681,73681,73681,73681]","{""semantic_component_batches"":0,""semantic_component_jobs"":0,""max_semantic_component_workers"":0,""inference_regions"":21,""canonical_specialization_queries"":8,""canonical_specialization_hits"":7,""solver_requested_bytes"":26912,""solver_allocations"":112,""scratch_requested_bytes"":34612,""scratch_allocations"":222,""max_solver_live_bytes"":2156,""max_scratch_live_bytes"":2732,""evidence_import_solver_bytes"":0,""evidence_import_scratch_bytes"":1152,""snapshot_copy_bytes"":0,""snapshot_copy_allocations"":0,""principal_copy_buffer_bytes"":2960,""principal_copy_buffer_allocations"":48,""frozen_capture_temporary_bytes"":0,""frozen_capture_published_bytes"":4,""frozen_edge_scratch_bytes"":0,""region_scopes"":21,""max_region_scopes"":1,""call_collections_closed"":0,""call_collections_unresolved"":0,""call_memo_hits"":16,""solver_passes"":24,""solver_constraint_visits"":28,""occurs_steps"":0}",null
build/bench/cloud-principal-graphs/canonical-sources/scalar-8-valid.blot,187fb088ca21e4a7e094bf368417114d276a1c45853e740014ef4aa6dcab9900,default,"[822,844,861,867,878,901,924,941,943,956,985,998,1067,1342,1641]","[994,1006,1052,1058,1086,1094,1098,1120,1120,1132,1180,1188,1234,1545,1866]","[235341,235341,235341,235341,235341,235341,235341,235341,235341,235341,235341,235341,235341,235341,235341]","[79825,79825,79825,79825,79825,79825,79825,79825,79825,79825,79825,79825,79825,79825,79825]","{""semantic_component_batches"":0,""semantic_component_jobs"":0,""max_semantic_component_workers"":0,""inference_regions"":21,""canonical_specialization_queries"":8,""canonical_specialization_hits"":7,""solver_requested_bytes"":26912,""solver_allocations"":112,""scratch_requested_bytes"":34612,""scratch_allocations"":222,""max_solver_live_bytes"":2156,""max_scratch_live_bytes"":2732,""evidence_import_solver_bytes"":0,""evidence_import_scratch_bytes"":1152,""snapshot_copy_bytes"":0,""snapshot_copy_allocations"":0,""principal_copy_buffer_bytes"":2960,""principal_copy_buffer_allocations"":48,""frozen_capture_temporary_bytes"":0,""frozen_capture_published_bytes"":4,""frozen_edge_scratch_bytes"":0,""region_scopes"":21,""max_region_scopes"":1,""call_collections_closed"":0,""call_collections_unresolved"":0,""call_memo_hits"":16,""solver_passes"":24,""solver_constraint_visits"":28,""occurs_steps"":0}",null
build/bench/cloud-principal-graphs/allocation-sources/wide-128-valid.blot,ea00ec430a58f381a45bd569b3909df71b84c707f6b65aabf0f5db338a157ab6,baseline,"[3434,3551,3618,3632,3735,3743,3961,4025,4099,4126,4268,4274,4422,5364,5522]","[3638,3746,3807,3845,3955,4055,4139,4278,4288,4348,4528,4643,4699,5661,5793]","[2865159,2865159,2865159,2865159,2865159,2865159,2865159,2865159,2865159,2865159,2865159,2865159,2865159,2865159,2865159]","[676698,676698,676698,676698,676698,676698,676698,676698,676698,676698,676698,676698,676698,676698,676698]","{""semantic_component_batches"":0,""semantic_component_jobs"":0,""max_semantic_component_workers"":0,""inference_regions"":69,""canonical_specialization_queries"":16,""canonical_specialization_hits"":0,""solver_requested_bytes"":135776,""solver_allocations"":490,""scratch_requested_bytes"":214196,""scratch_allocations"":1001,""max_solver_live_bytes"":3264,""max_scratch_live_bytes"":4628,""evidence_import_solver_bytes"":0,""evidence_import_scratch_bytes"":4224,""snapshot_copy_bytes"":0,""snapshot_copy_allocations"":0,""principal_copy_buffer_bytes"":10048,""principal_copy_buffer_allocations"":144,""frozen_capture_temporary_bytes"":0,""frozen_capture_published_bytes"":8192,""frozen_edge_scratch_bytes"":0,""region_scopes"":134,""max_region_scopes"":4,""call_collections_closed"":33,""call_collections_unresolved"":0,""call_memo_hits"":67,""solver_passes"":71,""solver_constraint_visits"":38,""occurs_steps"":0}",null
build/bench/cloud-principal-graphs/allocation-sources/wide-128-valid.blot,ea00ec430a58f381a45bd569b3909df71b84c707f6b65aabf0f5db338a157ab6,default,"[3459,3584,3679,3680,3783,3801,3833,3852,4046,4060,4160,4395,4407,4421,6875]","[3636,3856,3892,3945,4015,4051,4072,4196,4277,4390,4393,4594,4604,4693,7114]","[2873191,2873191,2873191,2873191,2873191,2873191,2873191,2873191,2873191,2873191,2873191,2873191,2873191,2873191,2873191]","[678878,678878,678878,678878,678878,678878,678878,678878,678878,678878,678878,678878,678878,678878,678878]","{""semantic_component_batches"":0,""semantic_component_jobs"":0,""max_semantic_component_workers"":0,""inference_regions"":69,""canonical_specialization_queries"":16,""canonical_specialization_hits"":0,""solver_requested_bytes"":135776,""solver_allocations"":490,""scratch_requested_bytes"":214196,""scratch_allocations"":1001,""max_solver_live_bytes"":3264,""max_scratch_live_bytes"":4628,""evidence_import_solver_bytes"":0,""evidence_import_scratch_bytes"":4224,""snapshot_copy_bytes"":0,""snapshot_copy_allocations"":0,""principal_copy_buffer_bytes"":10048,""principal_copy_buffer_allocations"":144,""frozen_capture_temporary_bytes"":0,""frozen_capture_published_bytes"":8192,""frozen_edge_scratch_bytes"":0,""region_scopes"":134,""max_region_scopes"":4,""call_collections_closed"":33,""call_collections_unresolved"":0,""call_memo_hits"":67,""solver_passes"":71,""solver_constraint_visits"":38,""occurs_steps"":0}",null
build/bench/cloud-principal-graphs/allocation-sources/wide-32-valid.blot,c5b1486984605f09d7f12c0ff8e6b851b5ed433cce10151bb00d9862a8d0ac3e,baseline,"[1952,1965,2039,2126,2145,2177,2185,2200,2211,2297,2358,2361,2367,2545,2609]","[2136,2142,2280,2327,2356,2370,2416,2443,2452,2569,2598,2628,2701,2813,2821]","[1267852,1267852,1267852,1267852,1267852,1267852,1267852,1267852,1267852,1267852,1267852,1267852,1267852,1267852,1267852]","[291610,291610,291610,291610,291610,291610,291610,291610,291610,291610,291610,291610,291610,291610,291610]","{""semantic_component_batches"":0,""semantic_component_jobs"":0,""max_semantic_component_workers"":0,""inference_regions"":69,""canonical_specialization_queries"":16,""canonical_specialization_hits"":0,""solver_requested_bytes"":135776,""solver_allocations"":490,""scratch_requested_bytes"":177384,""scratch_allocations"":998,""max_solver_live_bytes"":3264,""max_scratch_live_bytes"":2712,""evidence_import_solver_bytes"":0,""evidence_import_scratch_bytes"":4224,""snapshot_copy_bytes"":0,""snapshot_copy_allocations"":0,""principal_copy_buffer_bytes"":10048,""principal_copy_buffer_allocations"":144,""frozen_capture_temporary_bytes"":0,""frozen_capture_published_bytes"":2048,""frozen_edge_scratch_bytes"":0,""region_scopes"":134,""max_region_scopes"":4,""call_collections_closed"":33,""call_collections_unresolved"":0,""call_memo_hits"":67,""solver_passes"":71,""solver_constraint_visits"":38,""occurs_steps"":0}",null
build/bench/cloud-principal-graphs/allocation-sources/wide-32-valid.blot,c5b1486984605f09d7f12c0ff8e6b851b5ed433cce10151bb00d9862a8d0ac3e,default,"[2047,2090,2118,2127,2138,2185,2312,2350,2392,2427,2513,2519,2522,2522,2995]","[2278,2304,2309,2353,2373,2418,2557,2571,2600,2667,2697,2714,2742,2757,3175]","[1275884,1275884,1275884,1275884,1275884,1275884,1275884,1275884,1275884,1275884,1275884,1275884,1275884,1275884,1275884]","[298842,298842,298842,298842,298842,298842,298842,298842,298842,298842,298842,298842,298842,298842,298842]","{""semantic_component_batches"":0,""semantic_component_jobs"":0,""max_semantic_component_workers"":0,""inference_regions"":69,""canonical_specialization_queries"":16,""canonical_specialization_hits"":0,""solver_requested_bytes"":135776,""solver_allocations"":490,""scratch_requested_bytes"":177384,""scratch_allocations"":998,""max_solver_live_bytes"":3264,""max_scratch_live_bytes"":2712,""evidence_import_solver_bytes"":0,""evidence_import_scratch_bytes"":4224,""snapshot_copy_bytes"":0,""snapshot_copy_allocations"":0,""principal_copy_buffer_bytes"":10048,""principal_copy_buffer_allocations"":144,""frozen_capture_temporary_bytes"":0,""frozen_capture_published_bytes"":2048,""frozen_edge_scratch_bytes"":0,""region_scopes"":134,""max_region_scopes"":4,""call_collections_closed"":33,""call_collections_unresolved"":0,""call_memo_hits"":67,""solver_passes"":71,""solver_constraint_visits"":38,""occurs_steps"":0}",null
build/bench/cloud-principal-graphs/allocation-sources/wide-8-valid.blot,397a1b431e8574c84cf2584687056f03a0b6917e353f8040596c4165e9d53fa6,baseline,"[1480,1499,1544,1554,1597,1697,1699,1726,1736,1764,1860,1860,2045,2245,2262]","[1674,1675,1763,1781,1788,1867,1883,1910,1919,1959,2037,2205,2413,2491,2695]","[827377,827377,827377,827377,827377,827377,827377,827377,827377,827377,827377,827377,827377,827377,827377]","[199521,199521,199521,199521,199521,199521,199521,199521,199521,199521,199521,199521,199521,199521,199521]","{""semantic_component_batches"":0,""semantic_component_jobs"":0,""max_semantic_component_workers"":0,""inference_regions"":69,""canonical_specialization_queries"":16,""canonical_specialization_hits"":0,""solver_requested_bytes"":135776,""solver_allocations"":490,""scratch_requested_bytes"":152760,""scratch_allocations"":941,""max_solver_live_bytes"":3264,""max_scratch_live_bytes"":2644,""evidence_import_solver_bytes"":0,""evidence_import_scratch_bytes"":4224,""snapshot_copy_bytes"":0,""snapshot_copy_allocations"":0,""principal_copy_buffer_bytes"":10048,""principal_copy_buffer_allocations"":144,""frozen_capture_temporary_bytes"":0,""frozen_capture_published_bytes"":512,""frozen_edge_scratch_bytes"":0,""region_scopes"":134,""max_region_scopes"":4,""call_collections_closed"":33,""call_collections_unresolved"":0,""call_memo_hits"":67,""solver_passes"":71,""solver_constraint_visits"":38,""occurs_steps"":0}",null
build/bench/cloud-principal-graphs/allocation-sources/wide-8-valid.blot,397a1b431e8574c84cf2584687056f03a0b6917e353f8040596c4165e9d53fa6,default,"[1509,1523,1533,1580,1583,1640,1685,1705,1736,1765,1789,1842,1888,1996,2258]","[1691,1706,1763,1768,1779,1869,1900,1916,1977,1986,2004,2021,2090,2198,2485]","[835409,835409,835409,835409,835409,835409,835409,835409,835409,835409,835409,835409,835409,835409,835409]","[206753,206753,206753,206753,206753,206753,206753,206753,206753,206753,206753,206753,206753,206753,206753]","{""semantic_component_batches"":0,""semantic_component_jobs"":0,""max_semantic_component_workers"":0,""inference_regions"":69,""canonical_specialization_queries"":16,""canonical_specialization_hits"":0,""solver_requested_bytes"":135776,""solver_allocations"":490,""scratch_requested_bytes"":152760,""scratch_allocations"":941,""max_solver_live_bytes"":3264,""max_scratch_live_bytes"":2644,""evidence_import_solver_bytes"":0,""evidence_import_scratch_bytes"":4224,""snapshot_copy_bytes"":0,""snapshot_copy_allocations"":0,""principal_copy_buffer_bytes"":10048,""principal_copy_buffer_allocations"":144,""frozen_capture_temporary_bytes"":0,""frozen_capture_published_bytes"":512,""frozen_edge_scratch_bytes"":0,""region_scopes"":134,""max_region_scopes"":4,""call_collections_closed"":33,""call_collections_unresolved"":0,""call_memo_hits"":67,""solver_passes"":71,""solver_constraint_visits"":38,""occurs_steps"":0}",null
build/bench/cloud-principal-graphs/jobs-sources/wide-128-valid.blot,07790ca106cf90a4855f40f26d760a32a4f4247a1a9c254786efeff9465699ca,baseline,"[3533,3616,3645,3672,3751,3760,3817,3822,3854,3858,3912,4016,4090,4306,4425]","[3749,3894,3902,3911,3960,4036,4055,4099,4121,4129,4151,4205,4289,4490,4695]","[3168641,3168641,3168641,3168641,3168641,3168641,3168641,3168641,3168641,3168641,3168641,3168641,3168641,3168641,3168641]","[866693,866693,866693,866693,866693,866693,866693,866693,866693,866693,866693,866693,866693,866693,866693]","{""semantic_component_batches"":0,""semantic_component_jobs"":0,""max_semantic_component_workers"":0,""inference_regions"":258,""canonical_specialization_queries"":0,""canonical_specialization_hits"":0,""solver_requested_bytes"":398316,""solver_allocations"":1849,""scratch_requested_bytes"":365612,""scratch_allocations"":1481,""max_solver_live_bytes"":35756,""max_scratch_live_bytes"":46712,""evidence_import_solver_bytes"":0,""evidence_import_scratch_bytes"":128,""snapshot_copy_bytes"":0,""snapshot_copy_allocations"":0,""principal_copy_buffer_bytes"":0,""principal_copy_buffer_allocations"":0,""frozen_capture_temporary_bytes"":0,""frozen_capture_published_bytes"":0,""frozen_edge_scratch_bytes"":0,""region_scopes"":386,""max_region_scopes"":129,""call_collections_closed"":0,""call_collections_unresolved"":0,""call_memo_hits"":128,""solver_passes"":261,""solver_constraint_visits"":256,""occurs_steps"":0}",null
build/bench/cloud-principal-graphs/jobs-sources/wide-128-valid.blot,07790ca106cf90a4855f40f26d760a32a4f4247a1a9c254786efeff9465699ca,default,"[3582,3604,3622,3653,3826,3906,3913,4012,4095,4439,4516,4672,5006,5108,5617]","[3775,3822,3837,3840,4071,4099,4105,4218,4279,4836,4867,4995,5237,5349,5856]","[3215393,3215393,3215393,3215393,3215393,3215393,3215393,3215393,3215393,3215393,3215393,3215393,3215393,3215393,3215393]","[866693,866693,866693,866693,866693,866693,866693,866693,866693,866693,866693,866693,866693,866693,866693]","{""semantic_component_batches"":0,""semantic_component_jobs"":0,""max_semantic_component_workers"":0,""inference_regions"":258,""canonical_specialization_queries"":0,""canonical_specialization_hits"":0,""solver_requested_bytes"":398316,""solver_allocations"":1849,""scratch_requested_bytes"":365612,""scratch_allocations"":1481,""max_solver_live_bytes"":35756,""max_scratch_live_bytes"":46712,""evidence_import_solver_bytes"":0,""evidence_import_scratch_bytes"":128,""snapshot_copy_bytes"":0,""snapshot_copy_allocations"":0,""principal_copy_buffer_bytes"":0,""principal_copy_buffer_allocations"":0,""frozen_capture_temporary_bytes"":0,""frozen_capture_published_bytes"":0,""frozen_edge_scratch_bytes"":0,""region_scopes"":386,""max_region_scopes"":129,""call_collections_closed"":0,""call_collections_unresolved"":0,""call_memo_hits"":128,""solver_passes"":261,""solver_constraint_visits"":256,""occurs_steps"":0}",null
build/bench/cloud-principal-graphs/jobs-sources/wide-32-valid.blot,58b0513ff6eb1720cf42e1759039820b500a8deb4d75d53c17aabcb55e2878c4,baseline,"[1355,1359,1366,1375,1378,1402,1424,1485,1520,1592,1654,1724,1984,2195,2626]","[1569,1573,1578,1604,1623,1626,1688,1689,1721,1787,1886,2162,2198,2573,2933]","[832887,832887,832887,832887,832887,832887,832887,832887,832887,832887,832887,832887,832887,832887,832887]","[226596,226596,226596,226596,226596,226596,226596,226596,226596,226596,226596,226596,226596,226596,226596]","{""semantic_component_batches"":0,""semantic_component_jobs"":0,""max_semantic_component_workers"":0,""inference_regions"":66,""canonical_specialization_queries"":0,""canonical_specialization_hits"":0,""solver_requested_bytes"":103228,""solver_allocations"":486,""scratch_requested_bytes"":93624,""scratch_allocations"":404,""max_solver_live_bytes"":12124,""max_scratch_live_bytes"":13076,""evidence_import_solver_bytes"":0,""evidence_import_scratch_bytes"":128,""snapshot_copy_bytes"":0,""snapshot_copy_allocations"":0,""principal_copy_buffer_bytes"":0,""principal_copy_buffer_allocations"":0,""frozen_capture_temporary_bytes"":0,""frozen_capture_published_bytes"":0,""frozen_edge_scratch_bytes"":0,""region_scopes"":98,""max_region_scopes"":33,""call_collections_closed"":0,""call_collections_unresolved"":0,""call_memo_hits"":32,""solver_passes"":69,""solver_constraint_visits"":64,""occurs_steps"":0}",null
build/bench/cloud-principal-graphs/jobs-sources/wide-32-valid.blot,58b0513ff6eb1720cf42e1759039820b500a8deb4d75d53c17aabcb55e2878c4,default,"[1324,1340,1410,1508,1517,1551,1573,1591,1594,1690,1744,1960,2053,2149,2351]","[1503,1538,1593,1706,1728,1733,1778,1798,1799,1997,2003,2214,2273,2586,2934]","[852055,852055,852055,852055,852055,852055,852055,852055,852055,852055,852055,852055,852055,852055,852055]","[226596,226596,226596,226596,226596,226596,226596,226596,226596,226596,226596,226596,226596,226596,226596]","{""semantic_component_batches"":0,""semantic_component_jobs"":0,""max_semantic_component_workers"":0,""inference_regions"":66,""canonical_specialization_queries"":0,""canonical_specialization_hits"":0,""solver_requested_bytes"":103228,""solver_allocations"":486,""scratch_requested_bytes"":93624,""scratch_allocations"":404,""max_solver_live_bytes"":12124,""max_scratch_live_bytes"":13076,""evidence_import_solver_bytes"":0,""evidence_import_scratch_bytes"":128,""snapshot_copy_bytes"":0,""snapshot_copy_allocations"":0,""principal_copy_buffer_bytes"":0,""principal_copy_buffer_allocations"":0,""frozen_capture_temporary_bytes"":0,""frozen_capture_published_bytes"":0,""frozen_edge_scratch_bytes"":0,""region_scopes"":98,""max_region_scopes"":33,""call_collections_closed"":0,""call_collections_unresolved"":0,""call_memo_hits"":32,""solver_passes"":69,""solver_constraint_visits"":64,""occurs_steps"":0}",null
build/bench/cloud-principal-graphs/jobs-sources/wide-8-valid.blot,4852cdb5c1dc7aa488f2e51ab644f6d9f5cbf4c857856ca2fe084bfda1af3827,baseline,"[739,755,757,800,800,850,870,881,906,926,943,970,981,1069,2517]","[907,925,986,992,1045,1064,1088,1111,1113,1131,1152,1212,1263,1307,2708]","[216548,216548,216548,216548,216548,216548,216548,216548,216548,216548,216548,216548,216548,216548,216548]","[60044,60044,60044,60044,60044,60044,60044,60044,60044,60044,60044,60044,60044,60044,60044]","{""semantic_component_batches"":0,""semantic_component_jobs"":0,""max_semantic_component_workers"":0,""inference_regions"":18,""canonical_specialization_queries"":0,""canonical_specialization_hits"":0,""solver_requested_bytes"":24240,""solver_allocations"":134,""scratch_requested_bytes"":21592,""scratch_allocations"":116,""max_solver_live_bytes"":3072,""max_scratch_live_bytes"":3364,""evidence_import_solver_bytes"":0,""evidence_import_scratch_bytes"":128,""snapshot_copy_bytes"":0,""snapshot_copy_allocations"":0,""principal_copy_buffer_bytes"":0,""principal_copy_buffer_allocations"":0,""frozen_capture_temporary_bytes"":0,""frozen_capture_published_bytes"":0,""frozen_edge_scratch_bytes"":0,""region_scopes"":26,""max_region_scopes"":9,""call_collections_closed"":0,""call_collections_unresolved"":0,""call_memo_hits"":8,""solver_passes"":21,""solver_constraint_visits"":24,""occurs_steps"":0}",null
build/bench/cloud-principal-graphs/jobs-sources/wide-8-valid.blot,4852cdb5c1dc7aa488f2e51ab644f6d9f5cbf4c857856ca2fe084bfda1af3827,default,"[793,799,802,807,807,847,873,881,881,914,928,947,979,1091,1117]","[983,986,1014,1032,1039,1065,1076,1085,1161,1197,1234,1241,1267,1301,1349]","[217348,217348,217348,217348,217348,217348,217348,217348,217348,217348,217348,217348,217348,217348,217348]","[60044,60044,60044,60044,60044,60044,60044,60044,60044,60044,60044,60044,60044,60044,60044]","{""semantic_component_batches"":0,""semantic_component_jobs"":0,""max_semantic_component_workers"":0,""inference_regions"":18,""canonical_specialization_queries"":0,""canonical_specialization_hits"":0,""solver_requested_bytes"":24240,""solver_allocations"":134,""scratch_requested_bytes"":21592,""scratch_allocations"":116,""max_solver_live_bytes"":3072,""max_scratch_live_bytes"":3364,""evidence_import_solver_bytes"":0,""evidence_import_scratch_bytes"":128,""snapshot_copy_bytes"":0,""snapshot_copy_allocations"":0,""principal_copy_buffer_bytes"":0,""principal_copy_buffer_allocations"":0,""frozen_capture_temporary_bytes"":0,""frozen_capture_published_bytes"":0,""frozen_edge_scratch_bytes"":0,""region_scopes"":26,""max_region_scopes"":9,""call_collections_closed"":0,""call_collections_unresolved"":0,""call_memo_hits"":8,""solver_passes"":21,""solver_constraint_visits"":24,""occurs_steps"":0}",null
build/bench/cloud-principal-graphs/query-sources/refinement-128.blot,583e9144b65e081634a28c5d6f3ffc9cf4f95a9d51589b7db218011d44d2657a,baseline,"[2917,2991,3018,3036,3053,3078,3087,3164,3171,3242,3255,3296,3315,3359,3644]","[3171,3181,3227,3236,3261,3301,3371,3379,3457,3551,3560,3579,3630,3641,3886]","[2565428,2565428,2565428,2565428,2565428,2565428,2565428,2565428,2565428,2565428,2565428,2565428,2565428,2565428,2565428]","[660186,660186,660186,660186,660186,660186,660186,660186,660186,660186,660186,660186,660186,660186,660186]","{""semantic_component_batches"":0,""semantic_component_jobs"":0,""max_semantic_component_workers"":0,""inference_regions"":260,""canonical_specialization_queries"":0,""canonical_specialization_hits"":0,""solver_requested_bytes"":321360,""solver_allocations"":1950,""scratch_requested_bytes"":318904,""scratch_allocations"":2077,""max_solver_live_bytes"":1416,""max_scratch_live_bytes"":1752,""evidence_import_solver_bytes"":0,""evidence_import_scratch_bytes"":16512,""snapshot_copy_bytes"":0,""snapshot_copy_allocations"":0,""principal_copy_buffer_bytes"":0,""principal_copy_buffer_allocations"":0,""frozen_capture_temporary_bytes"":0,""frozen_capture_published_bytes"":0,""frozen_edge_scratch_bytes"":0,""region_scopes"":261,""max_region_scopes"":2,""call_collections_closed"":0,""call_collections_unresolved"":0,""call_memo_hits"":129,""solver_passes"":391,""solver_constraint_visits"":131,""occurs_steps"":0}",null
build/bench/cloud-principal-graphs/query-sources/refinement-128.blot,583e9144b65e081634a28c5d6f3ffc9cf4f95a9d51589b7db218011d44d2657a,default,"[3019,3030,3035,3036,3090,3184,3224,3244,3284,3285,3349,3463,3537,3571,3911]","[3208,3221,3246,3269,3273,3421,3424,3472,3478,3518,3604,3791,3793,3816,4109]","[2612180,2612180,2612180,2612180,2612180,2612180,2612180,2612180,2612180,2612180,2612180,2612180,2612180,2612180,2612180]","[660186,660186,660186,660186,660186,660186,660186,660186,660186,660186,660186,660186,660186,660186,660186]","{""semantic_component_batches"":0,""semantic_component_jobs"":0,""max_semantic_component_workers"":0,""inference_regions"":260,""canonical_specialization_queries"":0,""canonical_specialization_hits"":0,""solver_requested_bytes"":321360,""solver_allocations"":1950,""scratch_requested_bytes"":318904,""scratch_allocations"":2077,""max_solver_live_bytes"":1416,""max_scratch_live_bytes"":1752,""evidence_import_solver_bytes"":0,""evidence_import_scratch_bytes"":16512,""snapshot_copy_bytes"":0,""snapshot_copy_allocations"":0,""principal_copy_buffer_bytes"":0,""principal_copy_buffer_allocations"":0,""frozen_capture_temporary_bytes"":0,""frozen_capture_published_bytes"":0,""frozen_edge_scratch_bytes"":0,""region_scopes"":261,""max_region_scopes"":2,""call_collections_closed"":0,""call_collections_unresolved"":0,""call_memo_hits"":129,""solver_passes"":391,""solver_constraint_visits"":131,""occurs_steps"":0}",null
build/bench/cloud-principal-graphs/query-sources/refinement-32.blot,61044b0a77b1f96a60fe883ea08fa621cff730b8038d9df1cccd727ba7f0ceaf,baseline,"[1213,1215,1222,1234,1243,1248,1268,1282,1323,1411,1420,1507,1641,1653,1741]","[1402,1402,1403,1419,1426,1430,1475,1478,1491,1613,1616,1750,1839,1851,2024]","[711914,711914,711914,711914,711914,711914,711914,711914,711914,711914,711914,711914,711914,711914,711914]","[184513,184513,184513,184513,184513,184513,184513,184513,184513,184513,184513,184513,184513,184513,184513]","{""semantic_component_batches"":0,""semantic_component_jobs"":0,""max_semantic_component_workers"":0,""inference_regions"":68,""canonical_specialization_queries"":0,""canonical_specialization_hits"":0,""solver_requested_bytes"":84048,""solver_allocations"":510,""scratch_requested_bytes"":83128,""scratch_allocations"":541,""max_solver_live_bytes"":1416,""max_scratch_live_bytes"":1752,""evidence_import_solver_bytes"":0,""evidence_import_scratch_bytes"":4224,""snapshot_copy_bytes"":0,""snapshot_copy_allocations"":0,""principal_copy_buffer_bytes"":0,""principal_copy_buffer_allocations"":0,""frozen_capture_temporary_bytes"":0,""frozen_capture_published_bytes"":0,""frozen_edge_scratch_bytes"":0,""region_scopes"":69,""max_region_scopes"":2,""call_collections_closed"":0,""call_collections_unresolved"":0,""call_memo_hits"":33,""solver_passes"":103,""solver_constraint_visits"":35,""occurs_steps"":0}",null
build/bench/cloud-principal-graphs/query-sources/refinement-32.blot,61044b0a77b1f96a60fe883ea08fa621cff730b8038d9df1cccd727ba7f0ceaf,default,"[1218,1225,1242,1281,1348,1364,1364,1368,1442,1451,1607,1778,1835,1940,2041]","[1394,1430,1450,1517,1543,1545,1553,1626,1683,1750,1874,2028,2107,2130,2255]","[731082,731082,731082,731082,731082,731082,731082,731082,731082,731082,731082,731082,731082,731082,731082]","[184513,184513,184513,184513,184513,184513,184513,184513,184513,184513,184513,184513,184513,184513,184513]","{""semantic_component_batches"":0,""semantic_component_jobs"":0,""max_semantic_component_workers"":0,""inference_regions"":68,""canonical_specialization_queries"":0,""canonical_specialization_hits"":0,""solver_requested_bytes"":84048,""solver_allocations"":510,""scratch_requested_bytes"":83128,""scratch_allocations"":541,""max_solver_live_bytes"":1416,""max_scratch_live_bytes"":1752,""evidence_import_solver_bytes"":0,""evidence_import_scratch_bytes"":4224,""snapshot_copy_bytes"":0,""snapshot_copy_allocations"":0,""principal_copy_buffer_bytes"":0,""principal_copy_buffer_allocations"":0,""frozen_capture_temporary_bytes"":0,""frozen_capture_published_bytes"":0,""frozen_edge_scratch_bytes"":0,""region_scopes"":69,""max_region_scopes"":2,""call_collections_closed"":0,""call_collections_unresolved"":0,""call_memo_hits"":33,""solver_passes"":103,""solver_constraint_visits"":35,""occurs_steps"":0}",null
build/bench/cloud-principal-graphs/query-sources/refinement-8.blot,05fd360001bd7d68f82b5887c88c1049b0c41a3c666ffc13a1541fb697f2fe07,baseline,"[753,765,775,779,789,792,798,820,825,847,890,922,929,943,1087]","[928,939,960,963,965,971,1002,1025,1044,1060,1125,1130,1174,1194,1324]","[220661,220661,220661,220661,220661,220661,220661,220661,220661,220661,220661,220661,220661,220661,220661]","[58579,58579,58579,58579,58579,58579,58579,58579,58579,58579,58579,58579,58579,58579,58579]","{""semantic_component_batches"":0,""semantic_component_jobs"":0,""max_semantic_component_workers"":0,""inference_regions"":20,""canonical_specialization_queries"":0,""canonical_specialization_hits"":0,""solver_requested_bytes"":24720,""solver_allocations"":150,""scratch_requested_bytes"":24184,""scratch_allocations"":157,""max_solver_live_bytes"":1416,""max_scratch_live_bytes"":1752,""evidence_import_solver_bytes"":0,""evidence_import_scratch_bytes"":1152,""snapshot_copy_bytes"":0,""snapshot_copy_allocations"":0,""principal_copy_buffer_bytes"":0,""principal_copy_buffer_allocations"":0,""frozen_capture_temporary_bytes"":0,""frozen_capture_published_bytes"":0,""frozen_edge_scratch_bytes"":0,""region_scopes"":21,""max_region_scopes"":2,""call_collections_closed"":0,""call_collections_unresolved"":0,""call_memo_hits"":9,""solver_passes"":31,""solver_constraint_visits"":11,""occurs_steps"":0}",null
build/bench/cloud-principal-graphs/query-sources/refinement-8.blot,05fd360001bd7d68f82b5887c88c1049b0c41a3c666ffc13a1541fb697f2fe07,default,"[764,798,811,816,818,832,859,868,875,899,930,934,945,1125,1220]","[932,976,985,992,1024,1039,1048,1103,1117,1133,1220,1269,1332,1357,1588]","[221093,221093,221093,221093,221093,221093,221093,221093,221093,221093,221093,221093,221093,221093,221093]","[58579,58579,58579,58579,58579,58579,58579,58579,58579,58579,58579,58579,58579,58579,58579]","{""semantic_component_batches"":0,""semantic_component_jobs"":0,""max_semantic_component_workers"":0,""inference_regions"":20,""canonical_specialization_queries"":0,""canonical_specialization_hits"":0,""solver_requested_bytes"":24720,""solver_allocations"":150,""scratch_requested_bytes"":24184,""scratch_allocations"":157,""max_solver_live_bytes"":1416,""max_scratch_live_bytes"":1752,""evidence_import_solver_bytes"":0,""evidence_import_scratch_bytes"":1152,""snapshot_copy_bytes"":0,""snapshot_copy_allocations"":0,""principal_copy_buffer_bytes"":0,""principal_copy_buffer_allocations"":0,""frozen_capture_temporary_bytes"":0,""frozen_capture_published_bytes"":0,""frozen_edge_scratch_bytes"":0,""region_scopes"":21,""max_region_scopes"":2,""call_collections_closed"":0,""call_collections_unresolved"":0,""call_memo_hits"":9,""solver_passes"":31,""solver_constraint_visits"":11,""occurs_steps"":0}",null
