source,sha256,policy,cpu_us,wall_us,requested_bytes,peak_bytes,work_counters
build/bench/cloud-principal-graphs/callback-sources/apply-4-valid.blot,e84842f1447cfac4cf505f7c6b6c5075718e0aac86a738f4b7d8477cb29fa700,baseline,"[4781,4828,4850,4850,4894,5026,5103,5157,5266,5601,5745,6085,6594,8686,8959]","[5014,5075,5094,5161,5210,5244,5596,5698,5767,5985,6158,6313,6857,8918,9186]","[3708253,3708253,3708253,3708253,3708253,3708253,3708253,3708253,3708253,3708253,3708253,3708253,3708253,3708253,3708253]","[1072587,1072587,1072587,1072587,1072587,1072587,1072587,1072587,1072587,1072587,1072587,1072587,1072587,1072587,1072587]","{""inference_regions"":42,""canonical_specialization_queries"":2,""canonical_specialization_hits"":0,""solver_requested_bytes"":124624,""solver_allocations"":432,""scratch_requested_bytes"":122552,""scratch_allocations"":737,""max_solver_live_bytes"":4120,""max_scratch_live_bytes"":3192,""evidence_import_solver_bytes"":0,""evidence_import_scratch_bytes"":1792,""snapshot_copy_bytes"":0,""snapshot_copy_allocations"":0,""principal_copy_buffer_bytes"":17384,""principal_copy_buffer_allocations"":162,""frozen_capture_temporary_bytes"":0,""frozen_capture_published_bytes"":0,""frozen_edge_scratch_bytes"":0,""region_scopes"":62,""max_region_scopes"":4,""call_collections_closed"":4,""call_collections_unresolved"":0,""call_memo_hits"":32,""solver_passes"":64,""solver_constraint_visits"":75,""occurs_steps"":65}"
build/bench/cloud-principal-graphs/callback-sources/apply-4-valid.blot,e84842f1447cfac4cf505f7c6b6c5075718e0aac86a738f4b7d8477cb29fa700,default,"[4454,4671,4698,4698,4701,4851,4911,5019,5026,5069,5088,5177,5561,6744,11404]","[4689,4879,4936,4975,4979,5080,5206,5228,5290,5323,5410,5442,6258,7068,11781]","[3708253,3708253,3708253,3708253,3708253,3708253,3708253,3708253,3708253,3708253,3708253,3708253,3708253,3708253,3708253]","[1072587,1072587,1072587,1072587,1072587,1072587,1072587,1072587,1072587,1072587,1072587,1072587,1072587,1072587,1072587]","{""semantic_component_batches"":0,""semantic_component_jobs"":0,""max_semantic_component_workers"":0,""inference_regions"":42,""canonical_specialization_queries"":2,""canonical_specialization_hits"":0,""solver_requested_bytes"":124624,""solver_allocations"":432,""scratch_requested_bytes"":122552,""scratch_allocations"":737,""max_solver_live_bytes"":4120,""max_scratch_live_bytes"":3192,""evidence_import_solver_bytes"":0,""evidence_import_scratch_bytes"":1792,""snapshot_copy_bytes"":0,""snapshot_copy_allocations"":0,""principal_copy_buffer_bytes"":17384,""principal_copy_buffer_allocations"":162,""frozen_capture_temporary_bytes"":0,""frozen_capture_published_bytes"":0,""frozen_edge_scratch_bytes"":0,""region_scopes"":62,""max_region_scopes"":4,""call_collections_closed"":4,""call_collections_unresolved"":0,""call_memo_hits"":32,""solver_passes"":64,""solver_constraint_visits"":75,""occurs_steps"":65}"
build/bench/cloud-principal-graphs/callback-sources/apply-4-valid.blot,e84842f1447cfac4cf505f7c6b6c5075718e0aac86a738f4b7d8477cb29fa700,workers-1,"[4496,4562,4635,4646,4927,5031,5184,5188,5193,5255,5592,5836,5940,6877,11278]","[4723,4795,4853,4887,5166,5324,5451,5553,5559,5662,6010,6100,6258,7141,12660]","[3976829,3976829,3976829,3976829,3976829,3976829,3976829,3976829,3976829,3976829,3976829,3976829,3976829,3976829,3976829]","[1072587,1072587,1072587,1072587,1072587,1072587,1072587,1072587,1072587,1072587,1072587,1072587,1072587,1072587,1072587]","{""semantic_component_batches"":2,""semantic_component_jobs"":4,""max_semantic_component_workers"":1,""inference_regions"":42,""canonical_specialization_queries"":2,""canonical_specialization_hits"":0,""solver_requested_bytes"":124624,""solver_allocations"":432,""scratch_requested_bytes"":122552,""scratch_allocations"":737,""max_solver_live_bytes"":4120,""max_scratch_live_bytes"":3192,""evidence_import_solver_bytes"":0,""evidence_import_scratch_bytes"":1792,""snapshot_copy_bytes"":0,""snapshot_copy_allocations"":0,""principal_copy_buffer_bytes"":17384,""principal_copy_buffer_allocations"":162,""frozen_capture_temporary_bytes"":0,""frozen_capture_published_bytes"":0,""frozen_edge_scratch_bytes"":0,""region_scopes"":62,""max_region_scopes"":4,""call_collections_closed"":4,""call_collections_unresolved"":0,""call_memo_hits"":32,""solver_passes"":64,""solver_constraint_visits"":75,""occurs_steps"":65}"
build/bench/cloud-principal-graphs/callback-sources/apply-4-valid.blot,e84842f1447cfac4cf505f7c6b6c5075718e0aac86a738f4b7d8477cb29fa700,workers-2,"[4933,4964,5054,5083,5125,5146,5216,5487,5678,5731,5948,6087,6789,7843,8556]","[5146,5218,5242,5318,5328,5399,5504,5769,6029,6051,6275,6314,7140,7923,8897]","[4063405,4063405,4063405,4063405,4063405,4063405,4063405,4063405,4063405,4063405,4063405,4063405,4063405,4063405,4063405]","[1072587,1072587,1072587,1072587,1072587,1072587,1072587,1072587,1072587,1072587,1072587,1072587,1072587,1072587,1072587]","{""semantic_component_batches"":2,""semantic_component_jobs"":4,""max_semantic_component_workers"":2,""inference_regions"":42,""canonical_specialization_queries"":2,""canonical_specialization_hits"":0,""solver_requested_bytes"":124624,""solver_allocations"":432,""scratch_requested_bytes"":122552,""scratch_allocations"":737,""max_solver_live_bytes"":4120,""max_scratch_live_bytes"":3192,""evidence_import_solver_bytes"":0,""evidence_import_scratch_bytes"":1792,""snapshot_copy_bytes"":0,""snapshot_copy_allocations"":0,""principal_copy_buffer_bytes"":17384,""principal_copy_buffer_allocations"":162,""frozen_capture_temporary_bytes"":0,""frozen_capture_published_bytes"":0,""frozen_edge_scratch_bytes"":0,""region_scopes"":62,""max_region_scopes"":4,""call_collections_closed"":4,""call_collections_unresolved"":0,""call_memo_hits"":32,""solver_passes"":64,""solver_constraint_visits"":75,""occurs_steps"":65}"
build/bench/cloud-principal-graphs/callback-sources/apply-4-valid.blot,e84842f1447cfac4cf505f7c6b6c5075718e0aac86a738f4b7d8477cb29fa700,workers-4,"[4722,4815,4853,5038,5040,5062,5178,5416,5417,5549,5627,5654,6216,6333,9410]","[4955,5011,5046,5204,5279,5303,5378,5602,5801,5843,5937,6575,6593,7568,12050]","[4020117,4063405,4063405,4063405,4063405,4063405,4063405,4063405,4063405,4063405,4063405,4063405,4063405,4063405,4063405]","[1072587,1072587,1072587,1072587,1072587,1072587,1072587,1072587,1072587,1072587,1072587,1072587,1072587,1072587,1072587]","{""semantic_component_batches"":2,""semantic_component_jobs"":4,""max_semantic_component_workers"":2,""inference_regions"":42,""canonical_specialization_queries"":2,""canonical_specialization_hits"":0,""solver_requested_bytes"":124624,""solver_allocations"":432,""scratch_requested_bytes"":122552,""scratch_allocations"":737,""max_solver_live_bytes"":4120,""max_scratch_live_bytes"":3192,""evidence_import_solver_bytes"":0,""evidence_import_scratch_bytes"":1792,""snapshot_copy_bytes"":0,""snapshot_copy_allocations"":0,""principal_copy_buffer_bytes"":17384,""principal_copy_buffer_allocations"":162,""frozen_capture_temporary_bytes"":0,""frozen_capture_published_bytes"":0,""frozen_edge_scratch_bytes"":0,""region_scopes"":62,""max_region_scopes"":4,""call_collections_closed"":4,""call_collections_unresolved"":0,""call_memo_hits"":32,""solver_passes"":64,""solver_constraint_visits"":75,""occurs_steps"":65}"
build/bench/cloud-principal-graphs/callback-sources/apply-4-valid.blot,e84842f1447cfac4cf505f7c6b6c5075718e0aac86a738f4b7d8477cb29fa700,workers-8,"[4834,4850,4896,4970,4978,5008,5238,5352,5535,5628,5800,5810,6357,6651,7032]","[5035,5058,5130,5184,5276,5423,5443,5446,5907,5909,5977,6180,6560,6865,7395]","[4063405,4063405,4063405,4063405,4063405,4063405,4063405,4063405,4063405,4063405,4063405,4063405,4063405,4063405,4063405]","[1072587,1072587,1072587,1072587,1072587,1072587,1072587,1072587,1072587,1072587,1072587,1072587,1072587,1072587,1072587]","{""semantic_component_batches"":2,""semantic_component_jobs"":4,""max_semantic_component_workers"":2,""inference_regions"":42,""canonical_specialization_queries"":2,""canonical_specialization_hits"":0,""solver_requested_bytes"":124624,""solver_allocations"":432,""scratch_requested_bytes"":122552,""scratch_allocations"":737,""max_solver_live_bytes"":4120,""max_scratch_live_bytes"":3192,""evidence_import_solver_bytes"":0,""evidence_import_scratch_bytes"":1792,""snapshot_copy_bytes"":0,""snapshot_copy_allocations"":0,""principal_copy_buffer_bytes"":17384,""principal_copy_buffer_allocations"":162,""frozen_capture_temporary_bytes"":0,""frozen_capture_published_bytes"":0,""frozen_edge_scratch_bytes"":0,""region_scopes"":62,""max_region_scopes"":4,""call_collections_closed"":4,""call_collections_unresolved"":0,""call_memo_hits"":32,""solver_passes"":64,""solver_constraint_visits"":75,""occurs_steps"":65}"
build/bench/cloud-principal-graphs/callback-sources/apply-8-valid.blot,92ff4642cd94874b50272210ce3c0f1d1682a92bcdc6a299e163154224d2e103,baseline,"[5092,5208,5220,5356,5435,5568,5624,5764,5983,6060,6208,6209,6546,6689,8375]","[5350,5446,5460,5687,5749,5891,5901,6013,6198,6298,6477,6510,6876,6949,8744]","[4080156,4080156,4080156,4080156,4080156,4080156,4080156,4080156,4080156,4080156,4080156,4080156,4080156,4080156,4080156]","[1096207,1096207,1096207,1096207,1096207,1096207,1096207,1096207,1096207,1096207,1096207,1096207,1096207,1096207,1096207]","{""inference_regions"":66,""canonical_specialization_queries"":2,""canonical_specialization_hits"":0,""solver_requested_bytes"":203152,""solver_allocations"":680,""scratch_requested_bytes"":201328,""scratch_allocations"":1210,""max_solver_live_bytes"":4120,""max_scratch_live_bytes"":4000,""evidence_import_solver_bytes"":0,""evidence_import_scratch_bytes"":2816,""snapshot_copy_bytes"":0,""snapshot_copy_allocations"":0,""principal_copy_buffer_bytes"":30600,""principal_copy_buffer_allocations"":278,""frozen_capture_temporary_bytes"":0,""frozen_capture_published_bytes"":0,""frozen_edge_scratch_bytes"":0,""region_scopes"":94,""max_region_scopes"":4,""call_collections_closed"":4,""call_collections_unresolved"":0,""call_memo_hits"":56,""solver_passes"":104,""solver_constraint_visits"":131,""occurs_steps"":97}"
build/bench/cloud-principal-graphs/callback-sources/apply-8-valid.blot,92ff4642cd94874b50272210ce3c0f1d1682a92bcdc6a299e163154224d2e103,default,"[4789,4846,4930,5085,5206,5272,5285,5539,5783,6187,6303,6456,7241,7544,10840]","[5071,5073,5296,5319,5504,5529,5580,5822,6027,6472,6726,7142,7557,7777,11222]","[4080156,4080156,4080156,4080156,4080156,4080156,4080156,4080156,4080156,4080156,4080156,4080156,4080156,4080156,4080156]","[1096207,1096207,1096207,1096207,1096207,1096207,1096207,1096207,1096207,1096207,1096207,1096207,1096207,1096207,1096207]","{""semantic_component_batches"":0,""semantic_component_jobs"":0,""max_semantic_component_workers"":0,""inference_regions"":66,""canonical_specialization_queries"":2,""canonical_specialization_hits"":0,""solver_requested_bytes"":203152,""solver_allocations"":680,""scratch_requested_bytes"":201328,""scratch_allocations"":1210,""max_solver_live_bytes"":4120,""max_scratch_live_bytes"":4000,""evidence_import_solver_bytes"":0,""evidence_import_scratch_bytes"":2816,""snapshot_copy_bytes"":0,""snapshot_copy_allocations"":0,""principal_copy_buffer_bytes"":30600,""principal_copy_buffer_allocations"":278,""frozen_capture_temporary_bytes"":0,""frozen_capture_published_bytes"":0,""frozen_edge_scratch_bytes"":0,""region_scopes"":94,""max_region_scopes"":4,""call_collections_closed"":4,""call_collections_unresolved"":0,""call_memo_hits"":56,""solver_passes"":104,""solver_constraint_visits"":131,""occurs_steps"":97}"
build/bench/cloud-principal-graphs/callback-sources/apply-8-valid.blot,92ff4642cd94874b50272210ce3c0f1d1682a92bcdc6a299e163154224d2e103,workers-1,"[4992,5308,5317,5433,5533,5570,5583,5657,5660,5768,5928,5997,6008,6220,9398]","[5416,5549,5627,5724,5757,5846,5887,5973,6040,6174,6300,6331,6349,6547,9828]","[4538316,4538316,4538316,4538316,4538316,4538316,4538316,4538316,4538316,4538316,4538316,4538316,4538316,4538316,4538316]","[1096207,1096207,1096207,1096207,1096207,1096207,1096207,1096207,1096207,1096207,1096207,1096207,1096207,1096207,1096207]","{""semantic_component_batches"":2,""semantic_component_jobs"":4,""max_semantic_component_workers"":1,""inference_regions"":66,""canonical_specialization_queries"":2,""canonical_specialization_hits"":0,""solver_requested_bytes"":203152,""solver_allocations"":680,""scratch_requested_bytes"":201328,""scratch_allocations"":1210,""max_solver_live_bytes"":4120,""max_scratch_live_bytes"":4000,""evidence_import_solver_bytes"":0,""evidence_import_scratch_bytes"":2816,""snapshot_copy_bytes"":0,""snapshot_copy_allocations"":0,""principal_copy_buffer_bytes"":30600,""principal_copy_buffer_allocations"":278,""frozen_capture_temporary_bytes"":0,""frozen_capture_published_bytes"":0,""frozen_edge_scratch_bytes"":0,""region_scopes"":94,""max_region_scopes"":4,""call_collections_closed"":4,""call_collections_unresolved"":0,""call_memo_hits"":56,""solver_passes"":104,""solver_constraint_visits"":131,""occurs_steps"":97}"
build/bench/cloud-principal-graphs/callback-sources/apply-8-valid.blot,92ff4642cd94874b50272210ce3c0f1d1682a92bcdc6a299e163154224d2e103,workers-2,"[5377,5445,5496,5519,5531,5719,5736,5899,5935,6070,6152,6540,6616,7917,9049]","[5592,5620,5785,5793,5909,5965,6130,6181,6226,6312,6450,6808,6882,8321,9611]","[4620364,4620364,4620364,4620364,4620364,4620364,4620364,4620364,4620364,4620364,4620364,4620364,4620364,4620364,4620364]","[1096207,1096207,1096207,1096207,1096207,1096207,1096207,1096207,1096207,1096207,1096207,1096207,1096207,1096207,1096207]","{""semantic_component_batches"":2,""semantic_component_jobs"":4,""max_semantic_component_workers"":2,""inference_regions"":66,""canonical_specialization_queries"":2,""canonical_specialization_hits"":0,""solver_requested_bytes"":203152,""solver_allocations"":680,""scratch_requested_bytes"":201328,""scratch_allocations"":1210,""max_solver_live_bytes"":4120,""max_scratch_live_bytes"":4000,""evidence_import_solver_bytes"":0,""evidence_import_scratch_bytes"":2816,""snapshot_copy_bytes"":0,""snapshot_copy_allocations"":0,""principal_copy_buffer_bytes"":30600,""principal_copy_buffer_allocations"":278,""frozen_capture_temporary_bytes"":0,""frozen_capture_published_bytes"":0,""frozen_edge_scratch_bytes"":0,""region_scopes"":94,""max_region_scopes"":4,""call_collections_closed"":4,""call_collections_unresolved"":0,""call_memo_hits"":56,""solver_passes"":104,""solver_constraint_visits"":131,""occurs_steps"":97}"
build/bench/cloud-principal-graphs/callback-sources/apply-8-valid.blot,92ff4642cd94874b50272210ce3c0f1d1682a92bcdc6a299e163154224d2e103,workers-4,"[5237,5244,5270,5311,5418,5473,5533,5620,5644,5700,5719,5737,6384,7286,7374]","[5423,5526,5531,5596,5670,5674,5843,5942,5983,6006,6127,6388,6976,7653,7670]","[4620364,4620364,4620364,4620364,4620364,4620364,4620364,4620364,4620364,4620364,4620364,4620364,4620364,4620364,4620364]","[1096207,1096207,1096207,1096207,1096207,1096207,1096207,1096207,1096207,1096207,1096207,1096207,1096207,1096207,1096207]","{""semantic_component_batches"":2,""semantic_component_jobs"":4,""max_semantic_component_workers"":2,""inference_regions"":66,""canonical_specialization_queries"":2,""canonical_specialization_hits"":0,""solver_requested_bytes"":203152,""solver_allocations"":680,""scratch_requested_bytes"":201328,""scratch_allocations"":1210,""max_solver_live_bytes"":4120,""max_scratch_live_bytes"":4000,""evidence_import_solver_bytes"":0,""evidence_import_scratch_bytes"":2816,""snapshot_copy_bytes"":0,""snapshot_copy_allocations"":0,""principal_copy_buffer_bytes"":30600,""principal_copy_buffer_allocations"":278,""frozen_capture_temporary_bytes"":0,""frozen_capture_published_bytes"":0,""frozen_edge_scratch_bytes"":0,""region_scopes"":94,""max_region_scopes"":4,""call_collections_closed"":4,""call_collections_unresolved"":0,""call_memo_hits"":56,""solver_passes"":104,""solver_constraint_visits"":131,""occurs_steps"":97}"
build/bench/cloud-principal-graphs/callback-sources/apply-8-valid.blot,92ff4642cd94874b50272210ce3c0f1d1682a92bcdc6a299e163154224d2e103,workers-8,"[5184,5209,5232,5384,5546,5595,5630,5655,6090,6267,6299,6700,7922,8830,8831]","[5386,5457,5502,5586,5836,5842,5933,5948,6376,6575,6587,6803,8155,9009,9199]","[4620364,4620364,4620364,4620364,4620364,4620364,4620364,4620364,4620364,4620364,4620364,4620364,4620364,4620364,4620364]","[1096207,1096207,1096207,1096207,1096207,1096207,1096207,1096207,1096207,1096207,1096207,1096207,1096207,1096207,1096207]","{""semantic_component_batches"":2,""semantic_component_jobs"":4,""max_semantic_component_workers"":2,""inference_regions"":66,""canonical_specialization_queries"":2,""canonical_specialization_hits"":0,""solver_requested_bytes"":203152,""solver_allocations"":680,""scratch_requested_bytes"":201328,""scratch_allocations"":1210,""max_solver_live_bytes"":4120,""max_scratch_live_bytes"":4000,""evidence_import_solver_bytes"":0,""evidence_import_scratch_bytes"":2816,""snapshot_copy_bytes"":0,""snapshot_copy_allocations"":0,""principal_copy_buffer_bytes"":30600,""principal_copy_buffer_allocations"":278,""frozen_capture_temporary_bytes"":0,""frozen_capture_published_bytes"":0,""frozen_edge_scratch_bytes"":0,""region_scopes"":94,""max_region_scopes"":4,""call_collections_closed"":4,""call_collections_unresolved"":0,""call_memo_hits"":56,""solver_passes"":104,""solver_constraint_visits"":131,""occurs_steps"":97}"
build/bench/cloud-principal-graphs/callback-sources/apply-12-valid.blot,b5f4a9cb2fe83b3736327b474588f59d3cd7f55244b0ff456179a56b91f27cfa,baseline,"[5550,5650,5783,5869,5975,6040,6071,6150,6274,6336,6396,6521,6589,6798,8233]","[5839,5918,6013,6229,6253,6255,6366,6436,6573,6620,6683,6860,6940,7095,8536]","[4442922,4442922,4442922,4442922,4442922,4442922,4442922,4442922,4442922,4442922,4442922,4442922,4442922,4442922,4442922]","[1133455,1133455,1133455,1133455,1133455,1133455,1133455,1133455,1133455,1133455,1133455,1133455,1133455,1133455,1133455]","{""inference_regions"":90,""canonical_specialization_queries"":2,""canonical_specialization_hits"":0,""solver_requested_bytes"":281680,""solver_allocations"":928,""scratch_requested_bytes"":283048,""scratch_allocations"":1684,""max_solver_live_bytes"":4120,""max_scratch_live_bytes"":6640,""evidence_import_solver_bytes"":0,""evidence_import_scratch_bytes"":3840,""snapshot_copy_bytes"":0,""snapshot_copy_allocations"":0,""principal_copy_buffer_bytes"":43816,""principal_copy_buffer_allocations"":394,""frozen_capture_temporary_bytes"":0,""frozen_capture_published_bytes"":0,""frozen_edge_scratch_bytes"":0,""region_scopes"":126,""max_region_scopes"":4,""call_collections_closed"":4,""call_collections_unresolved"":0,""call_memo_hits"":80,""solver_passes"":144,""solver_constraint_visits"":187,""occurs_steps"":129}"
build/bench/cloud-principal-graphs/callback-sources/apply-12-valid.blot,b5f4a9cb2fe83b3736327b474588f59d3cd7f55244b0ff456179a56b91f27cfa,default,"[5067,5347,5637,5897,6040,6045,6145,6492,6495,6604,7004,7332,7775,8151,9760]","[5319,5582,5993,6173,6320,6538,6560,6787,6844,6916,7633,7787,8079,8460,10140]","[4442922,4442922,4442922,4442922,4442922,4442922,4442922,4442922,4442922,4442922,4442922,4442922,4442922,4442922,4442922]","[1133455,1133455,1133455,1133455,1133455,1133455,1133455,1133455,1133455,1133455,1133455,1133455,1133455,1133455,1133455]","{""semantic_component_batches"":0,""semantic_component_jobs"":0,""max_semantic_component_workers"":0,""inference_regions"":90,""canonical_specialization_queries"":2,""canonical_specialization_hits"":0,""solver_requested_bytes"":281680,""solver_allocations"":928,""scratch_requested_bytes"":283048,""scratch_allocations"":1684,""max_solver_live_bytes"":4120,""max_scratch_live_bytes"":6640,""evidence_import_solver_bytes"":0,""evidence_import_scratch_bytes"":3840,""snapshot_copy_bytes"":0,""snapshot_copy_allocations"":0,""principal_copy_buffer_bytes"":43816,""principal_copy_buffer_allocations"":394,""frozen_capture_temporary_bytes"":0,""frozen_capture_published_bytes"":0,""frozen_edge_scratch_bytes"":0,""region_scopes"":126,""max_region_scopes"":4,""call_collections_closed"":4,""call_collections_unresolved"":0,""call_memo_hits"":80,""solver_passes"":144,""solver_constraint_visits"":187,""occurs_steps"":129}"
build/bench/cloud-principal-graphs/callback-sources/apply-12-valid.blot,b5f4a9cb2fe83b3736327b474588f59d3cd7f55244b0ff456179a56b91f27cfa,workers-1,"[5406,5759,5830,5867,5892,5907,5949,6008,6036,6236,6248,6300,6934,6990,8133]","[5634,6040,6132,6166,6180,6237,6265,6340,6469,6511,6572,6627,7240,7271,8610]","[5276858,5276858,5276858,5276858,5276858,5276858,5276858,5276858,5276858,5276858,5276858,5276858,5276858,5276858,5276858]","[1133455,1133455,1133455,1133455,1133455,1133455,1133455,1133455,1133455,1133455,1133455,1133455,1133455,1133455,1133455]","{""semantic_component_batches"":2,""semantic_component_jobs"":4,""max_semantic_component_workers"":1,""inference_regions"":90,""canonical_specialization_queries"":2,""canonical_specialization_hits"":0,""solver_requested_bytes"":281680,""solver_allocations"":928,""scratch_requested_bytes"":283048,""scratch_allocations"":1684,""max_solver_live_bytes"":4120,""max_scratch_live_bytes"":6640,""evidence_import_solver_bytes"":0,""evidence_import_scratch_bytes"":3840,""snapshot_copy_bytes"":0,""snapshot_copy_allocations"":0,""principal_copy_buffer_bytes"":43816,""principal_copy_buffer_allocations"":394,""frozen_capture_temporary_bytes"":0,""frozen_capture_published_bytes"":0,""frozen_edge_scratch_bytes"":0,""region_scopes"":126,""max_region_scopes"":4,""call_collections_closed"":4,""call_collections_unresolved"":0,""call_memo_hits"":80,""solver_passes"":144,""solver_constraint_visits"":187,""occurs_steps"":129}"
build/bench/cloud-principal-graphs/callback-sources/apply-12-valid.blot,b5f4a9cb2fe83b3736327b474588f59d3cd7f55244b0ff456179a56b91f27cfa,workers-2,"[5656,5891,5985,6026,6193,6409,6441,6531,6545,6743,6994,7014,7336,8049,11508]","[6129,6192,6328,6340,6553,6570,6612,6821,6923,6930,7210,7226,7564,8124,11687]","[5317642,5358426,5358426,5358426,5358426,5358426,5358426,5358426,5358426,5358426,5358426,5358426,5358426,5358426,5358426]","[1133455,1133455,1133455,1133455,1133455,1133455,1133455,1133455,1133455,1133455,1133455,1133455,1133455,1133455,1133455]","{""semantic_component_batches"":2,""semantic_component_jobs"":4,""max_semantic_component_workers"":2,""inference_regions"":90,""canonical_specialization_queries"":2,""canonical_specialization_hits"":0,""solver_requested_bytes"":281680,""solver_allocations"":928,""scratch_requested_bytes"":283048,""scratch_allocations"":1684,""max_solver_live_bytes"":4120,""max_scratch_live_bytes"":6640,""evidence_import_solver_bytes"":0,""evidence_import_scratch_bytes"":3840,""snapshot_copy_bytes"":0,""snapshot_copy_allocations"":0,""principal_copy_buffer_bytes"":43816,""principal_copy_buffer_allocations"":394,""frozen_capture_temporary_bytes"":0,""frozen_capture_published_bytes"":0,""frozen_edge_scratch_bytes"":0,""region_scopes"":126,""max_region_scopes"":4,""call_collections_closed"":4,""call_collections_unresolved"":0,""call_memo_hits"":80,""solver_passes"":144,""solver_constraint_visits"":187,""occurs_steps"":129}"
build/bench/cloud-principal-graphs/callback-sources/apply-12-valid.blot,b5f4a9cb2fe83b3736327b474588f59d3cd7f55244b0ff456179a56b91f27cfa,workers-4,"[5608,5689,5758,5968,5971,5992,6047,6401,6451,6514,6563,6732,7467,7472,8989]","[5827,5848,5907,6207,6285,6293,6445,6642,6756,6780,6815,7062,7695,7938,9266]","[5358426,5358426,5358426,5358426,5358426,5358426,5358426,5358426,5358426,5358426,5358426,5358426,5358426,5358426,5358426]","[1133455,1133455,1133455,1133455,1133455,1133455,1133455,1133455,1133455,1133455,1133455,1133455,1133455,1133455,1133455]","{""semantic_component_batches"":2,""semantic_component_jobs"":4,""max_semantic_component_workers"":2,""inference_regions"":90,""canonical_specialization_queries"":2,""canonical_specialization_hits"":0,""solver_requested_bytes"":281680,""solver_allocations"":928,""scratch_requested_bytes"":283048,""scratch_allocations"":1684,""max_solver_live_bytes"":4120,""max_scratch_live_bytes"":6640,""evidence_import_solver_bytes"":0,""evidence_import_scratch_bytes"":3840,""snapshot_copy_bytes"":0,""snapshot_copy_allocations"":0,""principal_copy_buffer_bytes"":43816,""principal_copy_buffer_allocations"":394,""frozen_capture_temporary_bytes"":0,""frozen_capture_published_bytes"":0,""frozen_edge_scratch_bytes"":0,""region_scopes"":126,""max_region_scopes"":4,""call_collections_closed"":4,""call_collections_unresolved"":0,""call_memo_hits"":80,""solver_passes"":144,""solver_constraint_visits"":187,""occurs_steps"":129}"
build/bench/cloud-principal-graphs/callback-sources/apply-12-valid.blot,b5f4a9cb2fe83b3736327b474588f59d3cd7f55244b0ff456179a56b91f27cfa,workers-8,"[5667,5840,5903,5943,6065,6117,6246,6494,6543,6613,6663,6838,6924,7328,7356]","[5861,6065,6107,6177,6258,6370,6511,6705,6920,6959,7069,7308,7336,7631,7639]","[5358426,5358426,5358426,5358426,5358426,5358426,5358426,5358426,5358426,5358426,5358426,5358426,5358426,5358426,5358426]","[1133455,1133455,1133455,1133455,1133455,1133455,1133455,1133455,1133455,1133455,1133455,1133455,1133455,1133455,1133455]","{""semantic_component_batches"":2,""semantic_component_jobs"":4,""max_semantic_component_workers"":2,""inference_regions"":90,""canonical_specialization_queries"":2,""canonical_specialization_hits"":0,""solver_requested_bytes"":281680,""solver_allocations"":928,""scratch_requested_bytes"":283048,""scratch_allocations"":1684,""max_solver_live_bytes"":4120,""max_scratch_live_bytes"":6640,""evidence_import_solver_bytes"":0,""evidence_import_scratch_bytes"":3840,""snapshot_copy_bytes"":0,""snapshot_copy_allocations"":0,""principal_copy_buffer_bytes"":43816,""principal_copy_buffer_allocations"":394,""frozen_capture_temporary_bytes"":0,""frozen_capture_published_bytes"":0,""frozen_edge_scratch_bytes"":0,""region_scopes"":126,""max_region_scopes"":4,""call_collections_closed"":4,""call_collections_unresolved"":0,""call_memo_hits"":80,""solver_passes"":144,""solver_constraint_visits"":187,""occurs_steps"":129}"
build/bench/cloud-principal-graphs/callback-sources/curried-4-valid.blot,ac10c5cf4c1535cedab5194798feb143a690c04c290b8685b9f3a003935d12f6,baseline,"[5000,5028,5065,5117,5148,5163,5232,5250,5278,5504,5698,5900,5902,6080,7030]","[5237,5297,5306,5358,5405,5465,5524,5564,5832,5849,5921,6154,6246,6342,7304]","[3765970,3765970,3765970,3765970,3765970,3765970,3765970,3765970,3765970,3765970,3765970,3765970,3765970,3765970,3765970]","[1074071,1074071,1074071,1074071,1074071,1074071,1074071,1074071,1074071,1074071,1074071,1074071,1074071,1074071,1074071]","{""inference_regions"":42,""canonical_specialization_queries"":2,""canonical_specialization_hits"":0,""solver_requested_bytes"":184312,""solver_allocations"":478,""scratch_requested_bytes"":149128,""scratch_allocations"":810,""max_solver_live_bytes"":7328,""max_scratch_live_bytes"":3424,""evidence_import_solver_bytes"":0,""evidence_import_scratch_bytes"":1792,""snapshot_copy_bytes"":0,""snapshot_copy_allocations"":0,""principal_copy_buffer_bytes"":23280,""principal_copy_buffer_allocations"":175,""frozen_capture_temporary_bytes"":0,""frozen_capture_published_bytes"":0,""frozen_edge_scratch_bytes"":0,""region_scopes"":62,""max_region_scopes"":4,""call_collections_closed"":4,""call_collections_unresolved"":0,""call_memo_hits"":32,""solver_passes"":64,""solver_constraint_visits"":77,""occurs_steps"":71}"
build/bench/cloud-principal-graphs/callback-sources/curried-4-valid.blot,ac10c5cf4c1535cedab5194798feb143a690c04c290b8685b9f3a003935d12f6,default,"[4410,4662,4686,4793,4819,4995,5041,5212,5228,5308,5654,5742,5928,5994,6933]","[4626,4898,4941,5028,5199,5311,5422,5482,5552,6009,6092,6208,6304,6333,7232]","[3765970,3765970,3765970,3765970,3765970,3765970,3765970,3765970,3765970,3765970,3765970,3765970,3765970,3765970,3765970]","[1074071,1074071,1074071,1074071,1074071,1074071,1074071,1074071,1074071,1074071,1074071,1074071,1074071,1074071,1074071]","{""semantic_component_batches"":0,""semantic_component_jobs"":0,""max_semantic_component_workers"":0,""inference_regions"":42,""canonical_specialization_queries"":2,""canonical_specialization_hits"":0,""solver_requested_bytes"":184312,""solver_allocations"":478,""scratch_requested_bytes"":149128,""scratch_allocations"":810,""max_solver_live_bytes"":7328,""max_scratch_live_bytes"":3424,""evidence_import_solver_bytes"":0,""evidence_import_scratch_bytes"":1792,""snapshot_copy_bytes"":0,""snapshot_copy_allocations"":0,""principal_copy_buffer_bytes"":23280,""principal_copy_buffer_allocations"":175,""frozen_capture_temporary_bytes"":0,""frozen_capture_published_bytes"":0,""frozen_edge_scratch_bytes"":0,""region_scopes"":62,""max_region_scopes"":4,""call_collections_closed"":4,""call_collections_unresolved"":0,""call_memo_hits"":32,""solver_passes"":64,""solver_constraint_visits"":77,""occurs_steps"":71}"
build/bench/cloud-principal-graphs/callback-sources/curried-4-valid.blot,ac10c5cf4c1535cedab5194798feb143a690c04c290b8685b9f3a003935d12f6,workers-1,"[4697,4800,4801,4838,4946,4959,5058,5207,5276,5278,5291,5544,5604,5630,5749]","[4979,5023,5061,5073,5218,5220,5427,5521,5526,5585,5589,5796,5853,6007,6461]","[4032594,4032594,4032594,4032594,4032594,4032594,4032594,4032594,4032594,4032594,4032594,4032594,4032594,4032594,4032594]","[1074071,1074071,1074071,1074071,1074071,1074071,1074071,1074071,1074071,1074071,1074071,1074071,1074071,1074071,1074071]","{""semantic_component_batches"":2,""semantic_component_jobs"":4,""max_semantic_component_workers"":1,""inference_regions"":42,""canonical_specialization_queries"":2,""canonical_specialization_hits"":0,""solver_requested_bytes"":184312,""solver_allocations"":478,""scratch_requested_bytes"":149128,""scratch_allocations"":810,""max_solver_live_bytes"":7328,""max_scratch_live_bytes"":3424,""evidence_import_solver_bytes"":0,""evidence_import_scratch_bytes"":1792,""snapshot_copy_bytes"":0,""snapshot_copy_allocations"":0,""principal_copy_buffer_bytes"":23280,""principal_copy_buffer_allocations"":175,""frozen_capture_temporary_bytes"":0,""frozen_capture_published_bytes"":0,""frozen_edge_scratch_bytes"":0,""region_scopes"":62,""max_region_scopes"":4,""call_collections_closed"":4,""call_collections_unresolved"":0,""call_memo_hits"":32,""solver_passes"":64,""solver_constraint_visits"":77,""occurs_steps"":71}"
build/bench/cloud-principal-graphs/callback-sources/curried-4-valid.blot,ac10c5cf4c1535cedab5194798feb143a690c04c290b8685b9f3a003935d12f6,workers-2,"[4994,5014,5135,5154,5215,5223,5245,5275,5379,5430,5478,5522,5598,5670,5861]","[5206,5216,5325,5334,5420,5447,5498,5539,5667,5743,5766,5839,5850,6147,6185]","[4119330,4119330,4119330,4119330,4119330,4119330,4119330,4119330,4119330,4119330,4119330,4119330,4119330,4119330,4119330]","[1074071,1074071,1074071,1074071,1074071,1074071,1074071,1074071,1074071,1074071,1074071,1074071,1074071,1074071,1074071]","{""semantic_component_batches"":2,""semantic_component_jobs"":4,""max_semantic_component_workers"":2,""inference_regions"":42,""canonical_specialization_queries"":2,""canonical_specialization_hits"":0,""solver_requested_bytes"":184312,""solver_allocations"":478,""scratch_requested_bytes"":149128,""scratch_allocations"":810,""max_solver_live_bytes"":7328,""max_scratch_live_bytes"":3424,""evidence_import_solver_bytes"":0,""evidence_import_scratch_bytes"":1792,""snapshot_copy_bytes"":0,""snapshot_copy_allocations"":0,""principal_copy_buffer_bytes"":23280,""principal_copy_buffer_allocations"":175,""frozen_capture_temporary_bytes"":0,""frozen_capture_published_bytes"":0,""frozen_edge_scratch_bytes"":0,""region_scopes"":62,""max_region_scopes"":4,""call_collections_closed"":4,""call_collections_unresolved"":0,""call_memo_hits"":32,""solver_passes"":64,""solver_constraint_visits"":77,""occurs_steps"":71}"
build/bench/cloud-principal-graphs/callback-sources/curried-4-valid.blot,ac10c5cf4c1535cedab5194798feb143a690c04c290b8685b9f3a003935d12f6,workers-4,"[4840,4910,4936,5021,5048,5064,5248,5358,5657,6002,6054,6131,6296,6607,6915]","[5144,5191,5203,5221,5285,5346,5465,5556,6156,6246,6338,6471,6522,6760,7189]","[4119330,4119330,4119330,4119330,4119330,4119330,4119330,4119330,4119330,4119330,4119330,4119330,4119330,4119330,4119330]","[1074071,1074071,1074071,1074071,1074071,1074071,1074071,1074071,1074071,1074071,1074071,1074071,1074071,1074071,1074071]","{""semantic_component_batches"":2,""semantic_component_jobs"":4,""max_semantic_component_workers"":2,""inference_regions"":42,""canonical_specialization_queries"":2,""canonical_specialization_hits"":0,""solver_requested_bytes"":184312,""solver_allocations"":478,""scratch_requested_bytes"":149128,""scratch_allocations"":810,""max_solver_live_bytes"":7328,""max_scratch_live_bytes"":3424,""evidence_import_solver_bytes"":0,""evidence_import_scratch_bytes"":1792,""snapshot_copy_bytes"":0,""snapshot_copy_allocations"":0,""principal_copy_buffer_bytes"":23280,""principal_copy_buffer_allocations"":175,""frozen_capture_temporary_bytes"":0,""frozen_capture_published_bytes"":0,""frozen_edge_scratch_bytes"":0,""region_scopes"":62,""max_region_scopes"":4,""call_collections_closed"":4,""call_collections_unresolved"":0,""call_memo_hits"":32,""solver_passes"":64,""solver_constraint_visits"":77,""occurs_steps"":71}"
build/bench/cloud-principal-graphs/callback-sources/curried-4-valid.blot,ac10c5cf4c1535cedab5194798feb143a690c04c290b8685b9f3a003935d12f6,workers-8,"[4912,5027,5062,5202,5324,5345,5485,5613,5692,5875,5948,6034,6098,6950,7201]","[5074,5282,5283,5355,5512,5598,5698,5759,5875,6226,6260,6281,6296,7136,7474]","[4119330,4119330,4119330,4119330,4119330,4119330,4119330,4119330,4119330,4119330,4119330,4119330,4119330,4119330,4119330]","[1074071,1074071,1074071,1074071,1074071,1074071,1074071,1074071,1074071,1074071,1074071,1074071,1074071,1074071,1074071]","{""semantic_component_batches"":2,""semantic_component_jobs"":4,""max_semantic_component_workers"":2,""inference_regions"":42,""canonical_specialization_queries"":2,""canonical_specialization_hits"":0,""solver_requested_bytes"":184312,""solver_allocations"":478,""scratch_requested_bytes"":149128,""scratch_allocations"":810,""max_solver_live_bytes"":7328,""max_scratch_live_bytes"":3424,""evidence_import_solver_bytes"":0,""evidence_import_scratch_bytes"":1792,""snapshot_copy_bytes"":0,""snapshot_copy_allocations"":0,""principal_copy_buffer_bytes"":23280,""principal_copy_buffer_allocations"":175,""frozen_capture_temporary_bytes"":0,""frozen_capture_published_bytes"":0,""frozen_edge_scratch_bytes"":0,""region_scopes"":62,""max_region_scopes"":4,""call_collections_closed"":4,""call_collections_unresolved"":0,""call_memo_hits"":32,""solver_passes"":64,""solver_constraint_visits"":77,""occurs_steps"":71}"
build/bench/cloud-principal-graphs/callback-sources/curried-8-valid.blot,56773e7f11db4927845db7b7864234b7c10cb95c0e666efce882afc855ef1f0c,baseline,"[5376,5403,5408,5465,5480,5572,5588,5618,5627,5707,5759,5922,5978,6089,6310]","[5605,5634,5690,5699,5700,5845,5853,5857,5939,5945,6001,6224,6259,6334,6592]","[4197599,4197599,4197599,4197599,4197599,4197599,4197599,4197599,4197599,4197599,4197599,4197599,4197599,4197599,4197599]","[1116059,1116059,1116059,1116059,1116059,1116059,1116059,1116059,1116059,1116059,1116059,1116059,1116059,1116059,1116059]","{""inference_regions"":66,""canonical_specialization_queries"":2,""canonical_specialization_hits"":0,""solver_requested_bytes"":295096,""solver_allocations"":750,""scratch_requested_bytes"":246528,""scratch_allocations"":1323,""max_solver_live_bytes"":7328,""max_scratch_live_bytes"":4080,""evidence_import_solver_bytes"":0,""evidence_import_scratch_bytes"":2816,""snapshot_copy_bytes"":0,""snapshot_copy_allocations"":0,""principal_copy_buffer_bytes"":40464,""principal_copy_buffer_allocations"":299,""frozen_capture_temporary_bytes"":0,""frozen_capture_published_bytes"":0,""frozen_edge_scratch_bytes"":0,""region_scopes"":94,""max_region_scopes"":4,""call_collections_closed"":4,""call_collections_unresolved"":0,""call_memo_hits"":56,""solver_passes"":104,""solver_constraint_visits"":133,""occurs_steps"":103}"
build/bench/cloud-principal-graphs/callback-sources/curried-8-valid.blot,56773e7f11db4927845db7b7864234b7c10cb95c0e666efce882afc855ef1f0c,default,"[5122,5226,5361,5392,5483,5559,5647,5679,5852,5895,6111,6123,6307,6868,8357]","[5418,5511,5648,5713,5780,5791,5913,6042,6153,6230,6439,6475,6535,7137,8666]","[4197599,4197599,4197599,4197599,4197599,4197599,4197599,4197599,4197599,4197599,4197599,4197599,4197599,4197599,4197599]","[1116059,1116059,1116059,1116059,1116059,1116059,1116059,1116059,1116059,1116059,1116059,1116059,1116059,1116059,1116059]","{""semantic_component_batches"":0,""semantic_component_jobs"":0,""max_semantic_component_workers"":0,""inference_regions"":66,""canonical_specialization_queries"":2,""canonical_specialization_hits"":0,""solver_requested_bytes"":295096,""solver_allocations"":750,""scratch_requested_bytes"":246528,""scratch_allocations"":1323,""max_solver_live_bytes"":7328,""max_scratch_live_bytes"":4080,""evidence_import_solver_bytes"":0,""evidence_import_scratch_bytes"":2816,""snapshot_copy_bytes"":0,""snapshot_copy_allocations"":0,""principal_copy_buffer_bytes"":40464,""principal_copy_buffer_allocations"":299,""frozen_capture_temporary_bytes"":0,""frozen_capture_published_bytes"":0,""frozen_edge_scratch_bytes"":0,""region_scopes"":94,""max_region_scopes"":4,""call_collections_closed"":4,""call_collections_unresolved"":0,""call_memo_hits"":56,""solver_passes"":104,""solver_constraint_visits"":133,""occurs_steps"":103}"
build/bench/cloud-principal-graphs/callback-sources/curried-8-valid.blot,56773e7f11db4927845db7b7864234b7c10cb95c0e666efce882afc855ef1f0c,workers-1,"[5213,5394,5431,5497,5591,5636,5648,5670,5690,5769,5846,5915,5931,6278,6565]","[5433,5660,5689,5738,5880,5883,5941,5946,5993,5996,6091,6140,6166,6627,6920]","[4657047,4657047,4657047,4657047,4657047,4657047,4657047,4657047,4657047,4657047,4657047,4657047,4657047,4657047,4657047]","[1116059,1116059,1116059,1116059,1116059,1116059,1116059,1116059,1116059,1116059,1116059,1116059,1116059,1116059,1116059]","{""semantic_component_batches"":2,""semantic_component_jobs"":4,""max_semantic_component_workers"":1,""inference_regions"":66,""canonical_specialization_queries"":2,""canonical_specialization_hits"":0,""solver_requested_bytes"":295096,""solver_allocations"":750,""scratch_requested_bytes"":246528,""scratch_allocations"":1323,""max_solver_live_bytes"":7328,""max_scratch_live_bytes"":4080,""evidence_import_solver_bytes"":0,""evidence_import_scratch_bytes"":2816,""snapshot_copy_bytes"":0,""snapshot_copy_allocations"":0,""principal_copy_buffer_bytes"":40464,""principal_copy_buffer_allocations"":299,""frozen_capture_temporary_bytes"":0,""frozen_capture_published_bytes"":0,""frozen_edge_scratch_bytes"":0,""region_scopes"":94,""max_region_scopes"":4,""call_collections_closed"":4,""call_collections_unresolved"":0,""call_memo_hits"":56,""solver_passes"":104,""solver_constraint_visits"":133,""occurs_steps"":103}"
build/bench/cloud-principal-graphs/callback-sources/curried-8-valid.blot,56773e7f11db4927845db7b7864234b7c10cb95c0e666efce882afc855ef1f0c,workers-2,"[5242,5535,5545,5697,5708,5816,5879,5929,6001,6004,6007,6023,6054,6387,6647]","[5428,5641,5682,5944,6026,6136,6150,6150,6179,6255,6277,6317,6602,6874,7234]","[4698151,4739255,4739255,4739255,4739255,4739255,4739255,4739255,4739255,4739255,4739255,4739255,4739255,4739255,4739255]","[1116059,1116059,1116059,1116059,1116059,1116059,1116059,1116059,1116059,1116059,1116059,1116059,1116059,1116059,1116059]","{""semantic_component_batches"":2,""semantic_component_jobs"":4,""max_semantic_component_workers"":2,""inference_regions"":66,""canonical_specialization_queries"":2,""canonical_specialization_hits"":0,""solver_requested_bytes"":295096,""solver_allocations"":750,""scratch_requested_bytes"":246528,""scratch_allocations"":1323,""max_solver_live_bytes"":7328,""max_scratch_live_bytes"":4080,""evidence_import_solver_bytes"":0,""evidence_import_scratch_bytes"":2816,""snapshot_copy_bytes"":0,""snapshot_copy_allocations"":0,""principal_copy_buffer_bytes"":40464,""principal_copy_buffer_allocations"":299,""frozen_capture_temporary_bytes"":0,""frozen_capture_published_bytes"":0,""frozen_edge_scratch_bytes"":0,""region_scopes"":94,""max_region_scopes"":4,""call_collections_closed"":4,""call_collections_unresolved"":0,""call_memo_hits"":56,""solver_passes"":104,""solver_constraint_visits"":133,""occurs_steps"":103}"
build/bench/cloud-principal-graphs/callback-sources/curried-8-valid.blot,56773e7f11db4927845db7b7864234b7c10cb95c0e666efce882afc855ef1f0c,workers-4,"[5473,5507,5875,5882,5998,6000,6083,6202,6258,6285,6405,6406,6536,6919,7094]","[5636,5858,6069,6078,6270,6311,6359,6436,6477,6524,6617,6702,6763,7149,7291]","[4739255,4739255,4739255,4739255,4739255,4739255,4739255,4739255,4739255,4739255,4739255,4739255,4739255,4739255,4739255]","[1116059,1116059,1116059,1116059,1116059,1116059,1116059,1116059,1116059,1116059,1116059,1116059,1116059,1116059,1116059]","{""semantic_component_batches"":2,""semantic_component_jobs"":4,""max_semantic_component_workers"":2,""inference_regions"":66,""canonical_specialization_queries"":2,""canonical_specialization_hits"":0,""solver_requested_bytes"":295096,""solver_allocations"":750,""scratch_requested_bytes"":246528,""scratch_allocations"":1323,""max_solver_live_bytes"":7328,""max_scratch_live_bytes"":4080,""evidence_import_solver_bytes"":0,""evidence_import_scratch_bytes"":2816,""snapshot_copy_bytes"":0,""snapshot_copy_allocations"":0,""principal_copy_buffer_bytes"":40464,""principal_copy_buffer_allocations"":299,""frozen_capture_temporary_bytes"":0,""frozen_capture_published_bytes"":0,""frozen_edge_scratch_bytes"":0,""region_scopes"":94,""max_region_scopes"":4,""call_collections_closed"":4,""call_collections_unresolved"":0,""call_memo_hits"":56,""solver_passes"":104,""solver_constraint_visits"":133,""occurs_steps"":103}"
build/bench/cloud-principal-graphs/callback-sources/curried-8-valid.blot,56773e7f11db4927845db7b7864234b7c10cb95c0e666efce882afc855ef1f0c,workers-8,"[5450,5695,5727,5801,5843,5854,5911,6153,6268,6364,6440,6467,6639,7049,7291]","[5909,5913,5927,5966,5997,6057,6090,6385,6531,6695,6862,7037,7117,7188,7836]","[4739255,4739255,4739255,4739255,4739255,4739255,4739255,4739255,4739255,4739255,4739255,4739255,4739255,4739255,4739255]","[1116059,1116059,1116059,1116059,1116059,1116059,1116059,1116059,1116059,1116059,1116059,1116059,1116059,1116059,1116059]","{""semantic_component_batches"":2,""semantic_component_jobs"":4,""max_semantic_component_workers"":2,""inference_regions"":66,""canonical_specialization_queries"":2,""canonical_specialization_hits"":0,""solver_requested_bytes"":295096,""solver_allocations"":750,""scratch_requested_bytes"":246528,""scratch_allocations"":1323,""max_solver_live_bytes"":7328,""max_scratch_live_bytes"":4080,""evidence_import_solver_bytes"":0,""evidence_import_scratch_bytes"":2816,""snapshot_copy_bytes"":0,""snapshot_copy_allocations"":0,""principal_copy_buffer_bytes"":40464,""principal_copy_buffer_allocations"":299,""frozen_capture_temporary_bytes"":0,""frozen_capture_published_bytes"":0,""frozen_edge_scratch_bytes"":0,""region_scopes"":94,""max_region_scopes"":4,""call_collections_closed"":4,""call_collections_unresolved"":0,""call_memo_hits"":56,""solver_passes"":104,""solver_constraint_visits"":133,""occurs_steps"":103}"
build/bench/cloud-principal-graphs/callback-sources/curried-12-valid.blot,f4c39c89bf97d5f83cbf169801ad3c28ac37d4e47c4be2898152e5d1965d3982,baseline,"[5789,5858,5907,5959,6124,6229,6255,6314,6396,6456,6582,7011,7128,7312,7326]","[6032,6085,6209,6213,6358,6443,6510,6620,6660,6810,6843,7291,7618,7620,7649]","[4549753,4549753,4549753,4549753,4549753,4549753,4549753,4549753,4549753,4549753,4549753,4549753,4549753,4549753,4549753]","[1137055,1137055,1137055,1137055,1137055,1137055,1137055,1137055,1137055,1137055,1137055,1137055,1137055,1137055,1137055]","{""inference_regions"":90,""canonical_specialization_queries"":2,""canonical_specialization_hits"":0,""solver_requested_bytes"":405880,""solver_allocations"":1022,""scratch_requested_bytes"":346872,""scratch_allocations"":1837,""max_solver_live_bytes"":7328,""max_scratch_live_bytes"":6640,""evidence_import_solver_bytes"":0,""evidence_import_scratch_bytes"":3840,""snapshot_copy_bytes"":0,""snapshot_copy_allocations"":0,""principal_copy_buffer_bytes"":57648,""principal_copy_buffer_allocations"":423,""frozen_capture_temporary_bytes"":0,""frozen_capture_published_bytes"":0,""frozen_edge_scratch_bytes"":0,""region_scopes"":126,""max_region_scopes"":4,""call_collections_closed"":4,""call_collections_unresolved"":0,""call_memo_hits"":80,""solver_passes"":144,""solver_constraint_visits"":189,""occurs_steps"":135}"
build/bench/cloud-principal-graphs/callback-sources/curried-12-valid.blot,f4c39c89bf97d5f83cbf169801ad3c28ac37d4e47c4be2898152e5d1965d3982,default,"[5660,5811,5921,5979,6002,6034,6050,6108,6322,6336,6850,7490,9179,10096,10432]","[5858,6049,6174,6239,6291,6312,6363,6381,6576,6855,7153,7770,9583,10355,10840]","[4549753,4549753,4549753,4549753,4549753,4549753,4549753,4549753,4549753,4549753,4549753,4549753,4549753,4549753,4549753]","[1137055,1137055,1137055,1137055,1137055,1137055,1137055,1137055,1137055,1137055,1137055,1137055,1137055,1137055,1137055]","{""semantic_component_batches"":0,""semantic_component_jobs"":0,""max_semantic_component_workers"":0,""inference_regions"":90,""canonical_specialization_queries"":2,""canonical_specialization_hits"":0,""solver_requested_bytes"":405880,""solver_allocations"":1022,""scratch_requested_bytes"":346872,""scratch_allocations"":1837,""max_solver_live_bytes"":7328,""max_scratch_live_bytes"":6640,""evidence_import_solver_bytes"":0,""evidence_import_scratch_bytes"":3840,""snapshot_copy_bytes"":0,""snapshot_copy_allocations"":0,""principal_copy_buffer_bytes"":57648,""principal_copy_buffer_allocations"":423,""frozen_capture_temporary_bytes"":0,""frozen_capture_published_bytes"":0,""frozen_edge_scratch_bytes"":0,""region_scopes"":126,""max_region_scopes"":4,""call_collections_closed"":4,""call_collections_unresolved"":0,""call_memo_hits"":80,""solver_passes"":144,""solver_constraint_visits"":189,""occurs_steps"":135}"
build/bench/cloud-principal-graphs/callback-sources/curried-12-valid.blot,f4c39c89bf97d5f83cbf169801ad3c28ac37d4e47c4be2898152e5d1965d3982,workers-1,"[5549,5772,5799,5831,5879,6043,6052,6180,6263,6297,6405,6410,6458,6620,7422]","[5794,5984,6061,6206,6316,6406,6416,6483,6586,6651,6713,6726,6943,7058,7658]","[5437441,5437441,5437441,5437441,5437441,5437441,5437441,5437441,5437441,5437441,5437441,5437441,5437441,5437441,5437441]","[1137055,1137055,1137055,1137055,1137055,1137055,1137055,1137055,1137055,1137055,1137055,1137055,1137055,1137055,1137055]","{""semantic_component_batches"":2,""semantic_component_jobs"":4,""max_semantic_component_workers"":1,""inference_regions"":90,""canonical_specialization_queries"":2,""canonical_specialization_hits"":0,""solver_requested_bytes"":405880,""solver_allocations"":1022,""scratch_requested_bytes"":346872,""scratch_allocations"":1837,""max_solver_live_bytes"":7328,""max_scratch_live_bytes"":6640,""evidence_import_solver_bytes"":0,""evidence_import_scratch_bytes"":3840,""snapshot_copy_bytes"":0,""snapshot_copy_allocations"":0,""principal_copy_buffer_bytes"":57648,""principal_copy_buffer_allocations"":423,""frozen_capture_temporary_bytes"":0,""frozen_capture_published_bytes"":0,""frozen_edge_scratch_bytes"":0,""region_scopes"":126,""max_region_scopes"":4,""call_collections_closed"":4,""call_collections_unresolved"":0,""call_memo_hits"":80,""solver_passes"":144,""solver_constraint_visits"":189,""occurs_steps"":135}"
build/bench/cloud-principal-graphs/callback-sources/curried-12-valid.blot,f4c39c89bf97d5f83cbf169801ad3c28ac37d4e47c4be2898152e5d1965d3982,workers-2,"[5985,6117,6154,6312,6414,6420,6517,6740,6838,7010,7955,8269,8318,8461,8695]","[6171,6374,6391,6626,6631,6690,6935,6943,7029,7111,8411,8617,8654,8868,8891]","[5519113,5519113,5519113,5519113,5519113,5519113,5519113,5519113,5519113,5519113,5519113,5519113,5519113,5519113,5519113]","[1137055,1137055,1137055,1137055,1137055,1137055,1137055,1137055,1137055,1137055,1137055,1137055,1137055,1137055,1137055]","{""semantic_component_batches"":2,""semantic_component_jobs"":4,""max_semantic_component_workers"":2,""inference_regions"":90,""canonical_specialization_queries"":2,""canonical_specialization_hits"":0,""solver_requested_bytes"":405880,""solver_allocations"":1022,""scratch_requested_bytes"":346872,""scratch_allocations"":1837,""max_solver_live_bytes"":7328,""max_scratch_live_bytes"":6640,""evidence_import_solver_bytes"":0,""evidence_import_scratch_bytes"":3840,""snapshot_copy_bytes"":0,""snapshot_copy_allocations"":0,""principal_copy_buffer_bytes"":57648,""principal_copy_buffer_allocations"":423,""frozen_capture_temporary_bytes"":0,""frozen_capture_published_bytes"":0,""frozen_edge_scratch_bytes"":0,""region_scopes"":126,""max_region_scopes"":4,""call_collections_closed"":4,""call_collections_unresolved"":0,""call_memo_hits"":80,""solver_passes"":144,""solver_constraint_visits"":189,""occurs_steps"":135}"
build/bench/cloud-principal-graphs/callback-sources/curried-12-valid.blot,f4c39c89bf97d5f83cbf169801ad3c28ac37d4e47c4be2898152e5d1965d3982,workers-4,"[6224,6236,6263,6282,6478,6499,6529,6542,6848,7191,7251,7805,7823,7959,10672]","[6411,6457,6498,6499,6683,6777,6804,6875,7154,7508,7736,8051,8082,8568,10891]","[5519113,5519113,5519113,5519113,5519113,5519113,5519113,5519113,5519113,5519113,5519113,5519113,5519113,5519113,5519113]","[1137055,1137055,1137055,1137055,1137055,1137055,1137055,1137055,1137055,1137055,1137055,1137055,1137055,1137055,1137055]","{""semantic_component_batches"":2,""semantic_component_jobs"":4,""max_semantic_component_workers"":2,""inference_regions"":90,""canonical_specialization_queries"":2,""canonical_specialization_hits"":0,""solver_requested_bytes"":405880,""solver_allocations"":1022,""scratch_requested_bytes"":346872,""scratch_allocations"":1837,""max_solver_live_bytes"":7328,""max_scratch_live_bytes"":6640,""evidence_import_solver_bytes"":0,""evidence_import_scratch_bytes"":3840,""snapshot_copy_bytes"":0,""snapshot_copy_allocations"":0,""principal_copy_buffer_bytes"":57648,""principal_copy_buffer_allocations"":423,""frozen_capture_temporary_bytes"":0,""frozen_capture_published_bytes"":0,""frozen_edge_scratch_bytes"":0,""region_scopes"":126,""max_region_scopes"":4,""call_collections_closed"":4,""call_collections_unresolved"":0,""call_memo_hits"":80,""solver_passes"":144,""solver_constraint_visits"":189,""occurs_steps"":135}"
build/bench/cloud-principal-graphs/callback-sources/curried-12-valid.blot,f4c39c89bf97d5f83cbf169801ad3c28ac37d4e47c4be2898152e5d1965d3982,workers-8,"[5774,6004,6234,6254,6269,6335,6484,6509,6581,6659,6697,6752,6978,7694,10302]","[5950,6327,6448,6465,6573,6679,6680,6695,6883,6932,6938,7160,7293,8211,10735]","[5519113,5519113,5519113,5519113,5519113,5519113,5519113,5519113,5519113,5519113,5519113,5519113,5519113,5519113,5519113]","[1137055,1137055,1137055,1137055,1137055,1137055,1137055,1137055,1137055,1137055,1137055,1137055,1137055,1137055,1137055]","{""semantic_component_batches"":2,""semantic_component_jobs"":4,""max_semantic_component_workers"":2,""inference_regions"":90,""canonical_specialization_queries"":2,""canonical_specialization_hits"":0,""solver_requested_bytes"":405880,""solver_allocations"":1022,""scratch_requested_bytes"":346872,""scratch_allocations"":1837,""max_solver_live_bytes"":7328,""max_scratch_live_bytes"":6640,""evidence_import_solver_bytes"":0,""evidence_import_scratch_bytes"":3840,""snapshot_copy_bytes"":0,""snapshot_copy_allocations"":0,""principal_copy_buffer_bytes"":57648,""principal_copy_buffer_allocations"":423,""frozen_capture_temporary_bytes"":0,""frozen_capture_published_bytes"":0,""frozen_edge_scratch_bytes"":0,""region_scopes"":126,""max_region_scopes"":4,""call_collections_closed"":4,""call_collections_unresolved"":0,""call_memo_hits"":80,""solver_passes"":144,""solver_constraint_visits"":189,""occurs_steps"":135}"
build/bench/cloud-principal-graphs/callback-sources/returned-4-valid.blot,d58dc6e9acc913d8467680aa996ce1bc94977ee95a3dccd0c0a8647c32826f6a,baseline,"[5016,5045,5165,5166,5201,5292,5340,5517,5578,5759,5831,6254,6740,8547,9247]","[5235,5320,5419,5514,5551,5578,5630,5781,5820,6085,6229,6525,7069,8815,9566]","[3798637,3798637,3798637,3798637,3798637,3798637,3798637,3798637,3798637,3798637,3798637,3798637,3798637,3798637,3798637]","[1073899,1073899,1073899,1073899,1073899,1073899,1073899,1073899,1073899,1073899,1073899,1073899,1073899,1073899,1073899]","{""inference_regions"":42,""canonical_specialization_queries"":2,""canonical_specialization_hits"":0,""solver_requested_bytes"":181048,""solver_allocations"":476,""scratch_requested_bytes"":151488,""scratch_allocations"":824,""max_solver_live_bytes"":6156,""max_scratch_live_bytes"":3424,""evidence_import_solver_bytes"":0,""evidence_import_scratch_bytes"":1792,""snapshot_copy_bytes"":0,""snapshot_copy_allocations"":0,""principal_copy_buffer_bytes"":23376,""principal_copy_buffer_allocations"":175,""frozen_capture_temporary_bytes"":0,""frozen_capture_published_bytes"":0,""frozen_edge_scratch_bytes"":0,""region_scopes"":62,""max_region_scopes"":4,""call_collections_closed"":4,""call_collections_unresolved"":0,""call_memo_hits"":32,""solver_passes"":64,""solver_constraint_visits"":77,""occurs_steps"":65}"
build/bench/cloud-principal-graphs/callback-sources/returned-4-valid.blot,d58dc6e9acc913d8467680aa996ce1bc94977ee95a3dccd0c0a8647c32826f6a,default,"[4713,4782,4902,4905,4954,4970,5028,5074,5079,5087,5456,5532,5697,6809,8581]","[4998,5025,5191,5194,5249,5290,5314,5347,5354,5360,5768,5801,6111,7166,8988]","[3798637,3798637,3798637,3798637,3798637,3798637,3798637,3798637,3798637,3798637,3798637,3798637,3798637,3798637,3798637]","[1073899,1073899,1073899,1073899,1073899,1073899,1073899,1073899,1073899,1073899,1073899,1073899,1073899,1073899,1073899]","{""semantic_component_batches"":0,""semantic_component_jobs"":0,""max_semantic_component_workers"":0,""inference_regions"":42,""canonical_specialization_queries"":2,""canonical_specialization_hits"":0,""solver_requested_bytes"":181048,""solver_allocations"":476,""scratch_requested_bytes"":151488,""scratch_allocations"":824,""max_solver_live_bytes"":6156,""max_scratch_live_bytes"":3424,""evidence_import_solver_bytes"":0,""evidence_import_scratch_bytes"":1792,""snapshot_copy_bytes"":0,""snapshot_copy_allocations"":0,""principal_copy_buffer_bytes"":23376,""principal_copy_buffer_allocations"":175,""frozen_capture_temporary_bytes"":0,""frozen_capture_published_bytes"":0,""frozen_edge_scratch_bytes"":0,""region_scopes"":62,""max_region_scopes"":4,""call_collections_closed"":4,""call_collections_unresolved"":0,""call_memo_hits"":32,""solver_passes"":64,""solver_constraint_visits"":77,""occurs_steps"":65}"
build/bench/cloud-principal-graphs/callback-sources/returned-4-valid.blot,d58dc6e9acc913d8467680aa996ce1bc94977ee95a3dccd0c0a8647c32826f6a,workers-1,"[4660,4785,4855,4861,4931,5206,5489,5546,5585,5606,5693,5941,6403,6607,9989]","[5018,5041,5066,5194,5215,5497,5751,5776,5849,5880,6013,6249,6874,6883,10329]","[4065005,4065005,4065005,4065005,4065005,4065005,4065005,4065005,4065005,4065005,4065005,4065005,4065005,4065005,4065005]","[1073899,1073899,1073899,1073899,1073899,1073899,1073899,1073899,1073899,1073899,1073899,1073899,1073899,1073899,1073899]","{""semantic_component_batches"":2,""semantic_component_jobs"":4,""max_semantic_component_workers"":1,""inference_regions"":42,""canonical_specialization_queries"":2,""canonical_specialization_hits"":0,""solver_requested_bytes"":181048,""solver_allocations"":476,""scratch_requested_bytes"":151488,""scratch_allocations"":824,""max_solver_live_bytes"":6156,""max_scratch_live_bytes"":3424,""evidence_import_solver_bytes"":0,""evidence_import_scratch_bytes"":1792,""snapshot_copy_bytes"":0,""snapshot_copy_allocations"":0,""principal_copy_buffer_bytes"":23376,""principal_copy_buffer_allocations"":175,""frozen_capture_temporary_bytes"":0,""frozen_capture_published_bytes"":0,""frozen_edge_scratch_bytes"":0,""region_scopes"":62,""max_region_scopes"":4,""call_collections_closed"":4,""call_collections_unresolved"":0,""call_memo_hits"":32,""solver_passes"":64,""solver_constraint_visits"":77,""occurs_steps"":65}"
build/bench/cloud-principal-graphs/callback-sources/returned-4-valid.blot,d58dc6e9acc913d8467680aa996ce1bc94977ee95a3dccd0c0a8647c32826f6a,workers-2,"[4854,4927,5006,5072,5220,5323,5368,5409,5486,5495,5587,5858,6135,6157,6168]","[5070,5174,5307,5325,5327,5593,5694,5707,5740,5744,5793,6078,6477,6500,6505]","[4151661,4151661,4151661,4151661,4151661,4151661,4151661,4151661,4151661,4151661,4151661,4151661,4151661,4151661,4151661]","[1073899,1073899,1073899,1073899,1073899,1073899,1073899,1073899,1073899,1073899,1073899,1073899,1073899,1073899,1073899]","{""semantic_component_batches"":2,""semantic_component_jobs"":4,""max_semantic_component_workers"":2,""inference_regions"":42,""canonical_specialization_queries"":2,""canonical_specialization_hits"":0,""solver_requested_bytes"":181048,""solver_allocations"":476,""scratch_requested_bytes"":151488,""scratch_allocations"":824,""max_solver_live_bytes"":6156,""max_scratch_live_bytes"":3424,""evidence_import_solver_bytes"":0,""evidence_import_scratch_bytes"":1792,""snapshot_copy_bytes"":0,""snapshot_copy_allocations"":0,""principal_copy_buffer_bytes"":23376,""principal_copy_buffer_allocations"":175,""frozen_capture_temporary_bytes"":0,""frozen_capture_published_bytes"":0,""frozen_edge_scratch_bytes"":0,""region_scopes"":62,""max_region_scopes"":4,""call_collections_closed"":4,""call_collections_unresolved"":0,""call_memo_hits"":32,""solver_passes"":64,""solver_constraint_visits"":77,""occurs_steps"":65}"
build/bench/cloud-principal-graphs/callback-sources/returned-4-valid.blot,d58dc6e9acc913d8467680aa996ce1bc94977ee95a3dccd0c0a8647c32826f6a,workers-4,"[4879,4901,5066,5081,5143,5395,5401,5568,5570,5638,5642,5675,5823,6410,18521]","[5066,5102,5268,5297,5374,5666,5691,5704,5751,5784,5792,5841,6024,6932,18777]","[4151661,4151661,4151661,4151661,4151661,4151661,4151661,4151661,4151661,4151661,4151661,4151661,4151661,4151661,4151661]","[1073899,1073899,1073899,1073899,1073899,1073899,1073899,1073899,1073899,1073899,1073899,1073899,1073899,1073899,1073899]","{""semantic_component_batches"":2,""semantic_component_jobs"":4,""max_semantic_component_workers"":2,""inference_regions"":42,""canonical_specialization_queries"":2,""canonical_specialization_hits"":0,""solver_requested_bytes"":181048,""solver_allocations"":476,""scratch_requested_bytes"":151488,""scratch_allocations"":824,""max_solver_live_bytes"":6156,""max_scratch_live_bytes"":3424,""evidence_import_solver_bytes"":0,""evidence_import_scratch_bytes"":1792,""snapshot_copy_bytes"":0,""snapshot_copy_allocations"":0,""principal_copy_buffer_bytes"":23376,""principal_copy_buffer_allocations"":175,""frozen_capture_temporary_bytes"":0,""frozen_capture_published_bytes"":0,""frozen_edge_scratch_bytes"":0,""region_scopes"":62,""max_region_scopes"":4,""call_collections_closed"":4,""call_collections_unresolved"":0,""call_memo_hits"":32,""solver_passes"":64,""solver_constraint_visits"":77,""occurs_steps"":65}"
build/bench/cloud-principal-graphs/callback-sources/returned-4-valid.blot,d58dc6e9acc913d8467680aa996ce1bc94977ee95a3dccd0c0a8647c32826f6a,workers-8,"[4833,5215,5216,5280,5289,5304,5339,5510,5534,5561,5635,5639,5649,5653,6289]","[5316,5447,5475,5517,5538,5573,5638,5744,5791,5826,5827,5829,5897,5949,6527]","[4151661,4151661,4151661,4151661,4151661,4151661,4151661,4151661,4151661,4151661,4151661,4151661,4151661,4151661,4151661]","[1073899,1073899,1073899,1073899,1073899,1073899,1073899,1073899,1073899,1073899,1073899,1073899,1073899,1073899,1073899]","{""semantic_component_batches"":2,""semantic_component_jobs"":4,""max_semantic_component_workers"":2,""inference_regions"":42,""canonical_specialization_queries"":2,""canonical_specialization_hits"":0,""solver_requested_bytes"":181048,""solver_allocations"":476,""scratch_requested_bytes"":151488,""scratch_allocations"":824,""max_solver_live_bytes"":6156,""max_scratch_live_bytes"":3424,""evidence_import_solver_bytes"":0,""evidence_import_scratch_bytes"":1792,""snapshot_copy_bytes"":0,""snapshot_copy_allocations"":0,""principal_copy_buffer_bytes"":23376,""principal_copy_buffer_allocations"":175,""frozen_capture_temporary_bytes"":0,""frozen_capture_published_bytes"":0,""frozen_edge_scratch_bytes"":0,""region_scopes"":62,""max_region_scopes"":4,""call_collections_closed"":4,""call_collections_unresolved"":0,""call_memo_hits"":32,""solver_passes"":64,""solver_constraint_visits"":77,""occurs_steps"":65}"
build/bench/cloud-principal-graphs/callback-sources/returned-8-valid.blot,0bda513588392078285cadf78599d512871131e3473cbf962aebe44f5ccf03b2,baseline,"[5228,5293,5310,5415,5561,5597,5706,5750,5772,5915,5975,5997,6276,6445,7912]","[5536,5578,5643,5768,5814,5844,6014,6022,6030,6253,6287,6327,6574,7223,8544]","[4197698,4197698,4197698,4197698,4197698,4197698,4197698,4197698,4197698,4197698,4197698,4197698,4197698,4197698,4197698]","[1115899,1115899,1115899,1115899,1115899,1115899,1115899,1115899,1115899,1115899,1115899,1115899,1115899,1115899,1115899]","{""inference_regions"":66,""canonical_specialization_queries"":2,""canonical_specialization_hits"":0,""solver_requested_bytes"":291832,""solver_allocations"":748,""scratch_requested_bytes"":248056,""scratch_allocations"":1345,""max_solver_live_bytes"":6156,""max_scratch_live_bytes"":4080,""evidence_import_solver_bytes"":0,""evidence_import_scratch_bytes"":2816,""snapshot_copy_bytes"":0,""snapshot_copy_allocations"":0,""principal_copy_buffer_bytes"":40624,""principal_copy_buffer_allocations"":299,""frozen_capture_temporary_bytes"":0,""frozen_capture_published_bytes"":0,""frozen_edge_scratch_bytes"":0,""region_scopes"":94,""max_region_scopes"":4,""call_collections_closed"":4,""call_collections_unresolved"":0,""call_memo_hits"":56,""solver_passes"":104,""solver_constraint_visits"":133,""occurs_steps"":97}"
build/bench/cloud-principal-graphs/callback-sources/returned-8-valid.blot,0bda513588392078285cadf78599d512871131e3473cbf962aebe44f5ccf03b2,default,"[5277,5299,5314,5443,5516,5538,5555,5656,5697,5843,6153,6284,6446,6593,7671]","[5509,5555,5563,5688,5764,5792,5812,6009,6027,6156,6377,6635,6820,6834,8051]","[4197698,4197698,4197698,4197698,4197698,4197698,4197698,4197698,4197698,4197698,4197698,4197698,4197698,4197698,4197698]","[1115899,1115899,1115899,1115899,1115899,1115899,1115899,1115899,1115899,1115899,1115899,1115899,1115899,1115899,1115899]","{""semantic_component_batches"":0,""semantic_component_jobs"":0,""max_semantic_component_workers"":0,""inference_regions"":66,""canonical_specialization_queries"":2,""canonical_specialization_hits"":0,""solver_requested_bytes"":291832,""solver_allocations"":748,""scratch_requested_bytes"":248056,""scratch_allocations"":1345,""max_solver_live_bytes"":6156,""max_scratch_live_bytes"":4080,""evidence_import_solver_bytes"":0,""evidence_import_scratch_bytes"":2816,""snapshot_copy_bytes"":0,""snapshot_copy_allocations"":0,""principal_copy_buffer_bytes"":40624,""principal_copy_buffer_allocations"":299,""frozen_capture_temporary_bytes"":0,""frozen_capture_published_bytes"":0,""frozen_edge_scratch_bytes"":0,""region_scopes"":94,""max_region_scopes"":4,""call_collections_closed"":4,""call_collections_unresolved"":0,""call_memo_hits"":56,""solver_passes"":104,""solver_constraint_visits"":133,""occurs_steps"":97}"
build/bench/cloud-principal-graphs/callback-sources/returned-8-valid.blot,0bda513588392078285cadf78599d512871131e3473cbf962aebe44f5ccf03b2,workers-1,"[5095,5213,5293,5353,5383,5401,5444,5471,5494,5498,5517,5702,6026,7013,9538]","[5421,5481,5563,5616,5644,5650,5692,5713,5729,5764,5862,5930,6292,7441,9946]","[4656994,4656994,4656994,4656994,4656994,4656994,4656994,4656994,4656994,4656994,4656994,4656994,4656994,4656994,4656994]","[1115899,1115899,1115899,1115899,1115899,1115899,1115899,1115899,1115899,1115899,1115899,1115899,1115899,1115899,1115899]","{""semantic_component_batches"":2,""semantic_component_jobs"":4,""max_semantic_component_workers"":1,""inference_regions"":66,""canonical_specialization_queries"":2,""canonical_specialization_hits"":0,""solver_requested_bytes"":291832,""solver_allocations"":748,""scratch_requested_bytes"":248056,""scratch_allocations"":1345,""max_solver_live_bytes"":6156,""max_scratch_live_bytes"":4080,""evidence_import_solver_bytes"":0,""evidence_import_scratch_bytes"":2816,""snapshot_copy_bytes"":0,""snapshot_copy_allocations"":0,""principal_copy_buffer_bytes"":40624,""principal_copy_buffer_allocations"":299,""frozen_capture_temporary_bytes"":0,""frozen_capture_published_bytes"":0,""frozen_edge_scratch_bytes"":0,""region_scopes"":94,""max_region_scopes"":4,""call_collections_closed"":4,""call_collections_unresolved"":0,""call_memo_hits"":56,""solver_passes"":104,""solver_constraint_visits"":133,""occurs_steps"":97}"
build/bench/cloud-principal-graphs/callback-sources/returned-8-valid.blot,0bda513588392078285cadf78599d512871131e3473cbf962aebe44f5ccf03b2,workers-2,"[5236,5371,5603,5713,5821,5828,5866,5870,5980,6037,6219,6220,6258,6387,6781]","[5432,5600,5820,5927,6046,6057,6159,6209,6268,6299,6451,6570,6598,6620,7085]","[4739122,4739122,4739122,4739122,4739122,4739122,4739122,4739122,4739122,4739122,4739122,4739122,4739122,4739122,4739122]","[1115899,1115899,1115899,1115899,1115899,1115899,1115899,1115899,1115899,1115899,1115899,1115899,1115899,1115899,1115899]","{""semantic_component_batches"":2,""semantic_component_jobs"":4,""max_semantic_component_workers"":2,""inference_regions"":66,""canonical_specialization_queries"":2,""canonical_specialization_hits"":0,""solver_requested_bytes"":291832,""solver_allocations"":748,""scratch_requested_bytes"":248056,""scratch_allocations"":1345,""max_solver_live_bytes"":6156,""max_scratch_live_bytes"":4080,""evidence_import_solver_bytes"":0,""evidence_import_scratch_bytes"":2816,""snapshot_copy_bytes"":0,""snapshot_copy_allocations"":0,""principal_copy_buffer_bytes"":40624,""principal_copy_buffer_allocations"":299,""frozen_capture_temporary_bytes"":0,""frozen_capture_published_bytes"":0,""frozen_edge_scratch_bytes"":0,""region_scopes"":94,""max_region_scopes"":4,""call_collections_closed"":4,""call_collections_unresolved"":0,""call_memo_hits"":56,""solver_passes"":104,""solver_constraint_visits"":133,""occurs_steps"":97}"
build/bench/cloud-principal-graphs/callback-sources/returned-8-valid.blot,0bda513588392078285cadf78599d512871131e3473cbf962aebe44f5ccf03b2,workers-4,"[5443,5445,5499,5769,5913,5940,6347,6398,6464,6616,6958,7033,9217,11767,16142]","[5607,5633,5700,5954,6082,6265,6534,6645,6757,7052,7242,7291,9680,12026,16545]","[4739122,4739122,4739122,4739122,4739122,4739122,4739122,4739122,4739122,4739122,4739122,4739122,4739122,4739122,4739122]","[1115899,1115899,1115899,1115899,1115899,1115899,1115899,1115899,1115899,1115899,1115899,1115899,1115899,1115899,1115899]","{""semantic_component_batches"":2,""semantic_component_jobs"":4,""max_semantic_component_workers"":2,""inference_regions"":66,""canonical_specialization_queries"":2,""canonical_specialization_hits"":0,""solver_requested_bytes"":291832,""solver_allocations"":748,""scratch_requested_bytes"":248056,""scratch_allocations"":1345,""max_solver_live_bytes"":6156,""max_scratch_live_bytes"":4080,""evidence_import_solver_bytes"":0,""evidence_import_scratch_bytes"":2816,""snapshot_copy_bytes"":0,""snapshot_copy_allocations"":0,""principal_copy_buffer_bytes"":40624,""principal_copy_buffer_allocations"":299,""frozen_capture_temporary_bytes"":0,""frozen_capture_published_bytes"":0,""frozen_edge_scratch_bytes"":0,""region_scopes"":94,""max_region_scopes"":4,""call_collections_closed"":4,""call_collections_unresolved"":0,""call_memo_hits"":56,""solver_passes"":104,""solver_constraint_visits"":133,""occurs_steps"":97}"
build/bench/cloud-principal-graphs/callback-sources/returned-8-valid.blot,0bda513588392078285cadf78599d512871131e3473cbf962aebe44f5ccf03b2,workers-8,"[5268,5468,5619,5758,5852,5867,5993,6146,6286,6341,6395,6467,7707,7782,8093]","[5463,5695,5985,6052,6082,6163,6240,6471,6557,6570,6576,6925,8024,8098,8123]","[4739122,4739122,4739122,4739122,4739122,4739122,4739122,4739122,4739122,4739122,4739122,4739122,4739122,4739122,4739122]","[1115899,1115899,1115899,1115899,1115899,1115899,1115899,1115899,1115899,1115899,1115899,1115899,1115899,1115899,1115899]","{""semantic_component_batches"":2,""semantic_component_jobs"":4,""max_semantic_component_workers"":2,""inference_regions"":66,""canonical_specialization_queries"":2,""canonical_specialization_hits"":0,""solver_requested_bytes"":291832,""solver_allocations"":748,""scratch_requested_bytes"":248056,""scratch_allocations"":1345,""max_solver_live_bytes"":6156,""max_scratch_live_bytes"":4080,""evidence_import_solver_bytes"":0,""evidence_import_scratch_bytes"":2816,""snapshot_copy_bytes"":0,""snapshot_copy_allocations"":0,""principal_copy_buffer_bytes"":40624,""principal_copy_buffer_allocations"":299,""frozen_capture_temporary_bytes"":0,""frozen_capture_published_bytes"":0,""frozen_edge_scratch_bytes"":0,""region_scopes"":94,""max_region_scopes"":4,""call_collections_closed"":4,""call_collections_unresolved"":0,""call_memo_hits"":56,""solver_passes"":104,""solver_constraint_visits"":133,""occurs_steps"":97}"
build/bench/cloud-principal-graphs/callback-sources/returned-12-valid.blot,bf32b5676b2074fae78e7aee4aeef78a99cd74b513a8720ee2aa863d1fca2f71,baseline,"[6087,6151,6240,6308,6325,6338,6415,6458,6502,6534,6554,6602,7110,7529,7909]","[6337,6486,6535,6573,6603,6748,6767,6802,6850,6865,6916,6953,7487,7782,8355]","[4550406,4550406,4550406,4550406,4550406,4550406,4550406,4550406,4550406,4550406,4550406,4550406,4550406,4550406,4550406]","[1136847,1136847,1136847,1136847,1136847,1136847,1136847,1136847,1136847,1136847,1136847,1136847,1136847,1136847,1136847]","{""inference_regions"":90,""canonical_specialization_queries"":2,""canonical_specialization_hits"":0,""solver_requested_bytes"":402616,""solver_allocations"":1020,""scratch_requested_bytes"":347568,""scratch_allocations"":1867,""max_solver_live_bytes"":6156,""max_scratch_live_bytes"":6640,""evidence_import_solver_bytes"":0,""evidence_import_scratch_bytes"":3840,""snapshot_copy_bytes"":0,""snapshot_copy_allocations"":0,""principal_copy_buffer_bytes"":57872,""principal_copy_buffer_allocations"":423,""frozen_capture_temporary_bytes"":0,""frozen_capture_published_bytes"":0,""frozen_edge_scratch_bytes"":0,""region_scopes"":126,""max_region_scopes"":4,""call_collections_closed"":4,""call_collections_unresolved"":0,""call_memo_hits"":80,""solver_passes"":144,""solver_constraint_visits"":189,""occurs_steps"":129}"
build/bench/cloud-principal-graphs/callback-sources/returned-12-valid.blot,bf32b5676b2074fae78e7aee4aeef78a99cd74b513a8720ee2aa863d1fca2f71,default,"[5576,5656,5656,5762,5964,5973,6044,6096,6313,6338,6402,6604,7868,8907,9457]","[5855,5905,5981,6009,6209,6224,6315,6336,6590,6626,6633,6886,8192,9299,9854]","[4550406,4550406,4550406,4550406,4550406,4550406,4550406,4550406,4550406,4550406,4550406,4550406,4550406,4550406,4550406]","[1136847,1136847,1136847,1136847,1136847,1136847,1136847,1136847,1136847,1136847,1136847,1136847,1136847,1136847,1136847]","{""semantic_component_batches"":0,""semantic_component_jobs"":0,""max_semantic_component_workers"":0,""inference_regions"":90,""canonical_specialization_queries"":2,""canonical_specialization_hits"":0,""solver_requested_bytes"":402616,""solver_allocations"":1020,""scratch_requested_bytes"":347568,""scratch_allocations"":1867,""max_solver_live_bytes"":6156,""max_scratch_live_bytes"":6640,""evidence_import_solver_bytes"":0,""evidence_import_scratch_bytes"":3840,""snapshot_copy_bytes"":0,""snapshot_copy_allocations"":0,""principal_copy_buffer_bytes"":57872,""principal_copy_buffer_allocations"":423,""frozen_capture_temporary_bytes"":0,""frozen_capture_published_bytes"":0,""frozen_edge_scratch_bytes"":0,""region_scopes"":126,""max_region_scopes"":4,""call_collections_closed"":4,""call_collections_unresolved"":0,""call_memo_hits"":80,""solver_passes"":144,""solver_constraint_visits"":189,""occurs_steps"":129}"
build/bench/cloud-principal-graphs/callback-sources/returned-12-valid.blot,bf32b5676b2074fae78e7aee4aeef78a99cd74b513a8720ee2aa863d1fca2f71,workers-1,"[5708,5777,5920,5953,5960,6031,6180,6225,6235,6278,6801,7020,7071,7115,7237]","[5964,6058,6140,6243,6246,6313,6492,6518,6617,6688,7054,7368,7383,7502,7553]","[5437838,5437838,5437838,5437838,5437838,5437838,5437838,5437838,5437838,5437838,5437838,5437838,5437838,5437838,5437838]","[1136847,1136847,1136847,1136847,1136847,1136847,1136847,1136847,1136847,1136847,1136847,1136847,1136847,1136847,1136847]","{""semantic_component_batches"":2,""semantic_component_jobs"":4,""max_semantic_component_workers"":1,""inference_regions"":90,""canonical_specialization_queries"":2,""canonical_specialization_hits"":0,""solver_requested_bytes"":402616,""solver_allocations"":1020,""scratch_requested_bytes"":347568,""scratch_allocations"":1867,""max_solver_live_bytes"":6156,""max_scratch_live_bytes"":6640,""evidence_import_solver_bytes"":0,""evidence_import_scratch_bytes"":3840,""snapshot_copy_bytes"":0,""snapshot_copy_allocations"":0,""principal_copy_buffer_bytes"":57872,""principal_copy_buffer_allocations"":423,""frozen_capture_temporary_bytes"":0,""frozen_capture_published_bytes"":0,""frozen_edge_scratch_bytes"":0,""region_scopes"":126,""max_region_scopes"":4,""call_collections_closed"":4,""call_collections_unresolved"":0,""call_memo_hits"":80,""solver_passes"":144,""solver_constraint_visits"":189,""occurs_steps"":129}"
build/bench/cloud-principal-graphs/callback-sources/returned-12-valid.blot,bf32b5676b2074fae78e7aee4aeef78a99cd74b513a8720ee2aa863d1fca2f71,workers-2,"[6029,6032,6127,6202,6377,6427,6489,6516,6649,6729,6902,7149,7504,7509,10202]","[6201,6294,6380,6718,6726,6727,6754,6953,6954,7265,7456,7661,7756,8035,10861]","[5519430,5519430,5519430,5519430,5519430,5519430,5519430,5519430,5519430,5519430,5519430,5519430,5519430,5519430,5519430]","[1136847,1136847,1136847,1136847,1136847,1136847,1136847,1136847,1136847,1136847,1136847,1136847,1136847,1136847,1136847]","{""semantic_component_batches"":2,""semantic_component_jobs"":4,""max_semantic_component_workers"":2,""inference_regions"":90,""canonical_specialization_queries"":2,""canonical_specialization_hits"":0,""solver_requested_bytes"":402616,""solver_allocations"":1020,""scratch_requested_bytes"":347568,""scratch_allocations"":1867,""max_solver_live_bytes"":6156,""max_scratch_live_bytes"":6640,""evidence_import_solver_bytes"":0,""evidence_import_scratch_bytes"":3840,""snapshot_copy_bytes"":0,""snapshot_copy_allocations"":0,""principal_copy_buffer_bytes"":57872,""principal_copy_buffer_allocations"":423,""frozen_capture_temporary_bytes"":0,""frozen_capture_published_bytes"":0,""frozen_edge_scratch_bytes"":0,""region_scopes"":126,""max_region_scopes"":4,""call_collections_closed"":4,""call_collections_unresolved"":0,""call_memo_hits"":80,""solver_passes"":144,""solver_constraint_visits"":189,""occurs_steps"":129}"
build/bench/cloud-principal-graphs/callback-sources/returned-12-valid.blot,bf32b5676b2074fae78e7aee4aeef78a99cd74b513a8720ee2aa863d1fca2f71,workers-4,"[5943,5971,6035,6055,6223,6287,6298,6355,6394,6520,6552,6771,7001,7010,9687]","[6329,6352,6499,6532,6570,6609,6682,6692,6782,6790,6897,7025,7207,7248,10073]","[5519430,5519430,5519430,5519430,5519430,5519430,5519430,5519430,5519430,5519430,5519430,5519430,5519430,5519430,5519430]","[1136847,1136847,1136847,1136847,1136847,1136847,1136847,1136847,1136847,1136847,1136847,1136847,1136847,1136847,1136847]","{""semantic_component_batches"":2,""semantic_component_jobs"":4,""max_semantic_component_workers"":2,""inference_regions"":90,""canonical_specialization_queries"":2,""canonical_specialization_hits"":0,""solver_requested_bytes"":402616,""solver_allocations"":1020,""scratch_requested_bytes"":347568,""scratch_allocations"":1867,""max_solver_live_bytes"":6156,""max_scratch_live_bytes"":6640,""evidence_import_solver_bytes"":0,""evidence_import_scratch_bytes"":3840,""snapshot_copy_bytes"":0,""snapshot_copy_allocations"":0,""principal_copy_buffer_bytes"":57872,""principal_copy_buffer_allocations"":423,""frozen_capture_temporary_bytes"":0,""frozen_capture_published_bytes"":0,""frozen_edge_scratch_bytes"":0,""region_scopes"":126,""max_region_scopes"":4,""call_collections_closed"":4,""call_collections_unresolved"":0,""call_memo_hits"":80,""solver_passes"":144,""solver_constraint_visits"":189,""occurs_steps"":129}"
build/bench/cloud-principal-graphs/callback-sources/returned-12-valid.blot,bf32b5676b2074fae78e7aee4aeef78a99cd74b513a8720ee2aa863d1fca2f71,workers-8,"[6279,6297,6381,6438,6524,6608,6654,6725,6762,6786,6818,6874,7557,7577,8878]","[6465,6524,6558,6616,6724,6860,6914,6960,6985,7045,7054,7115,7589,7822,9498]","[5519430,5519430,5519430,5519430,5519430,5519430,5519430,5519430,5519430,5519430,5519430,5519430,5519430,5519430,5519430]","[1136847,1136847,1136847,1136847,1136847,1136847,1136847,1136847,1136847,1136847,1136847,1136847,1136847,1136847,1136847]","{""semantic_component_batches"":2,""semantic_component_jobs"":4,""max_semantic_component_workers"":2,""inference_regions"":90,""canonical_specialization_queries"":2,""canonical_specialization_hits"":0,""solver_requested_bytes"":402616,""solver_allocations"":1020,""scratch_requested_bytes"":347568,""scratch_allocations"":1867,""max_solver_live_bytes"":6156,""max_scratch_live_bytes"":6640,""evidence_import_solver_bytes"":0,""evidence_import_scratch_bytes"":3840,""snapshot_copy_bytes"":0,""snapshot_copy_allocations"":0,""principal_copy_buffer_bytes"":57872,""principal_copy_buffer_allocations"":423,""frozen_capture_temporary_bytes"":0,""frozen_capture_published_bytes"":0,""frozen_edge_scratch_bytes"":0,""region_scopes"":126,""max_region_scopes"":4,""call_collections_closed"":4,""call_collections_unresolved"":0,""call_memo_hits"":80,""solver_passes"":144,""solver_constraint_visits"":189,""occurs_steps"":129}"
build/bench/cloud-principal-graphs/callback-sources/effect-4-valid.blot,c71475f300fec75542309bf26fe245946889cdd3fde69b031699ba0d6c8b5c65,baseline,"[4678,4698,4934,4957,5048,5129,5135,5404,5539,5683,5703,5759,5875,6028,6109]","[4951,5026,5196,5263,5301,5356,5389,5709,5843,6010,6013,6167,6184,6283,6355]","[3659172,3659172,3659172,3659172,3659172,3659172,3659172,3659172,3659172,3659172,3659172,3659172,3659172,3659172,3659172]","[1075100,1075100,1075100,1075100,1075100,1075100,1075100,1075100,1075100,1075100,1075100,1075100,1075100,1075100,1075100]","{""inference_regions"":30,""canonical_specialization_queries"":1,""canonical_specialization_hits"":0,""solver_requested_bytes"":85092,""solver_allocations"":248,""scratch_requested_bytes"":99428,""scratch_allocations"":606,""max_solver_live_bytes"":6000,""max_scratch_live_bytes"":4376,""evidence_import_solver_bytes"":792,""evidence_import_scratch_bytes"":2240,""snapshot_copy_bytes"":0,""snapshot_copy_allocations"":0,""principal_copy_buffer_bytes"":19272,""principal_copy_buffer_allocations"":184,""frozen_capture_temporary_bytes"":0,""frozen_capture_published_bytes"":0,""frozen_edge_scratch_bytes"":0,""region_scopes"":46,""max_region_scopes"":5,""call_collections_closed"":2,""call_collections_unresolved"":0,""call_memo_hits"":12,""solver_passes"":38,""solver_constraint_visits"":52,""occurs_steps"":45}"
build/bench/cloud-principal-graphs/callback-sources/effect-4-valid.blot,c71475f300fec75542309bf26fe245946889cdd3fde69b031699ba0d6c8b5c65,default,"[4604,4604,4661,4737,4798,4863,4890,4974,4979,5076,5141,5266,5285,5304,5850]","[4841,4847,4907,4944,5103,5148,5178,5220,5247,5301,5410,5498,5578,5650,6078]","[3659172,3659172,3659172,3659172,3659172,3659172,3659172,3659172,3659172,3659172,3659172,3659172,3659172,3659172,3659172]","[1075100,1075100,1075100,1075100,1075100,1075100,1075100,1075100,1075100,1075100,1075100,1075100,1075100,1075100,1075100]","{""semantic_component_batches"":0,""semantic_component_jobs"":0,""max_semantic_component_workers"":0,""inference_regions"":30,""canonical_specialization_queries"":1,""canonical_specialization_hits"":0,""solver_requested_bytes"":85092,""solver_allocations"":248,""scratch_requested_bytes"":99428,""scratch_allocations"":606,""max_solver_live_bytes"":6000,""max_scratch_live_bytes"":4376,""evidence_import_solver_bytes"":792,""evidence_import_scratch_bytes"":2240,""snapshot_copy_bytes"":0,""snapshot_copy_allocations"":0,""principal_copy_buffer_bytes"":19272,""principal_copy_buffer_allocations"":184,""frozen_capture_temporary_bytes"":0,""frozen_capture_published_bytes"":0,""frozen_edge_scratch_bytes"":0,""region_scopes"":46,""max_region_scopes"":5,""call_collections_closed"":2,""call_collections_unresolved"":0,""call_memo_hits"":12,""solver_passes"":38,""solver_constraint_visits"":52,""occurs_steps"":45}"
build/bench/cloud-principal-graphs/callback-sources/effect-4-valid.blot,c71475f300fec75542309bf26fe245946889cdd3fde69b031699ba0d6c8b5c65,workers-1,"[4460,4490,4519,4541,4597,4610,4659,4699,4866,4955,5011,5012,5156,5604,7966]","[4699,4741,4748,4821,4894,4897,4924,4938,5176,5242,5351,5442,5565,5889,8272]","[3794660,3794660,3794660,3794660,3794660,3794660,3794660,3794660,3794660,3794660,3794660,3794660,3794660,3794660,3794660]","[1075100,1075100,1075100,1075100,1075100,1075100,1075100,1075100,1075100,1075100,1075100,1075100,1075100,1075100,1075100]","{""semantic_component_batches"":1,""semantic_component_jobs"":2,""max_semantic_component_workers"":1,""inference_regions"":30,""canonical_specialization_queries"":1,""canonical_specialization_hits"":0,""solver_requested_bytes"":85092,""solver_allocations"":248,""scratch_requested_bytes"":99428,""scratch_allocations"":606,""max_solver_live_bytes"":6000,""max_scratch_live_bytes"":4376,""evidence_import_solver_bytes"":792,""evidence_import_scratch_bytes"":2240,""snapshot_copy_bytes"":0,""snapshot_copy_allocations"":0,""principal_copy_buffer_bytes"":19272,""principal_copy_buffer_allocations"":184,""frozen_capture_temporary_bytes"":0,""frozen_capture_published_bytes"":0,""frozen_edge_scratch_bytes"":0,""region_scopes"":46,""max_region_scopes"":5,""call_collections_closed"":2,""call_collections_unresolved"":0,""call_memo_hits"":12,""solver_passes"":38,""solver_constraint_visits"":52,""occurs_steps"":45}"
build/bench/cloud-principal-graphs/callback-sources/effect-4-valid.blot,c71475f300fec75542309bf26fe245946889cdd3fde69b031699ba0d6c8b5c65,workers-2,"[4573,4721,4886,4904,4935,4964,4985,5030,5042,5084,5156,5253,5260,5742,7415]","[4849,4968,5047,5089,5161,5196,5212,5227,5352,5383,5508,5524,5687,6017,8024]","[3837988,3837988,3837988,3837988,3837988,3837988,3837988,3837988,3837988,3837988,3837988,3837988,3837988,3837988,3837988]","[1075100,1075100,1075100,1075100,1075100,1075100,1075100,1075100,1075100,1075100,1075100,1075100,1075100,1075100,1075100]","{""semantic_component_batches"":1,""semantic_component_jobs"":2,""max_semantic_component_workers"":2,""inference_regions"":30,""canonical_specialization_queries"":1,""canonical_specialization_hits"":0,""solver_requested_bytes"":85092,""solver_allocations"":248,""scratch_requested_bytes"":99428,""scratch_allocations"":606,""max_solver_live_bytes"":6000,""max_scratch_live_bytes"":4376,""evidence_import_solver_bytes"":792,""evidence_import_scratch_bytes"":2240,""snapshot_copy_bytes"":0,""snapshot_copy_allocations"":0,""principal_copy_buffer_bytes"":19272,""principal_copy_buffer_allocations"":184,""frozen_capture_temporary_bytes"":0,""frozen_capture_published_bytes"":0,""frozen_edge_scratch_bytes"":0,""region_scopes"":46,""max_region_scopes"":5,""call_collections_closed"":2,""call_collections_unresolved"":0,""call_memo_hits"":12,""solver_passes"":38,""solver_constraint_visits"":52,""occurs_steps"":45}"
build/bench/cloud-principal-graphs/callback-sources/effect-4-valid.blot,c71475f300fec75542309bf26fe245946889cdd3fde69b031699ba0d6c8b5c65,workers-4,"[4616,4652,4817,4831,4936,4944,4993,5160,5174,5298,5383,5480,5572,5621,6673]","[4890,4967,5083,5084,5102,5244,5348,5365,5426,5558,5635,5798,5807,6035,7182]","[3837988,3837988,3837988,3837988,3837988,3837988,3837988,3837988,3837988,3837988,3837988,3837988,3837988,3837988,3837988]","[1075100,1075100,1075100,1075100,1075100,1075100,1075100,1075100,1075100,1075100,1075100,1075100,1075100,1075100,1075100]","{""semantic_component_batches"":1,""semantic_component_jobs"":2,""max_semantic_component_workers"":2,""inference_regions"":30,""canonical_specialization_queries"":1,""canonical_specialization_hits"":0,""solver_requested_bytes"":85092,""solver_allocations"":248,""scratch_requested_bytes"":99428,""scratch_allocations"":606,""max_solver_live_bytes"":6000,""max_scratch_live_bytes"":4376,""evidence_import_solver_bytes"":792,""evidence_import_scratch_bytes"":2240,""snapshot_copy_bytes"":0,""snapshot_copy_allocations"":0,""principal_copy_buffer_bytes"":19272,""principal_copy_buffer_allocations"":184,""frozen_capture_temporary_bytes"":0,""frozen_capture_published_bytes"":0,""frozen_edge_scratch_bytes"":0,""region_scopes"":46,""max_region_scopes"":5,""call_collections_closed"":2,""call_collections_unresolved"":0,""call_memo_hits"":12,""solver_passes"":38,""solver_constraint_visits"":52,""occurs_steps"":45}"
build/bench/cloud-principal-graphs/callback-sources/effect-4-valid.blot,c71475f300fec75542309bf26fe245946889cdd3fde69b031699ba0d6c8b5c65,workers-8,"[4577,4798,4851,4851,4875,4920,4942,5017,5062,5082,5179,5522,5565,5714,9646]","[4966,5021,5041,5142,5198,5222,5260,5264,5347,5371,5428,5778,5785,5987,10089]","[3837988,3837988,3837988,3837988,3837988,3837988,3837988,3837988,3837988,3837988,3837988,3837988,3837988,3837988,3837988]","[1075100,1075100,1075100,1075100,1075100,1075100,1075100,1075100,1075100,1075100,1075100,1075100,1075100,1075100,1075100]","{""semantic_component_batches"":1,""semantic_component_jobs"":2,""max_semantic_component_workers"":2,""inference_regions"":30,""canonical_specialization_queries"":1,""canonical_specialization_hits"":0,""solver_requested_bytes"":85092,""solver_allocations"":248,""scratch_requested_bytes"":99428,""scratch_allocations"":606,""max_solver_live_bytes"":6000,""max_scratch_live_bytes"":4376,""evidence_import_solver_bytes"":792,""evidence_import_scratch_bytes"":2240,""snapshot_copy_bytes"":0,""snapshot_copy_allocations"":0,""principal_copy_buffer_bytes"":19272,""principal_copy_buffer_allocations"":184,""frozen_capture_temporary_bytes"":0,""frozen_capture_published_bytes"":0,""frozen_edge_scratch_bytes"":0,""region_scopes"":46,""max_region_scopes"":5,""call_collections_closed"":2,""call_collections_unresolved"":0,""call_memo_hits"":12,""solver_passes"":38,""solver_constraint_visits"":52,""occurs_steps"":45}"
build/bench/cloud-principal-graphs/callback-sources/effect-8-valid.blot,b79ad454ee8905851136cf14d8cb0bda40baeea75e1760967367cfd8da06fffb,baseline,"[4942,4956,4987,5020,5111,5152,5287,5344,5379,5745,5890,6127,6213,7272,8273]","[5187,5192,5193,5298,5356,5369,5533,5598,5616,6045,6237,6353,6528,7592,8850]","[3917008,3917008,3917008,3917008,3917008,3917008,3917008,3917008,3917008,3917008,3917008,3917008,3917008,3917008,3917008]","[1100976,1100976,1100976,1100976,1100976,1100976,1100976,1100976,1100976,1100976,1100976,1100976,1100976,1100976,1100976]","{""inference_regions"":46,""canonical_specialization_queries"":1,""canonical_specialization_hits"":0,""solver_requested_bytes"":137572,""solver_allocations"":388,""scratch_requested_bytes"":157932,""scratch_allocations"":967,""max_solver_live_bytes"":6000,""max_scratch_live_bytes"":4388,""evidence_import_solver_bytes"":1320,""evidence_import_scratch_bytes"":3520,""snapshot_copy_bytes"":0,""snapshot_copy_allocations"":0,""principal_copy_buffer_bytes"":32488,""principal_copy_buffer_allocations"":300,""frozen_capture_temporary_bytes"":0,""frozen_capture_published_bytes"":0,""frozen_edge_scratch_bytes"":0,""region_scopes"":70,""max_region_scopes"":5,""call_collections_closed"":2,""call_collections_unresolved"":0,""call_memo_hits"":20,""solver_passes"":58,""solver_constraint_visits"":84,""occurs_steps"":69}"
build/bench/cloud-principal-graphs/callback-sources/effect-8-valid.blot,b79ad454ee8905851136cf14d8cb0bda40baeea75e1760967367cfd8da06fffb,default,"[4718,4857,4920,5034,5084,5112,5117,5129,5131,5434,5524,5830,5831,6664,6756]","[4982,5143,5192,5296,5332,5336,5385,5530,5659,5771,5805,6118,6155,6995,7126]","[3917008,3917008,3917008,3917008,3917008,3917008,3917008,3917008,3917008,3917008,3917008,3917008,3917008,3917008,3917008]","[1100976,1100976,1100976,1100976,1100976,1100976,1100976,1100976,1100976,1100976,1100976,1100976,1100976,1100976,1100976]","{""semantic_component_batches"":0,""semantic_component_jobs"":0,""max_semantic_component_workers"":0,""inference_regions"":46,""canonical_specialization_queries"":1,""canonical_specialization_hits"":0,""solver_requested_bytes"":137572,""solver_allocations"":388,""scratch_requested_bytes"":157932,""scratch_allocations"":967,""max_solver_live_bytes"":6000,""max_scratch_live_bytes"":4388,""evidence_import_solver_bytes"":1320,""evidence_import_scratch_bytes"":3520,""snapshot_copy_bytes"":0,""snapshot_copy_allocations"":0,""principal_copy_buffer_bytes"":32488,""principal_copy_buffer_allocations"":300,""frozen_capture_temporary_bytes"":0,""frozen_capture_published_bytes"":0,""frozen_edge_scratch_bytes"":0,""region_scopes"":70,""max_region_scopes"":5,""call_collections_closed"":2,""call_collections_unresolved"":0,""call_memo_hits"":20,""solver_passes"":58,""solver_constraint_visits"":84,""occurs_steps"":69}"
build/bench/cloud-principal-graphs/callback-sources/effect-8-valid.blot,b79ad454ee8905851136cf14d8cb0bda40baeea75e1760967367cfd8da06fffb,workers-1,"[4884,4902,4986,5016,5023,5189,5191,5364,5456,5570,5573,5846,6058,6388,6630]","[5125,5144,5217,5245,5315,5437,5580,5589,5724,5839,5881,6122,6620,6699,6925]","[4147312,4147312,4147312,4147312,4147312,4147312,4147312,4147312,4147312,4147312,4147312,4147312,4147312,4147312,4147312]","[1100976,1100976,1100976,1100976,1100976,1100976,1100976,1100976,1100976,1100976,1100976,1100976,1100976,1100976,1100976]","{""semantic_component_batches"":1,""semantic_component_jobs"":2,""max_semantic_component_workers"":1,""inference_regions"":46,""canonical_specialization_queries"":1,""canonical_specialization_hits"":0,""solver_requested_bytes"":137572,""solver_allocations"":388,""scratch_requested_bytes"":157932,""scratch_allocations"":967,""max_solver_live_bytes"":6000,""max_scratch_live_bytes"":4388,""evidence_import_solver_bytes"":1320,""evidence_import_scratch_bytes"":3520,""snapshot_copy_bytes"":0,""snapshot_copy_allocations"":0,""principal_copy_buffer_bytes"":32488,""principal_copy_buffer_allocations"":300,""frozen_capture_temporary_bytes"":0,""frozen_capture_published_bytes"":0,""frozen_edge_scratch_bytes"":0,""region_scopes"":70,""max_region_scopes"":5,""call_collections_closed"":2,""call_collections_unresolved"":0,""call_memo_hits"":20,""solver_passes"":58,""solver_constraint_visits"":84,""occurs_steps"":69}"
build/bench/cloud-principal-graphs/callback-sources/effect-8-valid.blot,b79ad454ee8905851136cf14d8cb0bda40baeea75e1760967367cfd8da06fffb,workers-2,"[4932,5067,5236,5334,5395,5446,5492,5532,5533,5585,5780,5950,6023,6182,6323]","[5207,5287,5568,5592,5638,5691,5706,5752,5808,5827,6069,6195,6387,6521,6782]","[4188416,4188416,4188416,4188416,4188416,4188416,4188416,4188416,4188416,4188416,4188416,4188416,4188416,4188416,4188416]","[1100976,1100976,1100976,1100976,1100976,1100976,1100976,1100976,1100976,1100976,1100976,1100976,1100976,1100976,1100976]","{""semantic_component_batches"":1,""semantic_component_jobs"":2,""max_semantic_component_workers"":2,""inference_regions"":46,""canonical_specialization_queries"":1,""canonical_specialization_hits"":0,""solver_requested_bytes"":137572,""solver_allocations"":388,""scratch_requested_bytes"":157932,""scratch_allocations"":967,""max_solver_live_bytes"":6000,""max_scratch_live_bytes"":4388,""evidence_import_solver_bytes"":1320,""evidence_import_scratch_bytes"":3520,""snapshot_copy_bytes"":0,""snapshot_copy_allocations"":0,""principal_copy_buffer_bytes"":32488,""principal_copy_buffer_allocations"":300,""frozen_capture_temporary_bytes"":0,""frozen_capture_published_bytes"":0,""frozen_edge_scratch_bytes"":0,""region_scopes"":70,""max_region_scopes"":5,""call_collections_closed"":2,""call_collections_unresolved"":0,""call_memo_hits"":20,""solver_passes"":58,""solver_constraint_visits"":84,""occurs_steps"":69}"
build/bench/cloud-principal-graphs/callback-sources/effect-8-valid.blot,b79ad454ee8905851136cf14d8cb0bda40baeea75e1760967367cfd8da06fffb,workers-4,"[4947,5155,5162,5168,5272,5391,5422,5526,5538,5546,5569,5675,5774,5992,8449]","[5178,5357,5368,5408,5458,5608,5696,5746,5793,5815,5841,5874,5935,6270,8835]","[4188416,4188416,4188416,4188416,4188416,4188416,4188416,4188416,4188416,4188416,4188416,4188416,4188416,4188416,4188416]","[1100976,1100976,1100976,1100976,1100976,1100976,1100976,1100976,1100976,1100976,1100976,1100976,1100976,1100976,1100976]","{""semantic_component_batches"":1,""semantic_component_jobs"":2,""max_semantic_component_workers"":2,""inference_regions"":46,""canonical_specialization_queries"":1,""canonical_specialization_hits"":0,""solver_requested_bytes"":137572,""solver_allocations"":388,""scratch_requested_bytes"":157932,""scratch_allocations"":967,""max_solver_live_bytes"":6000,""max_scratch_live_bytes"":4388,""evidence_import_solver_bytes"":1320,""evidence_import_scratch_bytes"":3520,""snapshot_copy_bytes"":0,""snapshot_copy_allocations"":0,""principal_copy_buffer_bytes"":32488,""principal_copy_buffer_allocations"":300,""frozen_capture_temporary_bytes"":0,""frozen_capture_published_bytes"":0,""frozen_edge_scratch_bytes"":0,""region_scopes"":70,""max_region_scopes"":5,""call_collections_closed"":2,""call_collections_unresolved"":0,""call_memo_hits"":20,""solver_passes"":58,""solver_constraint_visits"":84,""occurs_steps"":69}"
build/bench/cloud-principal-graphs/callback-sources/effect-8-valid.blot,b79ad454ee8905851136cf14d8cb0bda40baeea75e1760967367cfd8da06fffb,workers-8,"[5056,5104,5110,5116,5186,5237,5348,5512,5846,6029,6337,6404,6670,7201,8140]","[5347,5372,5408,5410,5419,5569,5627,6053,6071,6182,6555,6725,6900,7694,8925]","[4188416,4188416,4188416,4188416,4188416,4188416,4188416,4188416,4188416,4188416,4188416,4188416,4188416,4188416,4188416]","[1100976,1100976,1100976,1100976,1100976,1100976,1100976,1100976,1100976,1100976,1100976,1100976,1100976,1100976,1100976]","{""semantic_component_batches"":1,""semantic_component_jobs"":2,""max_semantic_component_workers"":2,""inference_regions"":46,""canonical_specialization_queries"":1,""canonical_specialization_hits"":0,""solver_requested_bytes"":137572,""solver_allocations"":388,""scratch_requested_bytes"":157932,""scratch_allocations"":967,""max_solver_live_bytes"":6000,""max_scratch_live_bytes"":4388,""evidence_import_solver_bytes"":1320,""evidence_import_scratch_bytes"":3520,""snapshot_copy_bytes"":0,""snapshot_copy_allocations"":0,""principal_copy_buffer_bytes"":32488,""principal_copy_buffer_allocations"":300,""frozen_capture_temporary_bytes"":0,""frozen_capture_published_bytes"":0,""frozen_edge_scratch_bytes"":0,""region_scopes"":70,""max_region_scopes"":5,""call_collections_closed"":2,""call_collections_unresolved"":0,""call_memo_hits"":20,""solver_passes"":58,""solver_constraint_visits"":84,""occurs_steps"":69}"
build/bench/cloud-principal-graphs/callback-sources/effect-12-valid.blot,3dfe088b10d37738582b9f9c4bfbc5c8e2861b2e4c516956a9079d5350c8506d,baseline,"[5253,5486,5504,5517,5528,5618,5622,5757,5886,5919,6133,6201,6613,6990,7230]","[5530,5735,5747,5772,5804,5852,5911,6062,6139,6159,6418,6479,6920,7802,7829]","[4178690,4178690,4178690,4178690,4178690,4178690,4178690,4178690,4178690,4178690,4178690,4178690,4178690,4178690,4178690]","[1137160,1137160,1137160,1137160,1137160,1137160,1137160,1137160,1137160,1137160,1137160,1137160,1137160,1137160,1137160]","{""inference_regions"":62,""canonical_specialization_queries"":1,""canonical_specialization_hits"":0,""solver_requested_bytes"":190052,""solver_allocations"":528,""scratch_requested_bytes"":219380,""scratch_allocations"":1329,""max_solver_live_bytes"":6000,""max_scratch_live_bytes"":7028,""evidence_import_solver_bytes"":1848,""evidence_import_scratch_bytes"":4800,""snapshot_copy_bytes"":0,""snapshot_copy_allocations"":0,""principal_copy_buffer_bytes"":45704,""principal_copy_buffer_allocations"":416,""frozen_capture_temporary_bytes"":0,""frozen_capture_published_bytes"":0,""frozen_edge_scratch_bytes"":0,""region_scopes"":94,""max_region_scopes"":5,""call_collections_closed"":2,""call_collections_unresolved"":0,""call_memo_hits"":28,""solver_passes"":78,""solver_constraint_visits"":116,""occurs_steps"":93}"
build/bench/cloud-principal-graphs/callback-sources/effect-12-valid.blot,3dfe088b10d37738582b9f9c4bfbc5c8e2861b2e4c516956a9079d5350c8506d,default,"[5152,5174,5244,5264,5315,5453,5518,5610,5745,5841,5900,6392,6429,7079,7142]","[5429,5503,5527,5557,5636,5704,5858,5878,5971,6114,6123,6664,6670,7356,7731]","[4178690,4178690,4178690,4178690,4178690,4178690,4178690,4178690,4178690,4178690,4178690,4178690,4178690,4178690,4178690]","[1137160,1137160,1137160,1137160,1137160,1137160,1137160,1137160,1137160,1137160,1137160,1137160,1137160,1137160,1137160]","{""semantic_component_batches"":0,""semantic_component_jobs"":0,""max_semantic_component_workers"":0,""inference_regions"":62,""canonical_specialization_queries"":1,""canonical_specialization_hits"":0,""solver_requested_bytes"":190052,""solver_allocations"":528,""scratch_requested_bytes"":219380,""scratch_allocations"":1329,""max_solver_live_bytes"":6000,""max_scratch_live_bytes"":7028,""evidence_import_solver_bytes"":1848,""evidence_import_scratch_bytes"":4800,""snapshot_copy_bytes"":0,""snapshot_copy_allocations"":0,""principal_copy_buffer_bytes"":45704,""principal_copy_buffer_allocations"":416,""frozen_capture_temporary_bytes"":0,""frozen_capture_published_bytes"":0,""frozen_edge_scratch_bytes"":0,""region_scopes"":94,""max_region_scopes"":5,""call_collections_closed"":2,""call_collections_unresolved"":0,""call_memo_hits"":28,""solver_passes"":78,""solver_constraint_visits"":116,""occurs_steps"":93}"
build/bench/cloud-principal-graphs/callback-sources/effect-12-valid.blot,3dfe088b10d37738582b9f9c4bfbc5c8e2861b2e4c516956a9079d5350c8506d,workers-1,"[5092,5122,5209,5333,5531,5598,5609,5687,5694,5826,5947,6091,6496,7598,8192]","[5331,5385,5433,5555,5756,5891,5957,5992,6079,6110,6244,6353,6879,7947,8439]","[4593746,4593746,4593746,4593746,4593746,4593746,4593746,4593746,4593746,4593746,4593746,4593746,4593746,4593746,4593746]","[1137160,1137160,1137160,1137160,1137160,1137160,1137160,1137160,1137160,1137160,1137160,1137160,1137160,1137160,1137160]","{""semantic_component_batches"":1,""semantic_component_jobs"":2,""max_semantic_component_workers"":1,""inference_regions"":62,""canonical_specialization_queries"":1,""canonical_specialization_hits"":0,""solver_requested_bytes"":190052,""solver_allocations"":528,""scratch_requested_bytes"":219380,""scratch_allocations"":1329,""max_solver_live_bytes"":6000,""max_scratch_live_bytes"":7028,""evidence_import_solver_bytes"":1848,""evidence_import_scratch_bytes"":4800,""snapshot_copy_bytes"":0,""snapshot_copy_allocations"":0,""principal_copy_buffer_bytes"":45704,""principal_copy_buffer_allocations"":416,""frozen_capture_temporary_bytes"":0,""frozen_capture_published_bytes"":0,""frozen_edge_scratch_bytes"":0,""region_scopes"":94,""max_region_scopes"":5,""call_collections_closed"":2,""call_collections_unresolved"":0,""call_memo_hits"":28,""solver_passes"":78,""solver_constraint_visits"":116,""occurs_steps"":93}"
build/bench/cloud-principal-graphs/callback-sources/effect-12-valid.blot,3dfe088b10d37738582b9f9c4bfbc5c8e2861b2e4c516956a9079d5350c8506d,workers-2,"[5706,5753,5769,5812,5898,5942,5944,5966,5982,6191,6196,7050,7235,9705,12847]","[5902,5939,6101,6113,6169,6199,6411,6440,6451,6591,7069,7282,7513,10176,13358]","[4634570,4634570,4634570,4634570,4634570,4634570,4634570,4634570,4634570,4634570,4634570,4634570,4634570,4634570,4634570]","[1137160,1137160,1137160,1137160,1137160,1137160,1137160,1137160,1137160,1137160,1137160,1137160,1137160,1137160,1137160]","{""semantic_component_batches"":1,""semantic_component_jobs"":2,""max_semantic_component_workers"":2,""inference_regions"":62,""canonical_specialization_queries"":1,""canonical_specialization_hits"":0,""solver_requested_bytes"":190052,""solver_allocations"":528,""scratch_requested_bytes"":219380,""scratch_allocations"":1329,""max_solver_live_bytes"":6000,""max_scratch_live_bytes"":7028,""evidence_import_solver_bytes"":1848,""evidence_import_scratch_bytes"":4800,""snapshot_copy_bytes"":0,""snapshot_copy_allocations"":0,""principal_copy_buffer_bytes"":45704,""principal_copy_buffer_allocations"":416,""frozen_capture_temporary_bytes"":0,""frozen_capture_published_bytes"":0,""frozen_edge_scratch_bytes"":0,""region_scopes"":94,""max_region_scopes"":5,""call_collections_closed"":2,""call_collections_unresolved"":0,""call_memo_hits"":28,""solver_passes"":78,""solver_constraint_visits"":116,""occurs_steps"":93}"
build/bench/cloud-principal-graphs/callback-sources/effect-12-valid.blot,3dfe088b10d37738582b9f9c4bfbc5c8e2861b2e4c516956a9079d5350c8506d,workers-4,"[5498,5596,5756,5791,5802,5880,5942,5962,6111,6284,6425,6461,6612,6763,6955]","[5786,5806,5972,5976,6062,6069,6180,6216,6384,6477,6665,6772,6977,7145,7412]","[4634570,4634570,4634570,4634570,4634570,4634570,4634570,4634570,4634570,4634570,4634570,4634570,4634570,4634570,4634570]","[1137160,1137160,1137160,1137160,1137160,1137160,1137160,1137160,1137160,1137160,1137160,1137160,1137160,1137160,1137160]","{""semantic_component_batches"":1,""semantic_component_jobs"":2,""max_semantic_component_workers"":2,""inference_regions"":62,""canonical_specialization_queries"":1,""canonical_specialization_hits"":0,""solver_requested_bytes"":190052,""solver_allocations"":528,""scratch_requested_bytes"":219380,""scratch_allocations"":1329,""max_solver_live_bytes"":6000,""max_scratch_live_bytes"":7028,""evidence_import_solver_bytes"":1848,""evidence_import_scratch_bytes"":4800,""snapshot_copy_bytes"":0,""snapshot_copy_allocations"":0,""principal_copy_buffer_bytes"":45704,""principal_copy_buffer_allocations"":416,""frozen_capture_temporary_bytes"":0,""frozen_capture_published_bytes"":0,""frozen_edge_scratch_bytes"":0,""region_scopes"":94,""max_region_scopes"":5,""call_collections_closed"":2,""call_collections_unresolved"":0,""call_memo_hits"":28,""solver_passes"":78,""solver_constraint_visits"":116,""occurs_steps"":93}"
build/bench/cloud-principal-graphs/callback-sources/effect-12-valid.blot,3dfe088b10d37738582b9f9c4bfbc5c8e2861b2e4c516956a9079d5350c8506d,workers-8,"[5425,5574,5640,5690,5748,5778,5885,6129,6312,6353,6385,6498,6608,6880,7599]","[5590,5808,5863,5938,6008,6087,6277,6293,6535,6627,6688,6777,6803,7032,7913]","[4634570,4634570,4634570,4634570,4634570,4634570,4634570,4634570,4634570,4634570,4634570,4634570,4634570,4634570,4634570]","[1137160,1137160,1137160,1137160,1137160,1137160,1137160,1137160,1137160,1137160,1137160,1137160,1137160,1137160,1137160]","{""semantic_component_batches"":1,""semantic_component_jobs"":2,""max_semantic_component_workers"":2,""inference_regions"":62,""canonical_specialization_queries"":1,""canonical_specialization_hits"":0,""solver_requested_bytes"":190052,""solver_allocations"":528,""scratch_requested_bytes"":219380,""scratch_allocations"":1329,""max_solver_live_bytes"":6000,""max_scratch_live_bytes"":7028,""evidence_import_solver_bytes"":1848,""evidence_import_scratch_bytes"":4800,""snapshot_copy_bytes"":0,""snapshot_copy_allocations"":0,""principal_copy_buffer_bytes"":45704,""principal_copy_buffer_allocations"":416,""frozen_capture_temporary_bytes"":0,""frozen_capture_published_bytes"":0,""frozen_edge_scratch_bytes"":0,""region_scopes"":94,""max_region_scopes"":5,""call_collections_closed"":2,""call_collections_unresolved"":0,""call_memo_hits"":28,""solver_passes"":78,""solver_constraint_visits"":116,""occurs_steps"":93}"
build/bench/cloud-principal-graphs/callback-sources/unused-4-valid.blot,b8b19a7f194b4b1bdb3b4b03abe428d6f4e8da424af4151ac835d265d8a33f5a,baseline,"[4412,4524,4534,4553,4589,4672,4848,4918,5037,5180,5257,5497,5580,6556,9240]","[4633,4752,4809,4814,4834,4916,5148,5166,5251,5506,5572,5743,5816,6899,9507]","[3451776,3451776,3451776,3451776,3451776,3451776,3451776,3451776,3451776,3451776,3451776,3451776,3451776,3451776,3451776]","[1068887,1068887,1068887,1068887,1068887,1068887,1068887,1068887,1068887,1068887,1068887,1068887,1068887,1068887,1068887]","{""inference_regions"":24,""canonical_specialization_queries"":1,""canonical_specialization_hits"":0,""solver_requested_bytes"":35592,""solver_allocations"":118,""scratch_requested_bytes"":75364,""scratch_allocations"":495,""max_solver_live_bytes"":6196,""max_scratch_live_bytes"":3356,""evidence_import_solver_bytes"":0,""evidence_import_scratch_bytes"":640,""snapshot_copy_bytes"":0,""snapshot_copy_allocations"":0,""principal_copy_buffer_bytes"":14640,""principal_copy_buffer_allocations"":183,""frozen_capture_temporary_bytes"":0,""frozen_capture_published_bytes"":0,""frozen_edge_scratch_bytes"":0,""region_scopes"":32,""max_region_scopes"":4,""call_collections_closed"":1,""call_collections_unresolved"":0,""call_memo_hits"":7,""solver_passes"":18,""solver_constraint_visits"":26,""occurs_steps"":0}"
build/bench/cloud-principal-graphs/callback-sources/unused-4-valid.blot,b8b19a7f194b4b1bdb3b4b03abe428d6f4e8da424af4151ac835d265d8a33f5a,default,"[4167,4193,4291,4292,4320,4328,4420,4421,4574,4617,4758,4917,5205,5507,6795]","[4382,4469,4520,4547,4554,4591,4666,4798,4809,4888,5011,5171,5450,5756,7628]","[3451776,3451776,3451776,3451776,3451776,3451776,3451776,3451776,3451776,3451776,3451776,3451776,3451776,3451776,3451776]","[1068887,1068887,1068887,1068887,1068887,1068887,1068887,1068887,1068887,1068887,1068887,1068887,1068887,1068887,1068887]","{""semantic_component_batches"":0,""semantic_component_jobs"":0,""max_semantic_component_workers"":0,""inference_regions"":24,""canonical_specialization_queries"":1,""canonical_specialization_hits"":0,""solver_requested_bytes"":35592,""solver_allocations"":118,""scratch_requested_bytes"":75364,""scratch_allocations"":495,""max_solver_live_bytes"":6196,""max_scratch_live_bytes"":3356,""evidence_import_solver_bytes"":0,""evidence_import_scratch_bytes"":640,""snapshot_copy_bytes"":0,""snapshot_copy_allocations"":0,""principal_copy_buffer_bytes"":14640,""principal_copy_buffer_allocations"":183,""frozen_capture_temporary_bytes"":0,""frozen_capture_published_bytes"":0,""frozen_edge_scratch_bytes"":0,""region_scopes"":32,""max_region_scopes"":4,""call_collections_closed"":1,""call_collections_unresolved"":0,""call_memo_hits"":7,""solver_passes"":18,""solver_constraint_visits"":26,""occurs_steps"":0}"
build/bench/cloud-principal-graphs/callback-sources/unused-4-valid.blot,b8b19a7f194b4b1bdb3b4b03abe428d6f4e8da424af4151ac835d265d8a33f5a,workers-1,"[4210,4225,4330,4358,4393,4400,4463,4491,4590,4834,4920,4963,5109,5262,5463]","[4443,4468,4539,4593,4626,4628,4718,4794,4807,5108,5228,5303,5429,5539,5730]","[3452248,3452248,3452248,3452248,3452248,3452248,3452248,3452248,3452248,3452248,3452248,3452248,3452248,3452248,3452248]","[1068887,1068887,1068887,1068887,1068887,1068887,1068887,1068887,1068887,1068887,1068887,1068887,1068887,1068887,1068887]","{""semantic_component_batches"":0,""semantic_component_jobs"":0,""max_semantic_component_workers"":0,""inference_regions"":24,""canonical_specialization_queries"":1,""canonical_specialization_hits"":0,""solver_requested_bytes"":35592,""solver_allocations"":118,""scratch_requested_bytes"":75364,""scratch_allocations"":495,""max_solver_live_bytes"":6196,""max_scratch_live_bytes"":3356,""evidence_import_solver_bytes"":0,""evidence_import_scratch_bytes"":640,""snapshot_copy_bytes"":0,""snapshot_copy_allocations"":0,""principal_copy_buffer_bytes"":14640,""principal_copy_buffer_allocations"":183,""frozen_capture_temporary_bytes"":0,""frozen_capture_published_bytes"":0,""frozen_edge_scratch_bytes"":0,""region_scopes"":32,""max_region_scopes"":4,""call_collections_closed"":1,""call_collections_unresolved"":0,""call_memo_hits"":7,""solver_passes"":18,""solver_constraint_visits"":26,""occurs_steps"":0}"
build/bench/cloud-principal-graphs/callback-sources/unused-4-valid.blot,b8b19a7f194b4b1bdb3b4b03abe428d6f4e8da424af4151ac835d265d8a33f5a,workers-2,"[4011,4307,4395,4490,4622,4678,4729,4846,5012,5013,5196,5222,5347,5460,6905]","[4512,4538,4655,4742,4868,4918,5034,5069,5275,5286,5449,5492,5625,5742,7282]","[3452248,3452248,3452248,3452248,3452248,3452248,3452248,3452248,3452248,3452248,3452248,3452248,3452248,3452248,3452248]","[1068887,1068887,1068887,1068887,1068887,1068887,1068887,1068887,1068887,1068887,1068887,1068887,1068887,1068887,1068887]","{""semantic_component_batches"":0,""semantic_component_jobs"":0,""max_semantic_component_workers"":0,""inference_regions"":24,""canonical_specialization_queries"":1,""canonical_specialization_hits"":0,""solver_requested_bytes"":35592,""solver_allocations"":118,""scratch_requested_bytes"":75364,""scratch_allocations"":495,""max_solver_live_bytes"":6196,""max_scratch_live_bytes"":3356,""evidence_import_solver_bytes"":0,""evidence_import_scratch_bytes"":640,""snapshot_copy_bytes"":0,""snapshot_copy_allocations"":0,""principal_copy_buffer_bytes"":14640,""principal_copy_buffer_allocations"":183,""frozen_capture_temporary_bytes"":0,""frozen_capture_published_bytes"":0,""frozen_edge_scratch_bytes"":0,""region_scopes"":32,""max_region_scopes"":4,""call_collections_closed"":1,""call_collections_unresolved"":0,""call_memo_hits"":7,""solver_passes"":18,""solver_constraint_visits"":26,""occurs_steps"":0}"
build/bench/cloud-principal-graphs/callback-sources/unused-4-valid.blot,b8b19a7f194b4b1bdb3b4b03abe428d6f4e8da424af4151ac835d265d8a33f5a,workers-4,"[4287,4368,4537,4775,4803,4823,4910,4987,5027,5160,5332,5606,5635,5864,6280]","[4511,4579,4797,5124,5138,5183,5198,5225,5354,5520,5594,5849,6030,6095,6545]","[3452248,3452248,3452248,3452248,3452248,3452248,3452248,3452248,3452248,3452248,3452248,3452248,3452248,3452248,3452248]","[1068887,1068887,1068887,1068887,1068887,1068887,1068887,1068887,1068887,1068887,1068887,1068887,1068887,1068887,1068887]","{""semantic_component_batches"":0,""semantic_component_jobs"":0,""max_semantic_component_workers"":0,""inference_regions"":24,""canonical_specialization_queries"":1,""canonical_specialization_hits"":0,""solver_requested_bytes"":35592,""solver_allocations"":118,""scratch_requested_bytes"":75364,""scratch_allocations"":495,""max_solver_live_bytes"":6196,""max_scratch_live_bytes"":3356,""evidence_import_solver_bytes"":0,""evidence_import_scratch_bytes"":640,""snapshot_copy_bytes"":0,""snapshot_copy_allocations"":0,""principal_copy_buffer_bytes"":14640,""principal_copy_buffer_allocations"":183,""frozen_capture_temporary_bytes"":0,""frozen_capture_published_bytes"":0,""frozen_edge_scratch_bytes"":0,""region_scopes"":32,""max_region_scopes"":4,""call_collections_closed"":1,""call_collections_unresolved"":0,""call_memo_hits"":7,""solver_passes"":18,""solver_constraint_visits"":26,""occurs_steps"":0}"
build/bench/cloud-principal-graphs/callback-sources/unused-4-valid.blot,b8b19a7f194b4b1bdb3b4b03abe428d6f4e8da424af4151ac835d265d8a33f5a,workers-8,"[4172,4238,4319,4505,4514,4523,4615,4645,4777,5058,5237,5441,5677,5734,6168]","[4432,4481,4539,4748,4779,4807,4862,4910,5088,5298,5608,5682,5977,6440,7032]","[3452248,3452248,3452248,3452248,3452248,3452248,3452248,3452248,3452248,3452248,3452248,3452248,3452248,3452248,3452248]","[1068887,1068887,1068887,1068887,1068887,1068887,1068887,1068887,1068887,1068887,1068887,1068887,1068887,1068887,1068887]","{""semantic_component_batches"":0,""semantic_component_jobs"":0,""max_semantic_component_workers"":0,""inference_regions"":24,""canonical_specialization_queries"":1,""canonical_specialization_hits"":0,""solver_requested_bytes"":35592,""solver_allocations"":118,""scratch_requested_bytes"":75364,""scratch_allocations"":495,""max_solver_live_bytes"":6196,""max_scratch_live_bytes"":3356,""evidence_import_solver_bytes"":0,""evidence_import_scratch_bytes"":640,""snapshot_copy_bytes"":0,""snapshot_copy_allocations"":0,""principal_copy_buffer_bytes"":14640,""principal_copy_buffer_allocations"":183,""frozen_capture_temporary_bytes"":0,""frozen_capture_published_bytes"":0,""frozen_edge_scratch_bytes"":0,""region_scopes"":32,""max_region_scopes"":4,""call_collections_closed"":1,""call_collections_unresolved"":0,""call_memo_hits"":7,""solver_passes"":18,""solver_constraint_visits"":26,""occurs_steps"":0}"
build/bench/cloud-principal-graphs/callback-sources/unused-8-valid.blot,a79866d18141c82fd354e0d394ae96d9d012918d5272d87608a7ffada240b3e5,baseline,"[4622,4731,4782,4803,4887,4945,5084,5199,5202,5267,5594,5785,5955,6171,33721]","[4911,5007,5099,5105,5120,5199,5365,5520,5550,5599,5938,5982,6381,6418,34182]","[3605522,3605522,3605522,3605522,3605522,3605522,3605522,3605522,3605522,3605522,3605522,3605522,3605522,3605522,3605522]","[1092847,1092847,1092847,1092847,1092847,1092847,1092847,1092847,1092847,1092847,1092847,1092847,1092847,1092847,1092847]","{""inference_regions"":36,""canonical_specialization_queries"":1,""canonical_specialization_hits"":0,""solver_requested_bytes"":48184,""solver_allocations"":166,""scratch_requested_bytes"":114892,""scratch_allocations"":736,""max_solver_live_bytes"":6196,""max_scratch_live_bytes"":4256,""evidence_import_solver_bytes"":0,""evidence_import_scratch_bytes"":640,""snapshot_copy_bytes"":0,""snapshot_copy_allocations"":0,""principal_copy_buffer_bytes"":23824,""principal_copy_buffer_allocations"":295,""frozen_capture_temporary_bytes"":0,""frozen_capture_published_bytes"":0,""frozen_edge_scratch_bytes"":0,""region_scopes"":48,""max_region_scopes"":4,""call_collections_closed"":1,""call_collections_unresolved"":0,""call_memo_hits"":11,""solver_passes"":22,""solver_constraint_visits"":34,""occurs_steps"":0}"
build/bench/cloud-principal-graphs/callback-sources/unused-8-valid.blot,a79866d18141c82fd354e0d394ae96d9d012918d5272d87608a7ffada240b3e5,default,"[4286,4476,4593,4654,4658,4740,4870,5012,5170,5250,5370,5383,5405,5718,6175]","[4585,4685,4839,4859,4894,4931,5120,5277,5411,5527,5648,5672,5712,6043,6445]","[3605522,3605522,3605522,3605522,3605522,3605522,3605522,3605522,3605522,3605522,3605522,3605522,3605522,3605522,3605522]","[1092847,1092847,1092847,1092847,1092847,1092847,1092847,1092847,1092847,1092847,1092847,1092847,1092847,1092847,1092847]","{""semantic_component_batches"":0,""semantic_component_jobs"":0,""max_semantic_component_workers"":0,""inference_regions"":36,""canonical_specialization_queries"":1,""canonical_specialization_hits"":0,""solver_requested_bytes"":48184,""solver_allocations"":166,""scratch_requested_bytes"":114892,""scratch_allocations"":736,""max_solver_live_bytes"":6196,""max_scratch_live_bytes"":4256,""evidence_import_solver_bytes"":0,""evidence_import_scratch_bytes"":640,""snapshot_copy_bytes"":0,""snapshot_copy_allocations"":0,""principal_copy_buffer_bytes"":23824,""principal_copy_buffer_allocations"":295,""frozen_capture_temporary_bytes"":0,""frozen_capture_published_bytes"":0,""frozen_edge_scratch_bytes"":0,""region_scopes"":48,""max_region_scopes"":4,""call_collections_closed"":1,""call_collections_unresolved"":0,""call_memo_hits"":11,""solver_passes"":22,""solver_constraint_visits"":34,""occurs_steps"":0}"
build/bench/cloud-principal-graphs/callback-sources/unused-8-valid.blot,a79866d18141c82fd354e0d394ae96d9d012918d5272d87608a7ffada240b3e5,workers-1,"[4473,4519,4526,4543,4548,4667,4671,4738,4743,4871,4962,5050,5189,5239,5525]","[4746,4750,4781,4824,4935,4939,4962,4973,5040,5209,5210,5336,5425,5513,6060]","[3605994,3605994,3605994,3605994,3605994,3605994,3605994,3605994,3605994,3605994,3605994,3605994,3605994,3605994,3605994]","[1092847,1092847,1092847,1092847,1092847,1092847,1092847,1092847,1092847,1092847,1092847,1092847,1092847,1092847,1092847]","{""semantic_component_batches"":0,""semantic_component_jobs"":0,""max_semantic_component_workers"":0,""inference_regions"":36,""canonical_specialization_queries"":1,""canonical_specialization_hits"":0,""solver_requested_bytes"":48184,""solver_allocations"":166,""scratch_requested_bytes"":114892,""scratch_allocations"":736,""max_solver_live_bytes"":6196,""max_scratch_live_bytes"":4256,""evidence_import_solver_bytes"":0,""evidence_import_scratch_bytes"":640,""snapshot_copy_bytes"":0,""snapshot_copy_allocations"":0,""principal_copy_buffer_bytes"":23824,""principal_copy_buffer_allocations"":295,""frozen_capture_temporary_bytes"":0,""frozen_capture_published_bytes"":0,""frozen_edge_scratch_bytes"":0,""region_scopes"":48,""max_region_scopes"":4,""call_collections_closed"":1,""call_collections_unresolved"":0,""call_memo_hits"":11,""solver_passes"":22,""solver_constraint_visits"":34,""occurs_steps"":0}"
build/bench/cloud-principal-graphs/callback-sources/unused-8-valid.blot,a79866d18141c82fd354e0d394ae96d9d012918d5272d87608a7ffada240b3e5,workers-2,"[4281,4434,4463,4473,4509,4650,4790,4809,4850,4863,4910,5033,6345,6361,9333]","[4523,4657,4733,4736,4764,4948,5047,5090,5115,5115,5156,5261,6641,6692,9685]","[3605994,3605994,3605994,3605994,3605994,3605994,3605994,3605994,3605994,3605994,3605994,3605994,3605994,3605994,3605994]","[1092847,1092847,1092847,1092847,1092847,1092847,1092847,1092847,1092847,1092847,1092847,1092847,1092847,1092847,1092847]","{""semantic_component_batches"":0,""semantic_component_jobs"":0,""max_semantic_component_workers"":0,""inference_regions"":36,""canonical_specialization_queries"":1,""canonical_specialization_hits"":0,""solver_requested_bytes"":48184,""solver_allocations"":166,""scratch_requested_bytes"":114892,""scratch_allocations"":736,""max_solver_live_bytes"":6196,""max_scratch_live_bytes"":4256,""evidence_import_solver_bytes"":0,""evidence_import_scratch_bytes"":640,""snapshot_copy_bytes"":0,""snapshot_copy_allocations"":0,""principal_copy_buffer_bytes"":23824,""principal_copy_buffer_allocations"":295,""frozen_capture_temporary_bytes"":0,""frozen_capture_published_bytes"":0,""frozen_edge_scratch_bytes"":0,""region_scopes"":48,""max_region_scopes"":4,""call_collections_closed"":1,""call_collections_unresolved"":0,""call_memo_hits"":11,""solver_passes"":22,""solver_constraint_visits"":34,""occurs_steps"":0}"
build/bench/cloud-principal-graphs/callback-sources/unused-8-valid.blot,a79866d18141c82fd354e0d394ae96d9d012918d5272d87608a7ffada240b3e5,workers-4,"[4087,4452,4462,4534,4607,4638,4664,4677,4768,4772,4782,5050,5493,5529,8691]","[4315,4686,4687,4821,4856,4886,4899,4989,5076,5080,5202,5410,5748,5838,9129]","[3605994,3605994,3605994,3605994,3605994,3605994,3605994,3605994,3605994,3605994,3605994,3605994,3605994,3605994,3605994]","[1092847,1092847,1092847,1092847,1092847,1092847,1092847,1092847,1092847,1092847,1092847,1092847,1092847,1092847,1092847]","{""semantic_component_batches"":0,""semantic_component_jobs"":0,""max_semantic_component_workers"":0,""inference_regions"":36,""canonical_specialization_queries"":1,""canonical_specialization_hits"":0,""solver_requested_bytes"":48184,""solver_allocations"":166,""scratch_requested_bytes"":114892,""scratch_allocations"":736,""max_solver_live_bytes"":6196,""max_scratch_live_bytes"":4256,""evidence_import_solver_bytes"":0,""evidence_import_scratch_bytes"":640,""snapshot_copy_bytes"":0,""snapshot_copy_allocations"":0,""principal_copy_buffer_bytes"":23824,""principal_copy_buffer_allocations"":295,""frozen_capture_temporary_bytes"":0,""frozen_capture_published_bytes"":0,""frozen_edge_scratch_bytes"":0,""region_scopes"":48,""max_region_scopes"":4,""call_collections_closed"":1,""call_collections_unresolved"":0,""call_memo_hits"":11,""solver_passes"":22,""solver_constraint_visits"":34,""occurs_steps"":0}"
build/bench/cloud-principal-graphs/callback-sources/unused-8-valid.blot,a79866d18141c82fd354e0d394ae96d9d012918d5272d87608a7ffada240b3e5,workers-8,"[4198,4238,4376,4425,4461,4562,4718,5015,5064,5176,5243,5340,5665,6787,8228]","[4408,4456,4681,4702,4707,4788,5010,5261,5403,5469,5489,5676,6037,7052,8578]","[3605994,3605994,3605994,3605994,3605994,3605994,3605994,3605994,3605994,3605994,3605994,3605994,3605994,3605994,3605994]","[1092847,1092847,1092847,1092847,1092847,1092847,1092847,1092847,1092847,1092847,1092847,1092847,1092847,1092847,1092847]","{""semantic_component_batches"":0,""semantic_component_jobs"":0,""max_semantic_component_workers"":0,""inference_regions"":36,""canonical_specialization_queries"":1,""canonical_specialization_hits"":0,""solver_requested_bytes"":48184,""solver_allocations"":166,""scratch_requested_bytes"":114892,""scratch_allocations"":736,""max_solver_live_bytes"":6196,""max_scratch_live_bytes"":4256,""evidence_import_solver_bytes"":0,""evidence_import_scratch_bytes"":640,""snapshot_copy_bytes"":0,""snapshot_copy_allocations"":0,""principal_copy_buffer_bytes"":23824,""principal_copy_buffer_allocations"":295,""frozen_capture_temporary_bytes"":0,""frozen_capture_published_bytes"":0,""frozen_edge_scratch_bytes"":0,""region_scopes"":48,""max_region_scopes"":4,""call_collections_closed"":1,""call_collections_unresolved"":0,""call_memo_hits"":11,""solver_passes"":22,""solver_constraint_visits"":34,""occurs_steps"":0}"
build/bench/cloud-principal-graphs/callback-sources/unused-12-valid.blot,dc238d2a6694bb1e2d25cd828a8fb616eec2192cca4b0da72dea0799e5f36b80,baseline,"[4717,4851,4893,4917,5048,5169,5251,5287,5295,5393,5456,5852,6232,6418,6883]","[4982,5054,5116,5297,5383,5452,5486,5516,5604,5623,5784,6074,6559,6699,7203]","[3761641,3761641,3761641,3761641,3761641,3761641,3761641,3761641,3761641,3761641,3761641,3761641,3761641,3761641,3761641]","[1124547,1124547,1124547,1124547,1124547,1124547,1124547,1124547,1124547,1124547,1124547,1124547,1124547,1124547,1124547]","{""inference_regions"":48,""canonical_specialization_queries"":1,""canonical_specialization_hits"":0,""solver_requested_bytes"":60776,""solver_allocations"":214,""scratch_requested_bytes"":157364,""scratch_allocations"":978,""max_solver_live_bytes"":6196,""max_scratch_live_bytes"":6896,""evidence_import_solver_bytes"":0,""evidence_import_scratch_bytes"":640,""snapshot_copy_bytes"":0,""snapshot_copy_allocations"":0,""principal_copy_buffer_bytes"":33008,""principal_copy_buffer_allocations"":407,""frozen_capture_temporary_bytes"":0,""frozen_capture_published_bytes"":0,""frozen_edge_scratch_bytes"":0,""region_scopes"":64,""max_region_scopes"":4,""call_collections_closed"":1,""call_collections_unresolved"":0,""call_memo_hits"":15,""solver_passes"":26,""solver_constraint_visits"":42,""occurs_steps"":0}"
build/bench/cloud-principal-graphs/callback-sources/unused-12-valid.blot,dc238d2a6694bb1e2d25cd828a8fb616eec2192cca4b0da72dea0799e5f36b80,default,"[4443,4567,4678,4739,4740,4756,4815,4893,5101,5160,5245,5742,5826,7155,10980]","[4663,4773,4963,4977,4983,5082,5089,5125,5380,5408,5518,6026,6278,7561,11352]","[3761641,3761641,3761641,3761641,3761641,3761641,3761641,3761641,3761641,3761641,3761641,3761641,3761641,3761641,3761641]","[1124547,1124547,1124547,1124547,1124547,1124547,1124547,1124547,1124547,1124547,1124547,1124547,1124547,1124547,1124547]","{""semantic_component_batches"":0,""semantic_component_jobs"":0,""max_semantic_component_workers"":0,""inference_regions"":48,""canonical_specialization_queries"":1,""canonical_specialization_hits"":0,""solver_requested_bytes"":60776,""solver_allocations"":214,""scratch_requested_bytes"":157364,""scratch_allocations"":978,""max_solver_live_bytes"":6196,""max_scratch_live_bytes"":6896,""evidence_import_solver_bytes"":0,""evidence_import_scratch_bytes"":640,""snapshot_copy_bytes"":0,""snapshot_copy_allocations"":0,""principal_copy_buffer_bytes"":33008,""principal_copy_buffer_allocations"":407,""frozen_capture_temporary_bytes"":0,""frozen_capture_published_bytes"":0,""frozen_edge_scratch_bytes"":0,""region_scopes"":64,""max_region_scopes"":4,""call_collections_closed"":1,""call_collections_unresolved"":0,""call_memo_hits"":15,""solver_passes"":26,""solver_constraint_visits"":42,""occurs_steps"":0}"
build/bench/cloud-principal-graphs/callback-sources/unused-12-valid.blot,dc238d2a6694bb1e2d25cd828a8fb616eec2192cca4b0da72dea0799e5f36b80,workers-1,"[4738,4812,4831,4836,4951,4987,5061,5243,5299,5440,5461,5610,5755,6686,7002]","[4980,5093,5116,5188,5221,5259,5475,5512,5583,5665,5793,5960,6051,7263,7350]","[3762113,3762113,3762113,3762113,3762113,3762113,3762113,3762113,3762113,3762113,3762113,3762113,3762113,3762113,3762113]","[1124547,1124547,1124547,1124547,1124547,1124547,1124547,1124547,1124547,1124547,1124547,1124547,1124547,1124547,1124547]","{""semantic_component_batches"":0,""semantic_component_jobs"":0,""max_semantic_component_workers"":0,""inference_regions"":48,""canonical_specialization_queries"":1,""canonical_specialization_hits"":0,""solver_requested_bytes"":60776,""solver_allocations"":214,""scratch_requested_bytes"":157364,""scratch_allocations"":978,""max_solver_live_bytes"":6196,""max_scratch_live_bytes"":6896,""evidence_import_solver_bytes"":0,""evidence_import_scratch_bytes"":640,""snapshot_copy_bytes"":0,""snapshot_copy_allocations"":0,""principal_copy_buffer_bytes"":33008,""principal_copy_buffer_allocations"":407,""frozen_capture_temporary_bytes"":0,""frozen_capture_published_bytes"":0,""frozen_edge_scratch_bytes"":0,""region_scopes"":64,""max_region_scopes"":4,""call_collections_closed"":1,""call_collections_unresolved"":0,""call_memo_hits"":15,""solver_passes"":26,""solver_constraint_visits"":42,""occurs_steps"":0}"
build/bench/cloud-principal-graphs/callback-sources/unused-12-valid.blot,dc238d2a6694bb1e2d25cd828a8fb616eec2192cca4b0da72dea0799e5f36b80,workers-2,"[4589,4800,5016,5026,5028,5041,5148,5159,5177,5265,5363,5452,5576,5835,6574]","[4829,5037,5227,5264,5272,5314,5433,5456,5482,5541,5730,5810,5955,6115,7054]","[3762113,3762113,3762113,3762113,3762113,3762113,3762113,3762113,3762113,3762113,3762113,3762113,3762113,3762113,3762113]","[1124547,1124547,1124547,1124547,1124547,1124547,1124547,1124547,1124547,1124547,1124547,1124547,1124547,1124547,1124547]","{""semantic_component_batches"":0,""semantic_component_jobs"":0,""max_semantic_component_workers"":0,""inference_regions"":48,""canonical_specialization_queries"":1,""canonical_specialization_hits"":0,""solver_requested_bytes"":60776,""solver_allocations"":214,""scratch_requested_bytes"":157364,""scratch_allocations"":978,""max_solver_live_bytes"":6196,""max_scratch_live_bytes"":6896,""evidence_import_solver_bytes"":0,""evidence_import_scratch_bytes"":640,""snapshot_copy_bytes"":0,""snapshot_copy_allocations"":0,""principal_copy_buffer_bytes"":33008,""principal_copy_buffer_allocations"":407,""frozen_capture_temporary_bytes"":0,""frozen_capture_published_bytes"":0,""frozen_edge_scratch_bytes"":0,""region_scopes"":64,""max_region_scopes"":4,""call_collections_closed"":1,""call_collections_unresolved"":0,""call_memo_hits"":15,""solver_passes"":26,""solver_constraint_visits"":42,""occurs_steps"":0}"
build/bench/cloud-principal-graphs/callback-sources/unused-12-valid.blot,dc238d2a6694bb1e2d25cd828a8fb616eec2192cca4b0da72dea0799e5f36b80,workers-4,"[4382,4524,4581,4586,4610,4726,4751,4876,5119,5256,5606,5663,5715,7709,9276]","[4588,4721,4809,4811,4851,5011,5018,5139,5379,5489,5874,6025,6242,8183,9661]","[3762113,3762113,3762113,3762113,3762113,3762113,3762113,3762113,3762113,3762113,3762113,3762113,3762113,3762113,3762113]","[1124547,1124547,1124547,1124547,1124547,1124547,1124547,1124547,1124547,1124547,1124547,1124547,1124547,1124547,1124547]","{""semantic_component_batches"":0,""semantic_component_jobs"":0,""max_semantic_component_workers"":0,""inference_regions"":48,""canonical_specialization_queries"":1,""canonical_specialization_hits"":0,""solver_requested_bytes"":60776,""solver_allocations"":214,""scratch_requested_bytes"":157364,""scratch_allocations"":978,""max_solver_live_bytes"":6196,""max_scratch_live_bytes"":6896,""evidence_import_solver_bytes"":0,""evidence_import_scratch_bytes"":640,""snapshot_copy_bytes"":0,""snapshot_copy_allocations"":0,""principal_copy_buffer_bytes"":33008,""principal_copy_buffer_allocations"":407,""frozen_capture_temporary_bytes"":0,""frozen_capture_published_bytes"":0,""frozen_edge_scratch_bytes"":0,""region_scopes"":64,""max_region_scopes"":4,""call_collections_closed"":1,""call_collections_unresolved"":0,""call_memo_hits"":15,""solver_passes"":26,""solver_constraint_visits"":42,""occurs_steps"":0}"
build/bench/cloud-principal-graphs/callback-sources/unused-12-valid.blot,dc238d2a6694bb1e2d25cd828a8fb616eec2192cca4b0da72dea0799e5f36b80,workers-8,"[4664,4753,4786,4799,4818,4845,4857,5046,5127,5198,5224,5419,5666,6875,7414]","[4861,5010,5053,5057,5059,5080,5131,5261,5451,5465,5518,5684,5966,7210,7703]","[3762113,3762113,3762113,3762113,3762113,3762113,3762113,3762113,3762113,3762113,3762113,3762113,3762113,3762113,3762113]","[1124547,1124547,1124547,1124547,1124547,1124547,1124547,1124547,1124547,1124547,1124547,1124547,1124547,1124547,1124547]","{""semantic_component_batches"":0,""semantic_component_jobs"":0,""max_semantic_component_workers"":0,""inference_regions"":48,""canonical_specialization_queries"":1,""canonical_specialization_hits"":0,""solver_requested_bytes"":60776,""solver_allocations"":214,""scratch_requested_bytes"":157364,""scratch_allocations"":978,""max_solver_live_bytes"":6196,""max_scratch_live_bytes"":6896,""evidence_import_solver_bytes"":0,""evidence_import_scratch_bytes"":640,""snapshot_copy_bytes"":0,""snapshot_copy_allocations"":0,""principal_copy_buffer_bytes"":33008,""principal_copy_buffer_allocations"":407,""frozen_capture_temporary_bytes"":0,""frozen_capture_published_bytes"":0,""frozen_edge_scratch_bytes"":0,""region_scopes"":64,""max_region_scopes"":4,""call_collections_closed"":1,""call_collections_unresolved"":0,""call_memo_hits"":15,""solver_passes"":26,""solver_constraint_visits"":42,""occurs_steps"":0}"
build/bench/cloud-principal-graphs/callback-sources/predicate_apply-4-valid.blot,afda23d4d8a2ae918109407984e9397b95d8f019a090082206ae7801323aec58,baseline,"[5085,5112,5284,5363,5387,5432,5574,5609,5726,5733,5831,5946,6286,6905,11959]","[5333,5359,5512,5610,5626,5660,5822,5859,5942,6013,6066,6305,6541,7254,12209]","[4188185,4188185,4188185,4188185,4188185,4188185,4188185,4188185,4188185,4188185,4188185,4188185,4188185,4188185,4188185]","[1075706,1075706,1075706,1075706,1075706,1075706,1075706,1075706,1075706,1075706,1075706,1075706,1075706,1075706,1075706]","{""inference_regions"":73,""canonical_specialization_queries"":2,""canonical_specialization_hits"":0,""solver_requested_bytes"":191204,""solver_allocations"":720,""scratch_requested_bytes"":272276,""scratch_allocations"":1670,""max_solver_live_bytes"":3656,""max_scratch_live_bytes"":3712,""evidence_import_solver_bytes"":0,""evidence_import_scratch_bytes"":5376,""snapshot_copy_bytes"":0,""snapshot_copy_allocations"":0,""principal_copy_buffer_bytes"":36904,""principal_copy_buffer_allocations"":313,""frozen_capture_temporary_bytes"":0,""frozen_capture_published_bytes"":0,""frozen_edge_scratch_bytes"":0,""region_scopes"":87,""max_region_scopes"":3,""call_collections_closed"":4,""call_collections_unresolved"":0,""call_memo_hits"":74,""solver_passes"":159,""solver_constraint_visits"":218,""occurs_steps"":201}"
build/bench/cloud-principal-graphs/callback-sources/predicate_apply-4-valid.blot,afda23d4d8a2ae918109407984e9397b95d8f019a090082206ae7801323aec58,default,"[4800,4987,5134,5234,5238,5256,5256,5257,5309,5361,5438,5828,5997,6192,6321]","[5027,5250,5344,5473,5476,5491,5509,5534,5591,5597,5865,6078,6446,6503,6547]","[4188185,4188185,4188185,4188185,4188185,4188185,4188185,4188185,4188185,4188185,4188185,4188185,4188185,4188185,4188185]","[1075706,1075706,1075706,1075706,1075706,1075706,1075706,1075706,1075706,1075706,1075706,1075706,1075706,1075706,1075706]","{""semantic_component_batches"":0,""semantic_component_jobs"":0,""max_semantic_component_workers"":0,""inference_regions"":73,""canonical_specialization_queries"":2,""canonical_specialization_hits"":0,""solver_requested_bytes"":191204,""solver_allocations"":720,""scratch_requested_bytes"":272276,""scratch_allocations"":1670,""max_solver_live_bytes"":3656,""max_scratch_live_bytes"":3712,""evidence_import_solver_bytes"":0,""evidence_import_scratch_bytes"":5376,""snapshot_copy_bytes"":0,""snapshot_copy_allocations"":0,""principal_copy_buffer_bytes"":36904,""principal_copy_buffer_allocations"":313,""frozen_capture_temporary_bytes"":0,""frozen_capture_published_bytes"":0,""frozen_edge_scratch_bytes"":0,""region_scopes"":87,""max_region_scopes"":3,""call_collections_closed"":4,""call_collections_unresolved"":0,""call_memo_hits"":74,""solver_passes"":159,""solver_constraint_visits"":218,""occurs_steps"":201}"
build/bench/cloud-principal-graphs/callback-sources/predicate_apply-4-valid.blot,afda23d4d8a2ae918109407984e9397b95d8f019a090082206ae7801323aec58,workers-1,"[5005,5084,5099,5346,5356,5663,5691,5789,5883,5993,6142,6177,6316,6702,6938]","[5335,5336,5338,5597,5612,5889,5932,6029,6128,6308,6378,6624,6638,6906,7195]","[4449409,4449409,4449409,4449409,4449409,4449409,4449409,4449409,4449409,4449409,4449409,4449409,4449409,4449409,4449409]","[1075706,1075706,1075706,1075706,1075706,1075706,1075706,1075706,1075706,1075706,1075706,1075706,1075706,1075706,1075706]","{""semantic_component_batches"":2,""semantic_component_jobs"":4,""max_semantic_component_workers"":1,""inference_regions"":73,""canonical_specialization_queries"":2,""canonical_specialization_hits"":0,""solver_requested_bytes"":191204,""solver_allocations"":720,""scratch_requested_bytes"":272276,""scratch_allocations"":1670,""max_solver_live_bytes"":3656,""max_scratch_live_bytes"":3712,""evidence_import_solver_bytes"":0,""evidence_import_scratch_bytes"":5376,""snapshot_copy_bytes"":0,""snapshot_copy_allocations"":0,""principal_copy_buffer_bytes"":36904,""principal_copy_buffer_allocations"":313,""frozen_capture_temporary_bytes"":0,""frozen_capture_published_bytes"":0,""frozen_edge_scratch_bytes"":0,""region_scopes"":87,""max_region_scopes"":3,""call_collections_closed"":4,""call_collections_unresolved"":0,""call_memo_hits"":74,""solver_passes"":159,""solver_constraint_visits"":218,""occurs_steps"":201}"
build/bench/cloud-principal-graphs/callback-sources/predicate_apply-4-valid.blot,afda23d4d8a2ae918109407984e9397b95d8f019a090082206ae7801323aec58,workers-2,"[5198,5345,5390,5453,5553,5556,5993,6206,6352,6490,6552,6839,7029,7950,9815]","[5510,5608,5650,5692,5723,5901,6365,6522,6666,6668,7074,7226,8426,9177,9367]","[4535985,4535985,4535985,4535985,4535985,4535985,4535985,4535985,4535985,4535985,4535985,4535985,4535985,4535985,4535985]","[1075706,1075706,1075706,1075706,1075706,1075706,1075706,1075706,1075706,1075706,1075706,1075706,1075706,1075706,1075706]","{""semantic_component_batches"":2,""semantic_component_jobs"":4,""max_semantic_component_workers"":2,""inference_regions"":73,""canonical_specialization_queries"":2,""canonical_specialization_hits"":0,""solver_requested_bytes"":191204,""solver_allocations"":720,""scratch_requested_bytes"":272276,""scratch_allocations"":1670,""max_solver_live_bytes"":3656,""max_scratch_live_bytes"":3712,""evidence_import_solver_bytes"":0,""evidence_import_scratch_bytes"":5376,""snapshot_copy_bytes"":0,""snapshot_copy_allocations"":0,""principal_copy_buffer_bytes"":36904,""principal_copy_buffer_allocations"":313,""frozen_capture_temporary_bytes"":0,""frozen_capture_published_bytes"":0,""frozen_edge_scratch_bytes"":0,""region_scopes"":87,""max_region_scopes"":3,""call_collections_closed"":4,""call_collections_unresolved"":0,""call_memo_hits"":74,""solver_passes"":159,""solver_constraint_visits"":218,""occurs_steps"":201}"
build/bench/cloud-principal-graphs/callback-sources/predicate_apply-4-valid.blot,afda23d4d8a2ae918109407984e9397b95d8f019a090082206ae7801323aec58,workers-4,"[5498,5561,5568,5615,5863,5874,5893,6034,6038,6045,6431,6497,6624,7782,12029]","[5663,5757,5891,6074,6104,6177,6263,6264,6593,6920,6939,7121,7840,8137,12627]","[4535985,4535985,4535985,4535985,4535985,4535985,4535985,4535985,4535985,4535985,4535985,4535985,4535985,4535985,4535985]","[1075706,1075706,1075706,1075706,1075706,1075706,1075706,1075706,1075706,1075706,1075706,1075706,1075706,1075706,1075706]","{""semantic_component_batches"":2,""semantic_component_jobs"":4,""max_semantic_component_workers"":2,""inference_regions"":73,""canonical_specialization_queries"":2,""canonical_specialization_hits"":0,""solver_requested_bytes"":191204,""solver_allocations"":720,""scratch_requested_bytes"":272276,""scratch_allocations"":1670,""max_solver_live_bytes"":3656,""max_scratch_live_bytes"":3712,""evidence_import_solver_bytes"":0,""evidence_import_scratch_bytes"":5376,""snapshot_copy_bytes"":0,""snapshot_copy_allocations"":0,""principal_copy_buffer_bytes"":36904,""principal_copy_buffer_allocations"":313,""frozen_capture_temporary_bytes"":0,""frozen_capture_published_bytes"":0,""frozen_edge_scratch_bytes"":0,""region_scopes"":87,""max_region_scopes"":3,""call_collections_closed"":4,""call_collections_unresolved"":0,""call_memo_hits"":74,""solver_passes"":159,""solver_constraint_visits"":218,""occurs_steps"":201}"
build/bench/cloud-principal-graphs/callback-sources/predicate_apply-4-valid.blot,afda23d4d8a2ae918109407984e9397b95d8f019a090082206ae7801323aec58,workers-8,"[5367,5721,5738,5793,5810,5870,5905,5910,5963,6075,6102,6728,7018,7585,8456]","[5569,5884,5936,5984,6018,6022,6127,6201,6285,6319,6362,7047,7192,7965,8716]","[4535985,4535985,4535985,4535985,4535985,4535985,4535985,4535985,4535985,4535985,4535985,4535985,4535985,4535985,4535985]","[1075706,1075706,1075706,1075706,1075706,1075706,1075706,1075706,1075706,1075706,1075706,1075706,1075706,1075706,1075706]","{""semantic_component_batches"":2,""semantic_component_jobs"":4,""max_semantic_component_workers"":2,""inference_regions"":73,""canonical_specialization_queries"":2,""canonical_specialization_hits"":0,""solver_requested_bytes"":191204,""solver_allocations"":720,""scratch_requested_bytes"":272276,""scratch_allocations"":1670,""max_solver_live_bytes"":3656,""max_scratch_live_bytes"":3712,""evidence_import_solver_bytes"":0,""evidence_import_scratch_bytes"":5376,""snapshot_copy_bytes"":0,""snapshot_copy_allocations"":0,""principal_copy_buffer_bytes"":36904,""principal_copy_buffer_allocations"":313,""frozen_capture_temporary_bytes"":0,""frozen_capture_published_bytes"":0,""frozen_edge_scratch_bytes"":0,""region_scopes"":87,""max_region_scopes"":3,""call_collections_closed"":4,""call_collections_unresolved"":0,""call_memo_hits"":74,""solver_passes"":159,""solver_constraint_visits"":218,""occurs_steps"":201}"
build/bench/cloud-principal-graphs/callback-sources/predicate_apply-8-valid.blot,948b01983c630f0f05cf8f0467d8673571852f2b08f591ee34e36a25859673eb,baseline,"[5983,6056,6119,6330,6366,6395,6403,6609,6611,6667,6742,6803,6828,6864,7096]","[6265,6354,6447,6557,6644,6744,6764,6885,6921,6967,7006,7012,7101,7203,7571]","[4974630,4974630,4974630,4974630,4974630,4974630,4974630,4974630,4974630,4974630,4974630,4974630,4974630,4974630,4974630]","[1113086,1113086,1113086,1113086,1113086,1113086,1113086,1113086,1113086,1113086,1113086,1113086,1113086,1113086,1113086]","{""inference_regions"":121,""canonical_specialization_queries"":2,""canonical_specialization_hits"":0,""solver_requested_bytes"":328356,""solver_allocations"":1200,""scratch_requested_bytes"":494116,""scratch_allocations"":2947,""max_solver_live_bytes"":3656,""max_scratch_live_bytes"":4028,""evidence_import_solver_bytes"":0,""evidence_import_scratch_bytes"":9472,""snapshot_copy_bytes"":0,""snapshot_copy_allocations"":0,""principal_copy_buffer_bytes"":66088,""principal_copy_buffer_allocations"":553,""frozen_capture_temporary_bytes"":0,""frozen_capture_published_bytes"":0,""frozen_edge_scratch_bytes"":0,""region_scopes"":135,""max_region_scopes"":3,""call_collections_closed"":4,""call_collections_unresolved"":0,""call_memo_hits"":138,""solver_passes"":271,""solver_constraint_visits"":394,""occurs_steps"":345}"
build/bench/cloud-principal-graphs/callback-sources/predicate_apply-8-valid.blot,948b01983c630f0f05cf8f0467d8673571852f2b08f591ee34e36a25859673eb,default,"[5792,5869,5965,5968,5971,6140,6191,6359,6465,6712,6854,7305,7880,8782,9770]","[6149,6214,6245,6263,6365,6453,6616,6619,6739,7161,7223,7572,8349,9160,10122]","[4974630,4974630,4974630,4974630,4974630,4974630,4974630,4974630,4974630,4974630,4974630,4974630,4974630,4974630,4974630]","[1113086,1113086,1113086,1113086,1113086,1113086,1113086,1113086,1113086,1113086,1113086,1113086,1113086,1113086,1113086]","{""semantic_component_batches"":0,""semantic_component_jobs"":0,""max_semantic_component_workers"":0,""inference_regions"":121,""canonical_specialization_queries"":2,""canonical_specialization_hits"":0,""solver_requested_bytes"":328356,""solver_allocations"":1200,""scratch_requested_bytes"":494116,""scratch_allocations"":2947,""max_solver_live_bytes"":3656,""max_scratch_live_bytes"":4028,""evidence_import_solver_bytes"":0,""evidence_import_scratch_bytes"":9472,""snapshot_copy_bytes"":0,""snapshot_copy_allocations"":0,""principal_copy_buffer_bytes"":66088,""principal_copy_buffer_allocations"":553,""frozen_capture_temporary_bytes"":0,""frozen_capture_published_bytes"":0,""frozen_edge_scratch_bytes"":0,""region_scopes"":135,""max_region_scopes"":3,""call_collections_closed"":4,""call_collections_unresolved"":0,""call_memo_hits"":138,""solver_passes"":271,""solver_constraint_visits"":394,""occurs_steps"":345}"
build/bench/cloud-principal-graphs/callback-sources/predicate_apply-8-valid.blot,948b01983c630f0f05cf8f0467d8673571852f2b08f591ee34e36a25859673eb,workers-1,"[5917,5938,5970,6027,6052,6120,6200,6232,6588,6645,6657,6845,7006,10780,11481]","[6150,6182,6267,6275,6275,6349,6447,6473,6893,6963,7103,7153,7273,11098,11899]","[5460110,5460110,5460110,5460110,5460110,5460110,5460110,5460110,5460110,5460110,5460110,5460110,5460110,5460110,5460110]","[1113086,1113086,1113086,1113086,1113086,1113086,1113086,1113086,1113086,1113086,1113086,1113086,1113086,1113086,1113086]","{""semantic_component_batches"":2,""semantic_component_jobs"":4,""max_semantic_component_workers"":1,""inference_regions"":121,""canonical_specialization_queries"":2,""canonical_specialization_hits"":0,""solver_requested_bytes"":328356,""solver_allocations"":1200,""scratch_requested_bytes"":494116,""scratch_allocations"":2947,""max_solver_live_bytes"":3656,""max_scratch_live_bytes"":4028,""evidence_import_solver_bytes"":0,""evidence_import_scratch_bytes"":9472,""snapshot_copy_bytes"":0,""snapshot_copy_allocations"":0,""principal_copy_buffer_bytes"":66088,""principal_copy_buffer_allocations"":553,""frozen_capture_temporary_bytes"":0,""frozen_capture_published_bytes"":0,""frozen_edge_scratch_bytes"":0,""region_scopes"":135,""max_region_scopes"":3,""call_collections_closed"":4,""call_collections_unresolved"":0,""call_memo_hits"":138,""solver_passes"":271,""solver_constraint_visits"":394,""occurs_steps"":345}"
build/bench/cloud-principal-graphs/callback-sources/predicate_apply-8-valid.blot,948b01983c630f0f05cf8f0467d8673571852f2b08f591ee34e36a25859673eb,workers-2,"[6131,6251,6441,6473,6615,6713,6727,6882,6980,7217,7219,7524,7665,8111,10593]","[6467,6574,6650,6714,6849,6857,7127,7166,7318,7414,7478,7673,7852,8553,10951]","[5542158,5542158,5542158,5542158,5542158,5542158,5542158,5542158,5542158,5542158,5542158,5542158,5542158,5542158,5542158]","[1113086,1113086,1113086,1113086,1113086,1113086,1113086,1113086,1113086,1113086,1113086,1113086,1113086,1113086,1113086]","{""semantic_component_batches"":2,""semantic_component_jobs"":4,""max_semantic_component_workers"":2,""inference_regions"":121,""canonical_specialization_queries"":2,""canonical_specialization_hits"":0,""solver_requested_bytes"":328356,""solver_allocations"":1200,""scratch_requested_bytes"":494116,""scratch_allocations"":2947,""max_solver_live_bytes"":3656,""max_scratch_live_bytes"":4028,""evidence_import_solver_bytes"":0,""evidence_import_scratch_bytes"":9472,""snapshot_copy_bytes"":0,""snapshot_copy_allocations"":0,""principal_copy_buffer_bytes"":66088,""principal_copy_buffer_allocations"":553,""frozen_capture_temporary_bytes"":0,""frozen_capture_published_bytes"":0,""frozen_edge_scratch_bytes"":0,""region_scopes"":135,""max_region_scopes"":3,""call_collections_closed"":4,""call_collections_unresolved"":0,""call_memo_hits"":138,""solver_passes"":271,""solver_constraint_visits"":394,""occurs_steps"":345}"
build/bench/cloud-principal-graphs/callback-sources/predicate_apply-8-valid.blot,948b01983c630f0f05cf8f0467d8673571852f2b08f591ee34e36a25859673eb,workers-4,"[6187,6341,6355,6476,6536,6561,6811,7028,7127,7200,7488,7672,7808,7961,11163]","[6379,6505,6508,6670,6764,6818,6901,7035,7306,7405,7764,7848,8074,8106,11461]","[5542158,5542158,5542158,5542158,5542158,5542158,5542158,5542158,5542158,5542158,5542158,5542158,5542158,5542158,5542158]","[1113086,1113086,1113086,1113086,1113086,1113086,1113086,1113086,1113086,1113086,1113086,1113086,1113086,1113086,1113086]","{""semantic_component_batches"":2,""semantic_component_jobs"":4,""max_semantic_component_workers"":2,""inference_regions"":121,""canonical_specialization_queries"":2,""canonical_specialization_hits"":0,""solver_requested_bytes"":328356,""solver_allocations"":1200,""scratch_requested_bytes"":494116,""scratch_allocations"":2947,""max_solver_live_bytes"":3656,""max_scratch_live_bytes"":4028,""evidence_import_solver_bytes"":0,""evidence_import_scratch_bytes"":9472,""snapshot_copy_bytes"":0,""snapshot_copy_allocations"":0,""principal_copy_buffer_bytes"":66088,""principal_copy_buffer_allocations"":553,""frozen_capture_temporary_bytes"":0,""frozen_capture_published_bytes"":0,""frozen_edge_scratch_bytes"":0,""region_scopes"":135,""max_region_scopes"":3,""call_collections_closed"":4,""call_collections_unresolved"":0,""call_memo_hits"":138,""solver_passes"":271,""solver_constraint_visits"":394,""occurs_steps"":345}"
build/bench/cloud-principal-graphs/callback-sources/predicate_apply-8-valid.blot,948b01983c630f0f05cf8f0467d8673571852f2b08f591ee34e36a25859673eb,workers-8,"[6242,6340,6398,6401,6681,6800,6901,6942,7075,7109,7142,7543,7778,7862,8371]","[6522,6561,6565,6577,6830,7110,7155,7176,7285,7292,7425,7805,8169,8199,8621]","[5501134,5542158,5542158,5542158,5542158,5542158,5542158,5542158,5542158,5542158,5542158,5542158,5542158,5542158,5542158]","[1113086,1113086,1113086,1113086,1113086,1113086,1113086,1113086,1113086,1113086,1113086,1113086,1113086,1113086,1113086]","{""semantic_component_batches"":2,""semantic_component_jobs"":4,""max_semantic_component_workers"":2,""inference_regions"":121,""canonical_specialization_queries"":2,""canonical_specialization_hits"":0,""solver_requested_bytes"":328356,""solver_allocations"":1200,""scratch_requested_bytes"":494116,""scratch_allocations"":2947,""max_solver_live_bytes"":3656,""max_scratch_live_bytes"":4028,""evidence_import_solver_bytes"":0,""evidence_import_scratch_bytes"":9472,""snapshot_copy_bytes"":0,""snapshot_copy_allocations"":0,""principal_copy_buffer_bytes"":66088,""principal_copy_buffer_allocations"":553,""frozen_capture_temporary_bytes"":0,""frozen_capture_published_bytes"":0,""frozen_edge_scratch_bytes"":0,""region_scopes"":135,""max_region_scopes"":3,""call_collections_closed"":4,""call_collections_unresolved"":0,""call_memo_hits"":138,""solver_passes"":271,""solver_constraint_visits"":394,""occurs_steps"":345}"
build/bench/cloud-principal-graphs/callback-sources/predicate_apply-12-valid.blot,50ea90857bad651c20538ba115f2a4448cf4988dc4c61eb4de306a46f30a0996,baseline,"[6507,6931,6939,7148,7287,7321,7355,7358,7381,7413,7544,9496,9767,10204,11597]","[6769,7176,7203,7462,7562,7598,7646,7659,7667,7714,7776,9736,10108,10556,12447]","[5745692,5745692,5745692,5745692,5745692,5745692,5745692,5745692,5745692,5745692,5745692,5745692,5745692,5745692,5745692]","[1143598,1143598,1143598,1143598,1143598,1143598,1143598,1143598,1143598,1143598,1143598,1143598,1143598,1143598,1143598]","{""inference_regions"":169,""canonical_specialization_queries"":2,""canonical_specialization_hits"":0,""solver_requested_bytes"":465508,""solver_allocations"":1680,""scratch_requested_bytes"":742028,""scratch_allocations"":4284,""max_solver_live_bytes"":3656,""max_scratch_live_bytes"":6668,""evidence_import_solver_bytes"":0,""evidence_import_scratch_bytes"":13568,""snapshot_copy_bytes"":0,""snapshot_copy_allocations"":0,""principal_copy_buffer_bytes"":95272,""principal_copy_buffer_allocations"":793,""frozen_capture_temporary_bytes"":0,""frozen_capture_published_bytes"":0,""frozen_edge_scratch_bytes"":0,""region_scopes"":183,""max_region_scopes"":3,""call_collections_closed"":4,""call_collections_unresolved"":0,""call_memo_hits"":202,""solver_passes"":383,""solver_constraint_visits"":570,""occurs_steps"":489}"
build/bench/cloud-principal-graphs/callback-sources/predicate_apply-12-valid.blot,50ea90857bad651c20538ba115f2a4448cf4988dc4c61eb4de306a46f30a0996,default,"[6593,6907,6941,7025,7040,7044,7086,7304,7361,7617,7838,7988,8362,8850,9301]","[6856,7178,7248,7344,7356,7359,7385,7552,7602,7920,8233,8415,8678,9132,9705]","[5745692,5745692,5745692,5745692,5745692,5745692,5745692,5745692,5745692,5745692,5745692,5745692,5745692,5745692,5745692]","[1143598,1143598,1143598,1143598,1143598,1143598,1143598,1143598,1143598,1143598,1143598,1143598,1143598,1143598,1143598]","{""semantic_component_batches"":0,""semantic_component_jobs"":0,""max_semantic_component_workers"":0,""inference_regions"":169,""canonical_specialization_queries"":2,""canonical_specialization_hits"":0,""solver_requested_bytes"":465508,""solver_allocations"":1680,""scratch_requested_bytes"":742028,""scratch_allocations"":4284,""max_solver_live_bytes"":3656,""max_scratch_live_bytes"":6668,""evidence_import_solver_bytes"":0,""evidence_import_scratch_bytes"":13568,""snapshot_copy_bytes"":0,""snapshot_copy_allocations"":0,""principal_copy_buffer_bytes"":95272,""principal_copy_buffer_allocations"":793,""frozen_capture_temporary_bytes"":0,""frozen_capture_published_bytes"":0,""frozen_edge_scratch_bytes"":0,""region_scopes"":183,""max_region_scopes"":3,""call_collections_closed"":4,""call_collections_unresolved"":0,""call_memo_hits"":202,""solver_passes"":383,""solver_constraint_visits"":570,""occurs_steps"":489}"
build/bench/cloud-principal-graphs/callback-sources/predicate_apply-12-valid.blot,50ea90857bad651c20538ba115f2a4448cf4988dc4c61eb4de306a46f30a0996,workers-1,"[6742,6791,6816,6952,6968,6987,7253,7587,7657,7676,7776,7900,8241,8725,9391]","[6986,7010,7099,7176,7247,7258,7525,7855,7943,7953,8234,8560,9073,9620,9761]","[6621748,6621748,6621748,6621748,6621748,6621748,6621748,6621748,6621748,6621748,6621748,6621748,6621748,6621748,6621748]","[1143598,1143598,1143598,1143598,1143598,1143598,1143598,1143598,1143598,1143598,1143598,1143598,1143598,1143598,1143598]","{""semantic_component_batches"":2,""semantic_component_jobs"":4,""max_semantic_component_workers"":1,""inference_regions"":169,""canonical_specialization_queries"":2,""canonical_specialization_hits"":0,""solver_requested_bytes"":465508,""solver_allocations"":1680,""scratch_requested_bytes"":742028,""scratch_allocations"":4284,""max_solver_live_bytes"":3656,""max_scratch_live_bytes"":6668,""evidence_import_solver_bytes"":0,""evidence_import_scratch_bytes"":13568,""snapshot_copy_bytes"":0,""snapshot_copy_allocations"":0,""principal_copy_buffer_bytes"":95272,""principal_copy_buffer_allocations"":793,""frozen_capture_temporary_bytes"":0,""frozen_capture_published_bytes"":0,""frozen_edge_scratch_bytes"":0,""region_scopes"":183,""max_region_scopes"":3,""call_collections_closed"":4,""call_collections_unresolved"":0,""call_memo_hits"":202,""solver_passes"":383,""solver_constraint_visits"":570,""occurs_steps"":489}"
build/bench/cloud-principal-graphs/callback-sources/predicate_apply-12-valid.blot,50ea90857bad651c20538ba115f2a4448cf4988dc4c61eb4de306a46f30a0996,workers-2,"[6892,6930,7528,7547,7559,7848,7860,7888,7892,7980,8236,8262,8337,8713,9188]","[7097,7155,7758,7871,8017,8035,8055,8135,8152,8266,8491,8538,8591,9010,9515]","[6703316,6703316,6703316,6703316,6703316,6703316,6703316,6703316,6703316,6703316,6703316,6703316,6703316,6703316,6703316]","[1143598,1143598,1143598,1143598,1143598,1143598,1143598,1143598,1143598,1143598,1143598,1143598,1143598,1143598,1143598]","{""semantic_component_batches"":2,""semantic_component_jobs"":4,""max_semantic_component_workers"":2,""inference_regions"":169,""canonical_specialization_queries"":2,""canonical_specialization_hits"":0,""solver_requested_bytes"":465508,""solver_allocations"":1680,""scratch_requested_bytes"":742028,""scratch_allocations"":4284,""max_solver_live_bytes"":3656,""max_scratch_live_bytes"":6668,""evidence_import_solver_bytes"":0,""evidence_import_scratch_bytes"":13568,""snapshot_copy_bytes"":0,""snapshot_copy_allocations"":0,""principal_copy_buffer_bytes"":95272,""principal_copy_buffer_allocations"":793,""frozen_capture_temporary_bytes"":0,""frozen_capture_published_bytes"":0,""frozen_edge_scratch_bytes"":0,""region_scopes"":183,""max_region_scopes"":3,""call_collections_closed"":4,""call_collections_unresolved"":0,""call_memo_hits"":202,""solver_passes"":383,""solver_constraint_visits"":570,""occurs_steps"":489}"
build/bench/cloud-principal-graphs/callback-sources/predicate_apply-12-valid.blot,50ea90857bad651c20538ba115f2a4448cf4988dc4c61eb4de306a46f30a0996,workers-4,"[7024,7109,7183,7252,7299,7489,7511,7571,7844,7941,8308,8515,8610,9071,9583]","[7267,7402,7437,7443,7526,7752,7959,8122,8234,8250,8484,8814,8902,9390,10133]","[6703316,6703316,6703316,6703316,6703316,6703316,6703316,6703316,6703316,6703316,6703316,6703316,6703316,6703316,6703316]","[1143598,1143598,1143598,1143598,1143598,1143598,1143598,1143598,1143598,1143598,1143598,1143598,1143598,1143598,1143598]","{""semantic_component_batches"":2,""semantic_component_jobs"":4,""max_semantic_component_workers"":2,""inference_regions"":169,""canonical_specialization_queries"":2,""canonical_specialization_hits"":0,""solver_requested_bytes"":465508,""solver_allocations"":1680,""scratch_requested_bytes"":742028,""scratch_allocations"":4284,""max_solver_live_bytes"":3656,""max_scratch_live_bytes"":6668,""evidence_import_solver_bytes"":0,""evidence_import_scratch_bytes"":13568,""snapshot_copy_bytes"":0,""snapshot_copy_allocations"":0,""principal_copy_buffer_bytes"":95272,""principal_copy_buffer_allocations"":793,""frozen_capture_temporary_bytes"":0,""frozen_capture_published_bytes"":0,""frozen_edge_scratch_bytes"":0,""region_scopes"":183,""max_region_scopes"":3,""call_collections_closed"":4,""call_collections_unresolved"":0,""call_memo_hits"":202,""solver_passes"":383,""solver_constraint_visits"":570,""occurs_steps"":489}"
build/bench/cloud-principal-graphs/callback-sources/predicate_apply-12-valid.blot,50ea90857bad651c20538ba115f2a4448cf4988dc4c61eb4de306a46f30a0996,workers-8,"[7006,7217,7686,7859,7915,8063,8071,8087,8123,8236,8682,8719,8858,9663,10662]","[7299,7428,7893,8060,8232,8300,8362,8380,8388,8441,8835,9045,9129,10000,11118]","[6703316,6703316,6703316,6703316,6703316,6703316,6703316,6703316,6703316,6703316,6703316,6703316,6703316,6703316,6703316]","[1143598,1143598,1143598,1143598,1143598,1143598,1143598,1143598,1143598,1143598,1143598,1143598,1143598,1143598,1143598]","{""semantic_component_batches"":2,""semantic_component_jobs"":4,""max_semantic_component_workers"":2,""inference_regions"":169,""canonical_specialization_queries"":2,""canonical_specialization_hits"":0,""solver_requested_bytes"":465508,""solver_allocations"":1680,""scratch_requested_bytes"":742028,""scratch_allocations"":4284,""max_solver_live_bytes"":3656,""max_scratch_live_bytes"":6668,""evidence_import_solver_bytes"":0,""evidence_import_scratch_bytes"":13568,""snapshot_copy_bytes"":0,""snapshot_copy_allocations"":0,""principal_copy_buffer_bytes"":95272,""principal_copy_buffer_allocations"":793,""frozen_capture_temporary_bytes"":0,""frozen_capture_published_bytes"":0,""frozen_edge_scratch_bytes"":0,""region_scopes"":183,""max_region_scopes"":3,""call_collections_closed"":4,""call_collections_unresolved"":0,""call_memo_hits"":202,""solver_passes"":383,""solver_constraint_visits"":570,""occurs_steps"":489}"
build/bench/cloud-principal-graphs/callback-sources/predicate_curried-4-valid.blot,0dacd5a825a0a5397fa76aaa8174a03498e16cd1be9ce93544f188cc9cf53594,baseline,"[5347,5394,5633,5638,5661,5762,5806,5842,6044,6067,6132,6640,6935,7714,8065]","[5591,5652,5870,5895,5994,6051,6075,6086,6331,6332,6392,7024,7225,8118,8508]","[4263861,4263861,4263861,4263861,4263861,4263861,4263861,4263861,4263861,4263861,4263861,4263861,4263861,4263861,4263861]","[1076266,1076266,1076266,1076266,1076266,1076266,1076266,1076266,1076266,1076266,1076266,1076266,1076266,1076266,1076266]","{""inference_regions"":73,""canonical_specialization_queries"":2,""canonical_specialization_hits"":0,""solver_requested_bytes"":292772,""solver_allocations"":790,""scratch_requested_bytes"":316532,""scratch_allocations"":1820,""max_solver_live_bytes"":6116,""max_scratch_live_bytes"":3712,""evidence_import_solver_bytes"":21824,""evidence_import_scratch_bytes"":5376,""snapshot_copy_bytes"":0,""snapshot_copy_allocations"":0,""principal_copy_buffer_bytes"":43672,""principal_copy_buffer_allocations"":323,""frozen_capture_temporary_bytes"":0,""frozen_capture_published_bytes"":0,""frozen_edge_scratch_bytes"":0,""region_scopes"":87,""max_region_scopes"":3,""call_collections_closed"":4,""call_collections_unresolved"":0,""call_memo_hits"":74,""solver_passes"":159,""solver_constraint_visits"":222,""occurs_steps"":207}"
build/bench/cloud-principal-graphs/callback-sources/predicate_curried-4-valid.blot,0dacd5a825a0a5397fa76aaa8174a03498e16cd1be9ce93544f188cc9cf53594,default,"[5119,5363,5415,5461,5497,5620,5642,5679,5862,6147,6195,6581,6640,7005,7554]","[5428,5592,5654,5758,5768,5882,5936,6126,6137,6452,6474,6798,7021,7401,8035]","[4263861,4263861,4263861,4263861,4263861,4263861,4263861,4263861,4263861,4263861,4263861,4263861,4263861,4263861,4263861]","[1076266,1076266,1076266,1076266,1076266,1076266,1076266,1076266,1076266,1076266,1076266,1076266,1076266,1076266,1076266]","{""semantic_component_batches"":0,""semantic_component_jobs"":0,""max_semantic_component_workers"":0,""inference_regions"":73,""canonical_specialization_queries"":2,""canonical_specialization_hits"":0,""solver_requested_bytes"":292772,""solver_allocations"":790,""scratch_requested_bytes"":316532,""scratch_allocations"":1820,""max_solver_live_bytes"":6116,""max_scratch_live_bytes"":3712,""evidence_import_solver_bytes"":21824,""evidence_import_scratch_bytes"":5376,""snapshot_copy_bytes"":0,""snapshot_copy_allocations"":0,""principal_copy_buffer_bytes"":43672,""principal_copy_buffer_allocations"":323,""frozen_capture_temporary_bytes"":0,""frozen_capture_published_bytes"":0,""frozen_edge_scratch_bytes"":0,""region_scopes"":87,""max_region_scopes"":3,""call_collections_closed"":4,""call_collections_unresolved"":0,""call_memo_hits"":74,""solver_passes"":159,""solver_constraint_visits"":222,""occurs_steps"":207}"
build/bench/cloud-principal-graphs/callback-sources/predicate_curried-4-valid.blot,0dacd5a825a0a5397fa76aaa8174a03498e16cd1be9ce93544f188cc9cf53594,workers-1,"[5216,5226,5308,5361,5510,5560,5613,5686,5766,5854,5918,5985,6308,6442,6844]","[5454,5464,5507,5768,5908,5965,6024,6029,6032,6069,6160,6263,6671,6731,7102]","[4526165,4526165,4526165,4526165,4526165,4526165,4526165,4526165,4526165,4526165,4526165,4526165,4526165,4526165,4526165]","[1076266,1076266,1076266,1076266,1076266,1076266,1076266,1076266,1076266,1076266,1076266,1076266,1076266,1076266,1076266]","{""semantic_component_batches"":2,""semantic_component_jobs"":4,""max_semantic_component_workers"":1,""inference_regions"":73,""canonical_specialization_queries"":2,""canonical_specialization_hits"":0,""solver_requested_bytes"":292772,""solver_allocations"":790,""scratch_requested_bytes"":316532,""scratch_allocations"":1820,""max_solver_live_bytes"":6116,""max_scratch_live_bytes"":3712,""evidence_import_solver_bytes"":21824,""evidence_import_scratch_bytes"":5376,""snapshot_copy_bytes"":0,""snapshot_copy_allocations"":0,""principal_copy_buffer_bytes"":43672,""principal_copy_buffer_allocations"":323,""frozen_capture_temporary_bytes"":0,""frozen_capture_published_bytes"":0,""frozen_edge_scratch_bytes"":0,""region_scopes"":87,""max_region_scopes"":3,""call_collections_closed"":4,""call_collections_unresolved"":0,""call_memo_hits"":74,""solver_passes"":159,""solver_constraint_visits"":222,""occurs_steps"":207}"
build/bench/cloud-principal-graphs/callback-sources/predicate_curried-4-valid.blot,0dacd5a825a0a5397fa76aaa8174a03498e16cd1be9ce93544f188cc9cf53594,workers-2,"[5316,5432,5545,5623,5820,5839,5888,5941,6031,6068,6159,6376,6632,6667,7272]","[5610,5726,5767,5933,6057,6065,6106,6291,6293,6327,6542,6557,6867,6919,7653]","[4612901,4612901,4612901,4612901,4612901,4612901,4612901,4612901,4612901,4612901,4612901,4612901,4612901,4612901,4612901]","[1076266,1076266,1076266,1076266,1076266,1076266,1076266,1076266,1076266,1076266,1076266,1076266,1076266,1076266,1076266]","{""semantic_component_batches"":2,""semantic_component_jobs"":4,""max_semantic_component_workers"":2,""inference_regions"":73,""canonical_specialization_queries"":2,""canonical_specialization_hits"":0,""solver_requested_bytes"":292772,""solver_allocations"":790,""scratch_requested_bytes"":316532,""scratch_allocations"":1820,""max_solver_live_bytes"":6116,""max_scratch_live_bytes"":3712,""evidence_import_solver_bytes"":21824,""evidence_import_scratch_bytes"":5376,""snapshot_copy_bytes"":0,""snapshot_copy_allocations"":0,""principal_copy_buffer_bytes"":43672,""principal_copy_buffer_allocations"":323,""frozen_capture_temporary_bytes"":0,""frozen_capture_published_bytes"":0,""frozen_edge_scratch_bytes"":0,""region_scopes"":87,""max_region_scopes"":3,""call_collections_closed"":4,""call_collections_unresolved"":0,""call_memo_hits"":74,""solver_passes"":159,""solver_constraint_visits"":222,""occurs_steps"":207}"
build/bench/cloud-principal-graphs/callback-sources/predicate_curried-4-valid.blot,0dacd5a825a0a5397fa76aaa8174a03498e16cd1be9ce93544f188cc9cf53594,workers-4,"[5503,5516,5586,5632,5660,5759,5806,6003,6138,6188,6219,6878,7203,7689,16751]","[5672,5730,5828,5924,5987,5994,6159,6218,6394,6420,6535,7492,7561,7885,16941]","[4612901,4612901,4612901,4612901,4612901,4612901,4612901,4612901,4612901,4612901,4612901,4612901,4612901,4612901,4612901]","[1076266,1076266,1076266,1076266,1076266,1076266,1076266,1076266,1076266,1076266,1076266,1076266,1076266,1076266,1076266]","{""semantic_component_batches"":2,""semantic_component_jobs"":4,""max_semantic_component_workers"":2,""inference_regions"":73,""canonical_specialization_queries"":2,""canonical_specialization_hits"":0,""solver_requested_bytes"":292772,""solver_allocations"":790,""scratch_requested_bytes"":316532,""scratch_allocations"":1820,""max_solver_live_bytes"":6116,""max_scratch_live_bytes"":3712,""evidence_import_solver_bytes"":21824,""evidence_import_scratch_bytes"":5376,""snapshot_copy_bytes"":0,""snapshot_copy_allocations"":0,""principal_copy_buffer_bytes"":43672,""principal_copy_buffer_allocations"":323,""frozen_capture_temporary_bytes"":0,""frozen_capture_published_bytes"":0,""frozen_edge_scratch_bytes"":0,""region_scopes"":87,""max_region_scopes"":3,""call_collections_closed"":4,""call_collections_unresolved"":0,""call_memo_hits"":74,""solver_passes"":159,""solver_constraint_visits"":222,""occurs_steps"":207}"
build/bench/cloud-principal-graphs/callback-sources/predicate_curried-4-valid.blot,0dacd5a825a0a5397fa76aaa8174a03498e16cd1be9ce93544f188cc9cf53594,workers-8,"[5271,5439,5601,5679,5739,5895,5899,6184,6490,6640,6645,6873,7028,7062,9915]","[5465,5622,6048,6088,6142,6229,6272,6565,6813,6986,7011,7171,7326,7583,10217]","[4612901,4612901,4612901,4612901,4612901,4612901,4612901,4612901,4612901,4612901,4612901,4612901,4612901,4612901,4612901]","[1076266,1076266,1076266,1076266,1076266,1076266,1076266,1076266,1076266,1076266,1076266,1076266,1076266,1076266,1076266]","{""semantic_component_batches"":2,""semantic_component_jobs"":4,""max_semantic_component_workers"":2,""inference_regions"":73,""canonical_specialization_queries"":2,""canonical_specialization_hits"":0,""solver_requested_bytes"":292772,""solver_allocations"":790,""scratch_requested_bytes"":316532,""scratch_allocations"":1820,""max_solver_live_bytes"":6116,""max_scratch_live_bytes"":3712,""evidence_import_solver_bytes"":21824,""evidence_import_scratch_bytes"":5376,""snapshot_copy_bytes"":0,""snapshot_copy_allocations"":0,""principal_copy_buffer_bytes"":43672,""principal_copy_buffer_allocations"":323,""frozen_capture_temporary_bytes"":0,""frozen_capture_published_bytes"":0,""frozen_edge_scratch_bytes"":0,""region_scopes"":87,""max_region_scopes"":3,""call_collections_closed"":4,""call_collections_unresolved"":0,""call_memo_hits"":74,""solver_passes"":159,""solver_constraint_visits"":222,""occurs_steps"":207}"
build/bench/cloud-principal-graphs/callback-sources/predicate_curried-8-valid.blot,36752c4b8c05698a20c84ea7208bea5a61322ad234f8a267a30dd5512bd59b5f,baseline,"[6405,6423,6454,6554,6822,6917,7074,7142,7175,7437,7534,7572,7872,8182,8698]","[6645,6699,6699,6939,7042,7188,7391,7416,7423,7653,7795,7890,8127,8465,9012]","[5129787,5129787,5129787,5129787,5129787,5129787,5129787,5129787,5129787,5129787,5129787,5129787,5129787,5129787,5129787]","[1122970,1122970,1122970,1122970,1122970,1122970,1122970,1122970,1122970,1122970,1122970,1122970,1122970,1122970,1122970]","{""inference_regions"":121,""canonical_specialization_queries"":2,""canonical_specialization_hits"":0,""solver_requested_bytes"":502180,""solver_allocations"":1318,""scratch_requested_bytes"":566916,""scratch_allocations"":3177,""max_solver_live_bytes"":6116,""max_scratch_live_bytes"":4212,""evidence_import_solver_bytes"":45632,""evidence_import_scratch_bytes"":9472,""snapshot_copy_bytes"":0,""snapshot_copy_allocations"":0,""principal_copy_buffer_bytes"":78296,""principal_copy_buffer_allocations"":571,""frozen_capture_temporary_bytes"":0,""frozen_capture_published_bytes"":0,""frozen_edge_scratch_bytes"":0,""region_scopes"":135,""max_region_scopes"":3,""call_collections_closed"":4,""call_collections_unresolved"":0,""call_memo_hits"":138,""solver_passes"":271,""solver_constraint_visits"":398,""occurs_steps"":351}"
build/bench/cloud-principal-graphs/callback-sources/predicate_curried-8-valid.blot,36752c4b8c05698a20c84ea7208bea5a61322ad234f8a267a30dd5512bd59b5f,default,"[6164,6219,6401,6424,6429,6514,6609,6639,6712,6809,6966,7621,7935,9319,10566]","[6593,6607,6637,6689,6707,6771,6885,6993,6995,7158,7236,7874,8214,9921,11089]","[5129787,5129787,5129787,5129787,5129787,5129787,5129787,5129787,5129787,5129787,5129787,5129787,5129787,5129787,5129787]","[1122970,1122970,1122970,1122970,1122970,1122970,1122970,1122970,1122970,1122970,1122970,1122970,1122970,1122970,1122970]","{""semantic_component_batches"":0,""semantic_component_jobs"":0,""max_semantic_component_workers"":0,""inference_regions"":121,""canonical_specialization_queries"":2,""canonical_specialization_hits"":0,""solver_requested_bytes"":502180,""solver_allocations"":1318,""scratch_requested_bytes"":566916,""scratch_allocations"":3177,""max_solver_live_bytes"":6116,""max_scratch_live_bytes"":4212,""evidence_import_solver_bytes"":45632,""evidence_import_scratch_bytes"":9472,""snapshot_copy_bytes"":0,""snapshot_copy_allocations"":0,""principal_copy_buffer_bytes"":78296,""principal_copy_buffer_allocations"":571,""frozen_capture_temporary_bytes"":0,""frozen_capture_published_bytes"":0,""frozen_edge_scratch_bytes"":0,""region_scopes"":135,""max_region_scopes"":3,""call_collections_closed"":4,""call_collections_unresolved"":0,""call_memo_hits"":138,""solver_passes"":271,""solver_constraint_visits"":398,""occurs_steps"":351}"
build/bench/cloud-principal-graphs/callback-sources/predicate_curried-8-valid.blot,36752c4b8c05698a20c84ea7208bea5a61322ad234f8a267a30dd5512bd59b5f,workers-1,"[6195,6202,6365,6456,6666,6748,6767,7045,7281,7326,7481,7683,7974,8080,10697]","[6439,6641,6677,6880,7040,7110,7124,7385,7548,7599,7867,7987,8255,8310,10969]","[5599779,5599779,5599779,5599779,5599779,5599779,5599779,5599779,5599779,5599779,5599779,5599779,5599779,5599779,5599779]","[1122970,1122970,1122970,1122970,1122970,1122970,1122970,1122970,1122970,1122970,1122970,1122970,1122970,1122970,1122970]","{""semantic_component_batches"":2,""semantic_component_jobs"":4,""max_semantic_component_workers"":1,""inference_regions"":121,""canonical_specialization_queries"":2,""canonical_specialization_hits"":0,""solver_requested_bytes"":502180,""solver_allocations"":1318,""scratch_requested_bytes"":566916,""scratch_allocations"":3177,""max_solver_live_bytes"":6116,""max_scratch_live_bytes"":4212,""evidence_import_solver_bytes"":45632,""evidence_import_scratch_bytes"":9472,""snapshot_copy_bytes"":0,""snapshot_copy_allocations"":0,""principal_copy_buffer_bytes"":78296,""principal_copy_buffer_allocations"":571,""frozen_capture_temporary_bytes"":0,""frozen_capture_published_bytes"":0,""frozen_edge_scratch_bytes"":0,""region_scopes"":135,""max_region_scopes"":3,""call_collections_closed"":4,""call_collections_unresolved"":0,""call_memo_hits"":138,""solver_passes"":271,""solver_constraint_visits"":398,""occurs_steps"":351}"
build/bench/cloud-principal-graphs/callback-sources/predicate_curried-8-valid.blot,36752c4b8c05698a20c84ea7208bea5a61322ad234f8a267a30dd5512bd59b5f,workers-2,"[6393,6539,6568,6647,6673,6793,6915,6952,6989,7353,7476,7638,8474,8480,8528]","[6581,6741,6768,6815,7002,7043,7070,7197,7273,7557,7838,7997,8713,8762,9413]","[5682067,5682067,5682067,5682067,5682067,5682067,5682067,5682067,5682067,5682067,5682067,5682067,5682067,5682067,5682067]","[1122970,1122970,1122970,1122970,1122970,1122970,1122970,1122970,1122970,1122970,1122970,1122970,1122970,1122970,1122970]","{""semantic_component_batches"":2,""semantic_component_jobs"":4,""max_semantic_component_workers"":2,""inference_regions"":121,""canonical_specialization_queries"":2,""canonical_specialization_hits"":0,""solver_requested_bytes"":502180,""solver_allocations"":1318,""scratch_requested_bytes"":566916,""scratch_allocations"":3177,""max_solver_live_bytes"":6116,""max_scratch_live_bytes"":4212,""evidence_import_solver_bytes"":45632,""evidence_import_scratch_bytes"":9472,""snapshot_copy_bytes"":0,""snapshot_copy_allocations"":0,""principal_copy_buffer_bytes"":78296,""principal_copy_buffer_allocations"":571,""frozen_capture_temporary_bytes"":0,""frozen_capture_published_bytes"":0,""frozen_edge_scratch_bytes"":0,""region_scopes"":135,""max_region_scopes"":3,""call_collections_closed"":4,""call_collections_unresolved"":0,""call_memo_hits"":138,""solver_passes"":271,""solver_constraint_visits"":398,""occurs_steps"":351}"
build/bench/cloud-principal-graphs/callback-sources/predicate_curried-8-valid.blot,36752c4b8c05698a20c84ea7208bea5a61322ad234f8a267a30dd5512bd59b5f,workers-4,"[6531,6702,6712,6899,6964,6976,7042,7065,7255,7372,7566,7899,8356,8822,9976]","[6802,6954,6984,7106,7176,7284,7355,7423,7564,7620,7874,8233,8954,9036,10490]","[5640923,5682067,5682067,5682067,5682067,5682067,5682067,5682067,5682067,5682067,5682067,5682067,5682067,5682067,5682067]","[1122970,1122970,1122970,1122970,1122970,1122970,1122970,1122970,1122970,1122970,1122970,1122970,1122970,1122970,1122970]","{""semantic_component_batches"":2,""semantic_component_jobs"":4,""max_semantic_component_workers"":2,""inference_regions"":121,""canonical_specialization_queries"":2,""canonical_specialization_hits"":0,""solver_requested_bytes"":502180,""solver_allocations"":1318,""scratch_requested_bytes"":566916,""scratch_allocations"":3177,""max_solver_live_bytes"":6116,""max_scratch_live_bytes"":4212,""evidence_import_solver_bytes"":45632,""evidence_import_scratch_bytes"":9472,""snapshot_copy_bytes"":0,""snapshot_copy_allocations"":0,""principal_copy_buffer_bytes"":78296,""principal_copy_buffer_allocations"":571,""frozen_capture_temporary_bytes"":0,""frozen_capture_published_bytes"":0,""frozen_edge_scratch_bytes"":0,""region_scopes"":135,""max_region_scopes"":3,""call_collections_closed"":4,""call_collections_unresolved"":0,""call_memo_hits"":138,""solver_passes"":271,""solver_constraint_visits"":398,""occurs_steps"":351}"
build/bench/cloud-principal-graphs/callback-sources/predicate_curried-8-valid.blot,36752c4b8c05698a20c84ea7208bea5a61322ad234f8a267a30dd5512bd59b5f,workers-8,"[6387,6555,6627,6631,6825,6972,7002,7020,7054,7109,7198,7274,7694,7891,8388]","[6720,6814,6814,6862,7020,7151,7201,7267,7317,7359,7723,7999,8187,8509,8550]","[5682067,5682067,5682067,5682067,5682067,5682067,5682067,5682067,5682067,5682067,5682067,5682067,5682067,5682067,5682067]","[1122970,1122970,1122970,1122970,1122970,1122970,1122970,1122970,1122970,1122970,1122970,1122970,1122970,1122970,1122970]","{""semantic_component_batches"":2,""semantic_component_jobs"":4,""max_semantic_component_workers"":2,""inference_regions"":121,""canonical_specialization_queries"":2,""canonical_specialization_hits"":0,""solver_requested_bytes"":502180,""solver_allocations"":1318,""scratch_requested_bytes"":566916,""scratch_allocations"":3177,""max_solver_live_bytes"":6116,""max_scratch_live_bytes"":4212,""evidence_import_solver_bytes"":45632,""evidence_import_scratch_bytes"":9472,""snapshot_copy_bytes"":0,""snapshot_copy_allocations"":0,""principal_copy_buffer_bytes"":78296,""principal_copy_buffer_allocations"":571,""frozen_capture_temporary_bytes"":0,""frozen_capture_published_bytes"":0,""frozen_edge_scratch_bytes"":0,""region_scopes"":135,""max_region_scopes"":3,""call_collections_closed"":4,""call_collections_unresolved"":0,""call_memo_hits"":138,""solver_passes"":271,""solver_constraint_visits"":398,""occurs_steps"":351}"
build/bench/cloud-principal-graphs/callback-sources/predicate_curried-12-valid.blot,57b88621bea72152ef5850b57b44da6487628648f728f53ad980a7687b85d80f,baseline,"[7515,7595,7693,7728,7871,8068,8196,8506,9039,9206,9889,11324,11436,11680,13595]","[7760,7962,7995,8059,8120,8328,8438,8802,9592,9600,10302,11640,11680,12258,14082]","[6015933,6015933,6015933,6015933,6015933,6015933,6015933,6015933,6015933,6015933,6015933,6015933,6015933,6015933,6015933]","[1172325,1172325,1172325,1172325,1172325,1172325,1172325,1172325,1172325,1172325,1172325,1172325,1172325,1172325,1172325]","{""inference_regions"":169,""canonical_specialization_queries"":2,""canonical_specialization_hits"":0,""solver_requested_bytes"":711588,""solver_allocations"":1846,""scratch_requested_bytes"":843372,""scratch_allocations"":4594,""max_solver_live_bytes"":6116,""max_scratch_live_bytes"":6772,""evidence_import_solver_bytes"":69440,""evidence_import_scratch_bytes"":13568,""snapshot_copy_bytes"":0,""snapshot_copy_allocations"":0,""principal_copy_buffer_bytes"":112920,""principal_copy_buffer_allocations"":819,""frozen_capture_temporary_bytes"":0,""frozen_capture_published_bytes"":0,""frozen_edge_scratch_bytes"":0,""region_scopes"":183,""max_region_scopes"":3,""call_collections_closed"":4,""call_collections_unresolved"":0,""call_memo_hits"":202,""solver_passes"":383,""solver_constraint_visits"":574,""occurs_steps"":495}"
build/bench/cloud-principal-graphs/callback-sources/predicate_curried-12-valid.blot,57b88621bea72152ef5850b57b44da6487628648f728f53ad980a7687b85d80f,default,"[7190,7334,7569,7846,7857,7885,7885,8068,8109,8166,8196,8354,8826,9861,11520]","[7460,7667,7894,8113,8125,8159,8322,8399,8420,8461,8706,8907,9083,10205,12369]","[6015933,6015933,6015933,6015933,6015933,6015933,6015933,6015933,6015933,6015933,6015933,6015933,6015933,6015933,6015933]","[1172325,1172325,1172325,1172325,1172325,1172325,1172325,1172325,1172325,1172325,1172325,1172325,1172325,1172325,1172325]","{""semantic_component_batches"":0,""semantic_component_jobs"":0,""max_semantic_component_workers"":0,""inference_regions"":169,""canonical_specialization_queries"":2,""canonical_specialization_hits"":0,""solver_requested_bytes"":711588,""solver_allocations"":1846,""scratch_requested_bytes"":843372,""scratch_allocations"":4594,""max_solver_live_bytes"":6116,""max_scratch_live_bytes"":6772,""evidence_import_solver_bytes"":69440,""evidence_import_scratch_bytes"":13568,""snapshot_copy_bytes"":0,""snapshot_copy_allocations"":0,""principal_copy_buffer_bytes"":112920,""principal_copy_buffer_allocations"":819,""frozen_capture_temporary_bytes"":0,""frozen_capture_published_bytes"":0,""frozen_edge_scratch_bytes"":0,""region_scopes"":183,""max_region_scopes"":3,""call_collections_closed"":4,""call_collections_unresolved"":0,""call_memo_hits"":202,""solver_passes"":383,""solver_constraint_visits"":574,""occurs_steps"":495}"
build/bench/cloud-principal-graphs/callback-sources/predicate_curried-12-valid.blot,57b88621bea72152ef5850b57b44da6487628648f728f53ad980a7687b85d80f,workers-1,"[7005,7083,7128,7245,7558,7577,7608,7676,7794,7795,7882,8931,9791,10828,12492]","[7250,7425,7464,7803,7845,7984,8068,8080,8192,8315,9177,9356,10126,11256,13097]","[6893453,6893453,6893453,6893453,6893453,6893453,6893453,6893453,6893453,6893453,6893453,6893453,6893453,6893453,6893453]","[1172325,1172325,1172325,1172325,1172325,1172325,1172325,1172325,1172325,1172325,1172325,1172325,1172325,1172325,1172325]","{""semantic_component_batches"":2,""semantic_component_jobs"":4,""max_semantic_component_workers"":1,""inference_regions"":169,""canonical_specialization_queries"":2,""canonical_specialization_hits"":0,""solver_requested_bytes"":711588,""solver_allocations"":1846,""scratch_requested_bytes"":843372,""scratch_allocations"":4594,""max_solver_live_bytes"":6116,""max_scratch_live_bytes"":6772,""evidence_import_solver_bytes"":69440,""evidence_import_scratch_bytes"":13568,""snapshot_copy_bytes"":0,""snapshot_copy_allocations"":0,""principal_copy_buffer_bytes"":112920,""principal_copy_buffer_allocations"":819,""frozen_capture_temporary_bytes"":0,""frozen_capture_published_bytes"":0,""frozen_edge_scratch_bytes"":0,""region_scopes"":183,""max_region_scopes"":3,""call_collections_closed"":4,""call_collections_unresolved"":0,""call_memo_hits"":202,""solver_passes"":383,""solver_constraint_visits"":574,""occurs_steps"":495}"
build/bench/cloud-principal-graphs/callback-sources/predicate_curried-12-valid.blot,57b88621bea72152ef5850b57b44da6487628648f728f53ad980a7687b85d80f,workers-2,"[7479,7516,7622,7734,7784,7992,8342,8470,8590,8740,8759,8839,8876,8898,9154]","[7668,7773,7875,8113,8227,8270,8601,8870,8911,8959,8998,9108,9134,9680,10179]","[6975125,6975125,6975125,6975125,6975125,6975125,6975125,6975125,6975125,6975125,6975125,6975125,6975125,6975125,6975125]","[1172325,1172325,1172325,1172325,1172325,1172325,1172325,1172325,1172325,1172325,1172325,1172325,1172325,1172325,1172325]","{""semantic_component_batches"":2,""semantic_component_jobs"":4,""max_semantic_component_workers"":2,""inference_regions"":169,""canonical_specialization_queries"":2,""canonical_specialization_hits"":0,""solver_requested_bytes"":711588,""solver_allocations"":1846,""scratch_requested_bytes"":843372,""scratch_allocations"":4594,""max_solver_live_bytes"":6116,""max_scratch_live_bytes"":6772,""evidence_import_solver_bytes"":69440,""evidence_import_scratch_bytes"":13568,""snapshot_copy_bytes"":0,""snapshot_copy_allocations"":0,""principal_copy_buffer_bytes"":112920,""principal_copy_buffer_allocations"":819,""frozen_capture_temporary_bytes"":0,""frozen_capture_published_bytes"":0,""frozen_edge_scratch_bytes"":0,""region_scopes"":183,""max_region_scopes"":3,""call_collections_closed"":4,""call_collections_unresolved"":0,""call_memo_hits"":202,""solver_passes"":383,""solver_constraint_visits"":574,""occurs_steps"":495}"
build/bench/cloud-principal-graphs/callback-sources/predicate_curried-12-valid.blot,57b88621bea72152ef5850b57b44da6487628648f728f53ad980a7687b85d80f,workers-4,"[7282,7539,7554,7566,7616,7616,7632,7650,7660,7784,7972,8063,8211,9103,31804]","[7588,7772,7821,7860,7886,7904,7911,7935,7983,7995,8189,8281,8611,10022,32123]","[6975125,6975125,6975125,6975125,6975125,6975125,6975125,6975125,6975125,6975125,6975125,6975125,6975125,6975125,6975125]","[1172325,1172325,1172325,1172325,1172325,1172325,1172325,1172325,1172325,1172325,1172325,1172325,1172325,1172325,1172325]","{""semantic_component_batches"":2,""semantic_component_jobs"":4,""max_semantic_component_workers"":2,""inference_regions"":169,""canonical_specialization_queries"":2,""canonical_specialization_hits"":0,""solver_requested_bytes"":711588,""solver_allocations"":1846,""scratch_requested_bytes"":843372,""scratch_allocations"":4594,""max_solver_live_bytes"":6116,""max_scratch_live_bytes"":6772,""evidence_import_solver_bytes"":69440,""evidence_import_scratch_bytes"":13568,""snapshot_copy_bytes"":0,""snapshot_copy_allocations"":0,""principal_copy_buffer_bytes"":112920,""principal_copy_buffer_allocations"":819,""frozen_capture_temporary_bytes"":0,""frozen_capture_published_bytes"":0,""frozen_edge_scratch_bytes"":0,""region_scopes"":183,""max_region_scopes"":3,""call_collections_closed"":4,""call_collections_unresolved"":0,""call_memo_hits"":202,""solver_passes"":383,""solver_constraint_visits"":574,""occurs_steps"":495}"
build/bench/cloud-principal-graphs/callback-sources/predicate_curried-12-valid.blot,57b88621bea72152ef5850b57b44da6487628648f728f53ad980a7687b85d80f,workers-8,"[7135,7433,7526,7565,7625,7631,7667,7792,7933,7935,7959,8129,8520,9150,10089]","[7600,7659,7820,7825,7844,7905,7926,7974,8093,8100,8417,8449,8750,9514,10296]","[6975125,6975125,6975125,6975125,6975125,6975125,6975125,6975125,6975125,6975125,6975125,6975125,6975125,6975125,6975125]","[1172325,1172325,1172325,1172325,1172325,1172325,1172325,1172325,1172325,1172325,1172325,1172325,1172325,1172325,1172325]","{""semantic_component_batches"":2,""semantic_component_jobs"":4,""max_semantic_component_workers"":2,""inference_regions"":169,""canonical_specialization_queries"":2,""canonical_specialization_hits"":0,""solver_requested_bytes"":711588,""solver_allocations"":1846,""scratch_requested_bytes"":843372,""scratch_allocations"":4594,""max_solver_live_bytes"":6116,""max_scratch_live_bytes"":6772,""evidence_import_solver_bytes"":69440,""evidence_import_scratch_bytes"":13568,""snapshot_copy_bytes"":0,""snapshot_copy_allocations"":0,""principal_copy_buffer_bytes"":112920,""principal_copy_buffer_allocations"":819,""frozen_capture_temporary_bytes"":0,""frozen_capture_published_bytes"":0,""frozen_edge_scratch_bytes"":0,""region_scopes"":183,""max_region_scopes"":3,""call_collections_closed"":4,""call_collections_unresolved"":0,""call_memo_hits"":202,""solver_passes"":383,""solver_constraint_visits"":574,""occurs_steps"":495}"
build/bench/cloud-principal-graphs/callback-sources/predicate_returned-4-valid.blot,f91ca549408fda9d4ca57806827ba1c550f893995bebe82e576cb7d7312f5238,baseline,"[5263,5293,5318,5430,5592,5636,5887,5933,5942,5973,6074,6201,6236,6310,7488]","[5529,5581,5637,5717,5854,5907,6162,6183,6240,6243,6334,6426,6465,6541,7730]","[4298177,4298177,4298177,4298177,4298177,4298177,4298177,4298177,4298177,4298177,4298177,4298177,4298177,4298177,4298177]","[1076166,1076166,1076166,1076166,1076166,1076166,1076166,1076166,1076166,1076166,1076166,1076166,1076166,1076166,1076166]","{""inference_regions"":73,""canonical_specialization_queries"":2,""canonical_specialization_hits"":0,""solver_requested_bytes"":292772,""solver_allocations"":790,""scratch_requested_bytes"":320740,""scratch_allocations"":1828,""max_solver_live_bytes"":6116,""max_scratch_live_bytes"":3712,""evidence_import_solver_bytes"":0,""evidence_import_scratch_bytes"":5376,""snapshot_copy_bytes"":0,""snapshot_copy_allocations"":0,""principal_copy_buffer_bytes"":43848,""principal_copy_buffer_allocations"":323,""frozen_capture_temporary_bytes"":0,""frozen_capture_published_bytes"":0,""frozen_edge_scratch_bytes"":0,""region_scopes"":87,""max_region_scopes"":3,""call_collections_closed"":4,""call_collections_unresolved"":0,""call_memo_hits"":74,""solver_passes"":159,""solver_constraint_visits"":222,""occurs_steps"":201}"
build/bench/cloud-principal-graphs/callback-sources/predicate_returned-4-valid.blot,f91ca549408fda9d4ca57806827ba1c550f893995bebe82e576cb7d7312f5238,default,"[5302,5378,5421,5494,5496,5690,5760,5785,5829,6018,6020,6337,6368,6744,7534]","[5531,5579,5738,5765,5840,5929,6065,6084,6138,6372,6532,6578,6645,7094,7810]","[4298177,4298177,4298177,4298177,4298177,4298177,4298177,4298177,4298177,4298177,4298177,4298177,4298177,4298177,4298177]","[1076166,1076166,1076166,1076166,1076166,1076166,1076166,1076166,1076166,1076166,1076166,1076166,1076166,1076166,1076166]","{""semantic_component_batches"":0,""semantic_component_jobs"":0,""max_semantic_component_workers"":0,""inference_regions"":73,""canonical_specialization_queries"":2,""canonical_specialization_hits"":0,""solver_requested_bytes"":292772,""solver_allocations"":790,""scratch_requested_bytes"":320740,""scratch_allocations"":1828,""max_solver_live_bytes"":6116,""max_scratch_live_bytes"":3712,""evidence_import_solver_bytes"":0,""evidence_import_scratch_bytes"":5376,""snapshot_copy_bytes"":0,""snapshot_copy_allocations"":0,""principal_copy_buffer_bytes"":43848,""principal_copy_buffer_allocations"":323,""frozen_capture_temporary_bytes"":0,""frozen_capture_published_bytes"":0,""frozen_edge_scratch_bytes"":0,""region_scopes"":87,""max_region_scopes"":3,""call_collections_closed"":4,""call_collections_unresolved"":0,""call_memo_hits"":74,""solver_passes"":159,""solver_constraint_visits"":222,""occurs_steps"":201}"
build/bench/cloud-principal-graphs/callback-sources/predicate_returned-4-valid.blot,f91ca549408fda9d4ca57806827ba1c550f893995bebe82e576cb7d7312f5238,workers-1,"[5256,5323,5357,5368,5372,5415,5498,5690,5722,5788,5830,6062,6326,6591,8822]","[5514,5579,5599,5603,5677,5694,5812,5936,5957,6038,6062,6466,6532,6841,9132]","[4560257,4560257,4560257,4560257,4560257,4560257,4560257,4560257,4560257,4560257,4560257,4560257,4560257,4560257,4560257]","[1076166,1076166,1076166,1076166,1076166,1076166,1076166,1076166,1076166,1076166,1076166,1076166,1076166,1076166,1076166]","{""semantic_component_batches"":2,""semantic_component_jobs"":4,""max_semantic_component_workers"":1,""inference_regions"":73,""canonical_specialization_queries"":2,""canonical_specialization_hits"":0,""solver_requested_bytes"":292772,""solver_allocations"":790,""scratch_requested_bytes"":320740,""scratch_allocations"":1828,""max_solver_live_bytes"":6116,""max_scratch_live_bytes"":3712,""evidence_import_solver_bytes"":0,""evidence_import_scratch_bytes"":5376,""snapshot_copy_bytes"":0,""snapshot_copy_allocations"":0,""principal_copy_buffer_bytes"":43848,""principal_copy_buffer_allocations"":323,""frozen_capture_temporary_bytes"":0,""frozen_capture_published_bytes"":0,""frozen_edge_scratch_bytes"":0,""region_scopes"":87,""max_region_scopes"":3,""call_collections_closed"":4,""call_collections_unresolved"":0,""call_memo_hits"":74,""solver_passes"":159,""solver_constraint_visits"":222,""occurs_steps"":201}"
build/bench/cloud-principal-graphs/callback-sources/predicate_returned-4-valid.blot,f91ca549408fda9d4ca57806827ba1c550f893995bebe82e576cb7d7312f5238,workers-2,"[5376,5610,5730,5793,5892,5937,5953,6004,6137,6216,6269,6746,7074,7158,7903]","[5594,5972,5989,6068,6133,6154,6170,6288,6350,6511,6522,7041,7351,7414,8148]","[4646913,4646913,4646913,4646913,4646913,4646913,4646913,4646913,4646913,4646913,4646913,4646913,4646913,4646913,4646913]","[1076166,1076166,1076166,1076166,1076166,1076166,1076166,1076166,1076166,1076166,1076166,1076166,1076166,1076166,1076166]","{""semantic_component_batches"":2,""semantic_component_jobs"":4,""max_semantic_component_workers"":2,""inference_regions"":73,""canonical_specialization_queries"":2,""canonical_specialization_hits"":0,""solver_requested_bytes"":292772,""solver_allocations"":790,""scratch_requested_bytes"":320740,""scratch_allocations"":1828,""max_solver_live_bytes"":6116,""max_scratch_live_bytes"":3712,""evidence_import_solver_bytes"":0,""evidence_import_scratch_bytes"":5376,""snapshot_copy_bytes"":0,""snapshot_copy_allocations"":0,""principal_copy_buffer_bytes"":43848,""principal_copy_buffer_allocations"":323,""frozen_capture_temporary_bytes"":0,""frozen_capture_published_bytes"":0,""frozen_edge_scratch_bytes"":0,""region_scopes"":87,""max_region_scopes"":3,""call_collections_closed"":4,""call_collections_unresolved"":0,""call_memo_hits"":74,""solver_passes"":159,""solver_constraint_visits"":222,""occurs_steps"":201}"
build/bench/cloud-principal-graphs/callback-sources/predicate_returned-4-valid.blot,f91ca549408fda9d4ca57806827ba1c550f893995bebe82e576cb7d7312f5238,workers-4,"[5499,5667,5692,5714,5810,5995,6087,6127,6288,6402,6741,6859,7073,7616,10568]","[5743,5895,5918,5974,5989,6326,6367,6426,6454,6693,6943,7107,7353,7909,10904]","[4646913,4646913,4646913,4646913,4646913,4646913,4646913,4646913,4646913,4646913,4646913,4646913,4646913,4646913,4646913]","[1076166,1076166,1076166,1076166,1076166,1076166,1076166,1076166,1076166,1076166,1076166,1076166,1076166,1076166,1076166]","{""semantic_component_batches"":2,""semantic_component_jobs"":4,""max_semantic_component_workers"":2,""inference_regions"":73,""canonical_specialization_queries"":2,""canonical_specialization_hits"":0,""solver_requested_bytes"":292772,""solver_allocations"":790,""scratch_requested_bytes"":320740,""scratch_allocations"":1828,""max_solver_live_bytes"":6116,""max_scratch_live_bytes"":3712,""evidence_import_solver_bytes"":0,""evidence_import_scratch_bytes"":5376,""snapshot_copy_bytes"":0,""snapshot_copy_allocations"":0,""principal_copy_buffer_bytes"":43848,""principal_copy_buffer_allocations"":323,""frozen_capture_temporary_bytes"":0,""frozen_capture_published_bytes"":0,""frozen_edge_scratch_bytes"":0,""region_scopes"":87,""max_region_scopes"":3,""call_collections_closed"":4,""call_collections_unresolved"":0,""call_memo_hits"":74,""solver_passes"":159,""solver_constraint_visits"":222,""occurs_steps"":201}"
build/bench/cloud-principal-graphs/callback-sources/predicate_returned-4-valid.blot,f91ca549408fda9d4ca57806827ba1c550f893995bebe82e576cb7d7312f5238,workers-8,"[5522,5625,5663,5753,5820,5868,5944,6274,6415,6431,6569,6607,7035,7279,9559]","[5698,5846,5890,5922,6012,6013,6099,6515,6744,6768,6808,6895,7381,7590,9963]","[4646913,4646913,4646913,4646913,4646913,4646913,4646913,4646913,4646913,4646913,4646913,4646913,4646913,4646913,4646913]","[1076166,1076166,1076166,1076166,1076166,1076166,1076166,1076166,1076166,1076166,1076166,1076166,1076166,1076166,1076166]","{""semantic_component_batches"":2,""semantic_component_jobs"":4,""max_semantic_component_workers"":2,""inference_regions"":73,""canonical_specialization_queries"":2,""canonical_specialization_hits"":0,""solver_requested_bytes"":292772,""solver_allocations"":790,""scratch_requested_bytes"":320740,""scratch_allocations"":1828,""max_solver_live_bytes"":6116,""max_scratch_live_bytes"":3712,""evidence_import_solver_bytes"":0,""evidence_import_scratch_bytes"":5376,""snapshot_copy_bytes"":0,""snapshot_copy_allocations"":0,""principal_copy_buffer_bytes"":43848,""principal_copy_buffer_allocations"":323,""frozen_capture_temporary_bytes"":0,""frozen_capture_published_bytes"":0,""frozen_edge_scratch_bytes"":0,""region_scopes"":87,""max_region_scopes"":3,""call_collections_closed"":4,""call_collections_unresolved"":0,""call_memo_hits"":74,""solver_passes"":159,""solver_constraint_visits"":222,""occurs_steps"":201}"
build/bench/cloud-principal-graphs/callback-sources/predicate_returned-8-valid.blot,15fa99d769839f585ae2688784e4bdef738b06c6f819c5ea07557ffd2074c2d8,baseline,"[6197,6249,6380,6620,6715,6757,7188,7196,7371,7489,7674,7702,7962,8002,8629]","[6481,6585,6640,6851,6989,7005,7449,7454,7649,7875,7929,8096,8199,8286,9174]","[5131201,5131201,5131201,5131201,5131201,5131201,5131201,5131201,5131201,5131201,5131201,5131201,5131201,5131201,5131201]","[1122810,1122810,1122810,1122810,1122810,1122810,1122810,1122810,1122810,1122810,1122810,1122810,1122810,1122810,1122810]","{""inference_regions"":121,""canonical_specialization_queries"":2,""canonical_specialization_hits"":0,""solver_requested_bytes"":502180,""solver_allocations"":1318,""scratch_requested_bytes"":571124,""scratch_allocations"":3185,""max_solver_live_bytes"":6116,""max_scratch_live_bytes"":4212,""evidence_import_solver_bytes"":0,""evidence_import_scratch_bytes"":9472,""snapshot_copy_bytes"":0,""snapshot_copy_allocations"":0,""principal_copy_buffer_bytes"":78600,""principal_copy_buffer_allocations"":571,""frozen_capture_temporary_bytes"":0,""frozen_capture_published_bytes"":0,""frozen_edge_scratch_bytes"":0,""region_scopes"":135,""max_region_scopes"":3,""call_collections_closed"":4,""call_collections_unresolved"":0,""call_memo_hits"":138,""solver_passes"":271,""solver_constraint_visits"":398,""occurs_steps"":345}"
build/bench/cloud-principal-graphs/callback-sources/predicate_returned-8-valid.blot,15fa99d769839f585ae2688784e4bdef738b06c6f819c5ea07557ffd2074c2d8,default,"[5848,6068,6201,6223,6232,6565,6709,6728,6881,6936,7190,7441,7584,7844,8051]","[6089,6306,6436,6494,6559,6804,6987,7104,7279,7284,7537,7739,7886,8133,8481]","[5131201,5131201,5131201,5131201,5131201,5131201,5131201,5131201,5131201,5131201,5131201,5131201,5131201,5131201,5131201]","[1122810,1122810,1122810,1122810,1122810,1122810,1122810,1122810,1122810,1122810,1122810,1122810,1122810,1122810,1122810]","{""semantic_component_batches"":0,""semantic_component_jobs"":0,""max_semantic_component_workers"":0,""inference_regions"":121,""canonical_specialization_queries"":2,""canonical_specialization_hits"":0,""solver_requested_bytes"":502180,""solver_allocations"":1318,""scratch_requested_bytes"":571124,""scratch_allocations"":3185,""max_solver_live_bytes"":6116,""max_scratch_live_bytes"":4212,""evidence_import_solver_bytes"":0,""evidence_import_scratch_bytes"":9472,""snapshot_copy_bytes"":0,""snapshot_copy_allocations"":0,""principal_copy_buffer_bytes"":78600,""principal_copy_buffer_allocations"":571,""frozen_capture_temporary_bytes"":0,""frozen_capture_published_bytes"":0,""frozen_edge_scratch_bytes"":0,""region_scopes"":135,""max_region_scopes"":3,""call_collections_closed"":4,""call_collections_unresolved"":0,""call_memo_hits"":138,""solver_passes"":271,""solver_constraint_visits"":398,""occurs_steps"":345}"
build/bench/cloud-principal-graphs/callback-sources/predicate_returned-8-valid.blot,15fa99d769839f585ae2688784e4bdef738b06c6f819c5ea07557ffd2074c2d8,workers-1,"[6255,6291,6610,6723,6775,6914,6963,7165,7166,7201,7261,7324,7499,8170,8418]","[6489,6512,6859,6960,7063,7205,7213,7422,7492,7517,7520,7847,7867,8414,8765]","[5601073,5601073,5601073,5601073,5601073,5601073,5601073,5601073,5601073,5601073,5601073,5601073,5601073,5601073,5601073]","[1122810,1122810,1122810,1122810,1122810,1122810,1122810,1122810,1122810,1122810,1122810,1122810,1122810,1122810,1122810]","{""semantic_component_batches"":2,""semantic_component_jobs"":4,""max_semantic_component_workers"":1,""inference_regions"":121,""canonical_specialization_queries"":2,""canonical_specialization_hits"":0,""solver_requested_bytes"":502180,""solver_allocations"":1318,""scratch_requested_bytes"":571124,""scratch_allocations"":3185,""max_solver_live_bytes"":6116,""max_scratch_live_bytes"":4212,""evidence_import_solver_bytes"":0,""evidence_import_scratch_bytes"":9472,""snapshot_copy_bytes"":0,""snapshot_copy_allocations"":0,""principal_copy_buffer_bytes"":78600,""principal_copy_buffer_allocations"":571,""frozen_capture_temporary_bytes"":0,""frozen_capture_published_bytes"":0,""frozen_edge_scratch_bytes"":0,""region_scopes"":135,""max_region_scopes"":3,""call_collections_closed"":4,""call_collections_unresolved"":0,""call_memo_hits"":138,""solver_passes"":271,""solver_constraint_visits"":398,""occurs_steps"":345}"
build/bench/cloud-principal-graphs/callback-sources/predicate_returned-8-valid.blot,15fa99d769839f585ae2688784e4bdef738b06c6f819c5ea07557ffd2074c2d8,workers-2,"[6276,6464,6529,6647,6748,6864,7074,7120,7123,7376,7385,7594,7790,9444,11472]","[6660,6694,6770,6915,7125,7278,7319,7323,7501,7609,7658,8011,8085,9844,11269]","[5683281,5683281,5683281,5683281,5683281,5683281,5683281,5683281,5683281,5683281,5683281,5683281,5683281,5683281,5683281]","[1122810,1122810,1122810,1122810,1122810,1122810,1122810,1122810,1122810,1122810,1122810,1122810,1122810,1122810,1122810]","{""semantic_component_batches"":2,""semantic_component_jobs"":4,""max_semantic_component_workers"":2,""inference_regions"":121,""canonical_specialization_queries"":2,""canonical_specialization_hits"":0,""solver_requested_bytes"":502180,""solver_allocations"":1318,""scratch_requested_bytes"":571124,""scratch_allocations"":3185,""max_solver_live_bytes"":6116,""max_scratch_live_bytes"":4212,""evidence_import_solver_bytes"":0,""evidence_import_scratch_bytes"":9472,""snapshot_copy_bytes"":0,""snapshot_copy_allocations"":0,""principal_copy_buffer_bytes"":78600,""principal_copy_buffer_allocations"":571,""frozen_capture_temporary_bytes"":0,""frozen_capture_published_bytes"":0,""frozen_edge_scratch_bytes"":0,""region_scopes"":135,""max_region_scopes"":3,""call_collections_closed"":4,""call_collections_unresolved"":0,""call_memo_hits"":138,""solver_passes"":271,""solver_constraint_visits"":398,""occurs_steps"":345}"
build/bench/cloud-principal-graphs/callback-sources/predicate_returned-8-valid.blot,15fa99d769839f585ae2688784e4bdef738b06c6f819c5ea07557ffd2074c2d8,workers-4,"[6407,6528,6548,6743,6772,6850,6942,7212,7249,7390,7464,7476,7501,8156,8887]","[6577,6806,6813,6955,7034,7088,7183,7442,7614,7680,7706,7752,7991,8387,9101]","[5683281,5683281,5683281,5683281,5683281,5683281,5683281,5683281,5683281,5683281,5683281,5683281,5683281,5683281,5683281]","[1122810,1122810,1122810,1122810,1122810,1122810,1122810,1122810,1122810,1122810,1122810,1122810,1122810,1122810,1122810]","{""semantic_component_batches"":2,""semantic_component_jobs"":4,""max_semantic_component_workers"":2,""inference_regions"":121,""canonical_specialization_queries"":2,""canonical_specialization_hits"":0,""solver_requested_bytes"":502180,""solver_allocations"":1318,""scratch_requested_bytes"":571124,""scratch_allocations"":3185,""max_solver_live_bytes"":6116,""max_scratch_live_bytes"":4212,""evidence_import_solver_bytes"":0,""evidence_import_scratch_bytes"":9472,""snapshot_copy_bytes"":0,""snapshot_copy_allocations"":0,""principal_copy_buffer_bytes"":78600,""principal_copy_buffer_allocations"":571,""frozen_capture_temporary_bytes"":0,""frozen_capture_published_bytes"":0,""frozen_edge_scratch_bytes"":0,""region_scopes"":135,""max_region_scopes"":3,""call_collections_closed"":4,""call_collections_unresolved"":0,""call_memo_hits"":138,""solver_passes"":271,""solver_constraint_visits"":398,""occurs_steps"":345}"
build/bench/cloud-principal-graphs/callback-sources/predicate_returned-8-valid.blot,15fa99d769839f585ae2688784e4bdef738b06c6f819c5ea07557ffd2074c2d8,workers-8,"[6629,6731,6788,6848,7012,7117,7174,7205,7290,7372,8070,8347,8412,8503,12784]","[6841,6907,7021,7098,7183,7263,7389,7503,7579,7583,8344,8517,8818,9001,13419]","[5683281,5683281,5683281,5683281,5683281,5683281,5683281,5683281,5683281,5683281,5683281,5683281,5683281,5683281,5683281]","[1122810,1122810,1122810,1122810,1122810,1122810,1122810,1122810,1122810,1122810,1122810,1122810,1122810,1122810,1122810]","{""semantic_component_batches"":2,""semantic_component_jobs"":4,""max_semantic_component_workers"":2,""inference_regions"":121,""canonical_specialization_queries"":2,""canonical_specialization_hits"":0,""solver_requested_bytes"":502180,""solver_allocations"":1318,""scratch_requested_bytes"":571124,""scratch_allocations"":3185,""max_solver_live_bytes"":6116,""max_scratch_live_bytes"":4212,""evidence_import_solver_bytes"":0,""evidence_import_scratch_bytes"":9472,""snapshot_copy_bytes"":0,""snapshot_copy_allocations"":0,""principal_copy_buffer_bytes"":78600,""principal_copy_buffer_allocations"":571,""frozen_capture_temporary_bytes"":0,""frozen_capture_published_bytes"":0,""frozen_edge_scratch_bytes"":0,""region_scopes"":135,""max_region_scopes"":3,""call_collections_closed"":4,""call_collections_unresolved"":0,""call_memo_hits"":138,""solver_passes"":271,""solver_constraint_visits"":398,""occurs_steps"":345}"
build/bench/cloud-principal-graphs/callback-sources/predicate_returned-12-valid.blot,7dffb6b82e6a55df458efeb363f63b857b8f87b0abeeaebf93c86a04a58e4e1a,baseline,"[7375,7543,7666,7682,7754,7778,7814,7996,8003,8033,8090,8195,8443,8732,10047]","[7656,7785,7944,7949,8036,8115,8119,8270,8377,8424,8514,8529,8709,9059,10724]","[6017675,6017675,6017675,6017675,6017675,6017675,6017675,6017675,6017675,6017675,6017675,6017675,6017675,6017675,6017675]","[1172168,1172168,1172168,1172168,1172168,1172168,1172168,1172168,1172168,1172168,1172168,1172168,1172168,1172168,1172168]","{""inference_regions"":169,""canonical_specialization_queries"":2,""canonical_specialization_hits"":0,""solver_requested_bytes"":711588,""solver_allocations"":1846,""scratch_requested_bytes"":847580,""scratch_allocations"":4602,""max_solver_live_bytes"":6116,""max_scratch_live_bytes"":6772,""evidence_import_solver_bytes"":0,""evidence_import_scratch_bytes"":13568,""snapshot_copy_bytes"":0,""snapshot_copy_allocations"":0,""principal_copy_buffer_bytes"":113352,""principal_copy_buffer_allocations"":819,""frozen_capture_temporary_bytes"":0,""frozen_capture_published_bytes"":0,""frozen_edge_scratch_bytes"":0,""region_scopes"":183,""max_region_scopes"":3,""call_collections_closed"":4,""call_collections_unresolved"":0,""call_memo_hits"":202,""solver_passes"":383,""solver_constraint_visits"":574,""occurs_steps"":489}"
build/bench/cloud-principal-graphs/callback-sources/predicate_returned-12-valid.blot,7dffb6b82e6a55df458efeb363f63b857b8f87b0abeeaebf93c86a04a58e4e1a,default,"[7085,7267,7440,7451,7507,7614,7703,7796,8092,8152,8220,8258,9151,10604,10794]","[7517,7683,7738,7742,7743,7866,7956,8134,8457,8562,8596,8687,9874,10896,11118]","[6017675,6017675,6017675,6017675,6017675,6017675,6017675,6017675,6017675,6017675,6017675,6017675,6017675,6017675,6017675]","[1172168,1172168,1172168,1172168,1172168,1172168,1172168,1172168,1172168,1172168,1172168,1172168,1172168,1172168,1172168]","{""semantic_component_batches"":0,""semantic_component_jobs"":0,""max_semantic_component_workers"":0,""inference_regions"":169,""canonical_specialization_queries"":2,""canonical_specialization_hits"":0,""solver_requested_bytes"":711588,""solver_allocations"":1846,""scratch_requested_bytes"":847580,""scratch_allocations"":4602,""max_solver_live_bytes"":6116,""max_scratch_live_bytes"":6772,""evidence_import_solver_bytes"":0,""evidence_import_scratch_bytes"":13568,""snapshot_copy_bytes"":0,""snapshot_copy_allocations"":0,""principal_copy_buffer_bytes"":113352,""principal_copy_buffer_allocations"":819,""frozen_capture_temporary_bytes"":0,""frozen_capture_published_bytes"":0,""frozen_edge_scratch_bytes"":0,""region_scopes"":183,""max_region_scopes"":3,""call_collections_closed"":4,""call_collections_unresolved"":0,""call_memo_hits"":202,""solver_passes"":383,""solver_constraint_visits"":574,""occurs_steps"":489}"
build/bench/cloud-principal-graphs/callback-sources/predicate_returned-12-valid.blot,7dffb6b82e6a55df458efeb363f63b857b8f87b0abeeaebf93c86a04a58e4e1a,workers-1,"[7117,7300,7331,7395,7402,7411,7452,7702,7749,8284,8636,9093,9174,9251,9602]","[7447,7580,7584,7681,7722,7724,7762,8027,8053,8505,8923,9470,9485,9609,10060]","[6894587,6894587,6894587,6894587,6894587,6894587,6894587,6894587,6894587,6894587,6894587,6894587,6894587,6894587,6894587]","[1172168,1172168,1172168,1172168,1172168,1172168,1172168,1172168,1172168,1172168,1172168,1172168,1172168,1172168,1172168]","{""semantic_component_batches"":2,""semantic_component_jobs"":4,""max_semantic_component_workers"":1,""inference_regions"":169,""canonical_specialization_queries"":2,""canonical_specialization_hits"":0,""solver_requested_bytes"":711588,""solver_allocations"":1846,""scratch_requested_bytes"":847580,""scratch_allocations"":4602,""max_solver_live_bytes"":6116,""max_scratch_live_bytes"":6772,""evidence_import_solver_bytes"":0,""evidence_import_scratch_bytes"":13568,""snapshot_copy_bytes"":0,""snapshot_copy_allocations"":0,""principal_copy_buffer_bytes"":113352,""principal_copy_buffer_allocations"":819,""frozen_capture_temporary_bytes"":0,""frozen_capture_published_bytes"":0,""frozen_edge_scratch_bytes"":0,""region_scopes"":183,""max_region_scopes"":3,""call_collections_closed"":4,""call_collections_unresolved"":0,""call_memo_hits"":202,""solver_passes"":383,""solver_constraint_visits"":574,""occurs_steps"":489}"
build/bench/cloud-principal-graphs/callback-sources/predicate_returned-12-valid.blot,7dffb6b82e6a55df458efeb363f63b857b8f87b0abeeaebf93c86a04a58e4e1a,workers-2,"[7508,7690,7747,7826,7969,8125,8147,8177,8510,8583,8594,9255,9281,10534,10543]","[7840,7887,7901,7941,8308,8321,8357,8421,8813,8815,8827,9449,9515,10908,11114]","[6976179,6976179,6976179,6976179,6976179,6976179,6976179,6976179,6976179,6976179,6976179,6976179,6976179,6976179,6976179]","[1172168,1172168,1172168,1172168,1172168,1172168,1172168,1172168,1172168,1172168,1172168,1172168,1172168,1172168,1172168]","{""semantic_component_batches"":2,""semantic_component_jobs"":4,""max_semantic_component_workers"":2,""inference_regions"":169,""canonical_specialization_queries"":2,""canonical_specialization_hits"":0,""solver_requested_bytes"":711588,""solver_allocations"":1846,""scratch_requested_bytes"":847580,""scratch_allocations"":4602,""max_solver_live_bytes"":6116,""max_scratch_live_bytes"":6772,""evidence_import_solver_bytes"":0,""evidence_import_scratch_bytes"":13568,""snapshot_copy_bytes"":0,""snapshot_copy_allocations"":0,""principal_copy_buffer_bytes"":113352,""principal_copy_buffer_allocations"":819,""frozen_capture_temporary_bytes"":0,""frozen_capture_published_bytes"":0,""frozen_edge_scratch_bytes"":0,""region_scopes"":183,""max_region_scopes"":3,""call_collections_closed"":4,""call_collections_unresolved"":0,""call_memo_hits"":202,""solver_passes"":383,""solver_constraint_visits"":574,""occurs_steps"":489}"
build/bench/cloud-principal-graphs/callback-sources/predicate_returned-12-valid.blot,7dffb6b82e6a55df458efeb363f63b857b8f87b0abeeaebf93c86a04a58e4e1a,workers-4,"[7344,7642,7680,7733,7779,8126,8253,8410,8589,8642,8644,8695,8889,9609,10711]","[7548,7792,7988,8015,8087,8331,8495,8633,8820,8879,9273,9353,9750,11098,30977]","[6976179,6976179,6976179,6976179,6976179,6976179,6976179,6976179,6976179,6976179,6976179,6976179,6976179,6976179,6976179]","[1172168,1172168,1172168,1172168,1172168,1172168,1172168,1172168,1172168,1172168,1172168,1172168,1172168,1172168,1172168]","{""semantic_component_batches"":2,""semantic_component_jobs"":4,""max_semantic_component_workers"":2,""inference_regions"":169,""canonical_specialization_queries"":2,""canonical_specialization_hits"":0,""solver_requested_bytes"":711588,""solver_allocations"":1846,""scratch_requested_bytes"":847580,""scratch_allocations"":4602,""max_solver_live_bytes"":6116,""max_scratch_live_bytes"":6772,""evidence_import_solver_bytes"":0,""evidence_import_scratch_bytes"":13568,""snapshot_copy_bytes"":0,""snapshot_copy_allocations"":0,""principal_copy_buffer_bytes"":113352,""principal_copy_buffer_allocations"":819,""frozen_capture_temporary_bytes"":0,""frozen_capture_published_bytes"":0,""frozen_edge_scratch_bytes"":0,""region_scopes"":183,""max_region_scopes"":3,""call_collections_closed"":4,""call_collections_unresolved"":0,""call_memo_hits"":202,""solver_passes"":383,""solver_constraint_visits"":574,""occurs_steps"":489}"
build/bench/cloud-principal-graphs/callback-sources/predicate_returned-12-valid.blot,7dffb6b82e6a55df458efeb363f63b857b8f87b0abeeaebf93c86a04a58e4e1a,workers-8,"[7286,7528,7615,7891,7937,8002,8052,8577,8604,8706,8801,8882,9056,9071,9483]","[7518,7718,7853,8157,8176,8233,8250,8825,8852,8936,9019,9189,9312,9330,9927]","[6976179,6976179,6976179,6976179,6976179,6976179,6976179,6976179,6976179,6976179,6976179,6976179,6976179,6976179,6976179]","[1172168,1172168,1172168,1172168,1172168,1172168,1172168,1172168,1172168,1172168,1172168,1172168,1172168,1172168,1172168]","{""semantic_component_batches"":2,""semantic_component_jobs"":4,""max_semantic_component_workers"":2,""inference_regions"":169,""canonical_specialization_queries"":2,""canonical_specialization_hits"":0,""solver_requested_bytes"":711588,""solver_allocations"":1846,""scratch_requested_bytes"":847580,""scratch_allocations"":4602,""max_solver_live_bytes"":6116,""max_scratch_live_bytes"":6772,""evidence_import_solver_bytes"":0,""evidence_import_scratch_bytes"":13568,""snapshot_copy_bytes"":0,""snapshot_copy_allocations"":0,""principal_copy_buffer_bytes"":113352,""principal_copy_buffer_allocations"":819,""frozen_capture_temporary_bytes"":0,""frozen_capture_published_bytes"":0,""frozen_edge_scratch_bytes"":0,""region_scopes"":183,""max_region_scopes"":3,""call_collections_closed"":4,""call_collections_unresolved"":0,""call_memo_hits"":202,""solver_passes"":383,""solver_constraint_visits"":574,""occurs_steps"":489}"
build/bench/cloud-principal-graphs/callback-sources/predicate_effect-4-valid.blot,d0b8c8a9449ff6025f2cdedeee216cd0050acd359bbf517914edb34fbfb2e987,baseline,"[5189,5243,5249,5259,5280,5361,5381,5399,5433,5606,5898,5899,6462,6478,8804]","[5419,5455,5460,5510,5584,5613,5616,5638,5762,5853,6261,6351,6736,6770,9141]","[3978990,3978990,3978990,3978990,3978990,3978990,3978990,3978990,3978990,3978990,3978990,3978990,3978990,3978990,3978990]","[1079407,1079407,1079407,1079407,1079407,1079407,1079407,1079407,1079407,1079407,1079407,1079407,1079407,1079407,1079407]","{""inference_regions"":51,""canonical_specialization_queries"":1,""canonical_specialization_hits"":0,""solver_requested_bytes"":132468,""solver_allocations"":425,""scratch_requested_bytes"":201232,""scratch_allocations"":1253,""max_solver_live_bytes"":6168,""max_scratch_live_bytes"":4384,""evidence_import_solver_bytes"":1980,""evidence_import_scratch_bytes"":5952,""snapshot_copy_bytes"":0,""snapshot_copy_allocations"":0,""principal_copy_buffer_bytes"":39448,""principal_copy_buffer_allocations"":337,""frozen_capture_temporary_bytes"":0,""frozen_capture_published_bytes"":0,""frozen_edge_scratch_bytes"":0,""region_scopes"":60,""max_region_scopes"":4,""call_collections_closed"":2,""call_collections_unresolved"":0,""call_memo_hits"":37,""solver_passes"":90,""solver_constraint_visits"":135,""occurs_steps"":141}"
build/bench/cloud-principal-graphs/callback-sources/predicate_effect-4-valid.blot,d0b8c8a9449ff6025f2cdedeee216cd0050acd359bbf517914edb34fbfb2e987,default,"[4642,4758,4972,5029,5040,5120,5124,5158,5170,5235,5310,5500,6021,6274,7140]","[4892,5075,5177,5271,5400,5433,5478,5479,5498,5544,5574,5733,6387,6588,7470]","[3978990,3978990,3978990,3978990,3978990,3978990,3978990,3978990,3978990,3978990,3978990,3978990,3978990,3978990,3978990]","[1079407,1079407,1079407,1079407,1079407,1079407,1079407,1079407,1079407,1079407,1079407,1079407,1079407,1079407,1079407]","{""semantic_component_batches"":0,""semantic_component_jobs"":0,""max_semantic_component_workers"":0,""inference_regions"":51,""canonical_specialization_queries"":1,""canonical_specialization_hits"":0,""solver_requested_bytes"":132468,""solver_allocations"":425,""scratch_requested_bytes"":201232,""scratch_allocations"":1253,""max_solver_live_bytes"":6168,""max_scratch_live_bytes"":4384,""evidence_import_solver_bytes"":1980,""evidence_import_scratch_bytes"":5952,""snapshot_copy_bytes"":0,""snapshot_copy_allocations"":0,""principal_copy_buffer_bytes"":39448,""principal_copy_buffer_allocations"":337,""frozen_capture_temporary_bytes"":0,""frozen_capture_published_bytes"":0,""frozen_edge_scratch_bytes"":0,""region_scopes"":60,""max_region_scopes"":4,""call_collections_closed"":2,""call_collections_unresolved"":0,""call_memo_hits"":37,""solver_passes"":90,""solver_constraint_visits"":135,""occurs_steps"":141}"
build/bench/cloud-principal-graphs/callback-sources/predicate_effect-4-valid.blot,d0b8c8a9449ff6025f2cdedeee216cd0050acd359bbf517914edb34fbfb2e987,workers-1,"[4722,4873,5000,5073,5137,5150,5202,5269,5369,5401,5469,5648,5691,5711,6619]","[4969,5204,5211,5274,5401,5417,5474,5511,5583,5629,5926,6001,6012,6026,6958]","[4115870,4115870,4115870,4115870,4115870,4115870,4115870,4115870,4115870,4115870,4115870,4115870,4115870,4115870,4115870]","[1079407,1079407,1079407,1079407,1079407,1079407,1079407,1079407,1079407,1079407,1079407,1079407,1079407,1079407,1079407]","{""semantic_component_batches"":1,""semantic_component_jobs"":2,""max_semantic_component_workers"":1,""inference_regions"":51,""canonical_specialization_queries"":1,""canonical_specialization_hits"":0,""solver_requested_bytes"":132468,""solver_allocations"":425,""scratch_requested_bytes"":201232,""scratch_allocations"":1253,""max_solver_live_bytes"":6168,""max_scratch_live_bytes"":4384,""evidence_import_solver_bytes"":1980,""evidence_import_scratch_bytes"":5952,""snapshot_copy_bytes"":0,""snapshot_copy_allocations"":0,""principal_copy_buffer_bytes"":39448,""principal_copy_buffer_allocations"":337,""frozen_capture_temporary_bytes"":0,""frozen_capture_published_bytes"":0,""frozen_edge_scratch_bytes"":0,""region_scopes"":60,""max_region_scopes"":4,""call_collections_closed"":2,""call_collections_unresolved"":0,""call_memo_hits"":37,""solver_passes"":90,""solver_constraint_visits"":135,""occurs_steps"":141}"
build/bench/cloud-principal-graphs/callback-sources/predicate_effect-4-valid.blot,d0b8c8a9449ff6025f2cdedeee216cd0050acd359bbf517914edb34fbfb2e987,workers-2,"[5036,5284,5325,5335,5684,5728,5886,5980,6036,6240,6264,6447,6449,6523,6678]","[5235,5483,5528,5671,5921,6071,6081,6220,6314,6403,6544,6638,6811,6834,6885]","[4159198,4159198,4159198,4159198,4159198,4159198,4159198,4159198,4159198,4159198,4159198,4159198,4159198,4159198,4159198]","[1079407,1079407,1079407,1079407,1079407,1079407,1079407,1079407,1079407,1079407,1079407,1079407,1079407,1079407,1079407]","{""semantic_component_batches"":1,""semantic_component_jobs"":2,""max_semantic_component_workers"":2,""inference_regions"":51,""canonical_specialization_queries"":1,""canonical_specialization_hits"":0,""solver_requested_bytes"":132468,""solver_allocations"":425,""scratch_requested_bytes"":201232,""scratch_allocations"":1253,""max_solver_live_bytes"":6168,""max_scratch_live_bytes"":4384,""evidence_import_solver_bytes"":1980,""evidence_import_scratch_bytes"":5952,""snapshot_copy_bytes"":0,""snapshot_copy_allocations"":0,""principal_copy_buffer_bytes"":39448,""principal_copy_buffer_allocations"":337,""frozen_capture_temporary_bytes"":0,""frozen_capture_published_bytes"":0,""frozen_edge_scratch_bytes"":0,""region_scopes"":60,""max_region_scopes"":4,""call_collections_closed"":2,""call_collections_unresolved"":0,""call_memo_hits"":37,""solver_passes"":90,""solver_constraint_visits"":135,""occurs_steps"":141}"
build/bench/cloud-principal-graphs/callback-sources/predicate_effect-4-valid.blot,d0b8c8a9449ff6025f2cdedeee216cd0050acd359bbf517914edb34fbfb2e987,workers-4,"[5091,5136,5140,5183,5285,5350,5423,5546,5657,5771,6041,6067,6133,6179,6440]","[5272,5331,5381,5479,5517,5545,5715,5783,5904,6040,6144,6288,6305,6439,6643]","[4159198,4159198,4159198,4159198,4159198,4159198,4159198,4159198,4159198,4159198,4159198,4159198,4159198,4159198,4159198]","[1079407,1079407,1079407,1079407,1079407,1079407,1079407,1079407,1079407,1079407,1079407,1079407,1079407,1079407,1079407]","{""semantic_component_batches"":1,""semantic_component_jobs"":2,""max_semantic_component_workers"":2,""inference_regions"":51,""canonical_specialization_queries"":1,""canonical_specialization_hits"":0,""solver_requested_bytes"":132468,""solver_allocations"":425,""scratch_requested_bytes"":201232,""scratch_allocations"":1253,""max_solver_live_bytes"":6168,""max_scratch_live_bytes"":4384,""evidence_import_solver_bytes"":1980,""evidence_import_scratch_bytes"":5952,""snapshot_copy_bytes"":0,""snapshot_copy_allocations"":0,""principal_copy_buffer_bytes"":39448,""principal_copy_buffer_allocations"":337,""frozen_capture_temporary_bytes"":0,""frozen_capture_published_bytes"":0,""frozen_edge_scratch_bytes"":0,""region_scopes"":60,""max_region_scopes"":4,""call_collections_closed"":2,""call_collections_unresolved"":0,""call_memo_hits"":37,""solver_passes"":90,""solver_constraint_visits"":135,""occurs_steps"":141}"
build/bench/cloud-principal-graphs/callback-sources/predicate_effect-4-valid.blot,d0b8c8a9449ff6025f2cdedeee216cd0050acd359bbf517914edb34fbfb2e987,workers-8,"[5048,5127,5208,5440,5452,5483,5511,5532,5548,5556,5692,5763,5872,6051,7878]","[5334,5417,5552,5640,5716,5741,5775,5788,5837,5838,6028,6035,6120,6298,8093]","[4159198,4159198,4159198,4159198,4159198,4159198,4159198,4159198,4159198,4159198,4159198,4159198,4159198,4159198,4159198]","[1079407,1079407,1079407,1079407,1079407,1079407,1079407,1079407,1079407,1079407,1079407,1079407,1079407,1079407,1079407]","{""semantic_component_batches"":1,""semantic_component_jobs"":2,""max_semantic_component_workers"":2,""inference_regions"":51,""canonical_specialization_queries"":1,""canonical_specialization_hits"":0,""solver_requested_bytes"":132468,""solver_allocations"":425,""scratch_requested_bytes"":201232,""scratch_allocations"":1253,""max_solver_live_bytes"":6168,""max_scratch_live_bytes"":4384,""evidence_import_solver_bytes"":1980,""evidence_import_scratch_bytes"":5952,""snapshot_copy_bytes"":0,""snapshot_copy_allocations"":0,""principal_copy_buffer_bytes"":39448,""principal_copy_buffer_allocations"":337,""frozen_capture_temporary_bytes"":0,""frozen_capture_published_bytes"":0,""frozen_edge_scratch_bytes"":0,""region_scopes"":60,""max_region_scopes"":4,""call_collections_closed"":2,""call_collections_unresolved"":0,""call_memo_hits"":37,""solver_passes"":90,""solver_constraint_visits"":135,""occurs_steps"":141}"
build/bench/cloud-principal-graphs/callback-sources/predicate_effect-8-valid.blot,78cd08c62781f97f47eb623a0ae06c28e9c22062252b81af5c882dd3fbf4c9e4,baseline,"[5664,5770,5844,6013,6070,6123,6191,6627,6635,6943,7078,7127,8053,8682,9056]","[5899,6023,6129,6244,6315,6413,6423,6855,6944,7165,7322,7407,8449,9046,9366]","[4517617,4517617,4517617,4517617,4517617,4517617,4517617,4517617,4517617,4517617,4517617,4517617,4517617,4517617,4517617]","[1122627,1122627,1122627,1122627,1122627,1122627,1122627,1122627,1122627,1122627,1122627,1122627,1122627,1122627,1122627]","{""inference_regions"":83,""canonical_specialization_queries"":1,""canonical_specialization_hits"":0,""solver_requested_bytes"":222484,""solver_allocations"":701,""scratch_requested_bytes"":351200,""scratch_allocations"":2142,""max_solver_live_bytes"":6168,""max_scratch_live_bytes"":4388,""evidence_import_solver_bytes"":3564,""evidence_import_scratch_bytes"":10304,""snapshot_copy_bytes"":0,""snapshot_copy_allocations"":0,""principal_copy_buffer_bytes"":68632,""principal_copy_buffer_allocations"":577,""frozen_capture_temporary_bytes"":0,""frozen_capture_published_bytes"":0,""frozen_edge_scratch_bytes"":0,""region_scopes"":92,""max_region_scopes"":4,""call_collections_closed"":2,""call_collections_unresolved"":0,""call_memo_hits"":69,""solver_passes"":146,""solver_constraint_visits"":231,""occurs_steps"":237}"
build/bench/cloud-principal-graphs/callback-sources/predicate_effect-8-valid.blot,78cd08c62781f97f47eb623a0ae06c28e9c22062252b81af5c882dd3fbf4c9e4,default,"[5306,5683,5752,5772,5861,5902,6033,6110,6212,6460,6501,6611,6847,7209,8203]","[5534,5917,6023,6026,6090,6170,6337,6364,6473,6711,6728,6867,7223,7457,8515]","[4517617,4517617,4517617,4517617,4517617,4517617,4517617,4517617,4517617,4517617,4517617,4517617,4517617,4517617,4517617]","[1122627,1122627,1122627,1122627,1122627,1122627,1122627,1122627,1122627,1122627,1122627,1122627,1122627,1122627,1122627]","{""semantic_component_batches"":0,""semantic_component_jobs"":0,""max_semantic_component_workers"":0,""inference_regions"":83,""canonical_specialization_queries"":1,""canonical_specialization_hits"":0,""solver_requested_bytes"":222484,""solver_allocations"":701,""scratch_requested_bytes"":351200,""scratch_allocations"":2142,""max_solver_live_bytes"":6168,""max_scratch_live_bytes"":4388,""evidence_import_solver_bytes"":3564,""evidence_import_scratch_bytes"":10304,""snapshot_copy_bytes"":0,""snapshot_copy_allocations"":0,""principal_copy_buffer_bytes"":68632,""principal_copy_buffer_allocations"":577,""frozen_capture_temporary_bytes"":0,""frozen_capture_published_bytes"":0,""frozen_edge_scratch_bytes"":0,""region_scopes"":92,""max_region_scopes"":4,""call_collections_closed"":2,""call_collections_unresolved"":0,""call_memo_hits"":69,""solver_passes"":146,""solver_constraint_visits"":231,""occurs_steps"":237}"
build/bench/cloud-principal-graphs/callback-sources/predicate_effect-8-valid.blot,78cd08c62781f97f47eb623a0ae06c28e9c22062252b81af5c882dd3fbf4c9e4,workers-1,"[5366,5494,5523,5549,5622,5972,5999,6326,6428,6455,6619,6809,6865,6873,6950]","[5618,5723,5818,5831,5894,6212,6263,6558,6723,6856,6967,7048,7123,7200,7250]","[4764409,4764409,4764409,4764409,4764409,4764409,4764409,4764409,4764409,4764409,4764409,4764409,4764409,4764409,4764409]","[1122627,1122627,1122627,1122627,1122627,1122627,1122627,1122627,1122627,1122627,1122627,1122627,1122627,1122627,1122627]","{""semantic_component_batches"":1,""semantic_component_jobs"":2,""max_semantic_component_workers"":1,""inference_regions"":83,""canonical_specialization_queries"":1,""canonical_specialization_hits"":0,""solver_requested_bytes"":222484,""solver_allocations"":701,""scratch_requested_bytes"":351200,""scratch_allocations"":2142,""max_solver_live_bytes"":6168,""max_scratch_live_bytes"":4388,""evidence_import_solver_bytes"":3564,""evidence_import_scratch_bytes"":10304,""snapshot_copy_bytes"":0,""snapshot_copy_allocations"":0,""principal_copy_buffer_bytes"":68632,""principal_copy_buffer_allocations"":577,""frozen_capture_temporary_bytes"":0,""frozen_capture_published_bytes"":0,""frozen_edge_scratch_bytes"":0,""region_scopes"":92,""max_region_scopes"":4,""call_collections_closed"":2,""call_collections_unresolved"":0,""call_memo_hits"":69,""solver_passes"":146,""solver_constraint_visits"":231,""occurs_steps"":237}"
build/bench/cloud-principal-graphs/callback-sources/predicate_effect-8-valid.blot,78cd08c62781f97f47eb623a0ae06c28e9c22062252b81af5c882dd3fbf4c9e4,workers-2,"[5944,5961,5970,5994,6202,6423,6492,6605,6716,6745,6747,6822,6875,6972,8740]","[6035,6194,6236,6530,6620,6759,6792,7018,7099,7158,7159,7229,7243,8265,9061]","[4805513,4805513,4805513,4805513,4805513,4805513,4805513,4805513,4805513,4805513,4805513,4805513,4805513,4805513,4805513]","[1122627,1122627,1122627,1122627,1122627,1122627,1122627,1122627,1122627,1122627,1122627,1122627,1122627,1122627,1122627]","{""semantic_component_batches"":1,""semantic_component_jobs"":2,""max_semantic_component_workers"":2,""inference_regions"":83,""canonical_specialization_queries"":1,""canonical_specialization_hits"":0,""solver_requested_bytes"":222484,""solver_allocations"":701,""scratch_requested_bytes"":351200,""scratch_allocations"":2142,""max_solver_live_bytes"":6168,""max_scratch_live_bytes"":4388,""evidence_import_solver_bytes"":3564,""evidence_import_scratch_bytes"":10304,""snapshot_copy_bytes"":0,""snapshot_copy_allocations"":0,""principal_copy_buffer_bytes"":68632,""principal_copy_buffer_allocations"":577,""frozen_capture_temporary_bytes"":0,""frozen_capture_published_bytes"":0,""frozen_edge_scratch_bytes"":0,""region_scopes"":92,""max_region_scopes"":4,""call_collections_closed"":2,""call_collections_unresolved"":0,""call_memo_hits"":69,""solver_passes"":146,""solver_constraint_visits"":231,""occurs_steps"":237}"
build/bench/cloud-principal-graphs/callback-sources/predicate_effect-8-valid.blot,78cd08c62781f97f47eb623a0ae06c28e9c22062252b81af5c882dd3fbf4c9e4,workers-4,"[5541,5574,5594,5692,5761,5786,5941,5943,6253,6535,6824,7434,7526,8343,8833]","[5732,5767,5989,6080,6088,6101,6141,6144,6568,6757,7108,7914,8072,9225,9527]","[4764409,4805513,4805513,4805513,4805513,4805513,4805513,4805513,4805513,4805513,4805513,4805513,4805513,4805513,4805513]","[1122627,1122627,1122627,1122627,1122627,1122627,1122627,1122627,1122627,1122627,1122627,1122627,1122627,1122627,1122627]","{""semantic_component_batches"":1,""semantic_component_jobs"":2,""max_semantic_component_workers"":2,""inference_regions"":83,""canonical_specialization_queries"":1,""canonical_specialization_hits"":0,""solver_requested_bytes"":222484,""solver_allocations"":701,""scratch_requested_bytes"":351200,""scratch_allocations"":2142,""max_solver_live_bytes"":6168,""max_scratch_live_bytes"":4388,""evidence_import_solver_bytes"":3564,""evidence_import_scratch_bytes"":10304,""snapshot_copy_bytes"":0,""snapshot_copy_allocations"":0,""principal_copy_buffer_bytes"":68632,""principal_copy_buffer_allocations"":577,""frozen_capture_temporary_bytes"":0,""frozen_capture_published_bytes"":0,""frozen_edge_scratch_bytes"":0,""region_scopes"":92,""max_region_scopes"":4,""call_collections_closed"":2,""call_collections_unresolved"":0,""call_memo_hits"":69,""solver_passes"":146,""solver_constraint_visits"":231,""occurs_steps"":237}"
build/bench/cloud-principal-graphs/callback-sources/predicate_effect-8-valid.blot,78cd08c62781f97f47eb623a0ae06c28e9c22062252b81af5c882dd3fbf4c9e4,workers-8,"[5650,5922,5944,5957,5981,6182,6309,6405,6542,6620,6754,6775,6884,7772,8498]","[5848,6104,6128,6152,6332,6340,6708,6714,6778,6978,7010,7192,7444,8191,8821]","[4805513,4805513,4805513,4805513,4805513,4805513,4805513,4805513,4805513,4805513,4805513,4805513,4805513,4805513,4805513]","[1122627,1122627,1122627,1122627,1122627,1122627,1122627,1122627,1122627,1122627,1122627,1122627,1122627,1122627,1122627]","{""semantic_component_batches"":1,""semantic_component_jobs"":2,""max_semantic_component_workers"":2,""inference_regions"":83,""canonical_specialization_queries"":1,""canonical_specialization_hits"":0,""solver_requested_bytes"":222484,""solver_allocations"":701,""scratch_requested_bytes"":351200,""scratch_allocations"":2142,""max_solver_live_bytes"":6168,""max_scratch_live_bytes"":4388,""evidence_import_solver_bytes"":3564,""evidence_import_scratch_bytes"":10304,""snapshot_copy_bytes"":0,""snapshot_copy_allocations"":0,""principal_copy_buffer_bytes"":68632,""principal_copy_buffer_allocations"":577,""frozen_capture_temporary_bytes"":0,""frozen_capture_published_bytes"":0,""frozen_edge_scratch_bytes"":0,""region_scopes"":92,""max_region_scopes"":4,""call_collections_closed"":2,""call_collections_unresolved"":0,""call_memo_hits"":69,""solver_passes"":146,""solver_constraint_visits"":231,""occurs_steps"":237}"
build/bench/cloud-principal-graphs/callback-sources/predicate_effect-12-valid.blot,c1068e02f87b13988deb751cd889ad8f4a2393c87552156707406a5c5b2136f2,baseline,"[6146,6201,6339,6611,6620,6759,6770,6813,6834,6842,6907,6990,7245,7463,8430]","[6380,6449,6585,6887,6929,7036,7045,7078,7080,7100,7161,7253,7479,7770,8809]","[5025644,5025644,5025644,5025644,5025644,5025644,5025644,5025644,5025644,5025644,5025644,5025644,5025644,5025644,5025644]","[1147323,1147323,1147323,1147323,1147323,1147323,1147323,1147323,1147323,1147323,1147323,1147323,1147323,1147323,1147323]","{""inference_regions"":115,""canonical_specialization_queries"":1,""canonical_specialization_hits"":0,""solver_requested_bytes"":312500,""solver_allocations"":977,""scratch_requested_bytes"":516632,""scratch_allocations"":3061,""max_solver_live_bytes"":6168,""max_scratch_live_bytes"":7028,""evidence_import_solver_bytes"":5148,""evidence_import_scratch_bytes"":14656,""snapshot_copy_bytes"":0,""snapshot_copy_allocations"":0,""principal_copy_buffer_bytes"":97816,""principal_copy_buffer_allocations"":817,""frozen_capture_temporary_bytes"":0,""frozen_capture_published_bytes"":0,""frozen_edge_scratch_bytes"":0,""region_scopes"":124,""max_region_scopes"":4,""call_collections_closed"":2,""call_collections_unresolved"":0,""call_memo_hits"":101,""solver_passes"":202,""solver_constraint_visits"":327,""occurs_steps"":333}"
build/bench/cloud-principal-graphs/callback-sources/predicate_effect-12-valid.blot,c1068e02f87b13988deb751cd889ad8f4a2393c87552156707406a5c5b2136f2,default,"[5987,6049,6086,6176,6247,6305,6317,6324,6341,6446,6524,6817,6975,7304,8217]","[6216,6292,6407,6463,6523,6536,6572,6586,6669,6714,6846,7065,7227,8128,8500]","[5025644,5025644,5025644,5025644,5025644,5025644,5025644,5025644,5025644,5025644,5025644,5025644,5025644,5025644,5025644]","[1147323,1147323,1147323,1147323,1147323,1147323,1147323,1147323,1147323,1147323,1147323,1147323,1147323,1147323,1147323]","{""semantic_component_batches"":0,""semantic_component_jobs"":0,""max_semantic_component_workers"":0,""inference_regions"":115,""canonical_specialization_queries"":1,""canonical_specialization_hits"":0,""solver_requested_bytes"":312500,""solver_allocations"":977,""scratch_requested_bytes"":516632,""scratch_allocations"":3061,""max_solver_live_bytes"":6168,""max_scratch_live_bytes"":7028,""evidence_import_solver_bytes"":5148,""evidence_import_scratch_bytes"":14656,""snapshot_copy_bytes"":0,""snapshot_copy_allocations"":0,""principal_copy_buffer_bytes"":97816,""principal_copy_buffer_allocations"":817,""frozen_capture_temporary_bytes"":0,""frozen_capture_published_bytes"":0,""frozen_edge_scratch_bytes"":0,""region_scopes"":124,""max_region_scopes"":4,""call_collections_closed"":2,""call_collections_unresolved"":0,""call_memo_hits"":101,""solver_passes"":202,""solver_constraint_visits"":327,""occurs_steps"":333}"
build/bench/cloud-principal-graphs/callback-sources/predicate_effect-12-valid.blot,c1068e02f87b13988deb751cd889ad8f4a2393c87552156707406a5c5b2136f2,workers-1,"[6205,6451,6458,6504,6536,6571,6615,6787,6828,6850,6926,7006,7728,8663,9304]","[6489,6778,6800,6818,6839,6865,6883,7053,7088,7142,7258,7489,8035,9081,9703]","[5465284,5465284,5465284,5465284,5465284,5465284,5465284,5465284,5465284,5465284,5465284,5465284,5465284,5465284,5465284]","[1147323,1147323,1147323,1147323,1147323,1147323,1147323,1147323,1147323,1147323,1147323,1147323,1147323,1147323,1147323]","{""semantic_component_batches"":1,""semantic_component_jobs"":2,""max_semantic_component_workers"":1,""inference_regions"":115,""canonical_specialization_queries"":1,""canonical_specialization_hits"":0,""solver_requested_bytes"":312500,""solver_allocations"":977,""scratch_requested_bytes"":516632,""scratch_allocations"":3061,""max_solver_live_bytes"":6168,""max_scratch_live_bytes"":7028,""evidence_import_solver_bytes"":5148,""evidence_import_scratch_bytes"":14656,""snapshot_copy_bytes"":0,""snapshot_copy_allocations"":0,""principal_copy_buffer_bytes"":97816,""principal_copy_buffer_allocations"":817,""frozen_capture_temporary_bytes"":0,""frozen_capture_published_bytes"":0,""frozen_edge_scratch_bytes"":0,""region_scopes"":124,""max_region_scopes"":4,""call_collections_closed"":2,""call_collections_unresolved"":0,""call_memo_hits"":101,""solver_passes"":202,""solver_constraint_visits"":327,""occurs_steps"":333}"
build/bench/cloud-principal-graphs/callback-sources/predicate_effect-12-valid.blot,c1068e02f87b13988deb751cd889ad8f4a2393c87552156707406a5c5b2136f2,workers-2,"[6321,6355,6411,6426,6534,6542,6543,6717,7009,7066,7103,7272,7462,8243,9204]","[6547,6633,6704,6729,6756,6785,6878,7100,7198,7294,7315,7526,7864,8689,9977]","[5506108,5506108,5506108,5506108,5506108,5506108,5506108,5506108,5506108,5506108,5506108,5506108,5506108,5506108,5506108]","[1147323,1147323,1147323,1147323,1147323,1147323,1147323,1147323,1147323,1147323,1147323,1147323,1147323,1147323,1147323]","{""semantic_component_batches"":1,""semantic_component_jobs"":2,""max_semantic_component_workers"":2,""inference_regions"":115,""canonical_specialization_queries"":1,""canonical_specialization_hits"":0,""solver_requested_bytes"":312500,""solver_allocations"":977,""scratch_requested_bytes"":516632,""scratch_allocations"":3061,""max_solver_live_bytes"":6168,""max_scratch_live_bytes"":7028,""evidence_import_solver_bytes"":5148,""evidence_import_scratch_bytes"":14656,""snapshot_copy_bytes"":0,""snapshot_copy_allocations"":0,""principal_copy_buffer_bytes"":97816,""principal_copy_buffer_allocations"":817,""frozen_capture_temporary_bytes"":0,""frozen_capture_published_bytes"":0,""frozen_edge_scratch_bytes"":0,""region_scopes"":124,""max_region_scopes"":4,""call_collections_closed"":2,""call_collections_unresolved"":0,""call_memo_hits"":101,""solver_passes"":202,""solver_constraint_visits"":327,""occurs_steps"":333}"
build/bench/cloud-principal-graphs/callback-sources/predicate_effect-12-valid.blot,c1068e02f87b13988deb751cd889ad8f4a2393c87552156707406a5c5b2136f2,workers-4,"[6181,6266,6572,6624,6654,6762,6764,6768,6805,7190,7470,7618,8086,8343,11144]","[6432,6455,6808,6905,6969,6974,6987,7011,7023,7508,7675,7925,8391,8623,11478]","[5506108,5506108,5506108,5506108,5506108,5506108,5506108,5506108,5506108,5506108,5506108,5506108,5506108,5506108,5506108]","[1147323,1147323,1147323,1147323,1147323,1147323,1147323,1147323,1147323,1147323,1147323,1147323,1147323,1147323,1147323]","{""semantic_component_batches"":1,""semantic_component_jobs"":2,""max_semantic_component_workers"":2,""inference_regions"":115,""canonical_specialization_queries"":1,""canonical_specialization_hits"":0,""solver_requested_bytes"":312500,""solver_allocations"":977,""scratch_requested_bytes"":516632,""scratch_allocations"":3061,""max_solver_live_bytes"":6168,""max_scratch_live_bytes"":7028,""evidence_import_solver_bytes"":5148,""evidence_import_scratch_bytes"":14656,""snapshot_copy_bytes"":0,""snapshot_copy_allocations"":0,""principal_copy_buffer_bytes"":97816,""principal_copy_buffer_allocations"":817,""frozen_capture_temporary_bytes"":0,""frozen_capture_published_bytes"":0,""frozen_edge_scratch_bytes"":0,""region_scopes"":124,""max_region_scopes"":4,""call_collections_closed"":2,""call_collections_unresolved"":0,""call_memo_hits"":101,""solver_passes"":202,""solver_constraint_visits"":327,""occurs_steps"":333}"
build/bench/cloud-principal-graphs/callback-sources/predicate_effect-12-valid.blot,c1068e02f87b13988deb751cd889ad8f4a2393c87552156707406a5c5b2136f2,workers-8,"[6463,6465,6508,6790,6969,6978,7056,7231,7251,7479,7503,8044,8241,9582,10680]","[6626,6701,6740,7146,7190,7192,7304,7624,7717,7795,8107,8325,8499,10064,11042]","[5506108,5506108,5506108,5506108,5506108,5506108,5506108,5506108,5506108,5506108,5506108,5506108,5506108,5506108,5506108]","[1147323,1147323,1147323,1147323,1147323,1147323,1147323,1147323,1147323,1147323,1147323,1147323,1147323,1147323,1147323]","{""semantic_component_batches"":1,""semantic_component_jobs"":2,""max_semantic_component_workers"":2,""inference_regions"":115,""canonical_specialization_queries"":1,""canonical_specialization_hits"":0,""solver_requested_bytes"":312500,""solver_allocations"":977,""scratch_requested_bytes"":516632,""scratch_allocations"":3061,""max_solver_live_bytes"":6168,""max_scratch_live_bytes"":7028,""evidence_import_solver_bytes"":5148,""evidence_import_scratch_bytes"":14656,""snapshot_copy_bytes"":0,""snapshot_copy_allocations"":0,""principal_copy_buffer_bytes"":97816,""principal_copy_buffer_allocations"":817,""frozen_capture_temporary_bytes"":0,""frozen_capture_published_bytes"":0,""frozen_edge_scratch_bytes"":0,""region_scopes"":124,""max_region_scopes"":4,""call_collections_closed"":2,""call_collections_unresolved"":0,""call_memo_hits"":101,""solver_passes"":202,""solver_constraint_visits"":327,""occurs_steps"":333}"
build/bench/cloud-principal-graphs/callback-sources/capture-4-valid.blot,4142cb946d916c6401fb28d2ee90dbdd963f5b250a53c470ac2878658888e0f8,baseline,"[4656,4670,4755,4767,4825,4863,5109,5171,5237,5252,5253,5334,5359,5434,5739]","[4917,4927,4977,5073,5140,5142,5449,5466,5496,5539,5597,5648,5657,5721,5987]","[3661021,3661021,3661021,3661021,3661021,3661021,3661021,3661021,3661021,3661021,3661021,3661021,3661021,3661021,3661021]","[1067243,1067243,1067243,1067243,1067243,1067243,1067243,1067243,1067243,1067243,1067243,1067243,1067243,1067243,1067243]","{""inference_regions"":9,""canonical_specialization_queries"":1,""canonical_specialization_hits"":0,""solver_requested_bytes"":232488,""solver_allocations"":177,""scratch_requested_bytes"":146952,""scratch_allocations"":288,""max_solver_live_bytes"":92856,""max_scratch_live_bytes"":57496,""evidence_import_solver_bytes"":0,""evidence_import_scratch_bytes"":128,""snapshot_copy_bytes"":0,""snapshot_copy_allocations"":0,""principal_copy_buffer_bytes"":0,""principal_copy_buffer_allocations"":0,""frozen_capture_temporary_bytes"":0,""frozen_capture_published_bytes"":0,""frozen_edge_scratch_bytes"":0,""region_scopes"":81,""max_region_scopes"":65,""call_collections_closed"":1,""call_collections_unresolved"":64,""call_memo_hits"":5,""solver_passes"":10,""solver_constraint_visits"":32,""occurs_steps"":112}"
build/bench/cloud-principal-graphs/callback-sources/capture-4-valid.blot,4142cb946d916c6401fb28d2ee90dbdd963f5b250a53c470ac2878658888e0f8,default,"[4445,4641,4668,4879,4918,4928,5003,5146,5173,5254,5357,5545,6105,6471,8420]","[4676,4907,4984,5122,5161,5261,5313,5419,5425,5505,5590,5752,6348,8638,8782]","[3661021,3661021,3661021,3661021,3661021,3661021,3661021,3661021,3661021,3661021,3661021,3661021,3661021,3661021,3661021]","[1067243,1067243,1067243,1067243,1067243,1067243,1067243,1067243,1067243,1067243,1067243,1067243,1067243,1067243,1067243]","{""semantic_component_batches"":0,""semantic_component_jobs"":0,""max_semantic_component_workers"":0,""inference_regions"":9,""canonical_specialization_queries"":1,""canonical_specialization_hits"":0,""solver_requested_bytes"":232488,""solver_allocations"":177,""scratch_requested_bytes"":146952,""scratch_allocations"":288,""max_solver_live_bytes"":92856,""max_scratch_live_bytes"":57496,""evidence_import_solver_bytes"":0,""evidence_import_scratch_bytes"":128,""snapshot_copy_bytes"":0,""snapshot_copy_allocations"":0,""principal_copy_buffer_bytes"":0,""principal_copy_buffer_allocations"":0,""frozen_capture_temporary_bytes"":0,""frozen_capture_published_bytes"":0,""frozen_edge_scratch_bytes"":0,""region_scopes"":81,""max_region_scopes"":65,""call_collections_closed"":1,""call_collections_unresolved"":64,""call_memo_hits"":5,""solver_passes"":10,""solver_constraint_visits"":32,""occurs_steps"":112}"
build/bench/cloud-principal-graphs/callback-sources/capture-4-valid.blot,4142cb946d916c6401fb28d2ee90dbdd963f5b250a53c470ac2878658888e0f8,workers-1,"[4498,4594,4824,4920,4949,5020,5143,5184,5188,5190,5501,5584,5800,6037,6329]","[4745,4831,5061,5148,5206,5251,5371,5417,5431,5782,5810,5866,6039,6366,6898]","[3661021,3661021,3661021,3661021,3661021,3661021,3661021,3661021,3661021,3661021,3661021,3661021,3661021,3661021,3661021]","[1067243,1067243,1067243,1067243,1067243,1067243,1067243,1067243,1067243,1067243,1067243,1067243,1067243,1067243,1067243]","{""semantic_component_batches"":0,""semantic_component_jobs"":0,""max_semantic_component_workers"":0,""inference_regions"":9,""canonical_specialization_queries"":1,""canonical_specialization_hits"":0,""solver_requested_bytes"":232488,""solver_allocations"":177,""scratch_requested_bytes"":146952,""scratch_allocations"":288,""max_solver_live_bytes"":92856,""max_scratch_live_bytes"":57496,""evidence_import_solver_bytes"":0,""evidence_import_scratch_bytes"":128,""snapshot_copy_bytes"":0,""snapshot_copy_allocations"":0,""principal_copy_buffer_bytes"":0,""principal_copy_buffer_allocations"":0,""frozen_capture_temporary_bytes"":0,""frozen_capture_published_bytes"":0,""frozen_edge_scratch_bytes"":0,""region_scopes"":81,""max_region_scopes"":65,""call_collections_closed"":1,""call_collections_unresolved"":64,""call_memo_hits"":5,""solver_passes"":10,""solver_constraint_visits"":32,""occurs_steps"":112}"
build/bench/cloud-principal-graphs/callback-sources/capture-4-valid.blot,4142cb946d916c6401fb28d2ee90dbdd963f5b250a53c470ac2878658888e0f8,workers-2,"[4470,4631,4649,4894,4909,4940,4956,4971,5136,5157,5160,5400,5544,5622,5633]","[4724,4847,4912,5145,5155,5191,5204,5217,5373,5415,5508,5782,5856,5923,5928]","[3661021,3661021,3661021,3661021,3661021,3661021,3661021,3661021,3661021,3661021,3661021,3661021,3661021,3661021,3661021]","[1067243,1067243,1067243,1067243,1067243,1067243,1067243,1067243,1067243,1067243,1067243,1067243,1067243,1067243,1067243]","{""semantic_component_batches"":0,""semantic_component_jobs"":0,""max_semantic_component_workers"":0,""inference_regions"":9,""canonical_specialization_queries"":1,""canonical_specialization_hits"":0,""solver_requested_bytes"":232488,""solver_allocations"":177,""scratch_requested_bytes"":146952,""scratch_allocations"":288,""max_solver_live_bytes"":92856,""max_scratch_live_bytes"":57496,""evidence_import_solver_bytes"":0,""evidence_import_scratch_bytes"":128,""snapshot_copy_bytes"":0,""snapshot_copy_allocations"":0,""principal_copy_buffer_bytes"":0,""principal_copy_buffer_allocations"":0,""frozen_capture_temporary_bytes"":0,""frozen_capture_published_bytes"":0,""frozen_edge_scratch_bytes"":0,""region_scopes"":81,""max_region_scopes"":65,""call_collections_closed"":1,""call_collections_unresolved"":64,""call_memo_hits"":5,""solver_passes"":10,""solver_constraint_visits"":32,""occurs_steps"":112}"
build/bench/cloud-principal-graphs/callback-sources/capture-4-valid.blot,4142cb946d916c6401fb28d2ee90dbdd963f5b250a53c470ac2878658888e0f8,workers-4,"[4621,4641,4742,4776,4779,4780,4831,4860,5038,5040,5208,5264,5361,5654,6241]","[4867,4872,4951,5014,5023,5033,5091,5148,5257,5413,5455,5557,5895,6006,6547]","[3661021,3661021,3661021,3661021,3661021,3661021,3661021,3661021,3661021,3661021,3661021,3661021,3661021,3661021,3661021]","[1067243,1067243,1067243,1067243,1067243,1067243,1067243,1067243,1067243,1067243,1067243,1067243,1067243,1067243,1067243]","{""semantic_component_batches"":0,""semantic_component_jobs"":0,""max_semantic_component_workers"":0,""inference_regions"":9,""canonical_specialization_queries"":1,""canonical_specialization_hits"":0,""solver_requested_bytes"":232488,""solver_allocations"":177,""scratch_requested_bytes"":146952,""scratch_allocations"":288,""max_solver_live_bytes"":92856,""max_scratch_live_bytes"":57496,""evidence_import_solver_bytes"":0,""evidence_import_scratch_bytes"":128,""snapshot_copy_bytes"":0,""snapshot_copy_allocations"":0,""principal_copy_buffer_bytes"":0,""principal_copy_buffer_allocations"":0,""frozen_capture_temporary_bytes"":0,""frozen_capture_published_bytes"":0,""frozen_edge_scratch_bytes"":0,""region_scopes"":81,""max_region_scopes"":65,""call_collections_closed"":1,""call_collections_unresolved"":64,""call_memo_hits"":5,""solver_passes"":10,""solver_constraint_visits"":32,""occurs_steps"":112}"
build/bench/cloud-principal-graphs/callback-sources/capture-4-valid.blot,4142cb946d916c6401fb28d2ee90dbdd963f5b250a53c470ac2878658888e0f8,workers-8,"[4416,4446,4903,4957,5047,5068,5074,5153,5167,5211,5234,5665,5731,6112,8150]","[4708,4765,5166,5246,5277,5326,5394,5399,5405,5488,5581,5973,5997,6449,8446]","[3661021,3661021,3661021,3661021,3661021,3661021,3661021,3661021,3661021,3661021,3661021,3661021,3661021,3661021,3661021]","[1067243,1067243,1067243,1067243,1067243,1067243,1067243,1067243,1067243,1067243,1067243,1067243,1067243,1067243,1067243]","{""semantic_component_batches"":0,""semantic_component_jobs"":0,""max_semantic_component_workers"":0,""inference_regions"":9,""canonical_specialization_queries"":1,""canonical_specialization_hits"":0,""solver_requested_bytes"":232488,""solver_allocations"":177,""scratch_requested_bytes"":146952,""scratch_allocations"":288,""max_solver_live_bytes"":92856,""max_scratch_live_bytes"":57496,""evidence_import_solver_bytes"":0,""evidence_import_scratch_bytes"":128,""snapshot_copy_bytes"":0,""snapshot_copy_allocations"":0,""principal_copy_buffer_bytes"":0,""principal_copy_buffer_allocations"":0,""frozen_capture_temporary_bytes"":0,""frozen_capture_published_bytes"":0,""frozen_edge_scratch_bytes"":0,""region_scopes"":81,""max_region_scopes"":65,""call_collections_closed"":1,""call_collections_unresolved"":64,""call_memo_hits"":5,""solver_passes"":10,""solver_constraint_visits"":32,""occurs_steps"":112}"
build/bench/cloud-principal-graphs/callback-sources/capture-6-valid.blot,5b1656eac65c3f015338e3d1e889892ef89a5754b11f58ed380e93f94dba767e,baseline,"[7236,7380,7441,7726,7753,7875,7883,7987,8200,8287,8372,8583,8989,9034,10820]","[7475,7626,7704,8115,8168,8229,8483,8497,8507,8655,8863,9279,9493,10312,11243]","[4315873,4315873,4315873,4315873,4315873,4315873,4315873,4315873,4315873,4315873,4315873,4315873,4315873,4315873,4315873]","[1148147,1148147,1148147,1148147,1148147,1148147,1148147,1148147,1148147,1148147,1148147,1148147,1148147,1148147,1148147]","{""inference_regions"":11,""canonical_specialization_queries"":1,""canonical_specialization_hits"":0,""solver_requested_bytes"":643564,""solver_allocations"":225,""scratch_requested_bytes"":517844,""scratch_allocations"":719,""max_solver_live_bytes"":308936,""max_scratch_live_bytes"":218716,""evidence_import_solver_bytes"":0,""evidence_import_scratch_bytes"":128,""snapshot_copy_bytes"":0,""snapshot_copy_allocations"":0,""principal_copy_buffer_bytes"":0,""principal_copy_buffer_allocations"":0,""frozen_capture_temporary_bytes"":0,""frozen_capture_published_bytes"":0,""frozen_edge_scratch_bytes"":0,""region_scopes"":277,""max_region_scopes"":257,""call_collections_closed"":1,""call_collections_unresolved"":256,""call_memo_hits"":7,""solver_passes"":12,""solver_constraint_visits"":128,""occurs_steps"":404}"
build/bench/cloud-principal-graphs/callback-sources/capture-6-valid.blot,5b1656eac65c3f015338e3d1e889892ef89a5754b11f58ed380e93f94dba767e,default,"[7226,7441,7486,7660,7666,7678,7701,7894,7928,8145,8395,9031,9856,10030,17982]","[7478,7749,7777,7923,7930,7963,8054,8136,8286,8385,8738,9365,10138,10685,18634]","[4315873,4315873,4315873,4315873,4315873,4315873,4315873,4315873,4315873,4315873,4315873,4315873,4315873,4315873,4315873]","[1148147,1148147,1148147,1148147,1148147,1148147,1148147,1148147,1148147,1148147,1148147,1148147,1148147,1148147,1148147]","{""semantic_component_batches"":0,""semantic_component_jobs"":0,""max_semantic_component_workers"":0,""inference_regions"":11,""canonical_specialization_queries"":1,""canonical_specialization_hits"":0,""solver_requested_bytes"":643564,""solver_allocations"":225,""scratch_requested_bytes"":517844,""scratch_allocations"":719,""max_solver_live_bytes"":308936,""max_scratch_live_bytes"":218716,""evidence_import_solver_bytes"":0,""evidence_import_scratch_bytes"":128,""snapshot_copy_bytes"":0,""snapshot_copy_allocations"":0,""principal_copy_buffer_bytes"":0,""principal_copy_buffer_allocations"":0,""frozen_capture_temporary_bytes"":0,""frozen_capture_published_bytes"":0,""frozen_edge_scratch_bytes"":0,""region_scopes"":277,""max_region_scopes"":257,""call_collections_closed"":1,""call_collections_unresolved"":256,""call_memo_hits"":7,""solver_passes"":12,""solver_constraint_visits"":128,""occurs_steps"":404}"
build/bench/cloud-principal-graphs/callback-sources/capture-6-valid.blot,5b1656eac65c3f015338e3d1e889892ef89a5754b11f58ed380e93f94dba767e,workers-1,"[7196,7252,7434,7463,7477,7623,7683,7685,7777,7800,8028,8065,8284,8684,9084]","[7506,7683,7707,7711,7867,7949,7972,8115,8148,8306,8347,8817,9187,9514,10159]","[4315873,4315873,4315873,4315873,4315873,4315873,4315873,4315873,4315873,4315873,4315873,4315873,4315873,4315873,4315873]","[1148147,1148147,1148147,1148147,1148147,1148147,1148147,1148147,1148147,1148147,1148147,1148147,1148147,1148147,1148147]","{""semantic_component_batches"":0,""semantic_component_jobs"":0,""max_semantic_component_workers"":0,""inference_regions"":11,""canonical_specialization_queries"":1,""canonical_specialization_hits"":0,""solver_requested_bytes"":643564,""solver_allocations"":225,""scratch_requested_bytes"":517844,""scratch_allocations"":719,""max_solver_live_bytes"":308936,""max_scratch_live_bytes"":218716,""evidence_import_solver_bytes"":0,""evidence_import_scratch_bytes"":128,""snapshot_copy_bytes"":0,""snapshot_copy_allocations"":0,""principal_copy_buffer_bytes"":0,""principal_copy_buffer_allocations"":0,""frozen_capture_temporary_bytes"":0,""frozen_capture_published_bytes"":0,""frozen_edge_scratch_bytes"":0,""region_scopes"":277,""max_region_scopes"":257,""call_collections_closed"":1,""call_collections_unresolved"":256,""call_memo_hits"":7,""solver_passes"":12,""solver_constraint_visits"":128,""occurs_steps"":404}"
build/bench/cloud-principal-graphs/callback-sources/capture-6-valid.blot,5b1656eac65c3f015338e3d1e889892ef89a5754b11f58ed380e93f94dba767e,workers-2,"[7120,7154,7236,7470,7506,7560,7567,7571,7627,7702,7864,7918,8669,10032,10704]","[7342,7375,7664,7719,7742,7784,7790,7986,8090,8109,8118,8254,8966,11017,11623]","[4315873,4315873,4315873,4315873,4315873,4315873,4315873,4315873,4315873,4315873,4315873,4315873,4315873,4315873,4315873]","[1148147,1148147,1148147,1148147,1148147,1148147,1148147,1148147,1148147,1148147,1148147,1148147,1148147,1148147,1148147]","{""semantic_component_batches"":0,""semantic_component_jobs"":0,""max_semantic_component_workers"":0,""inference_regions"":11,""canonical_specialization_queries"":1,""canonical_specialization_hits"":0,""solver_requested_bytes"":643564,""solver_allocations"":225,""scratch_requested_bytes"":517844,""scratch_allocations"":719,""max_solver_live_bytes"":308936,""max_scratch_live_bytes"":218716,""evidence_import_solver_bytes"":0,""evidence_import_scratch_bytes"":128,""snapshot_copy_bytes"":0,""snapshot_copy_allocations"":0,""principal_copy_buffer_bytes"":0,""principal_copy_buffer_allocations"":0,""frozen_capture_temporary_bytes"":0,""frozen_capture_published_bytes"":0,""frozen_edge_scratch_bytes"":0,""region_scopes"":277,""max_region_scopes"":257,""call_collections_closed"":1,""call_collections_unresolved"":256,""call_memo_hits"":7,""solver_passes"":12,""solver_constraint_visits"":128,""occurs_steps"":404}"
build/bench/cloud-principal-graphs/callback-sources/capture-6-valid.blot,5b1656eac65c3f015338e3d1e889892ef89a5754b11f58ed380e93f94dba767e,workers-4,"[7358,7498,7534,7567,7643,7647,7659,7677,7756,8053,8153,8336,8447,9814,9989]","[7663,7774,7804,7845,7875,7894,7919,8002,8121,8304,8461,8692,8773,10090,10370]","[4315873,4315873,4315873,4315873,4315873,4315873,4315873,4315873,4315873,4315873,4315873,4315873,4315873,4315873,4315873]","[1148147,1148147,1148147,1148147,1148147,1148147,1148147,1148147,1148147,1148147,1148147,1148147,1148147,1148147,1148147]","{""semantic_component_batches"":0,""semantic_component_jobs"":0,""max_semantic_component_workers"":0,""inference_regions"":11,""canonical_specialization_queries"":1,""canonical_specialization_hits"":0,""solver_requested_bytes"":643564,""solver_allocations"":225,""scratch_requested_bytes"":517844,""scratch_allocations"":719,""max_solver_live_bytes"":308936,""max_scratch_live_bytes"":218716,""evidence_import_solver_bytes"":0,""evidence_import_scratch_bytes"":128,""snapshot_copy_bytes"":0,""snapshot_copy_allocations"":0,""principal_copy_buffer_bytes"":0,""principal_copy_buffer_allocations"":0,""frozen_capture_temporary_bytes"":0,""frozen_capture_published_bytes"":0,""frozen_edge_scratch_bytes"":0,""region_scopes"":277,""max_region_scopes"":257,""call_collections_closed"":1,""call_collections_unresolved"":256,""call_memo_hits"":7,""solver_passes"":12,""solver_constraint_visits"":128,""occurs_steps"":404}"
build/bench/cloud-principal-graphs/callback-sources/capture-6-valid.blot,5b1656eac65c3f015338e3d1e889892ef89a5754b11f58ed380e93f94dba767e,workers-8,"[7283,7308,7552,7592,7811,7876,7981,8031,8098,8385,8394,8574,8595,9774,9853]","[7538,7590,7829,7848,8064,8110,8259,8437,8552,8616,8656,8821,8944,10060,10333]","[4315873,4315873,4315873,4315873,4315873,4315873,4315873,4315873,4315873,4315873,4315873,4315873,4315873,4315873,4315873]","[1148147,1148147,1148147,1148147,1148147,1148147,1148147,1148147,1148147,1148147,1148147,1148147,1148147,1148147,1148147]","{""semantic_component_batches"":0,""semantic_component_jobs"":0,""max_semantic_component_workers"":0,""inference_regions"":11,""canonical_specialization_queries"":1,""canonical_specialization_hits"":0,""solver_requested_bytes"":643564,""solver_allocations"":225,""scratch_requested_bytes"":517844,""scratch_allocations"":719,""max_solver_live_bytes"":308936,""max_scratch_live_bytes"":218716,""evidence_import_solver_bytes"":0,""evidence_import_scratch_bytes"":128,""snapshot_copy_bytes"":0,""snapshot_copy_allocations"":0,""principal_copy_buffer_bytes"":0,""principal_copy_buffer_allocations"":0,""frozen_capture_temporary_bytes"":0,""frozen_capture_published_bytes"":0,""frozen_edge_scratch_bytes"":0,""region_scopes"":277,""max_region_scopes"":257,""call_collections_closed"":1,""call_collections_unresolved"":256,""call_memo_hits"":7,""solver_passes"":12,""solver_constraint_visits"":128,""occurs_steps"":404}"
build/bench/cloud-principal-graphs/callback-sources/capture-8-valid.blot,b72f95692e56167319e708f5525015e368ae84a600d69c29f7f04250b3f8f576,baseline,"[33379,34225,34543,34720,34843,34949,35249,35527,36508,37482,38481,38547,39187,43259,51520]","[33720,34552,34876,35076,35181,35222,35683,35915,36840,37835,38901,38937,39510,43825,52111]","[8697868,8697868,8697868,8697868,8697868,8697868,8697868,8697868,8697868,8697868,8697868,8697868,8697868,8697868,8697868]","[5431698,5431698,5431698,5431698,5431698,5431698,5431698,5431698,5431698,5431698,5431698,5431698,5431698,5431698,5431698]","{""inference_regions"":13,""canonical_specialization_queries"":1,""canonical_specialization_hits"":0,""solver_requested_bytes"":3540656,""solver_allocations"":277,""scratch_requested_bytes"":1962412,""scratch_allocations"":2303,""max_solver_live_bytes"":1837980,""max_scratch_live_bytes"":835220,""evidence_import_solver_bytes"":0,""evidence_import_scratch_bytes"":128,""snapshot_copy_bytes"":0,""snapshot_copy_allocations"":0,""principal_copy_buffer_bytes"":0,""principal_copy_buffer_allocations"":0,""frozen_capture_temporary_bytes"":0,""frozen_capture_published_bytes"":0,""frozen_edge_scratch_bytes"":0,""region_scopes"":1049,""max_region_scopes"":1025,""call_collections_closed"":1,""call_collections_unresolved"":1024,""call_memo_hits"":9,""solver_passes"":14,""solver_constraint_visits"":512,""occurs_steps"":1560}"
build/bench/cloud-principal-graphs/callback-sources/capture-8-valid.blot,b72f95692e56167319e708f5525015e368ae84a600d69c29f7f04250b3f8f576,default,"[33381,33626,34361,34493,34539,34788,35048,35195,35672,35976,36924,37005,38733,48840,50757]","[33719,33935,34688,34910,35032,35097,35421,35599,36028,36342,37382,37435,39130,49346,51448]","[8697868,8697868,8697868,8697868,8697868,8697868,8697868,8697868,8697868,8697868,8697868,8697868,8697868,8697868,8697868]","[5431698,5431698,5431698,5431698,5431698,5431698,5431698,5431698,5431698,5431698,5431698,5431698,5431698,5431698,5431698]","{""semantic_component_batches"":0,""semantic_component_jobs"":0,""max_semantic_component_workers"":0,""inference_regions"":13,""canonical_specialization_queries"":1,""canonical_specialization_hits"":0,""solver_requested_bytes"":3540656,""solver_allocations"":277,""scratch_requested_bytes"":1962412,""scratch_allocations"":2303,""max_solver_live_bytes"":1837980,""max_scratch_live_bytes"":835220,""evidence_import_solver_bytes"":0,""evidence_import_scratch_bytes"":128,""snapshot_copy_bytes"":0,""snapshot_copy_allocations"":0,""principal_copy_buffer_bytes"":0,""principal_copy_buffer_allocations"":0,""frozen_capture_temporary_bytes"":0,""frozen_capture_published_bytes"":0,""frozen_edge_scratch_bytes"":0,""region_scopes"":1049,""max_region_scopes"":1025,""call_collections_closed"":1,""call_collections_unresolved"":1024,""call_memo_hits"":9,""solver_passes"":14,""solver_constraint_visits"":512,""occurs_steps"":1560}"
build/bench/cloud-principal-graphs/callback-sources/capture-8-valid.blot,b72f95692e56167319e708f5525015e368ae84a600d69c29f7f04250b3f8f576,workers-1,"[33014,33951,34230,34306,34953,35025,35520,35646,35815,35974,39218,39789,40735,41099,45559]","[33362,34294,34612,34658,35374,35529,35953,36015,36228,36564,39577,40165,41210,41621,46107]","[8697868,8697868,8697868,8697868,8697868,8697868,8697868,8697868,8697868,8697868,8697868,8697868,8697868,8697868,8697868]","[5431698,5431698,5431698,5431698,5431698,5431698,5431698,5431698,5431698,5431698,5431698,5431698,5431698,5431698,5431698]","{""semantic_component_batches"":0,""semantic_component_jobs"":0,""max_semantic_component_workers"":0,""inference_regions"":13,""canonical_specialization_queries"":1,""canonical_specialization_hits"":0,""solver_requested_bytes"":3540656,""solver_allocations"":277,""scratch_requested_bytes"":1962412,""scratch_allocations"":2303,""max_solver_live_bytes"":1837980,""max_scratch_live_bytes"":835220,""evidence_import_solver_bytes"":0,""evidence_import_scratch_bytes"":128,""snapshot_copy_bytes"":0,""snapshot_copy_allocations"":0,""principal_copy_buffer_bytes"":0,""principal_copy_buffer_allocations"":0,""frozen_capture_temporary_bytes"":0,""frozen_capture_published_bytes"":0,""frozen_edge_scratch_bytes"":0,""region_scopes"":1049,""max_region_scopes"":1025,""call_collections_closed"":1,""call_collections_unresolved"":1024,""call_memo_hits"":9,""solver_passes"":14,""solver_constraint_visits"":512,""occurs_steps"":1560}"
build/bench/cloud-principal-graphs/callback-sources/capture-8-valid.blot,b72f95692e56167319e708f5525015e368ae84a600d69c29f7f04250b3f8f576,workers-2,"[33317,33436,33788,34148,34745,35273,35897,36126,36269,38597,39427,39524,41403,45184,48747]","[33716,33766,34176,34482,35108,35745,36253,36524,36630,38995,39803,40064,41977,45760,49124]","[8697868,8697868,8697868,8697868,8697868,8697868,8697868,8697868,8697868,8697868,8697868,8697868,8697868,8697868,8697868]","[5431698,5431698,5431698,5431698,5431698,5431698,5431698,5431698,5431698,5431698,5431698,5431698,5431698,5431698,5431698]","{""semantic_component_batches"":0,""semantic_component_jobs"":0,""max_semantic_component_workers"":0,""inference_regions"":13,""canonical_specialization_queries"":1,""canonical_specialization_hits"":0,""solver_requested_bytes"":3540656,""solver_allocations"":277,""scratch_requested_bytes"":1962412,""scratch_allocations"":2303,""max_solver_live_bytes"":1837980,""max_scratch_live_bytes"":835220,""evidence_import_solver_bytes"":0,""evidence_import_scratch_bytes"":128,""snapshot_copy_bytes"":0,""snapshot_copy_allocations"":0,""principal_copy_buffer_bytes"":0,""principal_copy_buffer_allocations"":0,""frozen_capture_temporary_bytes"":0,""frozen_capture_published_bytes"":0,""frozen_edge_scratch_bytes"":0,""region_scopes"":1049,""max_region_scopes"":1025,""call_collections_closed"":1,""call_collections_unresolved"":1024,""call_memo_hits"":9,""solver_passes"":14,""solver_constraint_visits"":512,""occurs_steps"":1560}"
build/bench/cloud-principal-graphs/callback-sources/capture-8-valid.blot,b72f95692e56167319e708f5525015e368ae84a600d69c29f7f04250b3f8f576,workers-4,"[33674,34424,34594,34726,34784,35698,36307,36517,36811,37225,38118,38536,38781,39142,55230]","[34071,34930,35011,35110,35124,36104,36678,37018,37397,37554,38477,39024,39220,39580,55752]","[8697868,8697868,8697868,8697868,8697868,8697868,8697868,8697868,8697868,8697868,8697868,8697868,8697868,8697868,8697868]","[5431698,5431698,5431698,5431698,5431698,5431698,5431698,5431698,5431698,5431698,5431698,5431698,5431698,5431698,5431698]","{""semantic_component_batches"":0,""semantic_component_jobs"":0,""max_semantic_component_workers"":0,""inference_regions"":13,""canonical_specialization_queries"":1,""canonical_specialization_hits"":0,""solver_requested_bytes"":3540656,""solver_allocations"":277,""scratch_requested_bytes"":1962412,""scratch_allocations"":2303,""max_solver_live_bytes"":1837980,""max_scratch_live_bytes"":835220,""evidence_import_solver_bytes"":0,""evidence_import_scratch_bytes"":128,""snapshot_copy_bytes"":0,""snapshot_copy_allocations"":0,""principal_copy_buffer_bytes"":0,""principal_copy_buffer_allocations"":0,""frozen_capture_temporary_bytes"":0,""frozen_capture_published_bytes"":0,""frozen_edge_scratch_bytes"":0,""region_scopes"":1049,""max_region_scopes"":1025,""call_collections_closed"":1,""call_collections_unresolved"":1024,""call_memo_hits"":9,""solver_passes"":14,""solver_constraint_visits"":512,""occurs_steps"":1560}"
build/bench/cloud-principal-graphs/callback-sources/capture-8-valid.blot,b72f95692e56167319e708f5525015e368ae84a600d69c29f7f04250b3f8f576,workers-8,"[33346,33453,33784,33957,34354,34562,35015,35065,35905,36263,37073,37143,37180,49300,87846]","[33696,33747,34138,34328,34739,34967,35384,35427,36700,36721,37476,37557,37610,49708,88157]","[8697868,8697868,8697868,8697868,8697868,8697868,8697868,8697868,8697868,8697868,8697868,8697868,8697868,8697868,8697868]","[5431698,5431698,5431698,5431698,5431698,5431698,5431698,5431698,5431698,5431698,5431698,5431698,5431698,5431698,5431698]","{""semantic_component_batches"":0,""semantic_component_jobs"":0,""max_semantic_component_workers"":0,""inference_regions"":13,""canonical_specialization_queries"":1,""canonical_specialization_hits"":0,""solver_requested_bytes"":3540656,""solver_allocations"":277,""scratch_requested_bytes"":1962412,""scratch_allocations"":2303,""max_solver_live_bytes"":1837980,""max_scratch_live_bytes"":835220,""evidence_import_solver_bytes"":0,""evidence_import_scratch_bytes"":128,""snapshot_copy_bytes"":0,""snapshot_copy_allocations"":0,""principal_copy_buffer_bytes"":0,""principal_copy_buffer_allocations"":0,""frozen_capture_temporary_bytes"":0,""frozen_capture_published_bytes"":0,""frozen_edge_scratch_bytes"":0,""region_scopes"":1049,""max_region_scopes"":1025,""call_collections_closed"":1,""call_collections_unresolved"":1024,""call_memo_hits"":9,""solver_passes"":14,""solver_constraint_visits"":512,""occurs_steps"":1560}"
build/bench/cloud-principal-graphs/sources/factory-diamond-12.blot,8cda9e21d5226b9b30be3e095b5ae43882b5356437fc96fc01e7720ad7075a16,baseline,"[6131,6254,6363,6508,6519,6669,6676,6783,6991,7251,7439,7522,7743,8305,8885]","[6351,6535,6651,6840,6861,6929,6987,7005,7362,7557,7776,7922,8134,8693,9246]","[5947091,5947091,5947091,5947091,5947091,5947091,5947091,5947091,5947091,5947091,5947091,5947091,5947091,5947091,5947091]","[1080310,1080310,1080310,1080310,1080310,1080310,1080310,1080310,1080310,1080310,1080310,1080310,1080310,1080310,1080310]","{""inference_regions"":167,""canonical_specialization_queries"":2,""canonical_specialization_hits"":0,""solver_requested_bytes"":263824,""solver_allocations"":1327,""scratch_requested_bytes"":470748,""scratch_allocations"":2733,""max_solver_live_bytes"":2648,""max_scratch_live_bytes"":6564,""evidence_import_solver_bytes"":0,""evidence_import_scratch_bytes"":12800,""snapshot_copy_bytes"":0,""snapshot_copy_allocations"":0,""principal_copy_buffer_bytes"":40352,""principal_copy_buffer_allocations"":552,""frozen_capture_temporary_bytes"":0,""frozen_capture_published_bytes"":0,""frozen_edge_scratch_bytes"":0,""region_scopes"":181,""max_region_scopes"":3,""call_collections_closed"":2,""call_collections_unresolved"":4,""call_memo_hits"":200,""solver_passes"":400,""solver_constraint_visits"":513,""occurs_steps"":430}"
build/bench/cloud-principal-graphs/sources/factory-diamond-12.blot,8cda9e21d5226b9b30be3e095b5ae43882b5356437fc96fc01e7720ad7075a16,default,"[5876,5877,5954,5983,5993,6319,6365,6367,6376,6398,6563,7202,7867,8050,17876]","[6152,6201,6227,6387,6388,6612,6614,6620,6639,6877,7078,7460,8131,8387,18225]","[5947091,5947091,5947091,5947091,5947091,5947091,5947091,5947091,5947091,5947091,5947091,5947091,5947091,5947091,5947091]","[1080310,1080310,1080310,1080310,1080310,1080310,1080310,1080310,1080310,1080310,1080310,1080310,1080310,1080310,1080310]","{""semantic_component_batches"":0,""semantic_component_jobs"":0,""max_semantic_component_workers"":0,""inference_regions"":167,""canonical_specialization_queries"":2,""canonical_specialization_hits"":0,""solver_requested_bytes"":263824,""solver_allocations"":1327,""scratch_requested_bytes"":470748,""scratch_allocations"":2733,""max_solver_live_bytes"":2648,""max_scratch_live_bytes"":6564,""evidence_import_solver_bytes"":0,""evidence_import_scratch_bytes"":12800,""snapshot_copy_bytes"":0,""snapshot_copy_allocations"":0,""principal_copy_buffer_bytes"":40352,""principal_copy_buffer_allocations"":552,""frozen_capture_temporary_bytes"":0,""frozen_capture_published_bytes"":0,""frozen_edge_scratch_bytes"":0,""region_scopes"":181,""max_region_scopes"":3,""call_collections_closed"":2,""call_collections_unresolved"":4,""call_memo_hits"":200,""solver_passes"":400,""solver_constraint_visits"":513,""occurs_steps"":430}"
build/bench/cloud-principal-graphs/sources/factory-diamond-12.blot,8cda9e21d5226b9b30be3e095b5ae43882b5356437fc96fc01e7720ad7075a16,workers-1,"[5891,5978,6038,6103,6146,6374,6399,6569,6695,6755,6915,7255,7502,7552,8126]","[6149,6289,6316,6357,6384,6679,6711,6917,7001,7142,7366,7581,7981,8103,8495]","[5959363,5959363,5959363,5959363,5959363,5959363,5959363,5959363,5959363,5959363,5959363,5959363,5959363,5959363,5959363]","[1080310,1080310,1080310,1080310,1080310,1080310,1080310,1080310,1080310,1080310,1080310,1080310,1080310,1080310,1080310]","{""semantic_component_batches"":0,""semantic_component_jobs"":0,""max_semantic_component_workers"":0,""inference_regions"":167,""canonical_specialization_queries"":2,""canonical_specialization_hits"":0,""solver_requested_bytes"":263824,""solver_allocations"":1327,""scratch_requested_bytes"":470748,""scratch_allocations"":2733,""max_solver_live_bytes"":2648,""max_scratch_live_bytes"":6564,""evidence_import_solver_bytes"":0,""evidence_import_scratch_bytes"":12800,""snapshot_copy_bytes"":0,""snapshot_copy_allocations"":0,""principal_copy_buffer_bytes"":40352,""principal_copy_buffer_allocations"":552,""frozen_capture_temporary_bytes"":0,""frozen_capture_published_bytes"":0,""frozen_edge_scratch_bytes"":0,""region_scopes"":181,""max_region_scopes"":3,""call_collections_closed"":2,""call_collections_unresolved"":4,""call_memo_hits"":200,""solver_passes"":400,""solver_constraint_visits"":513,""occurs_steps"":430}"
build/bench/cloud-principal-graphs/sources/factory-diamond-12.blot,8cda9e21d5226b9b30be3e095b5ae43882b5356437fc96fc01e7720ad7075a16,workers-2,"[5670,6143,6286,6311,6336,6353,6487,6508,6686,6727,7317,7318,7523,7710,7880]","[6020,6604,6606,6629,6636,6679,6787,6845,6973,6996,7620,7624,7876,8067,8237]","[5959363,5959363,5959363,5959363,5959363,5959363,5959363,5959363,5959363,5959363,5959363,5959363,5959363,5959363,5959363]","[1080310,1080310,1080310,1080310,1080310,1080310,1080310,1080310,1080310,1080310,1080310,1080310,1080310,1080310,1080310]","{""semantic_component_batches"":0,""semantic_component_jobs"":0,""max_semantic_component_workers"":0,""inference_regions"":167,""canonical_specialization_queries"":2,""canonical_specialization_hits"":0,""solver_requested_bytes"":263824,""solver_allocations"":1327,""scratch_requested_bytes"":470748,""scratch_allocations"":2733,""max_solver_live_bytes"":2648,""max_scratch_live_bytes"":6564,""evidence_import_solver_bytes"":0,""evidence_import_scratch_bytes"":12800,""snapshot_copy_bytes"":0,""snapshot_copy_allocations"":0,""principal_copy_buffer_bytes"":40352,""principal_copy_buffer_allocations"":552,""frozen_capture_temporary_bytes"":0,""frozen_capture_published_bytes"":0,""frozen_edge_scratch_bytes"":0,""region_scopes"":181,""max_region_scopes"":3,""call_collections_closed"":2,""call_collections_unresolved"":4,""call_memo_hits"":200,""solver_passes"":400,""solver_constraint_visits"":513,""occurs_steps"":430}"
build/bench/cloud-principal-graphs/sources/factory-diamond-12.blot,8cda9e21d5226b9b30be3e095b5ae43882b5356437fc96fc01e7720ad7075a16,workers-4,"[5819,5907,5924,6005,6019,6049,6216,6226,6286,6357,6394,6632,6672,6847,7340]","[6079,6220,6231,6292,6316,6382,6478,6495,6583,6707,6727,6914,6960,7125,7609]","[5959363,5959363,5959363,5959363,5959363,5959363,5959363,5959363,5959363,5959363,5959363,5959363,5959363,5959363,5959363]","[1080310,1080310,1080310,1080310,1080310,1080310,1080310,1080310,1080310,1080310,1080310,1080310,1080310,1080310,1080310]","{""semantic_component_batches"":0,""semantic_component_jobs"":0,""max_semantic_component_workers"":0,""inference_regions"":167,""canonical_specialization_queries"":2,""canonical_specialization_hits"":0,""solver_requested_bytes"":263824,""solver_allocations"":1327,""scratch_requested_bytes"":470748,""scratch_allocations"":2733,""max_solver_live_bytes"":2648,""max_scratch_live_bytes"":6564,""evidence_import_solver_bytes"":0,""evidence_import_scratch_bytes"":12800,""snapshot_copy_bytes"":0,""snapshot_copy_allocations"":0,""principal_copy_buffer_bytes"":40352,""principal_copy_buffer_allocations"":552,""frozen_capture_temporary_bytes"":0,""frozen_capture_published_bytes"":0,""frozen_edge_scratch_bytes"":0,""region_scopes"":181,""max_region_scopes"":3,""call_collections_closed"":2,""call_collections_unresolved"":4,""call_memo_hits"":200,""solver_passes"":400,""solver_constraint_visits"":513,""occurs_steps"":430}"
build/bench/cloud-principal-graphs/sources/factory-diamond-12.blot,8cda9e21d5226b9b30be3e095b5ae43882b5356437fc96fc01e7720ad7075a16,workers-8,"[5965,6022,6092,6191,6322,6356,6462,6694,6701,6709,6838,6917,7693,8527,9929]","[6271,6344,6368,6481,6580,6741,6943,7024,7088,7126,7223,7249,7953,8787,10261]","[5959363,5959363,5959363,5959363,5959363,5959363,5959363,5959363,5959363,5959363,5959363,5959363,5959363,5959363,5959363]","[1080310,1080310,1080310,1080310,1080310,1080310,1080310,1080310,1080310,1080310,1080310,1080310,1080310,1080310,1080310]","{""semantic_component_batches"":0,""semantic_component_jobs"":0,""max_semantic_component_workers"":0,""inference_regions"":167,""canonical_specialization_queries"":2,""canonical_specialization_hits"":0,""solver_requested_bytes"":263824,""solver_allocations"":1327,""scratch_requested_bytes"":470748,""scratch_allocations"":2733,""max_solver_live_bytes"":2648,""max_scratch_live_bytes"":6564,""evidence_import_solver_bytes"":0,""evidence_import_scratch_bytes"":12800,""snapshot_copy_bytes"":0,""snapshot_copy_allocations"":0,""principal_copy_buffer_bytes"":40352,""principal_copy_buffer_allocations"":552,""frozen_capture_temporary_bytes"":0,""frozen_capture_published_bytes"":0,""frozen_edge_scratch_bytes"":0,""region_scopes"":181,""max_region_scopes"":3,""call_collections_closed"":2,""call_collections_unresolved"":4,""call_memo_hits"":200,""solver_passes"":400,""solver_constraint_visits"":513,""occurs_steps"":430}"
build/bench/cloud-principal-graphs/live-header-sources/source-mixed-12.blot,b1b3f200d96b501cba2ec91a5d87e32c85e176c321b481bd28dad7f7f5f2cd1c,baseline,"[5123,5212,5279,5316,5348,5403,5520,5525,5544,5666,5687,5867,6767,6841,8851]","[5380,5426,5493,5537,5632,5674,5766,5806,5882,5926,5969,6094,7009,7085,9297]","[4364285,4364285,4364285,4364285,4364285,4364285,4364285,4364285,4364285,4364285,4364285,4364285,4364285,4364285,4364285]","[1088082,1088082,1088082,1088082,1088082,1088082,1088082,1088082,1088082,1088082,1088082,1088082,1088082,1088082,1088082]","{""inference_regions"":103,""canonical_specialization_queries"":1,""canonical_specialization_hits"":0,""solver_requested_bytes"":101988,""solver_allocations"":509,""scratch_requested_bytes"":258148,""scratch_allocations"":1532,""max_solver_live_bytes"":3096,""max_scratch_live_bytes"":6564,""evidence_import_solver_bytes"":0,""evidence_import_scratch_bytes"":4736,""snapshot_copy_bytes"":0,""snapshot_copy_allocations"":0,""principal_copy_buffer_bytes"":39328,""principal_copy_buffer_allocations"":545,""frozen_capture_temporary_bytes"":0,""frozen_capture_published_bytes"":0,""frozen_edge_scratch_bytes"":0,""region_scopes"":111,""max_region_scopes"":2,""call_collections_closed"":1,""call_collections_unresolved"":0,""call_memo_hits"":62,""solver_passes"":119,""solver_constraint_visits"":179,""occurs_steps"":204}"
build/bench/cloud-principal-graphs/live-header-sources/source-mixed-12.blot,b1b3f200d96b501cba2ec91a5d87e32c85e176c321b481bd28dad7f7f5f2cd1c,default,"[4832,4945,4964,4995,5003,5023,5080,5141,5488,5648,5767,5796,5838,7153,10819]","[5050,5214,5258,5274,5305,5329,5387,5393,5776,5996,5998,6105,6236,7502,11352]","[4364285,4364285,4364285,4364285,4364285,4364285,4364285,4364285,4364285,4364285,4364285,4364285,4364285,4364285,4364285]","[1088082,1088082,1088082,1088082,1088082,1088082,1088082,1088082,1088082,1088082,1088082,1088082,1088082,1088082,1088082]","{""semantic_component_batches"":0,""semantic_component_jobs"":0,""max_semantic_component_workers"":0,""inference_regions"":103,""canonical_specialization_queries"":1,""canonical_specialization_hits"":0,""solver_requested_bytes"":101988,""solver_allocations"":509,""scratch_requested_bytes"":258148,""scratch_allocations"":1532,""max_solver_live_bytes"":3096,""max_scratch_live_bytes"":6564,""evidence_import_solver_bytes"":0,""evidence_import_scratch_bytes"":4736,""snapshot_copy_bytes"":0,""snapshot_copy_allocations"":0,""principal_copy_buffer_bytes"":39328,""principal_copy_buffer_allocations"":545,""frozen_capture_temporary_bytes"":0,""frozen_capture_published_bytes"":0,""frozen_edge_scratch_bytes"":0,""region_scopes"":111,""max_region_scopes"":2,""call_collections_closed"":1,""call_collections_unresolved"":0,""call_memo_hits"":62,""solver_passes"":119,""solver_constraint_visits"":179,""occurs_steps"":204}"
build/bench/cloud-principal-graphs/live-header-sources/source-mixed-12.blot,b1b3f200d96b501cba2ec91a5d87e32c85e176c321b481bd28dad7f7f5f2cd1c,workers-1,"[4800,4826,4832,4843,4920,4966,4994,5062,5104,5252,5256,5536,5545,5873,8498]","[5062,5105,5129,5149,5184,5213,5284,5304,5425,5499,5659,5809,5903,6119,8831]","[4364285,4364285,4364285,4364285,4364285,4364285,4364285,4364285,4364285,4364285,4364285,4364285,4364285,4364285,4364285]","[1088082,1088082,1088082,1088082,1088082,1088082,1088082,1088082,1088082,1088082,1088082,1088082,1088082,1088082,1088082]","{""semantic_component_batches"":0,""semantic_component_jobs"":0,""max_semantic_component_workers"":0,""inference_regions"":103,""canonical_specialization_queries"":1,""canonical_specialization_hits"":0,""solver_requested_bytes"":101988,""solver_allocations"":509,""scratch_requested_bytes"":258148,""scratch_allocations"":1532,""max_solver_live_bytes"":3096,""max_scratch_live_bytes"":6564,""evidence_import_solver_bytes"":0,""evidence_import_scratch_bytes"":4736,""snapshot_copy_bytes"":0,""snapshot_copy_allocations"":0,""principal_copy_buffer_bytes"":39328,""principal_copy_buffer_allocations"":545,""frozen_capture_temporary_bytes"":0,""frozen_capture_published_bytes"":0,""frozen_edge_scratch_bytes"":0,""region_scopes"":111,""max_region_scopes"":2,""call_collections_closed"":1,""call_collections_unresolved"":0,""call_memo_hits"":62,""solver_passes"":119,""solver_constraint_visits"":179,""occurs_steps"":204}"
build/bench/cloud-principal-graphs/live-header-sources/source-mixed-12.blot,b1b3f200d96b501cba2ec91a5d87e32c85e176c321b481bd28dad7f7f5f2cd1c,workers-2,"[4682,4738,4782,4813,5054,5065,5387,5427,5439,5486,5495,6154,6443,6861,7719]","[4912,4962,5010,5118,5279,5396,5647,5717,5760,5765,6444,6668,6858,7083,8172]","[4364285,4364285,4364285,4364285,4364285,4364285,4364285,4364285,4364285,4364285,4364285,4364285,4364285,4364285,4364285]","[1088082,1088082,1088082,1088082,1088082,1088082,1088082,1088082,1088082,1088082,1088082,1088082,1088082,1088082,1088082]","{""semantic_component_batches"":0,""semantic_component_jobs"":0,""max_semantic_component_workers"":0,""inference_regions"":103,""canonical_specialization_queries"":1,""canonical_specialization_hits"":0,""solver_requested_bytes"":101988,""solver_allocations"":509,""scratch_requested_bytes"":258148,""scratch_allocations"":1532,""max_solver_live_bytes"":3096,""max_scratch_live_bytes"":6564,""evidence_import_solver_bytes"":0,""evidence_import_scratch_bytes"":4736,""snapshot_copy_bytes"":0,""snapshot_copy_allocations"":0,""principal_copy_buffer_bytes"":39328,""principal_copy_buffer_allocations"":545,""frozen_capture_temporary_bytes"":0,""frozen_capture_published_bytes"":0,""frozen_edge_scratch_bytes"":0,""region_scopes"":111,""max_region_scopes"":2,""call_collections_closed"":1,""call_collections_unresolved"":0,""call_memo_hits"":62,""solver_passes"":119,""solver_constraint_visits"":179,""occurs_steps"":204}"
build/bench/cloud-principal-graphs/live-header-sources/source-mixed-12.blot,b1b3f200d96b501cba2ec91a5d87e32c85e176c321b481bd28dad7f7f5f2cd1c,workers-4,"[4720,4871,4906,5020,5041,5096,5116,5140,5245,5271,5360,5447,5544,5610,6683]","[5072,5100,5220,5256,5279,5325,5325,5370,5539,5604,5668,5717,5826,5844,7040]","[4364285,4364285,4364285,4364285,4364285,4364285,4364285,4364285,4364285,4364285,4364285,4364285,4364285,4364285,4364285]","[1088082,1088082,1088082,1088082,1088082,1088082,1088082,1088082,1088082,1088082,1088082,1088082,1088082,1088082,1088082]","{""semantic_component_batches"":0,""semantic_component_jobs"":0,""max_semantic_component_workers"":0,""inference_regions"":103,""canonical_specialization_queries"":1,""canonical_specialization_hits"":0,""solver_requested_bytes"":101988,""solver_allocations"":509,""scratch_requested_bytes"":258148,""scratch_allocations"":1532,""max_solver_live_bytes"":3096,""max_scratch_live_bytes"":6564,""evidence_import_solver_bytes"":0,""evidence_import_scratch_bytes"":4736,""snapshot_copy_bytes"":0,""snapshot_copy_allocations"":0,""principal_copy_buffer_bytes"":39328,""principal_copy_buffer_allocations"":545,""frozen_capture_temporary_bytes"":0,""frozen_capture_published_bytes"":0,""frozen_edge_scratch_bytes"":0,""region_scopes"":111,""max_region_scopes"":2,""call_collections_closed"":1,""call_collections_unresolved"":0,""call_memo_hits"":62,""solver_passes"":119,""solver_constraint_visits"":179,""occurs_steps"":204}"
build/bench/cloud-principal-graphs/live-header-sources/source-mixed-12.blot,b1b3f200d96b501cba2ec91a5d87e32c85e176c321b481bd28dad7f7f5f2cd1c,workers-8,"[4715,4818,4917,5018,5135,5141,5168,5223,5367,5370,5390,5451,5633,6184,7686]","[4937,5072,5147,5266,5421,5426,5432,5491,5627,5648,5719,5747,5944,6444,8030]","[4364285,4364285,4364285,4364285,4364285,4364285,4364285,4364285,4364285,4364285,4364285,4364285,4364285,4364285,4364285]","[1088082,1088082,1088082,1088082,1088082,1088082,1088082,1088082,1088082,1088082,1088082,1088082,1088082,1088082,1088082]","{""semantic_component_batches"":0,""semantic_component_jobs"":0,""max_semantic_component_workers"":0,""inference_regions"":103,""canonical_specialization_queries"":1,""canonical_specialization_hits"":0,""solver_requested_bytes"":101988,""solver_allocations"":509,""scratch_requested_bytes"":258148,""scratch_allocations"":1532,""max_solver_live_bytes"":3096,""max_scratch_live_bytes"":6564,""evidence_import_solver_bytes"":0,""evidence_import_scratch_bytes"":4736,""snapshot_copy_bytes"":0,""snapshot_copy_allocations"":0,""principal_copy_buffer_bytes"":39328,""principal_copy_buffer_allocations"":545,""frozen_capture_temporary_bytes"":0,""frozen_capture_published_bytes"":0,""frozen_edge_scratch_bytes"":0,""region_scopes"":111,""max_region_scopes"":2,""call_collections_closed"":1,""call_collections_unresolved"":0,""call_memo_hits"":62,""solver_passes"":119,""solver_constraint_visits"":179,""occurs_steps"":204}"
build/bench/cloud-principal-graphs/lexical-sources/aggregate-separate-128-valid.blot,041fd208800d0bc3248f5b29df4fc8d80d1d866913dd1188a69171c68e37e350,baseline,"[11187,11235,11255,11564,11668,11678,12071,12249,12469,12525,12556,12804,13608,13661,16803]","[11496,11506,11563,11899,11937,11942,12459,12542,12762,12843,12846,13181,13928,13937,17165]","[9356447,9356447,9356447,9356447,9356447,9356447,9356447,9356447,9356447,9356447,9356447,9356447,9356447,9356447,9356447]","[2187776,2187776,2187776,2187776,2187776,2187776,2187776,2187776,2187776,2187776,2187776,2187776,2187776,2187776,2187776]","{""inference_regions"":520,""canonical_specialization_queries"":128,""canonical_specialization_hits"":127,""solver_requested_bytes"":1038136,""solver_allocations"":3306,""scratch_requested_bytes"":1230412,""scratch_allocations"":7449,""max_solver_live_bytes"":3708,""max_scratch_live_bytes"":5072,""evidence_import_solver_bytes"":932,""evidence_import_scratch_bytes"":33792,""snapshot_copy_bytes"":0,""snapshot_copy_allocations"":0,""principal_copy_buffer_bytes"":0,""principal_copy_buffer_allocations"":0,""frozen_capture_temporary_bytes"":0,""frozen_capture_published_bytes"":24,""frozen_edge_scratch_bytes"":48,""region_scopes"":924,""max_region_scopes"":9,""call_collections_closed"":257,""call_collections_unresolved"":0,""call_memo_hits"":772,""solver_passes"":533,""solver_constraint_visits"":538,""occurs_steps"":12}"
build/bench/cloud-principal-graphs/lexical-sources/aggregate-separate-128-valid.blot,041fd208800d0bc3248f5b29df4fc8d80d1d866913dd1188a69171c68e37e350,default,"[11221,11578,11740,12039,12063,12232,12310,12584,13027,13100,13207,13508,13700,16974,24645]","[11511,11898,12016,12284,12429,12611,12663,12894,13392,13441,13521,13812,14087,17382,25312]","[9356447,9356447,9356447,9356447,9356447,9356447,9356447,9356447,9356447,9356447,9356447,9356447,9356447,9356447,9356447]","[2187776,2187776,2187776,2187776,2187776,2187776,2187776,2187776,2187776,2187776,2187776,2187776,2187776,2187776,2187776]","{""semantic_component_batches"":0,""semantic_component_jobs"":0,""max_semantic_component_workers"":0,""inference_regions"":520,""canonical_specialization_queries"":128,""canonical_specialization_hits"":127,""solver_requested_bytes"":1038136,""solver_allocations"":3306,""scratch_requested_bytes"":1230412,""scratch_allocations"":7449,""max_solver_live_bytes"":3708,""max_scratch_live_bytes"":5072,""evidence_import_solver_bytes"":932,""evidence_import_scratch_bytes"":33792,""snapshot_copy_bytes"":0,""snapshot_copy_allocations"":0,""principal_copy_buffer_bytes"":0,""principal_copy_buffer_allocations"":0,""frozen_capture_temporary_bytes"":0,""frozen_capture_published_bytes"":24,""frozen_edge_scratch_bytes"":48,""region_scopes"":924,""max_region_scopes"":9,""call_collections_closed"":257,""call_collections_unresolved"":0,""call_memo_hits"":772,""solver_passes"":533,""solver_constraint_visits"":538,""occurs_steps"":12}"
build/bench/cloud-principal-graphs/lexical-sources/aggregate-separate-128-valid.blot,041fd208800d0bc3248f5b29df4fc8d80d1d866913dd1188a69171c68e37e350,workers-1,"[11278,11312,11410,11454,11683,11765,11859,12136,12162,12825,13411,14012,14770,15579,16286]","[11566,11590,11725,11873,12030,12207,12332,12488,13263,13806,14002,14575,15168,16228,18360]","[9432647,9432647,9432647,9432647,9432647,9432647,9432647,9432647,9432647,9432647,9432647,9432647,9432647,9432647,9432647]","[2187776,2187776,2187776,2187776,2187776,2187776,2187776,2187776,2187776,2187776,2187776,2187776,2187776,2187776,2187776]","{""semantic_component_batches"":1,""semantic_component_jobs"":2,""max_semantic_component_workers"":1,""inference_regions"":520,""canonical_specialization_queries"":128,""canonical_specialization_hits"":127,""solver_requested_bytes"":1038136,""solver_allocations"":3306,""scratch_requested_bytes"":1230412,""scratch_allocations"":7449,""max_solver_live_bytes"":3708,""max_scratch_live_bytes"":5072,""evidence_import_solver_bytes"":932,""evidence_import_scratch_bytes"":33792,""snapshot_copy_bytes"":0,""snapshot_copy_allocations"":0,""principal_copy_buffer_bytes"":0,""principal_copy_buffer_allocations"":0,""frozen_capture_temporary_bytes"":0,""frozen_capture_published_bytes"":24,""frozen_edge_scratch_bytes"":48,""region_scopes"":924,""max_region_scopes"":9,""call_collections_closed"":257,""call_collections_unresolved"":0,""call_memo_hits"":772,""solver_passes"":533,""solver_constraint_visits"":538,""occurs_steps"":12}"
build/bench/cloud-principal-graphs/lexical-sources/aggregate-separate-128-valid.blot,041fd208800d0bc3248f5b29df4fc8d80d1d866913dd1188a69171c68e37e350,workers-2,"[11657,12103,12274,12389,12515,12607,13070,13079,13186,13278,13584,13838,13919,14072,14097]","[11886,12386,12547,12778,12803,13025,13355,13554,13586,13591,13851,14189,14323,14421,14593]","[9432647,9515623,9515623,9515623,9515623,9515623,9515623,9515623,9515623,9515623,9515623,9515623,9515623,9515623,9515623]","[2187776,2187776,2187776,2187776,2187776,2187776,2187776,2187776,2187776,2187776,2187776,2187776,2187776,2187776,2187776]","{""semantic_component_batches"":1,""semantic_component_jobs"":2,""max_semantic_component_workers"":2,""inference_regions"":520,""canonical_specialization_queries"":128,""canonical_specialization_hits"":127,""solver_requested_bytes"":1038136,""solver_allocations"":3306,""scratch_requested_bytes"":1230412,""scratch_allocations"":7449,""max_solver_live_bytes"":3708,""max_scratch_live_bytes"":5072,""evidence_import_solver_bytes"":932,""evidence_import_scratch_bytes"":33792,""snapshot_copy_bytes"":0,""snapshot_copy_allocations"":0,""principal_copy_buffer_bytes"":0,""principal_copy_buffer_allocations"":0,""frozen_capture_temporary_bytes"":0,""frozen_capture_published_bytes"":24,""frozen_edge_scratch_bytes"":48,""region_scopes"":924,""max_region_scopes"":9,""call_collections_closed"":257,""call_collections_unresolved"":0,""call_memo_hits"":772,""solver_passes"":533,""solver_constraint_visits"":538,""occurs_steps"":12}"
build/bench/cloud-principal-graphs/lexical-sources/aggregate-separate-128-valid.blot,041fd208800d0bc3248f5b29df4fc8d80d1d866913dd1188a69171c68e37e350,workers-4,"[11410,12030,12114,12165,12187,12572,12666,12674,12887,12919,12945,13431,13526,15666,17675]","[11696,12293,12360,12499,12516,12887,13087,13163,13176,13231,13334,13804,14013,16226,17883]","[9432647,9432647,9515623,9515623,9515623,9515623,9515623,9515623,9515623,9515623,9515623,9515623,9515623,9515623,9515623]","[2187776,2187776,2187776,2187776,2187776,2187776,2187776,2187776,2187776,2187776,2187776,2187776,2187776,2187776,2187776]","{""semantic_component_batches"":1,""semantic_component_jobs"":2,""max_semantic_component_workers"":2,""inference_regions"":520,""canonical_specialization_queries"":128,""canonical_specialization_hits"":127,""solver_requested_bytes"":1038136,""solver_allocations"":3306,""scratch_requested_bytes"":1230412,""scratch_allocations"":7449,""max_solver_live_bytes"":3708,""max_scratch_live_bytes"":5072,""evidence_import_solver_bytes"":932,""evidence_import_scratch_bytes"":33792,""snapshot_copy_bytes"":0,""snapshot_copy_allocations"":0,""principal_copy_buffer_bytes"":0,""principal_copy_buffer_allocations"":0,""frozen_capture_temporary_bytes"":0,""frozen_capture_published_bytes"":24,""frozen_edge_scratch_bytes"":48,""region_scopes"":924,""max_region_scopes"":9,""call_collections_closed"":257,""call_collections_unresolved"":0,""call_memo_hits"":772,""solver_passes"":533,""solver_constraint_visits"":538,""occurs_steps"":12}"
build/bench/cloud-principal-graphs/lexical-sources/aggregate-separate-128-valid.blot,041fd208800d0bc3248f5b29df4fc8d80d1d866913dd1188a69171c68e37e350,workers-8,"[11662,11863,11864,11955,11968,12047,12265,12550,12592,12648,12958,13211,13327,14783,16713]","[12002,12044,12127,12251,12262,12356,12523,12784,12833,12971,13246,13475,13663,15277,17141]","[9432647,9515623,9515623,9515623,9515623,9515623,9515623,9515623,9515623,9515623,9515623,9515623,9515623,9515623,9515623]","[2187776,2187776,2187776,2187776,2187776,2187776,2187776,2187776,2187776,2187776,2187776,2187776,2187776,2187776,2187776]","{""semantic_component_batches"":1,""semantic_component_jobs"":2,""max_semantic_component_workers"":2,""inference_regions"":520,""canonical_specialization_queries"":128,""canonical_specialization_hits"":127,""solver_requested_bytes"":1038136,""solver_allocations"":3306,""scratch_requested_bytes"":1230412,""scratch_allocations"":7449,""max_solver_live_bytes"":3708,""max_scratch_live_bytes"":5072,""evidence_import_solver_bytes"":932,""evidence_import_scratch_bytes"":33792,""snapshot_copy_bytes"":0,""snapshot_copy_allocations"":0,""principal_copy_buffer_bytes"":0,""principal_copy_buffer_allocations"":0,""frozen_capture_temporary_bytes"":0,""frozen_capture_published_bytes"":24,""frozen_edge_scratch_bytes"":48,""region_scopes"":924,""max_region_scopes"":9,""call_collections_closed"":257,""call_collections_unresolved"":0,""call_memo_hits"":772,""solver_passes"":533,""solver_constraint_visits"":538,""occurs_steps"":12}"
build/bench/cloud-principal-graphs/lexical-sources/aggregate-separate-32-valid.blot,b4de8b2751b643b3e2e9f24965069bbe42931d2a76e1b2b3b03761b7df7eeb1b,baseline,"[5907,6003,6294,6352,6371,6410,6443,6471,6718,6736,6850,7394,7726,9019,12909]","[6124,6263,6565,6572,6672,6705,6706,6862,6968,7126,7173,7669,8102,9939,13317]","[4937694,4937694,4937694,4937694,4937694,4937694,4937694,4937694,4937694,4937694,4937694,4937694,4937694,4937694,4937694]","[1328162,1328162,1328162,1328162,1328162,1328162,1328162,1328162,1328162,1328162,1328162,1328162,1328162,1328162,1328162]","{""inference_regions"":136,""canonical_specialization_queries"":32,""canonical_specialization_hits"":31,""solver_requested_bytes"":276280,""solver_allocations"":906,""scratch_requested_bytes"":334156,""scratch_allocations"":1977,""max_solver_live_bytes"":3708,""max_scratch_live_bytes"":5072,""evidence_import_solver_bytes"":932,""evidence_import_scratch_bytes"":9216,""snapshot_copy_bytes"":0,""snapshot_copy_allocations"":0,""principal_copy_buffer_bytes"":0,""principal_copy_buffer_allocations"":0,""frozen_capture_temporary_bytes"":0,""frozen_capture_published_bytes"":24,""frozen_edge_scratch_bytes"":48,""region_scopes"":252,""max_region_scopes"":9,""call_collections_closed"":65,""call_collections_unresolved"":0,""call_memo_hits"":196,""solver_passes"":149,""solver_constraint_visits"":154,""occurs_steps"":12}"
build/bench/cloud-principal-graphs/lexical-sources/aggregate-separate-32-valid.blot,b4de8b2751b643b3e2e9f24965069bbe42931d2a76e1b2b3b03761b7df7eeb1b,default,"[5590,5919,6001,6081,6139,6198,6335,6450,6476,6531,6732,6817,6849,8235,8467]","[5788,6257,6263,6413,6431,6466,6585,6745,6764,6991,7033,7377,7496,8503,9561]","[4937694,4937694,4937694,4937694,4937694,4937694,4937694,4937694,4937694,4937694,4937694,4937694,4937694,4937694,4937694]","[1328162,1328162,1328162,1328162,1328162,1328162,1328162,1328162,1328162,1328162,1328162,1328162,1328162,1328162,1328162]","{""semantic_component_batches"":0,""semantic_component_jobs"":0,""max_semantic_component_workers"":0,""inference_regions"":136,""canonical_specialization_queries"":32,""canonical_specialization_hits"":31,""solver_requested_bytes"":276280,""solver_allocations"":906,""scratch_requested_bytes"":334156,""scratch_allocations"":1977,""max_solver_live_bytes"":3708,""max_scratch_live_bytes"":5072,""evidence_import_solver_bytes"":932,""evidence_import_scratch_bytes"":9216,""snapshot_copy_bytes"":0,""snapshot_copy_allocations"":0,""principal_copy_buffer_bytes"":0,""principal_copy_buffer_allocations"":0,""frozen_capture_temporary_bytes"":0,""frozen_capture_published_bytes"":24,""frozen_edge_scratch_bytes"":48,""region_scopes"":252,""max_region_scopes"":9,""call_collections_closed"":65,""call_collections_unresolved"":0,""call_memo_hits"":196,""solver_passes"":149,""solver_constraint_visits"":154,""occurs_steps"":12}"
build/bench/cloud-principal-graphs/lexical-sources/aggregate-separate-32-valid.blot,b4de8b2751b643b3e2e9f24965069bbe42931d2a76e1b2b3b03761b7df7eeb1b,workers-1,"[5816,5833,5906,6058,6119,6150,6153,6368,6433,6648,6690,7430,7528,10493,11201]","[6067,6076,6191,6325,6377,6384,6643,6659,6698,7029,7087,7870,7926,10813,11577]","[5011286,5011286,5011286,5011286,5011286,5011286,5011286,5011286,5011286,5011286,5011286,5011286,5011286,5011286,5011286]","[1328162,1328162,1328162,1328162,1328162,1328162,1328162,1328162,1328162,1328162,1328162,1328162,1328162,1328162,1328162]","{""semantic_component_batches"":1,""semantic_component_jobs"":2,""max_semantic_component_workers"":1,""inference_regions"":136,""canonical_specialization_queries"":32,""canonical_specialization_hits"":31,""solver_requested_bytes"":276280,""solver_allocations"":906,""scratch_requested_bytes"":334156,""scratch_allocations"":1977,""max_solver_live_bytes"":3708,""max_scratch_live_bytes"":5072,""evidence_import_solver_bytes"":932,""evidence_import_scratch_bytes"":9216,""snapshot_copy_bytes"":0,""snapshot_copy_allocations"":0,""principal_copy_buffer_bytes"":0,""principal_copy_buffer_allocations"":0,""frozen_capture_temporary_bytes"":0,""frozen_capture_published_bytes"":24,""frozen_edge_scratch_bytes"":48,""region_scopes"":252,""max_region_scopes"":9,""call_collections_closed"":65,""call_collections_unresolved"":0,""call_memo_hits"":196,""solver_passes"":149,""solver_constraint_visits"":154,""occurs_steps"":12}"
build/bench/cloud-principal-graphs/lexical-sources/aggregate-separate-32-valid.blot,b4de8b2751b643b3e2e9f24965069bbe42931d2a76e1b2b3b03761b7df7eeb1b,workers-2,"[5857,6010,6048,6144,6156,6183,6204,6231,6289,6991,7136,7221,7463,7496,9409]","[6060,6224,6284,6308,6393,6459,6473,6476,6775,7235,7365,7499,7737,7780,10228]","[5011286,5091654,5091654,5091654,5091654,5091654,5091654,5091654,5091654,5091654,5091654,5091654,5091654,5091654,5091654]","[1328162,1328162,1328162,1328162,1328162,1328162,1328162,1328162,1328162,1328162,1328162,1328162,1328162,1328162,1328162]","{""semantic_component_batches"":1,""semantic_component_jobs"":2,""max_semantic_component_workers"":2,""inference_regions"":136,""canonical_specialization_queries"":32,""canonical_specialization_hits"":31,""solver_requested_bytes"":276280,""solver_allocations"":906,""scratch_requested_bytes"":334156,""scratch_allocations"":1977,""max_solver_live_bytes"":3708,""max_scratch_live_bytes"":5072,""evidence_import_solver_bytes"":932,""evidence_import_scratch_bytes"":9216,""snapshot_copy_bytes"":0,""snapshot_copy_allocations"":0,""principal_copy_buffer_bytes"":0,""principal_copy_buffer_allocations"":0,""frozen_capture_temporary_bytes"":0,""frozen_capture_published_bytes"":24,""frozen_edge_scratch_bytes"":48,""region_scopes"":252,""max_region_scopes"":9,""call_collections_closed"":65,""call_collections_unresolved"":0,""call_memo_hits"":196,""solver_passes"":149,""solver_constraint_visits"":154,""occurs_steps"":12}"
build/bench/cloud-principal-graphs/lexical-sources/aggregate-separate-32-valid.blot,b4de8b2751b643b3e2e9f24965069bbe42931d2a76e1b2b3b03761b7df7eeb1b,workers-4,"[5930,6089,6238,6312,6420,6458,6494,6702,6859,6863,7073,7356,7637,8862,11375]","[6199,6362,6489,6491,6548,6618,6691,6937,7152,7373,7627,7830,7998,9270,11962]","[5091654,5091654,5091654,5091654,5091654,5091654,5091654,5091654,5091654,5091654,5091654,5091654,5091654,5091654,5091654]","[1328162,1328162,1328162,1328162,1328162,1328162,1328162,1328162,1328162,1328162,1328162,1328162,1328162,1328162,1328162]","{""semantic_component_batches"":1,""semantic_component_jobs"":2,""max_semantic_component_workers"":2,""inference_regions"":136,""canonical_specialization_queries"":32,""canonical_specialization_hits"":31,""solver_requested_bytes"":276280,""solver_allocations"":906,""scratch_requested_bytes"":334156,""scratch_allocations"":1977,""max_solver_live_bytes"":3708,""max_scratch_live_bytes"":5072,""evidence_import_solver_bytes"":932,""evidence_import_scratch_bytes"":9216,""snapshot_copy_bytes"":0,""snapshot_copy_allocations"":0,""principal_copy_buffer_bytes"":0,""principal_copy_buffer_allocations"":0,""frozen_capture_temporary_bytes"":0,""frozen_capture_published_bytes"":24,""frozen_edge_scratch_bytes"":48,""region_scopes"":252,""max_region_scopes"":9,""call_collections_closed"":65,""call_collections_unresolved"":0,""call_memo_hits"":196,""solver_passes"":149,""solver_constraint_visits"":154,""occurs_steps"":12}"
build/bench/cloud-principal-graphs/lexical-sources/aggregate-separate-32-valid.blot,b4de8b2751b643b3e2e9f24965069bbe42931d2a76e1b2b3b03761b7df7eeb1b,workers-8,"[6162,6332,6342,6360,6372,6454,6613,6705,6778,6955,7347,7368,7504,7673,10006]","[6350,6521,6617,6660,6677,6686,6780,6955,7156,7194,7427,7709,7899,8089,10320]","[5091654,5091654,5091654,5091654,5091654,5091654,5091654,5091654,5091654,5091654,5091654,5091654,5091654,5091654,5091654]","[1328162,1328162,1328162,1328162,1328162,1328162,1328162,1328162,1328162,1328162,1328162,1328162,1328162,1328162,1328162]","{""semantic_component_batches"":1,""semantic_component_jobs"":2,""max_semantic_component_workers"":2,""inference_regions"":136,""canonical_specialization_queries"":32,""canonical_specialization_hits"":31,""solver_requested_bytes"":276280,""solver_allocations"":906,""scratch_requested_bytes"":334156,""scratch_allocations"":1977,""max_solver_live_bytes"":3708,""max_scratch_live_bytes"":5072,""evidence_import_solver_bytes"":932,""evidence_import_scratch_bytes"":9216,""snapshot_copy_bytes"":0,""snapshot_copy_allocations"":0,""principal_copy_buffer_bytes"":0,""principal_copy_buffer_allocations"":0,""frozen_capture_temporary_bytes"":0,""frozen_capture_published_bytes"":24,""frozen_edge_scratch_bytes"":48,""region_scopes"":252,""max_region_scopes"":9,""call_collections_closed"":65,""call_collections_unresolved"":0,""call_memo_hits"":196,""solver_passes"":149,""solver_constraint_visits"":154,""occurs_steps"":12}"
build/bench/cloud-principal-graphs/lexical-sources/aggregate-separate-8-valid.blot,7c66f1523d670223f71a0744d01854dcb9050579a01696a66f73f42503b27d01,baseline,"[4826,4842,4894,4999,5018,5169,5257,5275,5337,5517,5686,5715,5991,6001,7488]","[5040,5180,5243,5253,5292,5406,5535,5546,5695,5756,5973,6110,6242,6280,7916]","[3770799,3770799,3770799,3770799,3770799,3770799,3770799,3770799,3770799,3770799,3770799,3770799,3770799,3770799,3770799]","[1148461,1148461,1148461,1148461,1148461,1148461,1148461,1148461,1148461,1148461,1148461,1148461,1148461,1148461,1148461]","{""inference_regions"":40,""canonical_specialization_queries"":8,""canonical_specialization_hits"":7,""solver_requested_bytes"":85816,""solver_allocations"":306,""scratch_requested_bytes"":110092,""scratch_allocations"":609,""max_solver_live_bytes"":3708,""max_scratch_live_bytes"":5072,""evidence_import_solver_bytes"":932,""evidence_import_scratch_bytes"":3072,""snapshot_copy_bytes"":0,""snapshot_copy_allocations"":0,""principal_copy_buffer_bytes"":0,""principal_copy_buffer_allocations"":0,""frozen_capture_temporary_bytes"":0,""frozen_capture_published_bytes"":24,""frozen_edge_scratch_bytes"":48,""region_scopes"":84,""max_region_scopes"":9,""call_collections_closed"":17,""call_collections_unresolved"":0,""call_memo_hits"":52,""solver_passes"":53,""solver_constraint_visits"":58,""occurs_steps"":12}"
build/bench/cloud-principal-graphs/lexical-sources/aggregate-separate-8-valid.blot,7c66f1523d670223f71a0744d01854dcb9050579a01696a66f73f42503b27d01,default,"[4700,4728,4762,4795,4797,4940,5061,5153,5224,5321,5496,5516,5638,7067,8182]","[4918,4969,5006,5035,5045,5160,5279,5422,5529,5622,5743,5881,5924,7572,8689]","[3770799,3770799,3770799,3770799,3770799,3770799,3770799,3770799,3770799,3770799,3770799,3770799,3770799,3770799,3770799]","[1148461,1148461,1148461,1148461,1148461,1148461,1148461,1148461,1148461,1148461,1148461,1148461,1148461,1148461,1148461]","{""semantic_component_batches"":0,""semantic_component_jobs"":0,""max_semantic_component_workers"":0,""inference_regions"":40,""canonical_specialization_queries"":8,""canonical_specialization_hits"":7,""solver_requested_bytes"":85816,""solver_allocations"":306,""scratch_requested_bytes"":110092,""scratch_allocations"":609,""max_solver_live_bytes"":3708,""max_scratch_live_bytes"":5072,""evidence_import_solver_bytes"":932,""evidence_import_scratch_bytes"":3072,""snapshot_copy_bytes"":0,""snapshot_copy_allocations"":0,""principal_copy_buffer_bytes"":0,""principal_copy_buffer_allocations"":0,""frozen_capture_temporary_bytes"":0,""frozen_capture_published_bytes"":24,""frozen_edge_scratch_bytes"":48,""region_scopes"":84,""max_region_scopes"":9,""call_collections_closed"":17,""call_collections_unresolved"":0,""call_memo_hits"":52,""solver_passes"":53,""solver_constraint_visits"":58,""occurs_steps"":12}"
build/bench/cloud-principal-graphs/lexical-sources/aggregate-separate-8-valid.blot,7c66f1523d670223f71a0744d01854dcb9050579a01696a66f73f42503b27d01,workers-1,"[4441,4667,4710,4876,4953,5029,5130,5241,5304,5706,6155,6440,6714,6844,7144]","[4680,4912,4937,5116,5236,5242,5356,5448,5575,6043,6473,6951,7141,7582,7777]","[3877399,3877399,3877399,3877399,3877399,3877399,3877399,3877399,3877399,3877399,3877399,3877399,3877399,3877399,3877399]","[1148461,1148461,1148461,1148461,1148461,1148461,1148461,1148461,1148461,1148461,1148461,1148461,1148461,1148461,1148461]","{""semantic_component_batches"":1,""semantic_component_jobs"":2,""max_semantic_component_workers"":1,""inference_regions"":40,""canonical_specialization_queries"":8,""canonical_specialization_hits"":7,""solver_requested_bytes"":85816,""solver_allocations"":306,""scratch_requested_bytes"":110092,""scratch_allocations"":609,""max_solver_live_bytes"":3708,""max_scratch_live_bytes"":5072,""evidence_import_solver_bytes"":932,""evidence_import_scratch_bytes"":3072,""snapshot_copy_bytes"":0,""snapshot_copy_allocations"":0,""principal_copy_buffer_bytes"":0,""principal_copy_buffer_allocations"":0,""frozen_capture_temporary_bytes"":0,""frozen_capture_published_bytes"":24,""frozen_edge_scratch_bytes"":48,""region_scopes"":84,""max_region_scopes"":9,""call_collections_closed"":17,""call_collections_unresolved"":0,""call_memo_hits"":52,""solver_passes"":53,""solver_constraint_visits"":58,""occurs_steps"":12}"
build/bench/cloud-principal-graphs/lexical-sources/aggregate-separate-8-valid.blot,7c66f1523d670223f71a0744d01854dcb9050579a01696a66f73f42503b27d01,workers-2,"[4674,4810,4906,5040,5152,5218,5251,5389,5488,5592,5606,5859,6180,9321,12004]","[4902,5016,5109,5306,5315,5389,5516,5678,5698,5797,5867,6379,6639,10270,12311]","[3990775,3990775,3990775,3990775,3990775,3990775,3990775,3990775,3990775,3990775,3990775,3990775,3990775,3990775,3990775]","[1148461,1148461,1148461,1148461,1148461,1148461,1148461,1148461,1148461,1148461,1148461,1148461,1148461,1148461,1148461]","{""semantic_component_batches"":1,""semantic_component_jobs"":2,""max_semantic_component_workers"":2,""inference_regions"":40,""canonical_specialization_queries"":8,""canonical_specialization_hits"":7,""solver_requested_bytes"":85816,""solver_allocations"":306,""scratch_requested_bytes"":110092,""scratch_allocations"":609,""max_solver_live_bytes"":3708,""max_scratch_live_bytes"":5072,""evidence_import_solver_bytes"":932,""evidence_import_scratch_bytes"":3072,""snapshot_copy_bytes"":0,""snapshot_copy_allocations"":0,""principal_copy_buffer_bytes"":0,""principal_copy_buffer_allocations"":0,""frozen_capture_temporary_bytes"":0,""frozen_capture_published_bytes"":24,""frozen_edge_scratch_bytes"":48,""region_scopes"":84,""max_region_scopes"":9,""call_collections_closed"":17,""call_collections_unresolved"":0,""call_memo_hits"":52,""solver_passes"":53,""solver_constraint_visits"":58,""occurs_steps"":12}"
build/bench/cloud-principal-graphs/lexical-sources/aggregate-separate-8-valid.blot,7c66f1523d670223f71a0744d01854dcb9050579a01696a66f73f42503b27d01,workers-4,"[5161,5169,5265,5272,5298,5352,5393,5493,5504,5545,5595,5600,5767,6098,7960]","[5355,5402,5424,5546,5551,5595,5664,5742,5844,5936,5969,6084,6109,6445,8389]","[3877399,3990775,3990775,3990775,3990775,3990775,3990775,3990775,3990775,3990775,3990775,3990775,3990775,3990775,3990775]","[1148461,1148461,1148461,1148461,1148461,1148461,1148461,1148461,1148461,1148461,1148461,1148461,1148461,1148461,1148461]","{""semantic_component_batches"":1,""semantic_component_jobs"":2,""max_semantic_component_workers"":2,""inference_regions"":40,""canonical_specialization_queries"":8,""canonical_specialization_hits"":7,""solver_requested_bytes"":85816,""solver_allocations"":306,""scratch_requested_bytes"":110092,""scratch_allocations"":609,""max_solver_live_bytes"":3708,""max_scratch_live_bytes"":5072,""evidence_import_solver_bytes"":932,""evidence_import_scratch_bytes"":3072,""snapshot_copy_bytes"":0,""snapshot_copy_allocations"":0,""principal_copy_buffer_bytes"":0,""principal_copy_buffer_allocations"":0,""frozen_capture_temporary_bytes"":0,""frozen_capture_published_bytes"":24,""frozen_edge_scratch_bytes"":48,""region_scopes"":84,""max_region_scopes"":9,""call_collections_closed"":17,""call_collections_unresolved"":0,""call_memo_hits"":52,""solver_passes"":53,""solver_constraint_visits"":58,""occurs_steps"":12}"
build/bench/cloud-principal-graphs/lexical-sources/aggregate-separate-8-valid.blot,7c66f1523d670223f71a0744d01854dcb9050579a01696a66f73f42503b27d01,workers-8,"[4876,4972,5051,5215,5376,5381,5398,5405,5445,5560,5587,5850,6702,7521,8406]","[5054,5196,5234,5430,5536,5590,5730,5736,5813,5890,6067,7038,7855,8770,9566]","[3877399,3990775,3990775,3990775,3990775,3990775,3990775,3990775,3990775,3990775,3990775,3990775,3990775,3990775,3990775]","[1148461,1148461,1148461,1148461,1148461,1148461,1148461,1148461,1148461,1148461,1148461,1148461,1148461,1148461,1148461]","{""semantic_component_batches"":1,""semantic_component_jobs"":2,""max_semantic_component_workers"":2,""inference_regions"":40,""canonical_specialization_queries"":8,""canonical_specialization_hits"":7,""solver_requested_bytes"":85816,""solver_allocations"":306,""scratch_requested_bytes"":110092,""scratch_allocations"":609,""max_solver_live_bytes"":3708,""max_scratch_live_bytes"":5072,""evidence_import_solver_bytes"":932,""evidence_import_scratch_bytes"":3072,""snapshot_copy_bytes"":0,""snapshot_copy_allocations"":0,""principal_copy_buffer_bytes"":0,""principal_copy_buffer_allocations"":0,""frozen_capture_temporary_bytes"":0,""frozen_capture_published_bytes"":24,""frozen_edge_scratch_bytes"":48,""region_scopes"":84,""max_region_scopes"":9,""call_collections_closed"":17,""call_collections_unresolved"":0,""call_memo_hits"":52,""solver_passes"":53,""solver_constraint_visits"":58,""occurs_steps"":12}"
build/bench/cloud-principal-graphs/lexical-sources/aggregate-shared-128-valid.blot,2879e4c25e62d08616f31a5f89fd1370db6d27378d44f2d47fc2e89781b12cce,baseline,"[10542,10641,10744,10779,11081,11125,11483,11562,11579,11874,12167,12268,14658,14953,17746]","[10785,10909,11011,11071,11350,11569,11780,11938,12144,12201,12456,12575,15090,15336,18786]","[8809128,8809128,8809128,8809128,8809128,8809128,8809128,8809128,8809128,8809128,8809128,8809128,8809128,8809128,8809128]","[2059280,2059280,2059280,2059280,2059280,2059280,2059280,2059280,2059280,2059280,2059280,2059280,2059280,2059280,2059280]","{""inference_regions"":520,""canonical_specialization_queries"":128,""canonical_specialization_hits"":127,""solver_requested_bytes"":1037996,""solver_allocations"":3305,""scratch_requested_bytes"":1042908,""scratch_allocations"":6421,""max_solver_live_bytes"":3708,""max_scratch_live_bytes"":5072,""evidence_import_solver_bytes"":932,""evidence_import_scratch_bytes"":33792,""snapshot_copy_bytes"":0,""snapshot_copy_allocations"":0,""principal_copy_buffer_bytes"":0,""principal_copy_buffer_allocations"":0,""frozen_capture_temporary_bytes"":0,""frozen_capture_published_bytes"":16,""frozen_edge_scratch_bytes"":32,""region_scopes"":921,""max_region_scopes"":6,""call_collections_closed"":257,""call_collections_unresolved"":0,""call_memo_hits"":772,""solver_passes"":533,""solver_constraint_visits"":538,""occurs_steps"":12}"
build/bench/cloud-principal-graphs/lexical-sources/aggregate-shared-128-valid.blot,2879e4c25e62d08616f31a5f89fd1370db6d27378d44f2d47fc2e89781b12cce,default,"[10504,10863,10977,11001,11116,11159,11159,11279,11289,11471,11847,12704,13157,18403,28233]","[10960,11146,11271,11425,11449,11463,11536,11618,11682,12074,12210,13035,13472,18885,28600]","[8809128,8809128,8809128,8809128,8809128,8809128,8809128,8809128,8809128,8809128,8809128,8809128,8809128,8809128,8809128]","[2059280,2059280,2059280,2059280,2059280,2059280,2059280,2059280,2059280,2059280,2059280,2059280,2059280,2059280,2059280]","{""semantic_component_batches"":0,""semantic_component_jobs"":0,""max_semantic_component_workers"":0,""inference_regions"":520,""canonical_specialization_queries"":128,""canonical_specialization_hits"":127,""solver_requested_bytes"":1037996,""solver_allocations"":3305,""scratch_requested_bytes"":1042908,""scratch_allocations"":6421,""max_solver_live_bytes"":3708,""max_scratch_live_bytes"":5072,""evidence_import_solver_bytes"":932,""evidence_import_scratch_bytes"":33792,""snapshot_copy_bytes"":0,""snapshot_copy_allocations"":0,""principal_copy_buffer_bytes"":0,""principal_copy_buffer_allocations"":0,""frozen_capture_temporary_bytes"":0,""frozen_capture_published_bytes"":16,""frozen_edge_scratch_bytes"":32,""region_scopes"":921,""max_region_scopes"":6,""call_collections_closed"":257,""call_collections_unresolved"":0,""call_memo_hits"":772,""solver_passes"":533,""solver_constraint_visits"":538,""occurs_steps"":12}"
build/bench/cloud-principal-graphs/lexical-sources/aggregate-shared-128-valid.blot,2879e4c25e62d08616f31a5f89fd1370db6d27378d44f2d47fc2e89781b12cce,workers-1,"[10628,10718,10740,10842,11008,11263,11293,11403,11462,12131,12211,12513,13278,23110,23609]","[10890,10993,11108,11159,11533,11591,11674,11751,11814,12514,12602,12865,13818,23552,24251]","[8882408,8882408,8882408,8882408,8882408,8882408,8882408,8882408,8882408,8882408,8882408,8882408,8882408,8882408,8882408]","[2059280,2059280,2059280,2059280,2059280,2059280,2059280,2059280,2059280,2059280,2059280,2059280,2059280,2059280,2059280]","{""semantic_component_batches"":1,""semantic_component_jobs"":2,""max_semantic_component_workers"":1,""inference_regions"":520,""canonical_specialization_queries"":128,""canonical_specialization_hits"":127,""solver_requested_bytes"":1037996,""solver_allocations"":3305,""scratch_requested_bytes"":1042908,""scratch_allocations"":6421,""max_solver_live_bytes"":3708,""max_scratch_live_bytes"":5072,""evidence_import_solver_bytes"":932,""evidence_import_scratch_bytes"":33792,""snapshot_copy_bytes"":0,""snapshot_copy_allocations"":0,""principal_copy_buffer_bytes"":0,""principal_copy_buffer_allocations"":0,""frozen_capture_temporary_bytes"":0,""frozen_capture_published_bytes"":16,""frozen_edge_scratch_bytes"":32,""region_scopes"":921,""max_region_scopes"":6,""call_collections_closed"":257,""call_collections_unresolved"":0,""call_memo_hits"":772,""solver_passes"":533,""solver_constraint_visits"":538,""occurs_steps"":12}"
build/bench/cloud-principal-graphs/lexical-sources/aggregate-shared-128-valid.blot,2879e4c25e62d08616f31a5f89fd1370db6d27378d44f2d47fc2e89781b12cce,workers-2,"[10596,11212,11231,11285,11345,11386,11535,11971,12377,13062,13112,13239,15676,18363,26047]","[10903,11545,11594,11621,11672,11809,11881,12665,12956,13313,13577,13595,16176,19308,26363]","[8962464,8962464,8962464,8962464,8962464,8962464,8962464,8962464,8962464,8962464,8962464,8962464,8962464,8962464,8962464]","[2059280,2059280,2059280,2059280,2059280,2059280,2059280,2059280,2059280,2059280,2059280,2059280,2059280,2059280,2059280]","{""semantic_component_batches"":1,""semantic_component_jobs"":2,""max_semantic_component_workers"":2,""inference_regions"":520,""canonical_specialization_queries"":128,""canonical_specialization_hits"":127,""solver_requested_bytes"":1037996,""solver_allocations"":3305,""scratch_requested_bytes"":1042908,""scratch_allocations"":6421,""max_solver_live_bytes"":3708,""max_scratch_live_bytes"":5072,""evidence_import_solver_bytes"":932,""evidence_import_scratch_bytes"":33792,""snapshot_copy_bytes"":0,""snapshot_copy_allocations"":0,""principal_copy_buffer_bytes"":0,""principal_copy_buffer_allocations"":0,""frozen_capture_temporary_bytes"":0,""frozen_capture_published_bytes"":16,""frozen_edge_scratch_bytes"":32,""region_scopes"":921,""max_region_scopes"":6,""call_collections_closed"":257,""call_collections_unresolved"":0,""call_memo_hits"":772,""solver_passes"":533,""solver_constraint_visits"":538,""occurs_steps"":12}"
build/bench/cloud-principal-graphs/lexical-sources/aggregate-shared-128-valid.blot,2879e4c25e62d08616f31a5f89fd1370db6d27378d44f2d47fc2e89781b12cce,workers-4,"[10306,10804,10849,11077,11176,11254,11438,11541,11867,11994,13289,13791,13938,16701,20528]","[10568,11161,11311,11335,11477,11482,11663,11886,12297,13004,13879,13951,14150,16984,21365]","[8962464,8962464,8962464,8962464,8962464,8962464,8962464,8962464,8962464,8962464,8962464,8962464,8962464,8962464,8962464]","[2059280,2059280,2059280,2059280,2059280,2059280,2059280,2059280,2059280,2059280,2059280,2059280,2059280,2059280,2059280]","{""semantic_component_batches"":1,""semantic_component_jobs"":2,""max_semantic_component_workers"":2,""inference_regions"":520,""canonical_specialization_queries"":128,""canonical_specialization_hits"":127,""solver_requested_bytes"":1037996,""solver_allocations"":3305,""scratch_requested_bytes"":1042908,""scratch_allocations"":6421,""max_solver_live_bytes"":3708,""max_scratch_live_bytes"":5072,""evidence_import_solver_bytes"":932,""evidence_import_scratch_bytes"":33792,""snapshot_copy_bytes"":0,""snapshot_copy_allocations"":0,""principal_copy_buffer_bytes"":0,""principal_copy_buffer_allocations"":0,""frozen_capture_temporary_bytes"":0,""frozen_capture_published_bytes"":16,""frozen_edge_scratch_bytes"":32,""region_scopes"":921,""max_region_scopes"":6,""call_collections_closed"":257,""call_collections_unresolved"":0,""call_memo_hits"":772,""solver_passes"":533,""solver_constraint_visits"":538,""occurs_steps"":12}"
build/bench/cloud-principal-graphs/lexical-sources/aggregate-shared-128-valid.blot,2879e4c25e62d08616f31a5f89fd1370db6d27378d44f2d47fc2e89781b12cce,workers-8,"[10641,10861,10881,10935,11061,11091,11239,11362,11478,11896,12429,12881,13309,16167,20010]","[10869,11173,11216,11307,11320,11555,11558,11586,11927,12315,12811,13323,13652,16413,22808]","[8882408,8962464,8962464,8962464,8962464,8962464,8962464,8962464,8962464,8962464,8962464,8962464,8962464,8962464,8962464]","[2059280,2059280,2059280,2059280,2059280,2059280,2059280,2059280,2059280,2059280,2059280,2059280,2059280,2059280,2059280]","{""semantic_component_batches"":1,""semantic_component_jobs"":2,""max_semantic_component_workers"":2,""inference_regions"":520,""canonical_specialization_queries"":128,""canonical_specialization_hits"":127,""solver_requested_bytes"":1037996,""solver_allocations"":3305,""scratch_requested_bytes"":1042908,""scratch_allocations"":6421,""max_solver_live_bytes"":3708,""max_scratch_live_bytes"":5072,""evidence_import_solver_bytes"":932,""evidence_import_scratch_bytes"":33792,""snapshot_copy_bytes"":0,""snapshot_copy_allocations"":0,""principal_copy_buffer_bytes"":0,""principal_copy_buffer_allocations"":0,""frozen_capture_temporary_bytes"":0,""frozen_capture_published_bytes"":16,""frozen_edge_scratch_bytes"":32,""region_scopes"":921,""max_region_scopes"":6,""call_collections_closed"":257,""call_collections_unresolved"":0,""call_memo_hits"":772,""solver_passes"":533,""solver_constraint_visits"":538,""occurs_steps"":12}"
build/bench/cloud-principal-graphs/lexical-sources/aggregate-shared-32-valid.blot,1a829cebf538f08244072bc6372b560ca0348aa44a4c798ef43cf2021a4ee889,baseline,"[5964,6042,6078,6131,6249,6251,6321,6378,6684,6693,6719,6871,7012,7331,8088]","[6248,6341,6366,6389,6523,6542,6619,6642,7006,7043,7108,7157,7492,7609,8421]","[4838314,4838314,4838314,4838314,4838314,4838314,4838314,4838314,4838314,4838314,4838314,4838314,4838314,4838314,4838314]","[1314335,1314335,1314335,1314335,1314335,1314335,1314335,1314335,1314335,1314335,1314335,1314335,1314335,1314335,1314335]","{""inference_regions"":136,""canonical_specialization_queries"":32,""canonical_specialization_hits"":31,""solver_requested_bytes"":276140,""solver_allocations"":905,""scratch_requested_bytes"":287196,""scratch_allocations"":1717,""max_solver_live_bytes"":3708,""max_scratch_live_bytes"":5072,""evidence_import_solver_bytes"":932,""evidence_import_scratch_bytes"":9216,""snapshot_copy_bytes"":0,""snapshot_copy_allocations"":0,""principal_copy_buffer_bytes"":0,""principal_copy_buffer_allocations"":0,""frozen_capture_temporary_bytes"":0,""frozen_capture_published_bytes"":16,""frozen_edge_scratch_bytes"":32,""region_scopes"":249,""max_region_scopes"":6,""call_collections_closed"":65,""call_collections_unresolved"":0,""call_memo_hits"":196,""solver_passes"":149,""solver_constraint_visits"":154,""occurs_steps"":12}"
build/bench/cloud-principal-graphs/lexical-sources/aggregate-shared-32-valid.blot,1a829cebf538f08244072bc6372b560ca0348aa44a4c798ef43cf2021a4ee889,default,"[5675,5820,5886,5982,6070,6157,6159,6187,6242,6263,6610,6844,6928,7001,8828]","[5928,6120,6131,6285,6344,6412,6418,6456,6476,6564,7119,7204,7243,7270,9135]","[4838314,4838314,4838314,4838314,4838314,4838314,4838314,4838314,4838314,4838314,4838314,4838314,4838314,4838314,4838314]","[1314335,1314335,1314335,1314335,1314335,1314335,1314335,1314335,1314335,1314335,1314335,1314335,1314335,1314335,1314335]","{""semantic_component_batches"":0,""semantic_component_jobs"":0,""max_semantic_component_workers"":0,""inference_regions"":136,""canonical_specialization_queries"":32,""canonical_specialization_hits"":31,""solver_requested_bytes"":276140,""solver_allocations"":905,""scratch_requested_bytes"":287196,""scratch_allocations"":1717,""max_solver_live_bytes"":3708,""max_scratch_live_bytes"":5072,""evidence_import_solver_bytes"":932,""evidence_import_scratch_bytes"":9216,""snapshot_copy_bytes"":0,""snapshot_copy_allocations"":0,""principal_copy_buffer_bytes"":0,""principal_copy_buffer_allocations"":0,""frozen_capture_temporary_bytes"":0,""frozen_capture_published_bytes"":16,""frozen_edge_scratch_bytes"":32,""region_scopes"":249,""max_region_scopes"":6,""call_collections_closed"":65,""call_collections_unresolved"":0,""call_memo_hits"":196,""solver_passes"":149,""solver_constraint_visits"":154,""occurs_steps"":12}"
build/bench/cloud-principal-graphs/lexical-sources/aggregate-shared-32-valid.blot,1a829cebf538f08244072bc6372b560ca0348aa44a4c798ef43cf2021a4ee889,workers-1,"[5524,5643,5848,5912,5967,6041,6065,6098,6190,6340,6349,6351,6525,6699,9663]","[5762,6096,6152,6154,6164,6326,6338,6380,6480,6585,6693,6795,6851,7119,10028]","[4911586,4911586,4911586,4911586,4911586,4911586,4911586,4911586,4911586,4911586,4911586,4911586,4911586,4911586,4911586]","[1314335,1314335,1314335,1314335,1314335,1314335,1314335,1314335,1314335,1314335,1314335,1314335,1314335,1314335,1314335]","{""semantic_component_batches"":1,""semantic_component_jobs"":2,""max_semantic_component_workers"":1,""inference_regions"":136,""canonical_specialization_queries"":32,""canonical_specialization_hits"":31,""solver_requested_bytes"":276140,""solver_allocations"":905,""scratch_requested_bytes"":287196,""scratch_allocations"":1717,""max_solver_live_bytes"":3708,""max_scratch_live_bytes"":5072,""evidence_import_solver_bytes"":932,""evidence_import_scratch_bytes"":9216,""snapshot_copy_bytes"":0,""snapshot_copy_allocations"":0,""principal_copy_buffer_bytes"":0,""principal_copy_buffer_allocations"":0,""frozen_capture_temporary_bytes"":0,""frozen_capture_published_bytes"":16,""frozen_edge_scratch_bytes"":32,""region_scopes"":249,""max_region_scopes"":6,""call_collections_closed"":65,""call_collections_unresolved"":0,""call_memo_hits"":196,""solver_passes"":149,""solver_constraint_visits"":154,""occurs_steps"":12}"
build/bench/cloud-principal-graphs/lexical-sources/aggregate-shared-32-valid.blot,1a829cebf538f08244072bc6372b560ca0348aa44a4c798ef43cf2021a4ee889,workers-2,"[5833,6165,6238,6276,6329,6363,6385,6419,6451,6451,6533,6540,6739,6913,7405]","[6006,6348,6458,6475,6537,6579,6642,6707,6719,6856,6919,6920,7011,7202,7625]","[4911586,4991634,4991634,4991634,4991634,4991634,4991634,4991634,4991634,4991634,4991634,4991634,4991634,4991634,4991634]","[1314335,1314335,1314335,1314335,1314335,1314335,1314335,1314335,1314335,1314335,1314335,1314335,1314335,1314335,1314335]","{""semantic_component_batches"":1,""semantic_component_jobs"":2,""max_semantic_component_workers"":2,""inference_regions"":136,""canonical_specialization_queries"":32,""canonical_specialization_hits"":31,""solver_requested_bytes"":276140,""solver_allocations"":905,""scratch_requested_bytes"":287196,""scratch_allocations"":1717,""max_solver_live_bytes"":3708,""max_scratch_live_bytes"":5072,""evidence_import_solver_bytes"":932,""evidence_import_scratch_bytes"":9216,""snapshot_copy_bytes"":0,""snapshot_copy_allocations"":0,""principal_copy_buffer_bytes"":0,""principal_copy_buffer_allocations"":0,""frozen_capture_temporary_bytes"":0,""frozen_capture_published_bytes"":16,""frozen_edge_scratch_bytes"":32,""region_scopes"":249,""max_region_scopes"":6,""call_collections_closed"":65,""call_collections_unresolved"":0,""call_memo_hits"":196,""solver_passes"":149,""solver_constraint_visits"":154,""occurs_steps"":12}"
build/bench/cloud-principal-graphs/lexical-sources/aggregate-shared-32-valid.blot,1a829cebf538f08244072bc6372b560ca0348aa44a4c798ef43cf2021a4ee889,workers-4,"[5986,6089,6279,6369,6494,6613,6689,6785,6874,6927,6939,7018,7095,9238,12395]","[6222,6346,6465,6650,6860,6999,7031,7057,7106,7197,7407,7416,7465,9541,12929]","[4991634,4991634,4991634,4991634,4991634,4991634,4991634,4991634,4991634,4991634,4991634,4991634,4991634,4991634,4991634]","[1314335,1314335,1314335,1314335,1314335,1314335,1314335,1314335,1314335,1314335,1314335,1314335,1314335,1314335,1314335]","{""semantic_component_batches"":1,""semantic_component_jobs"":2,""max_semantic_component_workers"":2,""inference_regions"":136,""canonical_specialization_queries"":32,""canonical_specialization_hits"":31,""solver_requested_bytes"":276140,""solver_allocations"":905,""scratch_requested_bytes"":287196,""scratch_allocations"":1717,""max_solver_live_bytes"":3708,""max_scratch_live_bytes"":5072,""evidence_import_solver_bytes"":932,""evidence_import_scratch_bytes"":9216,""snapshot_copy_bytes"":0,""snapshot_copy_allocations"":0,""principal_copy_buffer_bytes"":0,""principal_copy_buffer_allocations"":0,""frozen_capture_temporary_bytes"":0,""frozen_capture_published_bytes"":16,""frozen_edge_scratch_bytes"":32,""region_scopes"":249,""max_region_scopes"":6,""call_collections_closed"":65,""call_collections_unresolved"":0,""call_memo_hits"":196,""solver_passes"":149,""solver_constraint_visits"":154,""occurs_steps"":12}"
build/bench/cloud-principal-graphs/lexical-sources/aggregate-shared-32-valid.blot,1a829cebf538f08244072bc6372b560ca0348aa44a4c798ef43cf2021a4ee889,workers-8,"[6059,6211,6237,6287,6329,6707,6751,6826,6906,7153,7182,7219,7674,8109,10959]","[6325,6442,6523,6531,6700,6898,7068,7078,7178,7445,7553,7796,7943,8395,11336]","[4991634,4991634,4991634,4991634,4991634,4991634,4991634,4991634,4991634,4991634,4991634,4991634,4991634,4991634,4991634]","[1314335,1314335,1314335,1314335,1314335,1314335,1314335,1314335,1314335,1314335,1314335,1314335,1314335,1314335,1314335]","{""semantic_component_batches"":1,""semantic_component_jobs"":2,""max_semantic_component_workers"":2,""inference_regions"":136,""canonical_specialization_queries"":32,""canonical_specialization_hits"":31,""solver_requested_bytes"":276140,""solver_allocations"":905,""scratch_requested_bytes"":287196,""scratch_allocations"":1717,""max_solver_live_bytes"":3708,""max_scratch_live_bytes"":5072,""evidence_import_solver_bytes"":932,""evidence_import_scratch_bytes"":9216,""snapshot_copy_bytes"":0,""snapshot_copy_allocations"":0,""principal_copy_buffer_bytes"":0,""principal_copy_buffer_allocations"":0,""frozen_capture_temporary_bytes"":0,""frozen_capture_published_bytes"":16,""frozen_edge_scratch_bytes"":32,""region_scopes"":249,""max_region_scopes"":6,""call_collections_closed"":65,""call_collections_unresolved"":0,""call_memo_hits"":196,""solver_passes"":149,""solver_constraint_visits"":154,""occurs_steps"":12}"
build/bench/cloud-principal-graphs/lexical-sources/aggregate-shared-8-valid.blot,38595d9e394b2433257f47112c119f6dd6e6590495341326680afc9881ff4d6f,baseline,"[4676,4706,4771,4823,4867,4878,4999,5058,5319,5461,5528,5734,5788,6077,6310]","[4875,4996,5105,5106,5112,5191,5249,5298,5750,5857,5902,6044,6120,6428,6556]","[3723242,3723242,3723242,3723242,3723242,3723242,3723242,3723242,3723242,3723242,3723242,3723242,3723242,3723242,3723242]","[1145393,1145393,1145393,1145393,1145393,1145393,1145393,1145393,1145393,1145393,1145393,1145393,1145393,1145393,1145393]","{""inference_regions"":40,""canonical_specialization_queries"":8,""canonical_specialization_hits"":7,""solver_requested_bytes"":85676,""solver_allocations"":305,""scratch_requested_bytes"":98268,""scratch_allocations"":541,""max_solver_live_bytes"":3708,""max_scratch_live_bytes"":5072,""evidence_import_solver_bytes"":932,""evidence_import_scratch_bytes"":3072,""snapshot_copy_bytes"":0,""snapshot_copy_allocations"":0,""principal_copy_buffer_bytes"":0,""principal_copy_buffer_allocations"":0,""frozen_capture_temporary_bytes"":0,""frozen_capture_published_bytes"":16,""frozen_edge_scratch_bytes"":32,""region_scopes"":81,""max_region_scopes"":6,""call_collections_closed"":17,""call_collections_unresolved"":0,""call_memo_hits"":52,""solver_passes"":53,""solver_constraint_visits"":58,""occurs_steps"":12}"
build/bench/cloud-principal-graphs/lexical-sources/aggregate-shared-8-valid.blot,38595d9e394b2433257f47112c119f6dd6e6590495341326680afc9881ff4d6f,default,"[4572,4885,4887,4970,4976,5016,5061,5068,5120,5149,5188,5241,5823,6759,9097]","[4813,5190,5218,5220,5254,5278,5350,5359,5364,5374,5420,5549,6205,7010,9416]","[3723242,3723242,3723242,3723242,3723242,3723242,3723242,3723242,3723242,3723242,3723242,3723242,3723242,3723242,3723242]","[1145393,1145393,1145393,1145393,1145393,1145393,1145393,1145393,1145393,1145393,1145393,1145393,1145393,1145393,1145393]","{""semantic_component_batches"":0,""semantic_component_jobs"":0,""max_semantic_component_workers"":0,""inference_regions"":40,""canonical_specialization_queries"":8,""canonical_specialization_hits"":7,""solver_requested_bytes"":85676,""solver_allocations"":305,""scratch_requested_bytes"":98268,""scratch_allocations"":541,""max_solver_live_bytes"":3708,""max_scratch_live_bytes"":5072,""evidence_import_solver_bytes"":932,""evidence_import_scratch_bytes"":3072,""snapshot_copy_bytes"":0,""snapshot_copy_allocations"":0,""principal_copy_buffer_bytes"":0,""principal_copy_buffer_allocations"":0,""frozen_capture_temporary_bytes"":0,""frozen_capture_published_bytes"":16,""frozen_edge_scratch_bytes"":32,""region_scopes"":81,""max_region_scopes"":6,""call_collections_closed"":17,""call_collections_unresolved"":0,""call_memo_hits"":52,""solver_passes"":53,""solver_constraint_visits"":58,""occurs_steps"":12}"
build/bench/cloud-principal-graphs/lexical-sources/aggregate-shared-8-valid.blot,38595d9e394b2433257f47112c119f6dd6e6590495341326680afc9881ff4d6f,workers-1,"[4574,4628,4692,4716,4721,4724,4764,4862,4973,5020,5153,5186,5380,5673,6847]","[4801,4939,4941,4956,4957,5022,5042,5082,5234,5272,5627,5638,5674,5926,7084]","[3829810,3829810,3829810,3829810,3829810,3829810,3829810,3829810,3829810,3829810,3829810,3829810,3829810,3829810,3829810]","[1145393,1145393,1145393,1145393,1145393,1145393,1145393,1145393,1145393,1145393,1145393,1145393,1145393,1145393,1145393]","{""semantic_component_batches"":1,""semantic_component_jobs"":2,""max_semantic_component_workers"":1,""inference_regions"":40,""canonical_specialization_queries"":8,""canonical_specialization_hits"":7,""solver_requested_bytes"":85676,""solver_allocations"":305,""scratch_requested_bytes"":98268,""scratch_allocations"":541,""max_solver_live_bytes"":3708,""max_scratch_live_bytes"":5072,""evidence_import_solver_bytes"":932,""evidence_import_scratch_bytes"":3072,""snapshot_copy_bytes"":0,""snapshot_copy_allocations"":0,""principal_copy_buffer_bytes"":0,""principal_copy_buffer_allocations"":0,""frozen_capture_temporary_bytes"":0,""frozen_capture_published_bytes"":16,""frozen_edge_scratch_bytes"":32,""region_scopes"":81,""max_region_scopes"":6,""call_collections_closed"":17,""call_collections_unresolved"":0,""call_memo_hits"":52,""solver_passes"":53,""solver_constraint_visits"":58,""occurs_steps"":12}"
build/bench/cloud-principal-graphs/lexical-sources/aggregate-shared-8-valid.blot,38595d9e394b2433257f47112c119f6dd6e6590495341326680afc9881ff4d6f,workers-2,"[4923,4935,5017,5155,5240,5280,5309,5352,5447,5512,5518,5526,5587,5736,5853]","[5142,5286,5355,5374,5374,5503,5503,5579,5674,5685,5705,5821,5875,5952,6063]","[3943154,3943154,3943154,3943154,3943154,3943154,3943154,3943154,3943154,3943154,3943154,3943154,3943154,3943154,3943154]","[1145393,1145393,1145393,1145393,1145393,1145393,1145393,1145393,1145393,1145393,1145393,1145393,1145393,1145393,1145393]","{""semantic_component_batches"":1,""semantic_component_jobs"":2,""max_semantic_component_workers"":2,""inference_regions"":40,""canonical_specialization_queries"":8,""canonical_specialization_hits"":7,""solver_requested_bytes"":85676,""solver_allocations"":305,""scratch_requested_bytes"":98268,""scratch_allocations"":541,""max_solver_live_bytes"":3708,""max_scratch_live_bytes"":5072,""evidence_import_solver_bytes"":932,""evidence_import_scratch_bytes"":3072,""snapshot_copy_bytes"":0,""snapshot_copy_allocations"":0,""principal_copy_buffer_bytes"":0,""principal_copy_buffer_allocations"":0,""frozen_capture_temporary_bytes"":0,""frozen_capture_published_bytes"":16,""frozen_edge_scratch_bytes"":32,""region_scopes"":81,""max_region_scopes"":6,""call_collections_closed"":17,""call_collections_unresolved"":0,""call_memo_hits"":52,""solver_passes"":53,""solver_constraint_visits"":58,""occurs_steps"":12}"
build/bench/cloud-principal-graphs/lexical-sources/aggregate-shared-8-valid.blot,38595d9e394b2433257f47112c119f6dd6e6590495341326680afc9881ff4d6f,workers-4,"[4920,4977,5055,5099,5191,5266,5342,5391,5469,5544,5743,5765,5823,6038,7806]","[5136,5297,5314,5329,5482,5528,5529,5629,5906,6053,6074,6079,6195,6309,7985]","[3943154,3943154,3943154,3943154,3943154,3943154,3943154,3943154,3943154,3943154,3943154,3943154,3943154,3943154,3943154]","[1145393,1145393,1145393,1145393,1145393,1145393,1145393,1145393,1145393,1145393,1145393,1145393,1145393,1145393,1145393]","{""semantic_component_batches"":1,""semantic_component_jobs"":2,""max_semantic_component_workers"":2,""inference_regions"":40,""canonical_specialization_queries"":8,""canonical_specialization_hits"":7,""solver_requested_bytes"":85676,""solver_allocations"":305,""scratch_requested_bytes"":98268,""scratch_allocations"":541,""max_solver_live_bytes"":3708,""max_scratch_live_bytes"":5072,""evidence_import_solver_bytes"":932,""evidence_import_scratch_bytes"":3072,""snapshot_copy_bytes"":0,""snapshot_copy_allocations"":0,""principal_copy_buffer_bytes"":0,""principal_copy_buffer_allocations"":0,""frozen_capture_temporary_bytes"":0,""frozen_capture_published_bytes"":16,""frozen_edge_scratch_bytes"":32,""region_scopes"":81,""max_region_scopes"":6,""call_collections_closed"":17,""call_collections_unresolved"":0,""call_memo_hits"":52,""solver_passes"":53,""solver_constraint_visits"":58,""occurs_steps"":12}"
build/bench/cloud-principal-graphs/lexical-sources/aggregate-shared-8-valid.blot,38595d9e394b2433257f47112c119f6dd6e6590495341326680afc9881ff4d6f,workers-8,"[4903,5012,5037,5080,5143,5148,5288,5384,5748,5773,5775,5803,6016,7510,9935]","[5105,5264,5275,5418,5564,5580,5604,5794,5934,5938,6003,6013,6314,7856,10202]","[3943154,3943154,3943154,3943154,3943154,3943154,3943154,3943154,3943154,3943154,3943154,3943154,3943154,3943154,3943154]","[1145393,1145393,1145393,1145393,1145393,1145393,1145393,1145393,1145393,1145393,1145393,1145393,1145393,1145393,1145393]","{""semantic_component_batches"":1,""semantic_component_jobs"":2,""max_semantic_component_workers"":2,""inference_regions"":40,""canonical_specialization_queries"":8,""canonical_specialization_hits"":7,""solver_requested_bytes"":85676,""solver_allocations"":305,""scratch_requested_bytes"":98268,""scratch_allocations"":541,""max_solver_live_bytes"":3708,""max_scratch_live_bytes"":5072,""evidence_import_solver_bytes"":932,""evidence_import_scratch_bytes"":3072,""snapshot_copy_bytes"":0,""snapshot_copy_allocations"":0,""principal_copy_buffer_bytes"":0,""principal_copy_buffer_allocations"":0,""frozen_capture_temporary_bytes"":0,""frozen_capture_published_bytes"":16,""frozen_edge_scratch_bytes"":32,""region_scopes"":81,""max_region_scopes"":6,""call_collections_closed"":17,""call_collections_unresolved"":0,""call_memo_hits"":52,""solver_passes"":53,""solver_constraint_visits"":58,""occurs_steps"":12}"
build/bench/cloud-principal-graphs/lexical-sources/anonymous-128-valid.blot,13e4421c0acc7feb2174b022617801ce0098cef8556efcc888034508ea64b907,baseline,"[10017,10105,10713,11054,11140,11163,11606,11607,11714,11987,12002,12020,12898,14020,14282]","[10263,10345,10970,11393,11447,11461,11942,11954,11965,12258,12261,12313,13430,14491,14590]","[8745327,8745327,8745327,8745327,8745327,8745327,8745327,8745327,8745327,8745327,8745327,8745327,8745327,8745327,8745327]","[1865384,1865384,1865384,1865384,1865384,1865384,1865384,1865384,1865384,1865384,1865384,1865384,1865384,1865384,1865384]","{""inference_regions"":521,""canonical_specialization_queries"":128,""canonical_specialization_hits"":126,""solver_requested_bytes"":1078528,""solver_allocations"":3120,""scratch_requested_bytes"":1450840,""scratch_allocations"":8421,""max_solver_live_bytes"":3264,""max_scratch_live_bytes"":3384,""evidence_import_solver_bytes"":71680,""evidence_import_scratch_bytes"":16896,""snapshot_copy_bytes"":0,""snapshot_copy_allocations"":0,""principal_copy_buffer_bytes"":160768,""principal_copy_buffer_allocations"":2304,""frozen_capture_temporary_bytes"":0,""frozen_capture_published_bytes"":8,""frozen_edge_scratch_bytes"":0,""region_scopes"":1163,""max_region_scopes"":4,""call_collections_closed"":257,""call_collections_unresolved"":0,""call_memo_hits"":516,""solver_passes"":398,""solver_constraint_visits"":266,""occurs_steps"":0}"
build/bench/cloud-principal-graphs/lexical-sources/anonymous-128-valid.blot,13e4421c0acc7feb2174b022617801ce0098cef8556efcc888034508ea64b907,default,"[10053,10216,10377,10442,10497,10537,10722,10810,10828,11404,12025,12650,14891,15696,16879]","[10455,10512,10731,10754,10810,10843,11016,11090,11168,11820,12305,12971,15263,16053,17187]","[8745327,8745327,8745327,8745327,8745327,8745327,8745327,8745327,8745327,8745327,8745327,8745327,8745327,8745327,8745327]","[1865384,1865384,1865384,1865384,1865384,1865384,1865384,1865384,1865384,1865384,1865384,1865384,1865384,1865384,1865384]","{""semantic_component_batches"":0,""semantic_component_jobs"":0,""max_semantic_component_workers"":0,""inference_regions"":521,""canonical_specialization_queries"":128,""canonical_specialization_hits"":126,""solver_requested_bytes"":1078528,""solver_allocations"":3120,""scratch_requested_bytes"":1450840,""scratch_allocations"":8421,""max_solver_live_bytes"":3264,""max_scratch_live_bytes"":3384,""evidence_import_solver_bytes"":71680,""evidence_import_scratch_bytes"":16896,""snapshot_copy_bytes"":0,""snapshot_copy_allocations"":0,""principal_copy_buffer_bytes"":160768,""principal_copy_buffer_allocations"":2304,""frozen_capture_temporary_bytes"":0,""frozen_capture_published_bytes"":8,""frozen_edge_scratch_bytes"":0,""region_scopes"":1163,""max_region_scopes"":4,""call_collections_closed"":257,""call_collections_unresolved"":0,""call_memo_hits"":516,""solver_passes"":398,""solver_constraint_visits"":266,""occurs_steps"":0}"
build/bench/cloud-principal-graphs/lexical-sources/anonymous-128-valid.blot,13e4421c0acc7feb2174b022617801ce0098cef8556efcc888034508ea64b907,workers-1,"[9982,10054,10071,10179,10199,10369,10521,10570,10690,10842,11510,11510,11557,11643,13224]","[10269,10352,10461,10471,10643,10647,10947,10965,11094,11151,11822,11873,11953,12144,13604]","[8816487,8816487,8816487,8816487,8816487,8816487,8816487,8816487,8816487,8816487,8816487,8816487,8816487,8816487,8816487]","[1865384,1865384,1865384,1865384,1865384,1865384,1865384,1865384,1865384,1865384,1865384,1865384,1865384,1865384,1865384]","{""semantic_component_batches"":1,""semantic_component_jobs"":2,""max_semantic_component_workers"":1,""inference_regions"":521,""canonical_specialization_queries"":128,""canonical_specialization_hits"":126,""solver_requested_bytes"":1078528,""solver_allocations"":3120,""scratch_requested_bytes"":1450840,""scratch_allocations"":8421,""max_solver_live_bytes"":3264,""max_scratch_live_bytes"":3384,""evidence_import_solver_bytes"":71680,""evidence_import_scratch_bytes"":16896,""snapshot_copy_bytes"":0,""snapshot_copy_allocations"":0,""principal_copy_buffer_bytes"":160768,""principal_copy_buffer_allocations"":2304,""frozen_capture_temporary_bytes"":0,""frozen_capture_published_bytes"":8,""frozen_edge_scratch_bytes"":0,""region_scopes"":1163,""max_region_scopes"":4,""call_collections_closed"":257,""call_collections_unresolved"":0,""call_memo_hits"":516,""solver_passes"":398,""solver_constraint_visits"":266,""occurs_steps"":0}"
build/bench/cloud-principal-graphs/lexical-sources/anonymous-128-valid.blot,13e4421c0acc7feb2174b022617801ce0098cef8556efcc888034508ea64b907,workers-2,"[10822,11023,11089,11170,11234,11345,11356,11365,11622,11716,11919,11945,12446,12564,15073]","[11165,11300,11386,11441,11522,11598,11598,11739,12198,12200,12265,12484,12741,12893,15319]","[8894543,8894543,8894543,8894543,8894543,8894543,8894543,8894543,8894543,8894543,8894543,8894543,8894543,8894543,8894543]","[1865384,1865384,1865384,1865384,1865384,1865384,1865384,1865384,1865384,1865384,1865384,1865384,1865384,1865384,1865384]","{""semantic_component_batches"":1,""semantic_component_jobs"":2,""max_semantic_component_workers"":2,""inference_regions"":521,""canonical_specialization_queries"":128,""canonical_specialization_hits"":126,""solver_requested_bytes"":1078528,""solver_allocations"":3120,""scratch_requested_bytes"":1450840,""scratch_allocations"":8421,""max_solver_live_bytes"":3264,""max_scratch_live_bytes"":3384,""evidence_import_solver_bytes"":71680,""evidence_import_scratch_bytes"":16896,""snapshot_copy_bytes"":0,""snapshot_copy_allocations"":0,""principal_copy_buffer_bytes"":160768,""principal_copy_buffer_allocations"":2304,""frozen_capture_temporary_bytes"":0,""frozen_capture_published_bytes"":8,""frozen_edge_scratch_bytes"":0,""region_scopes"":1163,""max_region_scopes"":4,""call_collections_closed"":257,""call_collections_unresolved"":0,""call_memo_hits"":516,""solver_passes"":398,""solver_constraint_visits"":266,""occurs_steps"":0}"
build/bench/cloud-principal-graphs/lexical-sources/anonymous-128-valid.blot,13e4421c0acc7feb2174b022617801ce0098cef8556efcc888034508ea64b907,workers-4,"[10019,10325,10687,10747,10905,11043,11226,11252,11358,11361,11400,11623,12714,12888,13692]","[10546,10673,11015,11304,11365,11406,11533,11536,11689,11708,11713,11901,13022,13187,14120]","[8816487,8816487,8894543,8894543,8894543,8894543,8894543,8894543,8894543,8894543,8894543,8894543,8894543,8894543,8894543]","[1865384,1865384,1865384,1865384,1865384,1865384,1865384,1865384,1865384,1865384,1865384,1865384,1865384,1865384,1865384]","{""semantic_component_batches"":1,""semantic_component_jobs"":2,""max_semantic_component_workers"":2,""inference_regions"":521,""canonical_specialization_queries"":128,""canonical_specialization_hits"":126,""solver_requested_bytes"":1078528,""solver_allocations"":3120,""scratch_requested_bytes"":1450840,""scratch_allocations"":8421,""max_solver_live_bytes"":3264,""max_scratch_live_bytes"":3384,""evidence_import_solver_bytes"":71680,""evidence_import_scratch_bytes"":16896,""snapshot_copy_bytes"":0,""snapshot_copy_allocations"":0,""principal_copy_buffer_bytes"":160768,""principal_copy_buffer_allocations"":2304,""frozen_capture_temporary_bytes"":0,""frozen_capture_published_bytes"":8,""frozen_edge_scratch_bytes"":0,""region_scopes"":1163,""max_region_scopes"":4,""call_collections_closed"":257,""call_collections_unresolved"":0,""call_memo_hits"":516,""solver_passes"":398,""solver_constraint_visits"":266,""occurs_steps"":0}"
build/bench/cloud-principal-graphs/lexical-sources/anonymous-128-valid.blot,13e4421c0acc7feb2174b022617801ce0098cef8556efcc888034508ea64b907,workers-8,"[9958,10376,10477,10498,10642,10793,10822,10954,11015,11178,11348,11518,11548,11801,12529]","[10212,10781,10938,11024,11031,11108,11217,11322,11349,11393,11710,11828,11844,12234,12759]","[8816487,8816487,8894543,8894543,8894543,8894543,8894543,8894543,8894543,8894543,8894543,8894543,8894543,8894543,8894543]","[1865384,1865384,1865384,1865384,1865384,1865384,1865384,1865384,1865384,1865384,1865384,1865384,1865384,1865384,1865384]","{""semantic_component_batches"":1,""semantic_component_jobs"":2,""max_semantic_component_workers"":2,""inference_regions"":521,""canonical_specialization_queries"":128,""canonical_specialization_hits"":126,""solver_requested_bytes"":1078528,""solver_allocations"":3120,""scratch_requested_bytes"":1450840,""scratch_allocations"":8421,""max_solver_live_bytes"":3264,""max_scratch_live_bytes"":3384,""evidence_import_solver_bytes"":71680,""evidence_import_scratch_bytes"":16896,""snapshot_copy_bytes"":0,""snapshot_copy_allocations"":0,""principal_copy_buffer_bytes"":160768,""principal_copy_buffer_allocations"":2304,""frozen_capture_temporary_bytes"":0,""frozen_capture_published_bytes"":8,""frozen_edge_scratch_bytes"":0,""region_scopes"":1163,""max_region_scopes"":4,""call_collections_closed"":257,""call_collections_unresolved"":0,""call_memo_hits"":516,""solver_passes"":398,""solver_constraint_visits"":266,""occurs_steps"":0}"
build/bench/cloud-principal-graphs/lexical-sources/anonymous-32-valid.blot,2dc3f904a60e624a61875ebab6c027a48baccef16f90b915de2b389021430f0e,baseline,"[5765,5928,5942,6017,6022,6146,6182,6214,6267,6366,6466,6482,6956,7360,8280]","[6095,6183,6267,6272,6332,6409,6433,6502,6630,6770,6773,6791,7218,7905,8600]","[4683023,4683023,4683023,4683023,4683023,4683023,4683023,4683023,4683023,4683023,4683023,4683023,4683023,4683023,4683023]","[1238941,1238941,1238941,1238941,1238941,1238941,1238941,1238941,1238941,1238941,1238941,1238941,1238941,1238941,1238941]","{""inference_regions"":137,""canonical_specialization_queries"":32,""canonical_specialization_hits"":30,""solver_requested_bytes"":276736,""solver_allocations"":816,""scratch_requested_bytes"":377560,""scratch_allocations"":2181,""max_solver_live_bytes"":3264,""max_scratch_live_bytes"":3384,""evidence_import_solver_bytes"":17920,""evidence_import_scratch_bytes"":4608,""snapshot_copy_bytes"":0,""snapshot_copy_allocations"":0,""principal_copy_buffer_bytes"":40192,""principal_copy_buffer_allocations"":576,""frozen_capture_temporary_bytes"":0,""frozen_capture_published_bytes"":8,""frozen_edge_scratch_bytes"":0,""region_scopes"":299,""max_region_scopes"":4,""call_collections_closed"":65,""call_collections_unresolved"":0,""call_memo_hits"":132,""solver_passes"":110,""solver_constraint_visits"":74,""occurs_steps"":0}"
build/bench/cloud-principal-graphs/lexical-sources/anonymous-32-valid.blot,2dc3f904a60e624a61875ebab6c027a48baccef16f90b915de2b389021430f0e,default,"[5410,5676,5791,5846,5863,6096,6212,6420,6612,6654,6736,6750,6799,7135,8473]","[5640,5921,6046,6087,6090,6423,6423,6766,6897,7028,7038,7125,7291,7388,8765]","[4683023,4683023,4683023,4683023,4683023,4683023,4683023,4683023,4683023,4683023,4683023,4683023,4683023,4683023,4683023]","[1238941,1238941,1238941,1238941,1238941,1238941,1238941,1238941,1238941,1238941,1238941,1238941,1238941,1238941,1238941]","{""semantic_component_batches"":0,""semantic_component_jobs"":0,""max_semantic_component_workers"":0,""inference_regions"":137,""canonical_specialization_queries"":32,""canonical_specialization_hits"":30,""solver_requested_bytes"":276736,""solver_allocations"":816,""scratch_requested_bytes"":377560,""scratch_allocations"":2181,""max_solver_live_bytes"":3264,""max_scratch_live_bytes"":3384,""evidence_import_solver_bytes"":17920,""evidence_import_scratch_bytes"":4608,""snapshot_copy_bytes"":0,""snapshot_copy_allocations"":0,""principal_copy_buffer_bytes"":40192,""principal_copy_buffer_allocations"":576,""frozen_capture_temporary_bytes"":0,""frozen_capture_published_bytes"":8,""frozen_edge_scratch_bytes"":0,""region_scopes"":299,""max_region_scopes"":4,""call_collections_closed"":65,""call_collections_unresolved"":0,""call_memo_hits"":132,""solver_passes"":110,""solver_constraint_visits"":74,""occurs_steps"":0}"
build/bench/cloud-principal-graphs/lexical-sources/anonymous-32-valid.blot,2dc3f904a60e624a61875ebab6c027a48baccef16f90b915de2b389021430f0e,workers-1,"[5517,5518,5580,5704,5774,5965,6009,6051,6061,6072,6154,6426,6435,6836,7897]","[5764,5796,5822,5929,6059,6259,6276,6306,6426,6454,6504,6715,6854,7093,8308]","[4754895,4754895,4754895,4754895,4754895,4754895,4754895,4754895,4754895,4754895,4754895,4754895,4754895,4754895,4754895]","[1238941,1238941,1238941,1238941,1238941,1238941,1238941,1238941,1238941,1238941,1238941,1238941,1238941,1238941,1238941]","{""semantic_component_batches"":1,""semantic_component_jobs"":2,""max_semantic_component_workers"":1,""inference_regions"":137,""canonical_specialization_queries"":32,""canonical_specialization_hits"":30,""solver_requested_bytes"":276736,""solver_allocations"":816,""scratch_requested_bytes"":377560,""scratch_allocations"":2181,""max_solver_live_bytes"":3264,""max_scratch_live_bytes"":3384,""evidence_import_solver_bytes"":17920,""evidence_import_scratch_bytes"":4608,""snapshot_copy_bytes"":0,""snapshot_copy_allocations"":0,""principal_copy_buffer_bytes"":40192,""principal_copy_buffer_allocations"":576,""frozen_capture_temporary_bytes"":0,""frozen_capture_published_bytes"":8,""frozen_edge_scratch_bytes"":0,""region_scopes"":299,""max_region_scopes"":4,""call_collections_closed"":65,""call_collections_unresolved"":0,""call_memo_hits"":132,""solver_passes"":110,""solver_constraint_visits"":74,""occurs_steps"":0}"
build/bench/cloud-principal-graphs/lexical-sources/anonymous-32-valid.blot,2dc3f904a60e624a61875ebab6c027a48baccef16f90b915de2b389021430f0e,workers-2,"[5848,5884,5884,6071,6293,6301,6357,6378,6466,6586,6636,6689,6844,8080,11218]","[6096,6284,6293,6442,6502,6632,6637,6667,6669,6800,6908,7024,7084,8416,11738]","[4754895,4754895,4833663,4833663,4833663,4833663,4833663,4833663,4833663,4833663,4833663,4833663,4833663,4833663,4833663]","[1238941,1238941,1238941,1238941,1238941,1238941,1238941,1238941,1238941,1238941,1238941,1238941,1238941,1238941,1238941]","{""semantic_component_batches"":1,""semantic_component_jobs"":2,""max_semantic_component_workers"":2,""inference_regions"":137,""canonical_specialization_queries"":32,""canonical_specialization_hits"":30,""solver_requested_bytes"":276736,""solver_allocations"":816,""scratch_requested_bytes"":377560,""scratch_allocations"":2181,""max_solver_live_bytes"":3264,""max_scratch_live_bytes"":3384,""evidence_import_solver_bytes"":17920,""evidence_import_scratch_bytes"":4608,""snapshot_copy_bytes"":0,""snapshot_copy_allocations"":0,""principal_copy_buffer_bytes"":40192,""principal_copy_buffer_allocations"":576,""frozen_capture_temporary_bytes"":0,""frozen_capture_published_bytes"":8,""frozen_edge_scratch_bytes"":0,""region_scopes"":299,""max_region_scopes"":4,""call_collections_closed"":65,""call_collections_unresolved"":0,""call_memo_hits"":132,""solver_passes"":110,""solver_constraint_visits"":74,""occurs_steps"":0}"
build/bench/cloud-principal-graphs/lexical-sources/anonymous-32-valid.blot,2dc3f904a60e624a61875ebab6c027a48baccef16f90b915de2b389021430f0e,workers-4,"[5660,5838,5869,5911,6025,6062,6405,6501,6507,6518,6853,7341,7423,7982,8173]","[6060,6101,6211,6221,6312,6426,6646,6741,6790,6941,7149,7634,7693,8292,8388]","[4754895,4754895,4833663,4833663,4833663,4833663,4833663,4833663,4833663,4833663,4833663,4833663,4833663,4833663,4833663]","[1238941,1238941,1238941,1238941,1238941,1238941,1238941,1238941,1238941,1238941,1238941,1238941,1238941,1238941,1238941]","{""semantic_component_batches"":1,""semantic_component_jobs"":2,""max_semantic_component_workers"":2,""inference_regions"":137,""canonical_specialization_queries"":32,""canonical_specialization_hits"":30,""solver_requested_bytes"":276736,""solver_allocations"":816,""scratch_requested_bytes"":377560,""scratch_allocations"":2181,""max_solver_live_bytes"":3264,""max_scratch_live_bytes"":3384,""evidence_import_solver_bytes"":17920,""evidence_import_scratch_bytes"":4608,""snapshot_copy_bytes"":0,""snapshot_copy_allocations"":0,""principal_copy_buffer_bytes"":40192,""principal_copy_buffer_allocations"":576,""frozen_capture_temporary_bytes"":0,""frozen_capture_published_bytes"":8,""frozen_edge_scratch_bytes"":0,""region_scopes"":299,""max_region_scopes"":4,""call_collections_closed"":65,""call_collections_unresolved"":0,""call_memo_hits"":132,""solver_passes"":110,""solver_constraint_visits"":74,""occurs_steps"":0}"
build/bench/cloud-principal-graphs/lexical-sources/anonymous-32-valid.blot,2dc3f904a60e624a61875ebab6c027a48baccef16f90b915de2b389021430f0e,workers-8,"[5627,6012,6062,6068,6231,6349,6369,6410,6512,6539,6556,6749,6921,7026,7085]","[5846,6284,6308,6422,6584,6606,6617,6702,6757,6767,6800,7013,7290,7414,8237]","[4833663,4833663,4833663,4833663,4833663,4833663,4833663,4833663,4833663,4833663,4833663,4833663,4833663,4833663,4833663]","[1238941,1238941,1238941,1238941,1238941,1238941,1238941,1238941,1238941,1238941,1238941,1238941,1238941,1238941,1238941]","{""semantic_component_batches"":1,""semantic_component_jobs"":2,""max_semantic_component_workers"":2,""inference_regions"":137,""canonical_specialization_queries"":32,""canonical_specialization_hits"":30,""solver_requested_bytes"":276736,""solver_allocations"":816,""scratch_requested_bytes"":377560,""scratch_allocations"":2181,""max_solver_live_bytes"":3264,""max_scratch_live_bytes"":3384,""evidence_import_solver_bytes"":17920,""evidence_import_scratch_bytes"":4608,""snapshot_copy_bytes"":0,""snapshot_copy_allocations"":0,""principal_copy_buffer_bytes"":40192,""principal_copy_buffer_allocations"":576,""frozen_capture_temporary_bytes"":0,""frozen_capture_published_bytes"":8,""frozen_edge_scratch_bytes"":0,""region_scopes"":299,""max_region_scopes"":4,""call_collections_closed"":65,""call_collections_unresolved"":0,""call_memo_hits"":132,""solver_passes"":110,""solver_constraint_visits"":74,""occurs_steps"":0}"
build/bench/cloud-principal-graphs/lexical-sources/anonymous-8-valid.blot,568e2b717ea5f11a267a45f206c5d726720932cb4781787946003051c65c5f1a,baseline,"[4616,4668,4669,4734,4789,4801,4825,4837,4842,4877,4954,4992,5029,5137,5615]","[4854,4888,4933,4998,5043,5078,5091,5117,5164,5188,5196,5207,5286,5493,5888]","[3699722,3699722,3699722,3699722,3699722,3699722,3699722,3699722,3699722,3699722,3699722,3699722,3699722,3699722,3699722]","[1134336,1134336,1134336,1134336,1134336,1134336,1134336,1134336,1134336,1134336,1134336,1134336,1134336,1134336,1134336]","{""inference_regions"":41,""canonical_specialization_queries"":8,""canonical_specialization_hits"":6,""solver_requested_bytes"":76288,""solver_allocations"":240,""scratch_requested_bytes"":109240,""scratch_allocations"":621,""max_solver_live_bytes"":3264,""max_scratch_live_bytes"":3384,""evidence_import_solver_bytes"":4480,""evidence_import_scratch_bytes"":1536,""snapshot_copy_bytes"":0,""snapshot_copy_allocations"":0,""principal_copy_buffer_bytes"":10048,""principal_copy_buffer_allocations"":144,""frozen_capture_temporary_bytes"":0,""frozen_capture_published_bytes"":8,""frozen_edge_scratch_bytes"":0,""region_scopes"":83,""max_region_scopes"":4,""call_collections_closed"":17,""call_collections_unresolved"":0,""call_memo_hits"":36,""solver_passes"":38,""solver_constraint_visits"":26,""occurs_steps"":0}"
build/bench/cloud-principal-graphs/lexical-sources/anonymous-8-valid.blot,568e2b717ea5f11a267a45f206c5d726720932cb4781787946003051c65c5f1a,default,"[4254,4326,4433,4542,4574,4589,4636,4664,4698,4801,4826,5072,5478,5800,6854]","[4523,4579,4778,4799,4815,4878,4925,5049,5049,5086,5153,5316,5788,6031,7231]","[3699722,3699722,3699722,3699722,3699722,3699722,3699722,3699722,3699722,3699722,3699722,3699722,3699722,3699722,3699722]","[1134336,1134336,1134336,1134336,1134336,1134336,1134336,1134336,1134336,1134336,1134336,1134336,1134336,1134336,1134336]","{""semantic_component_batches"":0,""semantic_component_jobs"":0,""max_semantic_component_workers"":0,""inference_regions"":41,""canonical_specialization_queries"":8,""canonical_specialization_hits"":6,""solver_requested_bytes"":76288,""solver_allocations"":240,""scratch_requested_bytes"":109240,""scratch_allocations"":621,""max_solver_live_bytes"":3264,""max_scratch_live_bytes"":3384,""evidence_import_solver_bytes"":4480,""evidence_import_scratch_bytes"":1536,""snapshot_copy_bytes"":0,""snapshot_copy_allocations"":0,""principal_copy_buffer_bytes"":10048,""principal_copy_buffer_allocations"":144,""frozen_capture_temporary_bytes"":0,""frozen_capture_published_bytes"":8,""frozen_edge_scratch_bytes"":0,""region_scopes"":83,""max_region_scopes"":4,""call_collections_closed"":17,""call_collections_unresolved"":0,""call_memo_hits"":36,""solver_passes"":38,""solver_constraint_visits"":26,""occurs_steps"":0}"
build/bench/cloud-principal-graphs/lexical-sources/anonymous-8-valid.blot,568e2b717ea5f11a267a45f206c5d726720932cb4781787946003051c65c5f1a,workers-1,"[4429,4523,4540,4660,4682,4733,4902,5009,5099,5383,5498,5575,5808,6604,12976]","[4643,4761,4766,4886,4946,5065,5134,5259,5373,5608,5810,5845,6061,6913,13249]","[3782834,3782834,3782834,3782834,3782834,3782834,3782834,3782834,3782834,3782834,3782834,3782834,3782834,3782834,3782834]","[1134336,1134336,1134336,1134336,1134336,1134336,1134336,1134336,1134336,1134336,1134336,1134336,1134336,1134336,1134336]","{""semantic_component_batches"":1,""semantic_component_jobs"":2,""max_semantic_component_workers"":1,""inference_regions"":41,""canonical_specialization_queries"":8,""canonical_specialization_hits"":6,""solver_requested_bytes"":76288,""solver_allocations"":240,""scratch_requested_bytes"":109240,""scratch_allocations"":621,""max_solver_live_bytes"":3264,""max_scratch_live_bytes"":3384,""evidence_import_solver_bytes"":4480,""evidence_import_scratch_bytes"":1536,""snapshot_copy_bytes"":0,""snapshot_copy_allocations"":0,""principal_copy_buffer_bytes"":10048,""principal_copy_buffer_allocations"":144,""frozen_capture_temporary_bytes"":0,""frozen_capture_published_bytes"":8,""frozen_edge_scratch_bytes"":0,""region_scopes"":83,""max_region_scopes"":4,""call_collections_closed"":17,""call_collections_unresolved"":0,""call_memo_hits"":36,""solver_passes"":38,""solver_constraint_visits"":26,""occurs_steps"":0}"
build/bench/cloud-principal-graphs/lexical-sources/anonymous-8-valid.blot,568e2b717ea5f11a267a45f206c5d726720932cb4781787946003051c65c5f1a,workers-2,"[4651,4821,4908,5049,5121,5121,5199,5245,5282,5352,5413,5596,5764,6157,6681]","[4934,5050,5146,5284,5406,5411,5478,5497,5520,5655,5692,5878,6132,6422,7012]","[3782834,3782834,3872842,3872842,3872842,3872842,3872842,3872842,3872842,3872842,3872842,3872842,3872842,3872842,3872842]","[1134336,1134336,1134336,1134336,1134336,1134336,1134336,1134336,1134336,1134336,1134336,1134336,1134336,1134336,1134336]","{""semantic_component_batches"":1,""semantic_component_jobs"":2,""max_semantic_component_workers"":2,""inference_regions"":41,""canonical_specialization_queries"":8,""canonical_specialization_hits"":6,""solver_requested_bytes"":76288,""solver_allocations"":240,""scratch_requested_bytes"":109240,""scratch_allocations"":621,""max_solver_live_bytes"":3264,""max_scratch_live_bytes"":3384,""evidence_import_solver_bytes"":4480,""evidence_import_scratch_bytes"":1536,""snapshot_copy_bytes"":0,""snapshot_copy_allocations"":0,""principal_copy_buffer_bytes"":10048,""principal_copy_buffer_allocations"":144,""frozen_capture_temporary_bytes"":0,""frozen_capture_published_bytes"":8,""frozen_edge_scratch_bytes"":0,""region_scopes"":83,""max_region_scopes"":4,""call_collections_closed"":17,""call_collections_unresolved"":0,""call_memo_hits"":36,""solver_passes"":38,""solver_constraint_visits"":26,""occurs_steps"":0}"
build/bench/cloud-principal-graphs/lexical-sources/anonymous-8-valid.blot,568e2b717ea5f11a267a45f206c5d726720932cb4781787946003051c65c5f1a,workers-4,"[4613,4725,4796,4845,5012,5037,5092,5113,5252,5331,5421,5738,6463,8129,8595]","[4803,4935,5000,5137,5246,5287,5315,5354,5574,5612,5710,5941,6786,8644,8882]","[3782834,3872842,3872842,3872842,3872842,3872842,3872842,3872842,3872842,3872842,3872842,3872842,3872842,3872842,3872842]","[1134336,1134336,1134336,1134336,1134336,1134336,1134336,1134336,1134336,1134336,1134336,1134336,1134336,1134336,1134336]","{""semantic_component_batches"":1,""semantic_component_jobs"":2,""max_semantic_component_workers"":2,""inference_regions"":41,""canonical_specialization_queries"":8,""canonical_specialization_hits"":6,""solver_requested_bytes"":76288,""solver_allocations"":240,""scratch_requested_bytes"":109240,""scratch_allocations"":621,""max_solver_live_bytes"":3264,""max_scratch_live_bytes"":3384,""evidence_import_solver_bytes"":4480,""evidence_import_scratch_bytes"":1536,""snapshot_copy_bytes"":0,""snapshot_copy_allocations"":0,""principal_copy_buffer_bytes"":10048,""principal_copy_buffer_allocations"":144,""frozen_capture_temporary_bytes"":0,""frozen_capture_published_bytes"":8,""frozen_edge_scratch_bytes"":0,""region_scopes"":83,""max_region_scopes"":4,""call_collections_closed"":17,""call_collections_unresolved"":0,""call_memo_hits"":36,""solver_passes"":38,""solver_constraint_visits"":26,""occurs_steps"":0}"
build/bench/cloud-principal-graphs/lexical-sources/anonymous-8-valid.blot,568e2b717ea5f11a267a45f206c5d726720932cb4781787946003051c65c5f1a,workers-8,"[5006,5078,5099,5108,5167,5236,5236,5246,5333,5433,5512,5592,5644,6573,9262]","[5251,5257,5284,5289,5428,5429,5441,5544,5588,5657,5844,5904,5953,6868,9971]","[3872842,3872842,3872842,3872842,3872842,3872842,3872842,3872842,3872842,3872842,3872842,3872842,3872842,3872842,3872842]","[1134336,1134336,1134336,1134336,1134336,1134336,1134336,1134336,1134336,1134336,1134336,1134336,1134336,1134336,1134336]","{""semantic_component_batches"":1,""semantic_component_jobs"":2,""max_semantic_component_workers"":2,""inference_regions"":41,""canonical_specialization_queries"":8,""canonical_specialization_hits"":6,""solver_requested_bytes"":76288,""solver_allocations"":240,""scratch_requested_bytes"":109240,""scratch_allocations"":621,""max_solver_live_bytes"":3264,""max_scratch_live_bytes"":3384,""evidence_import_solver_bytes"":4480,""evidence_import_scratch_bytes"":1536,""snapshot_copy_bytes"":0,""snapshot_copy_allocations"":0,""principal_copy_buffer_bytes"":10048,""principal_copy_buffer_allocations"":144,""frozen_capture_temporary_bytes"":0,""frozen_capture_published_bytes"":8,""frozen_edge_scratch_bytes"":0,""region_scopes"":83,""max_region_scopes"":4,""call_collections_closed"":17,""call_collections_unresolved"":0,""call_memo_hits"":36,""solver_passes"":38,""solver_constraint_visits"":26,""occurs_steps"":0}"
build/bench/cloud-principal-graphs/lexical-sources/demand-128-valid.blot,9677e5978ca87c021141c8e5fc6a9ed2ad3d0a5519b07afac225218c5efa69d7,baseline,"[11322,11953,12212,12343,12495,12523,12546,12768,12948,13022,13037,13179,13518,14612,15545]","[11602,12224,12563,12614,12838,12854,12858,13097,13325,13340,13354,13515,13915,14977,15965]","[10085301,10085301,10085301,10085301,10085301,10085301,10085301,10085301,10085301,10085301,10085301,10085301,10085301,10085301,10085301]","[2073811,2073811,2073811,2073811,2073811,2073811,2073811,2073811,2073811,2073811,2073811,2073811,2073811,2073811,2073811]","{""inference_regions"":900,""canonical_specialization_queries"":128,""canonical_specialization_hits"":0,""solver_requested_bytes"":1724136,""solver_allocations"":6161,""scratch_requested_bytes"":1398168,""scratch_allocations"":8351,""max_solver_live_bytes"":3576,""max_scratch_live_bytes"":2992,""evidence_import_solver_bytes"":0,""evidence_import_scratch_bytes"":32768,""snapshot_copy_bytes"":0,""snapshot_copy_allocations"":0,""principal_copy_buffer_bytes"":0,""principal_copy_buffer_allocations"":0,""frozen_capture_temporary_bytes"":0,""frozen_capture_published_bytes"":512,""frozen_edge_scratch_bytes"":1024,""region_scopes"":1928,""max_region_scopes"":5,""call_collections_closed"":257,""call_collections_unresolved"":258,""call_memo_hits"":385,""solver_passes"":1025,""solver_constraint_visits"":383,""occurs_steps"":0}"
build/bench/cloud-principal-graphs/lexical-sources/demand-128-valid.blot,9677e5978ca87c021141c8e5fc6a9ed2ad3d0a5519b07afac225218c5efa69d7,default,"[11527,11606,11744,11823,11873,11878,11935,12120,12476,12500,12947,13100,13392,13709,13870]","[11834,11852,12007,12120,12158,12195,12200,12477,12842,12971,13239,13426,13722,14041,14224]","[10085301,10085301,10085301,10085301,10085301,10085301,10085301,10085301,10085301,10085301,10085301,10085301,10085301,10085301,10085301]","[2073811,2073811,2073811,2073811,2073811,2073811,2073811,2073811,2073811,2073811,2073811,2073811,2073811,2073811,2073811]","{""semantic_component_batches"":0,""semantic_component_jobs"":0,""max_semantic_component_workers"":0,""inference_regions"":900,""canonical_specialization_queries"":128,""canonical_specialization_hits"":0,""solver_requested_bytes"":1724136,""solver_allocations"":6161,""scratch_requested_bytes"":1398168,""scratch_allocations"":8351,""max_solver_live_bytes"":3576,""max_scratch_live_bytes"":2992,""evidence_import_solver_bytes"":0,""evidence_import_scratch_bytes"":32768,""snapshot_copy_bytes"":0,""snapshot_copy_allocations"":0,""principal_copy_buffer_bytes"":0,""principal_copy_buffer_allocations"":0,""frozen_capture_temporary_bytes"":0,""frozen_capture_published_bytes"":512,""frozen_edge_scratch_bytes"":1024,""region_scopes"":1928,""max_region_scopes"":5,""call_collections_closed"":257,""call_collections_unresolved"":258,""call_memo_hits"":385,""solver_passes"":1025,""solver_constraint_visits"":383,""occurs_steps"":0}"
build/bench/cloud-principal-graphs/lexical-sources/demand-128-valid.blot,9677e5978ca87c021141c8e5fc6a9ed2ad3d0a5519b07afac225218c5efa69d7,workers-1,"[11314,11691,11695,11967,12013,12112,12114,12121,12262,12749,14726,15409,16613,17967,21824]","[11625,12018,12077,12259,12375,12445,12507,12519,12585,13088,15079,16193,17037,18496,22172]","[10145717,10145717,10145717,10145717,10145717,10145717,10145717,10145717,10145717,10145717,10145717,10145717,10145717,10145717,10145717]","[2073811,2073811,2073811,2073811,2073811,2073811,2073811,2073811,2073811,2073811,2073811,2073811,2073811,2073811,2073811]","{""semantic_component_batches"":0,""semantic_component_jobs"":0,""max_semantic_component_workers"":0,""inference_regions"":900,""canonical_specialization_queries"":128,""canonical_specialization_hits"":0,""solver_requested_bytes"":1724136,""solver_allocations"":6161,""scratch_requested_bytes"":1398168,""scratch_allocations"":8351,""max_solver_live_bytes"":3576,""max_scratch_live_bytes"":2992,""evidence_import_solver_bytes"":0,""evidence_import_scratch_bytes"":32768,""snapshot_copy_bytes"":0,""snapshot_copy_allocations"":0,""principal_copy_buffer_bytes"":0,""principal_copy_buffer_allocations"":0,""frozen_capture_temporary_bytes"":0,""frozen_capture_published_bytes"":512,""frozen_edge_scratch_bytes"":1024,""region_scopes"":1928,""max_region_scopes"":5,""call_collections_closed"":257,""call_collections_unresolved"":258,""call_memo_hits"":385,""solver_passes"":1025,""solver_constraint_visits"":383,""occurs_steps"":0}"
build/bench/cloud-principal-graphs/lexical-sources/demand-128-valid.blot,9677e5978ca87c021141c8e5fc6a9ed2ad3d0a5519b07afac225218c5efa69d7,workers-2,"[11205,11666,11748,11759,11890,11955,12229,12231,12568,12789,12820,12953,13094,15508,17171]","[11684,12025,12090,12106,12174,12312,12505,12541,12926,13208,13214,13346,13402,15912,17670]","[10145717,10145717,10145717,10145717,10145717,10145717,10145717,10145717,10145717,10145717,10145717,10145717,10145717,10145717,10145717]","[2073811,2073811,2073811,2073811,2073811,2073811,2073811,2073811,2073811,2073811,2073811,2073811,2073811,2073811,2073811]","{""semantic_component_batches"":0,""semantic_component_jobs"":0,""max_semantic_component_workers"":0,""inference_regions"":900,""canonical_specialization_queries"":128,""canonical_specialization_hits"":0,""solver_requested_bytes"":1724136,""solver_allocations"":6161,""scratch_requested_bytes"":1398168,""scratch_allocations"":8351,""max_solver_live_bytes"":3576,""max_scratch_live_bytes"":2992,""evidence_import_solver_bytes"":0,""evidence_import_scratch_bytes"":32768,""snapshot_copy_bytes"":0,""snapshot_copy_allocations"":0,""principal_copy_buffer_bytes"":0,""principal_copy_buffer_allocations"":0,""frozen_capture_temporary_bytes"":0,""frozen_capture_published_bytes"":512,""frozen_edge_scratch_bytes"":1024,""region_scopes"":1928,""max_region_scopes"":5,""call_collections_closed"":257,""call_collections_unresolved"":258,""call_memo_hits"":385,""solver_passes"":1025,""solver_constraint_visits"":383,""occurs_steps"":0}"
build/bench/cloud-principal-graphs/lexical-sources/demand-128-valid.blot,9677e5978ca87c021141c8e5fc6a9ed2ad3d0a5519b07afac225218c5efa69d7,workers-4,"[11118,11645,11757,12008,12315,12531,12723,12833,12849,13251,13276,13619,13619,14406,20203]","[11369,12043,12089,12296,12723,12908,13155,13155,13204,13566,13587,13935,13948,14792,20533]","[10145717,10145717,10145717,10145717,10145717,10145717,10145717,10145717,10145717,10145717,10145717,10145717,10145717,10145717,10145717]","[2073811,2073811,2073811,2073811,2073811,2073811,2073811,2073811,2073811,2073811,2073811,2073811,2073811,2073811,2073811]","{""semantic_component_batches"":0,""semantic_component_jobs"":0,""max_semantic_component_workers"":0,""inference_regions"":900,""canonical_specialization_queries"":128,""canonical_specialization_hits"":0,""solver_requested_bytes"":1724136,""solver_allocations"":6161,""scratch_requested_bytes"":1398168,""scratch_allocations"":8351,""max_solver_live_bytes"":3576,""max_scratch_live_bytes"":2992,""evidence_import_solver_bytes"":0,""evidence_import_scratch_bytes"":32768,""snapshot_copy_bytes"":0,""snapshot_copy_allocations"":0,""principal_copy_buffer_bytes"":0,""principal_copy_buffer_allocations"":0,""frozen_capture_temporary_bytes"":0,""frozen_capture_published_bytes"":512,""frozen_edge_scratch_bytes"":1024,""region_scopes"":1928,""max_region_scopes"":5,""call_collections_closed"":257,""call_collections_unresolved"":258,""call_memo_hits"":385,""solver_passes"":1025,""solver_constraint_visits"":383,""occurs_steps"":0}"
build/bench/cloud-principal-graphs/lexical-sources/demand-128-valid.blot,9677e5978ca87c021141c8e5fc6a9ed2ad3d0a5519b07afac225218c5efa69d7,workers-8,"[11243,11434,11519,11537,11576,11953,11954,12172,12187,12606,12845,13157,13443,13517,14560]","[11599,11676,11761,11836,11866,12301,12314,12503,12510,13138,13471,13793,13855,13978,14887]","[10145717,10145717,10145717,10145717,10145717,10145717,10145717,10145717,10145717,10145717,10145717,10145717,10145717,10145717,10145717]","[2073811,2073811,2073811,2073811,2073811,2073811,2073811,2073811,2073811,2073811,2073811,2073811,2073811,2073811,2073811]","{""semantic_component_batches"":0,""semantic_component_jobs"":0,""max_semantic_component_workers"":0,""inference_regions"":900,""canonical_specialization_queries"":128,""canonical_specialization_hits"":0,""solver_requested_bytes"":1724136,""solver_allocations"":6161,""scratch_requested_bytes"":1398168,""scratch_allocations"":8351,""max_solver_live_bytes"":3576,""max_scratch_live_bytes"":2992,""evidence_import_solver_bytes"":0,""evidence_import_scratch_bytes"":32768,""snapshot_copy_bytes"":0,""snapshot_copy_allocations"":0,""principal_copy_buffer_bytes"":0,""principal_copy_buffer_allocations"":0,""frozen_capture_temporary_bytes"":0,""frozen_capture_published_bytes"":512,""frozen_edge_scratch_bytes"":1024,""region_scopes"":1928,""max_region_scopes"":5,""call_collections_closed"":257,""call_collections_unresolved"":258,""call_memo_hits"":385,""solver_passes"":1025,""solver_constraint_visits"":383,""occurs_steps"":0}"
build/bench/cloud-principal-graphs/lexical-sources/demand-32-valid.blot,d0019a35c5c82a8d02375dc8d0eedfac002ca9c027fad327508c876df3622560,baseline,"[5755,5978,6108,6144,6189,6278,6384,6392,6444,6444,6506,7514,7728,7781,9190]","[6012,6288,6386,6469,6529,6615,6681,6685,6707,6782,6833,7785,8012,8080,9516]","[4930163,4930163,4930163,4930163,4930163,4930163,4930163,4930163,4930163,4930163,4930163,4930163,4930163,4930163,4930163]","[1248985,1248985,1248985,1248985,1248985,1248985,1248985,1248985,1248985,1248985,1248985,1248985,1248985,1248985,1248985]","{""inference_regions"":228,""canonical_specialization_queries"":32,""canonical_specialization_hits"":0,""solver_requested_bytes"":434664,""solver_allocations"":1553,""scratch_requested_bytes"":353688,""scratch_allocations"":2111,""max_solver_live_bytes"":3576,""max_scratch_live_bytes"":2992,""evidence_import_solver_bytes"":0,""evidence_import_scratch_bytes"":8192,""snapshot_copy_bytes"":0,""snapshot_copy_allocations"":0,""principal_copy_buffer_bytes"":0,""principal_copy_buffer_allocations"":0,""frozen_capture_temporary_bytes"":0,""frozen_capture_published_bytes"":128,""frozen_edge_scratch_bytes"":256,""region_scopes"":488,""max_region_scopes"":5,""call_collections_closed"":65,""call_collections_unresolved"":66,""call_memo_hits"":97,""solver_passes"":257,""solver_constraint_visits"":95,""occurs_steps"":0}"
build/bench/cloud-principal-graphs/lexical-sources/demand-32-valid.blot,d0019a35c5c82a8d02375dc8d0eedfac002ca9c027fad327508c876df3622560,default,"[5714,5775,5799,5825,5847,5870,5920,5960,6073,6358,6429,6483,6565,6583,7153]","[5942,6015,6074,6119,6131,6161,6257,6371,6390,6617,6702,6794,6843,6873,7470]","[4930163,4930163,4930163,4930163,4930163,4930163,4930163,4930163,4930163,4930163,4930163,4930163,4930163,4930163,4930163]","[1248985,1248985,1248985,1248985,1248985,1248985,1248985,1248985,1248985,1248985,1248985,1248985,1248985,1248985,1248985]","{""semantic_component_batches"":0,""semantic_component_jobs"":0,""max_semantic_component_workers"":0,""inference_regions"":228,""canonical_specialization_queries"":32,""canonical_specialization_hits"":0,""solver_requested_bytes"":434664,""solver_allocations"":1553,""scratch_requested_bytes"":353688,""scratch_allocations"":2111,""max_solver_live_bytes"":3576,""max_scratch_live_bytes"":2992,""evidence_import_solver_bytes"":0,""evidence_import_scratch_bytes"":8192,""snapshot_copy_bytes"":0,""snapshot_copy_allocations"":0,""principal_copy_buffer_bytes"":0,""principal_copy_buffer_allocations"":0,""frozen_capture_temporary_bytes"":0,""frozen_capture_published_bytes"":128,""frozen_edge_scratch_bytes"":256,""region_scopes"":488,""max_region_scopes"":5,""call_collections_closed"":65,""call_collections_unresolved"":66,""call_memo_hits"":97,""solver_passes"":257,""solver_constraint_visits"":95,""occurs_steps"":0}"
build/bench/cloud-principal-graphs/lexical-sources/demand-32-valid.blot,d0019a35c5c82a8d02375dc8d0eedfac002ca9c027fad327508c876df3622560,workers-1,"[5716,5792,6066,6116,6168,6228,6261,6293,6781,7084,7232,7355,7423,7656,8004]","[6004,6099,6373,6406,6421,6525,6534,6713,7048,7337,7478,7695,7817,8138,8239]","[4945267,4945267,4945267,4945267,4945267,4945267,4945267,4945267,4945267,4945267,4945267,4945267,4945267,4945267,4945267]","[1248985,1248985,1248985,1248985,1248985,1248985,1248985,1248985,1248985,1248985,1248985,1248985,1248985,1248985,1248985]","{""semantic_component_batches"":0,""semantic_component_jobs"":0,""max_semantic_component_workers"":0,""inference_regions"":228,""canonical_specialization_queries"":32,""canonical_specialization_hits"":0,""solver_requested_bytes"":434664,""solver_allocations"":1553,""scratch_requested_bytes"":353688,""scratch_allocations"":2111,""max_solver_live_bytes"":3576,""max_scratch_live_bytes"":2992,""evidence_import_solver_bytes"":0,""evidence_import_scratch_bytes"":8192,""snapshot_copy_bytes"":0,""snapshot_copy_allocations"":0,""principal_copy_buffer_bytes"":0,""principal_copy_buffer_allocations"":0,""frozen_capture_temporary_bytes"":0,""frozen_capture_published_bytes"":128,""frozen_edge_scratch_bytes"":256,""region_scopes"":488,""max_region_scopes"":5,""call_collections_closed"":65,""call_collections_unresolved"":66,""call_memo_hits"":97,""solver_passes"":257,""solver_constraint_visits"":95,""occurs_steps"":0}"
build/bench/cloud-principal-graphs/lexical-sources/demand-32-valid.blot,d0019a35c5c82a8d02375dc8d0eedfac002ca9c027fad327508c876df3622560,workers-2,"[5556,5692,5772,5885,5998,6066,6135,6310,6335,6379,6580,6667,6715,6927,6935]","[5786,5930,6066,6243,6321,6347,6425,6561,6629,6834,6890,6975,7015,7197,7208]","[4945267,4945267,4945267,4945267,4945267,4945267,4945267,4945267,4945267,4945267,4945267,4945267,4945267,4945267,4945267]","[1248985,1248985,1248985,1248985,1248985,1248985,1248985,1248985,1248985,1248985,1248985,1248985,1248985,1248985,1248985]","{""semantic_component_batches"":0,""semantic_component_jobs"":0,""max_semantic_component_workers"":0,""inference_regions"":228,""canonical_specialization_queries"":32,""canonical_specialization_hits"":0,""solver_requested_bytes"":434664,""solver_allocations"":1553,""scratch_requested_bytes"":353688,""scratch_allocations"":2111,""max_solver_live_bytes"":3576,""max_scratch_live_bytes"":2992,""evidence_import_solver_bytes"":0,""evidence_import_scratch_bytes"":8192,""snapshot_copy_bytes"":0,""snapshot_copy_allocations"":0,""principal_copy_buffer_bytes"":0,""principal_copy_buffer_allocations"":0,""frozen_capture_temporary_bytes"":0,""frozen_capture_published_bytes"":128,""frozen_edge_scratch_bytes"":256,""region_scopes"":488,""max_region_scopes"":5,""call_collections_closed"":65,""call_collections_unresolved"":66,""call_memo_hits"":97,""solver_passes"":257,""solver_constraint_visits"":95,""occurs_steps"":0}"
build/bench/cloud-principal-graphs/lexical-sources/demand-32-valid.blot,d0019a35c5c82a8d02375dc8d0eedfac002ca9c027fad327508c876df3622560,workers-4,"[5437,5641,5765,5877,5896,5936,6204,6349,6398,6521,6569,6726,7460,7824,9391]","[5722,5938,6100,6130,6172,6183,6500,6628,6707,6820,6844,6973,7934,8191,9701]","[4945267,4945267,4945267,4945267,4945267,4945267,4945267,4945267,4945267,4945267,4945267,4945267,4945267,4945267,4945267]","[1248985,1248985,1248985,1248985,1248985,1248985,1248985,1248985,1248985,1248985,1248985,1248985,1248985,1248985,1248985]","{""semantic_component_batches"":0,""semantic_component_jobs"":0,""max_semantic_component_workers"":0,""inference_regions"":228,""canonical_specialization_queries"":32,""canonical_specialization_hits"":0,""solver_requested_bytes"":434664,""solver_allocations"":1553,""scratch_requested_bytes"":353688,""scratch_allocations"":2111,""max_solver_live_bytes"":3576,""max_scratch_live_bytes"":2992,""evidence_import_solver_bytes"":0,""evidence_import_scratch_bytes"":8192,""snapshot_copy_bytes"":0,""snapshot_copy_allocations"":0,""principal_copy_buffer_bytes"":0,""principal_copy_buffer_allocations"":0,""frozen_capture_temporary_bytes"":0,""frozen_capture_published_bytes"":128,""frozen_edge_scratch_bytes"":256,""region_scopes"":488,""max_region_scopes"":5,""call_collections_closed"":65,""call_collections_unresolved"":66,""call_memo_hits"":97,""solver_passes"":257,""solver_constraint_visits"":95,""occurs_steps"":0}"
build/bench/cloud-principal-graphs/lexical-sources/demand-32-valid.blot,d0019a35c5c82a8d02375dc8d0eedfac002ca9c027fad327508c876df3622560,workers-8,"[5615,5874,5894,5904,6133,6201,6239,6260,6264,6301,6391,6444,6482,6565,7172]","[5906,6148,6150,6187,6519,6544,6563,6565,6580,6662,6741,6792,6840,6966,7491]","[4945267,4945267,4945267,4945267,4945267,4945267,4945267,4945267,4945267,4945267,4945267,4945267,4945267,4945267,4945267]","[1248985,1248985,1248985,1248985,1248985,1248985,1248985,1248985,1248985,1248985,1248985,1248985,1248985,1248985,1248985]","{""semantic_component_batches"":0,""semantic_component_jobs"":0,""max_semantic_component_workers"":0,""inference_regions"":228,""canonical_specialization_queries"":32,""canonical_specialization_hits"":0,""solver_requested_bytes"":434664,""solver_allocations"":1553,""scratch_requested_bytes"":353688,""scratch_allocations"":2111,""max_solver_live_bytes"":3576,""max_scratch_live_bytes"":2992,""evidence_import_solver_bytes"":0,""evidence_import_scratch_bytes"":8192,""snapshot_copy_bytes"":0,""snapshot_copy_allocations"":0,""principal_copy_buffer_bytes"":0,""principal_copy_buffer_allocations"":0,""frozen_capture_temporary_bytes"":0,""frozen_capture_published_bytes"":128,""frozen_edge_scratch_bytes"":256,""region_scopes"":488,""max_region_scopes"":5,""call_collections_closed"":65,""call_collections_unresolved"":66,""call_memo_hits"":97,""solver_passes"":257,""solver_constraint_visits"":95,""occurs_steps"":0}"
build/bench/cloud-principal-graphs/lexical-sources/demand-8-valid.blot,409408616820eaedd3350178096b8da8047994c1fe3aacb5684562ea45616058,baseline,"[4438,4568,4629,4693,4742,4786,4937,4964,4973,4975,5012,5031,5326,5570,5915]","[4664,4771,4847,4913,4991,5023,5201,5206,5220,5239,5262,5279,5569,6008,6235]","[3601314,3601314,3601314,3601314,3601314,3601314,3601314,3601314,3601314,3601314,3601314,3601314,3601314,3601314,3601314]","[1075073,1075073,1075073,1075073,1075073,1075073,1075073,1075073,1075073,1075073,1075073,1075073,1075073,1075073,1075073]","{""inference_regions"":60,""canonical_specialization_queries"":8,""canonical_specialization_hits"":0,""solver_requested_bytes"":112296,""solver_allocations"":401,""scratch_requested_bytes"":92568,""scratch_allocations"":551,""max_solver_live_bytes"":3576,""max_scratch_live_bytes"":2992,""evidence_import_solver_bytes"":0,""evidence_import_scratch_bytes"":2048,""snapshot_copy_bytes"":0,""snapshot_copy_allocations"":0,""principal_copy_buffer_bytes"":0,""principal_copy_buffer_allocations"":0,""frozen_capture_temporary_bytes"":0,""frozen_capture_published_bytes"":32,""frozen_edge_scratch_bytes"":64,""region_scopes"":128,""max_region_scopes"":5,""call_collections_closed"":17,""call_collections_unresolved"":18,""call_memo_hits"":25,""solver_passes"":65,""solver_constraint_visits"":23,""occurs_steps"":0}"
build/bench/cloud-principal-graphs/lexical-sources/demand-8-valid.blot,409408616820eaedd3350178096b8da8047994c1fe3aacb5684562ea45616058,default,"[4241,4255,4370,4374,4395,4442,4478,4603,4678,4720,4794,5025,5046,5135,5617]","[4451,4549,4578,4623,4671,4755,4803,4822,4909,5000,5055,5317,5337,5618,5903]","[3601314,3601314,3601314,3601314,3601314,3601314,3601314,3601314,3601314,3601314,3601314,3601314,3601314,3601314,3601314]","[1075073,1075073,1075073,1075073,1075073,1075073,1075073,1075073,1075073,1075073,1075073,1075073,1075073,1075073,1075073]","{""semantic_component_batches"":0,""semantic_component_jobs"":0,""max_semantic_component_workers"":0,""inference_regions"":60,""canonical_specialization_queries"":8,""canonical_specialization_hits"":0,""solver_requested_bytes"":112296,""solver_allocations"":401,""scratch_requested_bytes"":92568,""scratch_allocations"":551,""max_solver_live_bytes"":3576,""max_scratch_live_bytes"":2992,""evidence_import_solver_bytes"":0,""evidence_import_scratch_bytes"":2048,""snapshot_copy_bytes"":0,""snapshot_copy_allocations"":0,""principal_copy_buffer_bytes"":0,""principal_copy_buffer_allocations"":0,""frozen_capture_temporary_bytes"":0,""frozen_capture_published_bytes"":32,""frozen_edge_scratch_bytes"":64,""region_scopes"":128,""max_region_scopes"":5,""call_collections_closed"":17,""call_collections_unresolved"":18,""call_memo_hits"":25,""solver_passes"":65,""solver_constraint_visits"":23,""occurs_steps"":0}"
build/bench/cloud-principal-graphs/lexical-sources/demand-8-valid.blot,409408616820eaedd3350178096b8da8047994c1fe3aacb5684562ea45616058,workers-1,"[4155,4316,4377,4502,4561,4673,4682,4692,4695,4734,4983,5058,5102,5509,5518]","[4435,4567,4680,4753,4839,4911,4916,4935,4972,5053,5295,5297,5357,5770,5792]","[3605090,3605090,3605090,3605090,3605090,3605090,3605090,3605090,3605090,3605090,3605090,3605090,3605090,3605090,3605090]","[1075073,1075073,1075073,1075073,1075073,1075073,1075073,1075073,1075073,1075073,1075073,1075073,1075073,1075073,1075073]","{""semantic_component_batches"":0,""semantic_component_jobs"":0,""max_semantic_component_workers"":0,""inference_regions"":60,""canonical_specialization_queries"":8,""canonical_specialization_hits"":0,""solver_requested_bytes"":112296,""solver_allocations"":401,""scratch_requested_bytes"":92568,""scratch_allocations"":551,""max_solver_live_bytes"":3576,""max_scratch_live_bytes"":2992,""evidence_import_solver_bytes"":0,""evidence_import_scratch_bytes"":2048,""snapshot_copy_bytes"":0,""snapshot_copy_allocations"":0,""principal_copy_buffer_bytes"":0,""principal_copy_buffer_allocations"":0,""frozen_capture_temporary_bytes"":0,""frozen_capture_published_bytes"":32,""frozen_edge_scratch_bytes"":64,""region_scopes"":128,""max_region_scopes"":5,""call_collections_closed"":17,""call_collections_unresolved"":18,""call_memo_hits"":25,""solver_passes"":65,""solver_constraint_visits"":23,""occurs_steps"":0}"
build/bench/cloud-principal-graphs/lexical-sources/demand-8-valid.blot,409408616820eaedd3350178096b8da8047994c1fe3aacb5684562ea45616058,workers-2,"[4362,4535,4544,4617,4693,4714,4731,4744,4778,4848,4866,5125,5265,5625,6307]","[4776,4785,4813,4870,4910,4978,4987,5002,5036,5120,5235,5489,5557,5880,6752]","[3605090,3605090,3605090,3605090,3605090,3605090,3605090,3605090,3605090,3605090,3605090,3605090,3605090,3605090,3605090]","[1075073,1075073,1075073,1075073,1075073,1075073,1075073,1075073,1075073,1075073,1075073,1075073,1075073,1075073,1075073]","{""semantic_component_batches"":0,""semantic_component_jobs"":0,""max_semantic_component_workers"":0,""inference_regions"":60,""canonical_specialization_queries"":8,""canonical_specialization_hits"":0,""solver_requested_bytes"":112296,""solver_allocations"":401,""scratch_requested_bytes"":92568,""scratch_allocations"":551,""max_solver_live_bytes"":3576,""max_scratch_live_bytes"":2992,""evidence_import_solver_bytes"":0,""evidence_import_scratch_bytes"":2048,""snapshot_copy_bytes"":0,""snapshot_copy_allocations"":0,""principal_copy_buffer_bytes"":0,""principal_copy_buffer_allocations"":0,""frozen_capture_temporary_bytes"":0,""frozen_capture_published_bytes"":32,""frozen_edge_scratch_bytes"":64,""region_scopes"":128,""max_region_scopes"":5,""call_collections_closed"":17,""call_collections_unresolved"":18,""call_memo_hits"":25,""solver_passes"":65,""solver_constraint_visits"":23,""occurs_steps"":0}"
build/bench/cloud-principal-graphs/lexical-sources/demand-8-valid.blot,409408616820eaedd3350178096b8da8047994c1fe3aacb5684562ea45616058,workers-4,"[760,4140,4233,4282,4327,4347,4443,4510,4556,4567,4639,4903,5792,6082,6357]","[4362,4514,4540,4551,4587,4732,4766,4842,4858,4902,4915,5166,6059,6346,6599]","[3605090,3605090,3605090,3605090,3605090,3605090,3605090,3605090,3605090,3605090,3605090,3605090,3605090,3605090,3605090]","[1075073,1075073,1075073,1075073,1075073,1075073,1075073,1075073,1075073,1075073,1075073,1075073,1075073,1075073,1075073]","{""semantic_component_batches"":0,""semantic_component_jobs"":0,""max_semantic_component_workers"":0,""inference_regions"":60,""canonical_specialization_queries"":8,""canonical_specialization_hits"":0,""solver_requested_bytes"":112296,""solver_allocations"":401,""scratch_requested_bytes"":92568,""scratch_allocations"":551,""max_solver_live_bytes"":3576,""max_scratch_live_bytes"":2992,""evidence_import_solver_bytes"":0,""evidence_import_scratch_bytes"":2048,""snapshot_copy_bytes"":0,""snapshot_copy_allocations"":0,""principal_copy_buffer_bytes"":0,""principal_copy_buffer_allocations"":0,""frozen_capture_temporary_bytes"":0,""frozen_capture_published_bytes"":32,""frozen_edge_scratch_bytes"":64,""region_scopes"":128,""max_region_scopes"":5,""call_collections_closed"":17,""call_collections_unresolved"":18,""call_memo_hits"":25,""solver_passes"":65,""solver_constraint_visits"":23,""occurs_steps"":0}"
build/bench/cloud-principal-graphs/lexical-sources/demand-8-valid.blot,409408616820eaedd3350178096b8da8047994c1fe3aacb5684562ea45616058,workers-8,"[4294,4327,4357,4405,4443,4492,4544,4587,4589,4645,4660,4910,5010,5082,5100]","[4495,4579,4587,4688,4717,4772,4821,4844,4862,5003,5040,5263,5305,5350,5597]","[3605090,3605090,3605090,3605090,3605090,3605090,3605090,3605090,3605090,3605090,3605090,3605090,3605090,3605090,3605090]","[1075073,1075073,1075073,1075073,1075073,1075073,1075073,1075073,1075073,1075073,1075073,1075073,1075073,1075073,1075073]","{""semantic_component_batches"":0,""semantic_component_jobs"":0,""max_semantic_component_workers"":0,""inference_regions"":60,""canonical_specialization_queries"":8,""canonical_specialization_hits"":0,""solver_requested_bytes"":112296,""solver_allocations"":401,""scratch_requested_bytes"":92568,""scratch_allocations"":551,""max_solver_live_bytes"":3576,""max_scratch_live_bytes"":2992,""evidence_import_solver_bytes"":0,""evidence_import_scratch_bytes"":2048,""snapshot_copy_bytes"":0,""snapshot_copy_allocations"":0,""principal_copy_buffer_bytes"":0,""principal_copy_buffer_allocations"":0,""frozen_capture_temporary_bytes"":0,""frozen_capture_published_bytes"":32,""frozen_edge_scratch_bytes"":64,""region_scopes"":128,""max_region_scopes"":5,""call_collections_closed"":17,""call_collections_unresolved"":18,""call_memo_hits"":25,""solver_passes"":65,""solver_constraint_visits"":23,""occurs_steps"":0}"
build/bench/cloud-principal-graphs/lexical-sources/named-128-valid.blot,c7c15434c7cfb1f9e653a303292b7009b0e326919112092f83b4a8df0f7caac6,baseline,"[13050,13217,13328,13403,13409,13613,13644,13743,14064,14183,14268,14285,15443,16229,20155]","[13359,13438,13667,13810,13825,13892,13903,14035,14514,14585,14633,14656,15882,16512,20524]","[10754099,10754099,10754099,10754099,10754099,10754099,10754099,10754099,10754099,10754099,10754099,10754099,10754099,10754099,10754099]","[1934721,1934721,1934721,1934721,1934721,1934721,1934721,1934721,1934721,1934721,1934721,1934721,1934721,1934721,1934721]","{""inference_regions"":779,""canonical_specialization_queries"":128,""canonical_specialization_hits"":126,""solver_requested_bytes"":1058104,""solver_allocations"":3123,""scratch_requested_bytes"":2388944,""scratch_allocations"":15893,""max_solver_live_bytes"":3264,""max_scratch_live_bytes"":3252,""evidence_import_solver_bytes"":0,""evidence_import_scratch_bytes"":512,""snapshot_copy_bytes"":0,""snapshot_copy_allocations"":0,""principal_copy_buffer_bytes"":326096,""principal_copy_buffer_allocations"":4644,""frozen_capture_temporary_bytes"":0,""frozen_capture_published_bytes"":8,""frozen_edge_scratch_bytes"":0,""region_scopes"":1165,""max_region_scopes"":4,""call_collections_closed"":129,""call_collections_unresolved"":0,""call_memo_hits"":132,""solver_passes"":530,""solver_constraint_visits"":1548,""occurs_steps"":0}"
build/bench/cloud-principal-graphs/lexical-sources/named-128-valid.blot,c7c15434c7cfb1f9e653a303292b7009b0e326919112092f83b4a8df0f7caac6,default,"[13097,13140,13388,13470,13605,14026,14034,14456,14584,14656,14898,15005,15321,15666,16942]","[13488,13579,13781,13797,13899,14388,14411,14840,14966,15006,15204,15290,15704,16076,17305]","[10754099,10754099,10754099,10754099,10754099,10754099,10754099,10754099,10754099,10754099,10754099,10754099,10754099,10754099,10754099]","[1934721,1934721,1934721,1934721,1934721,1934721,1934721,1934721,1934721,1934721,1934721,1934721,1934721,1934721,1934721]","{""semantic_component_batches"":0,""semantic_component_jobs"":0,""max_semantic_component_workers"":0,""inference_regions"":779,""canonical_specialization_queries"":128,""canonical_specialization_hits"":126,""solver_requested_bytes"":1058104,""solver_allocations"":3123,""scratch_requested_bytes"":2388944,""scratch_allocations"":15893,""max_solver_live_bytes"":3264,""max_scratch_live_bytes"":3252,""evidence_import_solver_bytes"":0,""evidence_import_scratch_bytes"":512,""snapshot_copy_bytes"":0,""snapshot_copy_allocations"":0,""principal_copy_buffer_bytes"":326096,""principal_copy_buffer_allocations"":4644,""frozen_capture_temporary_bytes"":0,""frozen_capture_published_bytes"":8,""frozen_edge_scratch_bytes"":0,""region_scopes"":1165,""max_region_scopes"":4,""call_collections_closed"":129,""call_collections_unresolved"":0,""call_memo_hits"":132,""solver_passes"":530,""solver_constraint_visits"":1548,""occurs_steps"":0}"
build/bench/cloud-principal-graphs/lexical-sources/named-128-valid.blot,c7c15434c7cfb1f9e653a303292b7009b0e326919112092f83b4a8df0f7caac6,workers-1,"[13087,13278,13527,13604,13634,13698,13757,13824,13974,14614,15561,15657,15673,15995,17322]","[13391,13620,13852,13891,14057,14133,14138,14182,14288,14915,15894,16097,16109,16387,17762]","[10820435,10820435,10820435,10820435,10820435,10820435,10820435,10820435,10820435,10820435,10820435,10820435,10820435,10820435,10820435]","[1934721,1934721,1934721,1934721,1934721,1934721,1934721,1934721,1934721,1934721,1934721,1934721,1934721,1934721,1934721]","{""semantic_component_batches"":1,""semantic_component_jobs"":2,""max_semantic_component_workers"":1,""inference_regions"":779,""canonical_specialization_queries"":128,""canonical_specialization_hits"":126,""solver_requested_bytes"":1058104,""solver_allocations"":3123,""scratch_requested_bytes"":2388944,""scratch_allocations"":15893,""max_solver_live_bytes"":3264,""max_scratch_live_bytes"":3252,""evidence_import_solver_bytes"":0,""evidence_import_scratch_bytes"":512,""snapshot_copy_bytes"":0,""snapshot_copy_allocations"":0,""principal_copy_buffer_bytes"":326096,""principal_copy_buffer_allocations"":4644,""frozen_capture_temporary_bytes"":0,""frozen_capture_published_bytes"":8,""frozen_edge_scratch_bytes"":0,""region_scopes"":1165,""max_region_scopes"":4,""call_collections_closed"":129,""call_collections_unresolved"":0,""call_memo_hits"":132,""solver_passes"":530,""solver_constraint_visits"":1548,""occurs_steps"":0}"
build/bench/cloud-principal-graphs/lexical-sources/named-128-valid.blot,c7c15434c7cfb1f9e653a303292b7009b0e326919112092f83b4a8df0f7caac6,workers-2,"[13640,13879,13928,13966,14013,14013,14216,14241,14383,14491,14688,14735,14926,15814,18572]","[13978,14178,14217,14280,14297,14357,14531,14532,14712,14739,15004,15049,15383,16216,18975]","[10820435,10820435,10898491,10898491,10898491,10898491,10898491,10898491,10898491,10898491,10898491,10898491,10898491,10898491,10898491]","[1934721,1934721,1934721,1934721,1934721,1934721,1934721,1934721,1934721,1934721,1934721,1934721,1934721,1934721,1934721]","{""semantic_component_batches"":1,""semantic_component_jobs"":2,""max_semantic_component_workers"":2,""inference_regions"":779,""canonical_specialization_queries"":128,""canonical_specialization_hits"":126,""solver_requested_bytes"":1058104,""solver_allocations"":3123,""scratch_requested_bytes"":2388944,""scratch_allocations"":15893,""max_solver_live_bytes"":3264,""max_scratch_live_bytes"":3252,""evidence_import_solver_bytes"":0,""evidence_import_scratch_bytes"":512,""snapshot_copy_bytes"":0,""snapshot_copy_allocations"":0,""principal_copy_buffer_bytes"":326096,""principal_copy_buffer_allocations"":4644,""frozen_capture_temporary_bytes"":0,""frozen_capture_published_bytes"":8,""frozen_edge_scratch_bytes"":0,""region_scopes"":1165,""max_region_scopes"":4,""call_collections_closed"":129,""call_collections_unresolved"":0,""call_memo_hits"":132,""solver_passes"":530,""solver_constraint_visits"":1548,""occurs_steps"":0}"
build/bench/cloud-principal-graphs/lexical-sources/named-128-valid.blot,c7c15434c7cfb1f9e653a303292b7009b0e326919112092f83b4a8df0f7caac6,workers-4,"[13156,13449,13523,13797,13849,13949,14012,14234,14750,15066,15682,16315,17172,18440,20500]","[13618,13791,14093,14147,14235,14342,14444,14494,15047,15407,16118,17133,17442,19531,20786]","[10898491,10898491,10898491,10898491,10898491,10898491,10898491,10898491,10898491,10898491,10898491,10898491,10898491,10898491,10898491]","[1934721,1934721,1934721,1934721,1934721,1934721,1934721,1934721,1934721,1934721,1934721,1934721,1934721,1934721,1934721]","{""semantic_component_batches"":1,""semantic_component_jobs"":2,""max_semantic_component_workers"":2,""inference_regions"":779,""canonical_specialization_queries"":128,""canonical_specialization_hits"":126,""solver_requested_bytes"":1058104,""solver_allocations"":3123,""scratch_requested_bytes"":2388944,""scratch_allocations"":15893,""max_solver_live_bytes"":3264,""max_scratch_live_bytes"":3252,""evidence_import_solver_bytes"":0,""evidence_import_scratch_bytes"":512,""snapshot_copy_bytes"":0,""snapshot_copy_allocations"":0,""principal_copy_buffer_bytes"":326096,""principal_copy_buffer_allocations"":4644,""frozen_capture_temporary_bytes"":0,""frozen_capture_published_bytes"":8,""frozen_edge_scratch_bytes"":0,""region_scopes"":1165,""max_region_scopes"":4,""call_collections_closed"":129,""call_collections_unresolved"":0,""call_memo_hits"":132,""solver_passes"":530,""solver_constraint_visits"":1548,""occurs_steps"":0}"
build/bench/cloud-principal-graphs/lexical-sources/named-128-valid.blot,c7c15434c7cfb1f9e653a303292b7009b0e326919112092f83b4a8df0f7caac6,workers-8,"[12834,13268,13342,13601,13638,13838,13970,14015,14103,14198,14316,14545,15802,17701,20400]","[13425,13623,13626,13995,14006,14174,14360,14463,14546,14546,14573,14867,16688,17989,20707]","[10820435,10898491,10898491,10898491,10898491,10898491,10898491,10898491,10898491,10898491,10898491,10898491,10898491,10898491,10898491]","[1934721,1934721,1934721,1934721,1934721,1934721,1934721,1934721,1934721,1934721,1934721,1934721,1934721,1934721,1934721]","{""semantic_component_batches"":1,""semantic_component_jobs"":2,""max_semantic_component_workers"":2,""inference_regions"":779,""canonical_specialization_queries"":128,""canonical_specialization_hits"":126,""solver_requested_bytes"":1058104,""solver_allocations"":3123,""scratch_requested_bytes"":2388944,""scratch_allocations"":15893,""max_solver_live_bytes"":3264,""max_scratch_live_bytes"":3252,""evidence_import_solver_bytes"":0,""evidence_import_scratch_bytes"":512,""snapshot_copy_bytes"":0,""snapshot_copy_allocations"":0,""principal_copy_buffer_bytes"":326096,""principal_copy_buffer_allocations"":4644,""frozen_capture_temporary_bytes"":0,""frozen_capture_published_bytes"":8,""frozen_edge_scratch_bytes"":0,""region_scopes"":1165,""max_region_scopes"":4,""call_collections_closed"":129,""call_collections_unresolved"":0,""call_memo_hits"":132,""solver_passes"":530,""solver_constraint_visits"":1548,""occurs_steps"":0}"
build/bench/cloud-principal-graphs/lexical-sources/named-32-valid.blot,d2debc63c03ede9b380d5b612af7b5e208aa6393f22b302580582e8f44b382ba,baseline,"[6548,6735,6803,6803,6808,6921,7113,7115,7124,7155,7502,7892,7945,10787,11936]","[6804,7063,7075,7166,7180,7186,7364,7385,7436,7692,7760,8194,8210,11176,12414]","[5197769,5197769,5197769,5197769,5197769,5197769,5197769,5197769,5197769,5197769,5197769,5197769,5197769,5197769,5197769]","[1235398,1235398,1235398,1235398,1235398,1235398,1235398,1235398,1235398,1235398,1235398,1235398,1235398,1235398,1235398]","{""inference_regions"":203,""canonical_specialization_queries"":32,""canonical_specialization_hits"":30,""solver_requested_bytes"":272440,""solver_allocations"":819,""scratch_requested_bytes"":633296,""scratch_allocations"":4181,""max_solver_live_bytes"":3264,""max_scratch_live_bytes"":3252,""evidence_import_solver_bytes"":0,""evidence_import_scratch_bytes"":512,""snapshot_copy_bytes"":0,""snapshot_copy_allocations"":0,""principal_copy_buffer_bytes"":84944,""principal_copy_buffer_allocations"":1188,""frozen_capture_temporary_bytes"":0,""frozen_capture_published_bytes"":8,""frozen_edge_scratch_bytes"":0,""region_scopes"":301,""max_region_scopes"":4,""call_collections_closed"":33,""call_collections_unresolved"":0,""call_memo_hits"":36,""solver_passes"":146,""solver_constraint_visits"":396,""occurs_steps"":0}"
build/bench/cloud-principal-graphs/lexical-sources/named-32-valid.blot,d2debc63c03ede9b380d5b612af7b5e208aa6393f22b302580582e8f44b382ba,default,"[6223,6448,6459,6463,6568,6730,6836,6942,6949,7074,7097,7235,7258,7520,8152]","[6529,6761,6800,6809,6820,7020,7168,7194,7340,7380,7431,7462,7490,7973,8440]","[5197769,5197769,5197769,5197769,5197769,5197769,5197769,5197769,5197769,5197769,5197769,5197769,5197769,5197769,5197769]","[1235398,1235398,1235398,1235398,1235398,1235398,1235398,1235398,1235398,1235398,1235398,1235398,1235398,1235398,1235398]","{""semantic_component_batches"":0,""semantic_component_jobs"":0,""max_semantic_component_workers"":0,""inference_regions"":203,""canonical_specialization_queries"":32,""canonical_specialization_hits"":30,""solver_requested_bytes"":272440,""solver_allocations"":819,""scratch_requested_bytes"":633296,""scratch_allocations"":4181,""max_solver_live_bytes"":3264,""max_scratch_live_bytes"":3252,""evidence_import_solver_bytes"":0,""evidence_import_scratch_bytes"":512,""snapshot_copy_bytes"":0,""snapshot_copy_allocations"":0,""principal_copy_buffer_bytes"":84944,""principal_copy_buffer_allocations"":1188,""frozen_capture_temporary_bytes"":0,""frozen_capture_published_bytes"":8,""frozen_edge_scratch_bytes"":0,""region_scopes"":301,""max_region_scopes"":4,""call_collections_closed"":33,""call_collections_unresolved"":0,""call_memo_hits"":36,""solver_passes"":146,""solver_constraint_visits"":396,""occurs_steps"":0}"
build/bench/cloud-principal-graphs/lexical-sources/named-32-valid.blot,d2debc63c03ede9b380d5b612af7b5e208aa6393f22b302580582e8f44b382ba,workers-1,"[6011,6324,6436,6578,6641,6654,6775,6919,7059,7148,7377,7752,8012,8349,9365]","[6314,6586,6856,6869,6893,6920,7013,7172,7316,7460,7627,8086,8324,8618,9699]","[5264817,5264817,5264817,5264817,5264817,5264817,5264817,5264817,5264817,5264817,5264817,5264817,5264817,5264817,5264817]","[1235398,1235398,1235398,1235398,1235398,1235398,1235398,1235398,1235398,1235398,1235398,1235398,1235398,1235398,1235398]","{""semantic_component_batches"":1,""semantic_component_jobs"":2,""max_semantic_component_workers"":1,""inference_regions"":203,""canonical_specialization_queries"":32,""canonical_specialization_hits"":30,""solver_requested_bytes"":272440,""solver_allocations"":819,""scratch_requested_bytes"":633296,""scratch_allocations"":4181,""max_solver_live_bytes"":3264,""max_scratch_live_bytes"":3252,""evidence_import_solver_bytes"":0,""evidence_import_scratch_bytes"":512,""snapshot_copy_bytes"":0,""snapshot_copy_allocations"":0,""principal_copy_buffer_bytes"":84944,""principal_copy_buffer_allocations"":1188,""frozen_capture_temporary_bytes"":0,""frozen_capture_published_bytes"":8,""frozen_edge_scratch_bytes"":0,""region_scopes"":301,""max_region_scopes"":4,""call_collections_closed"":33,""call_collections_unresolved"":0,""call_memo_hits"":36,""solver_passes"":146,""solver_constraint_visits"":396,""occurs_steps"":0}"
build/bench/cloud-principal-graphs/lexical-sources/named-32-valid.blot,d2debc63c03ede9b380d5b612af7b5e208aa6393f22b302580582e8f44b382ba,workers-2,"[6602,6635,6803,6863,6985,6991,7071,7116,7168,7429,7454,7522,7806,7971,8135]","[6905,6925,7088,7298,7341,7370,7428,7444,7478,7701,7738,7797,8048,8372,8677]","[5264817,5264817,5264817,5343585,5343585,5343585,5343585,5343585,5343585,5343585,5343585,5343585,5343585,5343585,5343585]","[1235398,1235398,1235398,1235398,1235398,1235398,1235398,1235398,1235398,1235398,1235398,1235398,1235398,1235398,1235398]","{""semantic_component_batches"":1,""semantic_component_jobs"":2,""max_semantic_component_workers"":2,""inference_regions"":203,""canonical_specialization_queries"":32,""canonical_specialization_hits"":30,""solver_requested_bytes"":272440,""solver_allocations"":819,""scratch_requested_bytes"":633296,""scratch_allocations"":4181,""max_solver_live_bytes"":3264,""max_scratch_live_bytes"":3252,""evidence_import_solver_bytes"":0,""evidence_import_scratch_bytes"":512,""snapshot_copy_bytes"":0,""snapshot_copy_allocations"":0,""principal_copy_buffer_bytes"":84944,""principal_copy_buffer_allocations"":1188,""frozen_capture_temporary_bytes"":0,""frozen_capture_published_bytes"":8,""frozen_edge_scratch_bytes"":0,""region_scopes"":301,""max_region_scopes"":4,""call_collections_closed"":33,""call_collections_unresolved"":0,""call_memo_hits"":36,""solver_passes"":146,""solver_constraint_visits"":396,""occurs_steps"":0}"
build/bench/cloud-principal-graphs/lexical-sources/named-32-valid.blot,d2debc63c03ede9b380d5b612af7b5e208aa6393f22b302580582e8f44b382ba,workers-4,"[6440,6622,6649,6928,6955,6960,7077,7108,7114,7362,7553,7624,8705,8900,12202]","[6734,6902,7065,7185,7200,7249,7342,7376,7459,7626,7822,8112,9175,9327,12404]","[5264817,5343585,5343585,5343585,5343585,5343585,5343585,5343585,5343585,5343585,5343585,5343585,5343585,5343585,5343585]","[1235398,1235398,1235398,1235398,1235398,1235398,1235398,1235398,1235398,1235398,1235398,1235398,1235398,1235398,1235398]","{""semantic_component_batches"":1,""semantic_component_jobs"":2,""max_semantic_component_workers"":2,""inference_regions"":203,""canonical_specialization_queries"":32,""canonical_specialization_hits"":30,""solver_requested_bytes"":272440,""solver_allocations"":819,""scratch_requested_bytes"":633296,""scratch_allocations"":4181,""max_solver_live_bytes"":3264,""max_scratch_live_bytes"":3252,""evidence_import_solver_bytes"":0,""evidence_import_scratch_bytes"":512,""snapshot_copy_bytes"":0,""snapshot_copy_allocations"":0,""principal_copy_buffer_bytes"":84944,""principal_copy_buffer_allocations"":1188,""frozen_capture_temporary_bytes"":0,""frozen_capture_published_bytes"":8,""frozen_edge_scratch_bytes"":0,""region_scopes"":301,""max_region_scopes"":4,""call_collections_closed"":33,""call_collections_unresolved"":0,""call_memo_hits"":36,""solver_passes"":146,""solver_constraint_visits"":396,""occurs_steps"":0}"
build/bench/cloud-principal-graphs/lexical-sources/named-32-valid.blot,d2debc63c03ede9b380d5b612af7b5e208aa6393f22b302580582e8f44b382ba,workers-8,"[6793,6838,6865,6927,7050,7125,7149,7282,7389,7486,7491,7531,7709,8293,10814]","[7044,7126,7129,7238,7351,7358,7471,7687,7690,7756,7767,7784,7977,8550,11146]","[5264817,5264817,5264817,5343585,5343585,5343585,5343585,5343585,5343585,5343585,5343585,5343585,5343585,5343585,5343585]","[1235398,1235398,1235398,1235398,1235398,1235398,1235398,1235398,1235398,1235398,1235398,1235398,1235398,1235398,1235398]","{""semantic_component_batches"":1,""semantic_component_jobs"":2,""max_semantic_component_workers"":2,""inference_regions"":203,""canonical_specialization_queries"":32,""canonical_specialization_hits"":30,""solver_requested_bytes"":272440,""solver_allocations"":819,""scratch_requested_bytes"":633296,""scratch_allocations"":4181,""max_solver_live_bytes"":3264,""max_scratch_live_bytes"":3252,""evidence_import_solver_bytes"":0,""evidence_import_scratch_bytes"":512,""snapshot_copy_bytes"":0,""snapshot_copy_allocations"":0,""principal_copy_buffer_bytes"":84944,""principal_copy_buffer_allocations"":1188,""frozen_capture_temporary_bytes"":0,""frozen_capture_published_bytes"":8,""frozen_edge_scratch_bytes"":0,""region_scopes"":301,""max_region_scopes"":4,""call_collections_closed"":33,""call_collections_unresolved"":0,""call_memo_hits"":36,""solver_passes"":146,""solver_constraint_visits"":396,""occurs_steps"":0}"
build/bench/cloud-principal-graphs/lexical-sources/named-8-valid.blot,a0c8a44e017a97f1814564e8b23b9409db1b590bc1e2615e5b9932b8e01896b7,baseline,"[4862,4950,4955,5033,5083,5091,5102,5107,5140,5184,5185,5269,5274,5502,5685]","[5265,5272,5288,5346,5369,5370,5377,5446,5470,5483,5523,5532,5575,5775,6044]","[3814145,3814145,3814145,3814145,3814145,3814145,3814145,3814145,3814145,3814145,3814145,3814145,3814145,3814145,3814145]","[1125777,1125777,1125777,1125777,1125777,1125777,1125777,1125777,1125777,1125777,1125777,1125777,1125777,1125777,1125777]","{""inference_regions"":59,""canonical_specialization_queries"":8,""canonical_specialization_hits"":6,""solver_requested_bytes"":76024,""solver_allocations"":243,""scratch_requested_bytes"":194384,""scratch_allocations"":1253,""max_solver_live_bytes"":3264,""max_scratch_live_bytes"":3252,""evidence_import_solver_bytes"":0,""evidence_import_scratch_bytes"":512,""snapshot_copy_bytes"":0,""snapshot_copy_allocations"":0,""principal_copy_buffer_bytes"":24656,""principal_copy_buffer_allocations"":324,""frozen_capture_temporary_bytes"":0,""frozen_capture_published_bytes"":8,""frozen_edge_scratch_bytes"":0,""region_scopes"":85,""max_region_scopes"":4,""call_collections_closed"":9,""call_collections_unresolved"":0,""call_memo_hits"":12,""solver_passes"":50,""solver_constraint_visits"":108,""occurs_steps"":0}"
build/bench/cloud-principal-graphs/lexical-sources/named-8-valid.blot,a0c8a44e017a97f1814564e8b23b9409db1b590bc1e2615e5b9932b8e01896b7,default,"[4703,4728,4852,4864,4874,4893,4903,4953,5045,5056,5056,5162,5324,5744,5839]","[4951,4954,5103,5110,5118,5142,5183,5202,5283,5302,5459,5476,5577,6135,6335]","[3814145,3814145,3814145,3814145,3814145,3814145,3814145,3814145,3814145,3814145,3814145,3814145,3814145,3814145,3814145]","[1125777,1125777,1125777,1125777,1125777,1125777,1125777,1125777,1125777,1125777,1125777,1125777,1125777,1125777,1125777]","{""semantic_component_batches"":0,""semantic_component_jobs"":0,""max_semantic_component_workers"":0,""inference_regions"":59,""canonical_specialization_queries"":8,""canonical_specialization_hits"":6,""solver_requested_bytes"":76024,""solver_allocations"":243,""scratch_requested_bytes"":194384,""scratch_allocations"":1253,""max_solver_live_bytes"":3264,""max_scratch_live_bytes"":3252,""evidence_import_solver_bytes"":0,""evidence_import_scratch_bytes"":512,""snapshot_copy_bytes"":0,""snapshot_copy_allocations"":0,""principal_copy_buffer_bytes"":24656,""principal_copy_buffer_allocations"":324,""frozen_capture_temporary_bytes"":0,""frozen_capture_published_bytes"":8,""frozen_edge_scratch_bytes"":0,""region_scopes"":85,""max_region_scopes"":4,""call_collections_closed"":9,""call_collections_unresolved"":0,""call_memo_hits"":12,""solver_passes"":50,""solver_constraint_visits"":108,""occurs_steps"":0}"
build/bench/cloud-principal-graphs/lexical-sources/named-8-valid.blot,a0c8a44e017a97f1814564e8b23b9409db1b590bc1e2615e5b9932b8e01896b7,workers-1,"[4546,4735,4875,4997,4997,5033,5038,5095,5128,5205,5220,5440,5681,8199,9667]","[4772,4995,5137,5246,5311,5339,5406,5417,5418,5466,5483,5672,5908,8486,11580]","[3915593,3915593,3915593,3915593,3915593,3915593,3915593,3915593,3915593,3915593,3915593,3915593,3915593,3915593,3915593]","[1125777,1125777,1125777,1125777,1125777,1125777,1125777,1125777,1125777,1125777,1125777,1125777,1125777,1125777,1125777]","{""semantic_component_batches"":1,""semantic_component_jobs"":2,""max_semantic_component_workers"":1,""inference_regions"":59,""canonical_specialization_queries"":8,""canonical_specialization_hits"":6,""solver_requested_bytes"":76024,""solver_allocations"":243,""scratch_requested_bytes"":194384,""scratch_allocations"":1253,""max_solver_live_bytes"":3264,""max_scratch_live_bytes"":3252,""evidence_import_solver_bytes"":0,""evidence_import_scratch_bytes"":512,""snapshot_copy_bytes"":0,""snapshot_copy_allocations"":0,""principal_copy_buffer_bytes"":24656,""principal_copy_buffer_allocations"":324,""frozen_capture_temporary_bytes"":0,""frozen_capture_published_bytes"":8,""frozen_edge_scratch_bytes"":0,""region_scopes"":85,""max_region_scopes"":4,""call_collections_closed"":9,""call_collections_unresolved"":0,""call_memo_hits"":12,""solver_passes"":50,""solver_constraint_visits"":108,""occurs_steps"":0}"
build/bench/cloud-principal-graphs/lexical-sources/named-8-valid.blot,a0c8a44e017a97f1814564e8b23b9409db1b590bc1e2615e5b9932b8e01896b7,workers-2,"[4881,4892,4928,5055,5065,5205,5389,5463,5499,5535,5587,5725,5824,5876,6506]","[5119,5195,5212,5289,5301,5483,5671,5782,5878,5904,5932,6060,6080,6167,6989]","[4028761,4028761,4028761,4028761,4028761,4028761,4028761,4028761,4028761,4028761,4028761,4028761,4028761,4028761,4028761]","[1125777,1125777,1125777,1125777,1125777,1125777,1125777,1125777,1125777,1125777,1125777,1125777,1125777,1125777,1125777]","{""semantic_component_batches"":1,""semantic_component_jobs"":2,""max_semantic_component_workers"":2,""inference_regions"":59,""canonical_specialization_queries"":8,""canonical_specialization_hits"":6,""solver_requested_bytes"":76024,""solver_allocations"":243,""scratch_requested_bytes"":194384,""scratch_allocations"":1253,""max_solver_live_bytes"":3264,""max_scratch_live_bytes"":3252,""evidence_import_solver_bytes"":0,""evidence_import_scratch_bytes"":512,""snapshot_copy_bytes"":0,""snapshot_copy_allocations"":0,""principal_copy_buffer_bytes"":24656,""principal_copy_buffer_allocations"":324,""frozen_capture_temporary_bytes"":0,""frozen_capture_published_bytes"":8,""frozen_edge_scratch_bytes"":0,""region_scopes"":85,""max_region_scopes"":4,""call_collections_closed"":9,""call_collections_unresolved"":0,""call_memo_hits"":12,""solver_passes"":50,""solver_constraint_visits"":108,""occurs_steps"":0}"
build/bench/cloud-principal-graphs/lexical-sources/named-8-valid.blot,a0c8a44e017a97f1814564e8b23b9409db1b590bc1e2615e5b9932b8e01896b7,workers-4,"[5004,5082,5147,5246,5270,5301,5463,5479,5645,5690,5794,5815,5850,6195,6937]","[5360,5397,5448,5504,5549,5562,5701,5759,5860,5872,6029,6070,6359,6425,9253]","[4028761,4028761,4028761,4028761,4028761,4028761,4028761,4028761,4028761,4028761,4028761,4028761,4028761,4028761,4028761]","[1125777,1125777,1125777,1125777,1125777,1125777,1125777,1125777,1125777,1125777,1125777,1125777,1125777,1125777,1125777]","{""semantic_component_batches"":1,""semantic_component_jobs"":2,""max_semantic_component_workers"":2,""inference_regions"":59,""canonical_specialization_queries"":8,""canonical_specialization_hits"":6,""solver_requested_bytes"":76024,""solver_allocations"":243,""scratch_requested_bytes"":194384,""scratch_allocations"":1253,""max_solver_live_bytes"":3264,""max_scratch_live_bytes"":3252,""evidence_import_solver_bytes"":0,""evidence_import_scratch_bytes"":512,""snapshot_copy_bytes"":0,""snapshot_copy_allocations"":0,""principal_copy_buffer_bytes"":24656,""principal_copy_buffer_allocations"":324,""frozen_capture_temporary_bytes"":0,""frozen_capture_published_bytes"":8,""frozen_edge_scratch_bytes"":0,""region_scopes"":85,""max_region_scopes"":4,""call_collections_closed"":9,""call_collections_unresolved"":0,""call_memo_hits"":12,""solver_passes"":50,""solver_constraint_visits"":108,""occurs_steps"":0}"
build/bench/cloud-principal-graphs/lexical-sources/named-8-valid.blot,a0c8a44e017a97f1814564e8b23b9409db1b590bc1e2615e5b9932b8e01896b7,workers-8,"[4984,5027,5039,5167,5305,5387,5407,5427,5546,5567,5589,5667,5729,5735,7066]","[5226,5239,5360,5530,5559,5622,5709,5787,5791,5971,5976,5979,6319,7081,7343]","[4028761,4028761,4028761,4028761,4028761,4028761,4028761,4028761,4028761,4028761,4028761,4028761,4028761,4028761,4028761]","[1125777,1125777,1125777,1125777,1125777,1125777,1125777,1125777,1125777,1125777,1125777,1125777,1125777,1125777,1125777]","{""semantic_component_batches"":1,""semantic_component_jobs"":2,""max_semantic_component_workers"":2,""inference_regions"":59,""canonical_specialization_queries"":8,""canonical_specialization_hits"":6,""solver_requested_bytes"":76024,""solver_allocations"":243,""scratch_requested_bytes"":194384,""scratch_allocations"":1253,""max_solver_live_bytes"":3264,""max_scratch_live_bytes"":3252,""evidence_import_solver_bytes"":0,""evidence_import_scratch_bytes"":512,""snapshot_copy_bytes"":0,""snapshot_copy_allocations"":0,""principal_copy_buffer_bytes"":24656,""principal_copy_buffer_allocations"":324,""frozen_capture_temporary_bytes"":0,""frozen_capture_published_bytes"":8,""frozen_edge_scratch_bytes"":0,""region_scopes"":85,""max_region_scopes"":4,""call_collections_closed"":9,""call_collections_unresolved"":0,""call_memo_hits"":12,""solver_passes"":50,""solver_constraint_visits"":108,""occurs_steps"":0}"
build/bench/cloud-principal-graphs/lexical-sources/nested-128-valid.blot,13d26fadb67e2a106af4ff3dc849392b0211eb1a51f24c9c61fdae19a5b3185d,baseline,"[15046,15063,15189,15203,15581,15707,15916,16079,16136,16493,16613,16999,17124,17355,20398]","[15363,15411,15572,15598,16002,16095,16232,16369,16439,16945,17015,17267,17467,17745,20772]","[11871260,11871260,11871260,11871260,11871260,11871260,11871260,11871260,11871260,11871260,11871260,11871260,11871260,11871260,11871260]","[2167841,2167841,2167841,2167841,2167841,2167841,2167841,2167841,2167841,2167841,2167841,2167841,2167841,2167841,2167841]","{""inference_regions"":786,""canonical_specialization_queries"":128,""canonical_specialization_hits"":126,""solver_requested_bytes"":1062312,""solver_allocations"":3141,""scratch_requested_bytes"":3339996,""scratch_allocations"":20375,""max_solver_live_bytes"":3264,""max_scratch_live_bytes"":5132,""evidence_import_solver_bytes"":0,""evidence_import_scratch_bytes"":768,""snapshot_copy_bytes"":0,""snapshot_copy_allocations"":0,""principal_copy_buffer_bytes"":571752,""principal_copy_buffer_allocations"":5175,""frozen_capture_temporary_bytes"":0,""frozen_capture_published_bytes"":16,""frozen_edge_scratch_bytes"":16,""region_scopes"":1175,""max_region_scopes"":5,""call_collections_closed"":129,""call_collections_unresolved"":0,""call_memo_hits"":134,""solver_passes"":533,""solver_constraint_visits"":2640,""occurs_steps"":0}"
build/bench/cloud-principal-graphs/lexical-sources/nested-128-valid.blot,13d26fadb67e2a106af4ff3dc849392b0211eb1a51f24c9c61fdae19a5b3185d,default,"[14744,14748,15033,15163,15215,15598,15930,15991,16044,16451,16455,16615,17570,18889,19105]","[15032,15128,15427,15520,15583,15975,16305,16330,16443,16805,16936,16945,17888,19328,19695]","[11871260,11871260,11871260,11871260,11871260,11871260,11871260,11871260,11871260,11871260,11871260,11871260,11871260,11871260,11871260]","[2167841,2167841,2167841,2167841,2167841,2167841,2167841,2167841,2167841,2167841,2167841,2167841,2167841,2167841,2167841]","{""semantic_component_batches"":0,""semantic_component_jobs"":0,""max_semantic_component_workers"":0,""inference_regions"":786,""canonical_specialization_queries"":128,""canonical_specialization_hits"":126,""solver_requested_bytes"":1062312,""solver_allocations"":3141,""scratch_requested_bytes"":3339996,""scratch_allocations"":20375,""max_solver_live_bytes"":3264,""max_scratch_live_bytes"":5132,""evidence_import_solver_bytes"":0,""evidence_import_scratch_bytes"":768,""snapshot_copy_bytes"":0,""snapshot_copy_allocations"":0,""principal_copy_buffer_bytes"":571752,""principal_copy_buffer_allocations"":5175,""frozen_capture_temporary_bytes"":0,""frozen_capture_published_bytes"":16,""frozen_edge_scratch_bytes"":16,""region_scopes"":1175,""max_region_scopes"":5,""call_collections_closed"":129,""call_collections_unresolved"":0,""call_memo_hits"":134,""solver_passes"":533,""solver_constraint_visits"":2640,""occurs_steps"":0}"
build/bench/cloud-principal-graphs/lexical-sources/nested-128-valid.blot,13d26fadb67e2a106af4ff3dc849392b0211eb1a51f24c9c61fdae19a5b3185d,workers-1,"[15421,15439,15559,15712,15739,15781,15940,16277,16447,16466,16818,17422,17741,20070,54397]","[15743,15891,15894,16035,16095,16116,16273,16579,16748,16898,17449,18095,18320,20478,54754]","[11939828,11939828,11939828,11939828,11939828,11939828,11939828,11939828,11939828,11939828,11939828,11939828,11939828,11939828,11939828]","[2167841,2167841,2167841,2167841,2167841,2167841,2167841,2167841,2167841,2167841,2167841,2167841,2167841,2167841,2167841]","{""semantic_component_batches"":1,""semantic_component_jobs"":4,""max_semantic_component_workers"":1,""inference_regions"":786,""canonical_specialization_queries"":128,""canonical_specialization_hits"":126,""solver_requested_bytes"":1062312,""solver_allocations"":3141,""scratch_requested_bytes"":3339996,""scratch_allocations"":20375,""max_solver_live_bytes"":3264,""max_scratch_live_bytes"":5132,""evidence_import_solver_bytes"":0,""evidence_import_scratch_bytes"":768,""snapshot_copy_bytes"":0,""snapshot_copy_allocations"":0,""principal_copy_buffer_bytes"":571752,""principal_copy_buffer_allocations"":5175,""frozen_capture_temporary_bytes"":0,""frozen_capture_published_bytes"":16,""frozen_edge_scratch_bytes"":16,""region_scopes"":1175,""max_region_scopes"":5,""call_collections_closed"":129,""call_collections_unresolved"":0,""call_memo_hits"":134,""solver_passes"":533,""solver_constraint_visits"":2640,""occurs_steps"":0}"
build/bench/cloud-principal-graphs/lexical-sources/nested-128-valid.blot,13d26fadb67e2a106af4ff3dc849392b0211eb1a51f24c9c61fdae19a5b3185d,workers-2,"[15031,15147,15361,15450,15574,15606,15739,15869,16208,17081,17113,17206,17334,17355,19782]","[15359,15487,15711,15806,15946,16052,16092,16174,16554,17344,17441,17573,17582,17598,20254]","[11939828,12018884,12018884,12018884,12018884,12018884,12018884,12018884,12018884,12018884,12018884,12019004,12019004,12019004,12019004]","[2167841,2167841,2167841,2167841,2167841,2167841,2167841,2167841,2167841,2167841,2167841,2167841,2167841,2167841,2167841]","{""semantic_component_batches"":1,""semantic_component_jobs"":4,""max_semantic_component_workers"":2,""inference_regions"":786,""canonical_specialization_queries"":128,""canonical_specialization_hits"":126,""solver_requested_bytes"":1062312,""solver_allocations"":3141,""scratch_requested_bytes"":3339996,""scratch_allocations"":20375,""max_solver_live_bytes"":3264,""max_scratch_live_bytes"":5132,""evidence_import_solver_bytes"":0,""evidence_import_scratch_bytes"":768,""snapshot_copy_bytes"":0,""snapshot_copy_allocations"":0,""principal_copy_buffer_bytes"":571752,""principal_copy_buffer_allocations"":5175,""frozen_capture_temporary_bytes"":0,""frozen_capture_published_bytes"":16,""frozen_edge_scratch_bytes"":16,""region_scopes"":1175,""max_region_scopes"":5,""call_collections_closed"":129,""call_collections_unresolved"":0,""call_memo_hits"":134,""solver_passes"":533,""solver_constraint_visits"":2640,""occurs_steps"":0}"
build/bench/cloud-principal-graphs/lexical-sources/nested-128-valid.blot,13d26fadb67e2a106af4ff3dc849392b0211eb1a51f24c9c61fdae19a5b3185d,workers-4,"[15799,15927,16427,16443,16488,16608,16627,16688,17084,17158,17403,18216,19395,19408,19552]","[16162,16301,16624,16742,16867,16909,17134,17151,17587,17611,17912,18834,19616,19686,20685]","[12018884,12098060,12098060,12098060,12098060,12098060,12098060,12098060,12098060,12098060,12177116,12177116,12177116,12177116,12177116]","[2167841,2167841,2167841,2167841,2167841,2167841,2167841,2167841,2167841,2167841,2167841,2167841,2167841,2167841,2167841]","{""semantic_component_batches"":1,""semantic_component_jobs"":4,""max_semantic_component_workers"":4,""inference_regions"":786,""canonical_specialization_queries"":128,""canonical_specialization_hits"":126,""solver_requested_bytes"":1062312,""solver_allocations"":3141,""scratch_requested_bytes"":3339996,""scratch_allocations"":20375,""max_solver_live_bytes"":3264,""max_scratch_live_bytes"":5132,""evidence_import_solver_bytes"":0,""evidence_import_scratch_bytes"":768,""snapshot_copy_bytes"":0,""snapshot_copy_allocations"":0,""principal_copy_buffer_bytes"":571752,""principal_copy_buffer_allocations"":5175,""frozen_capture_temporary_bytes"":0,""frozen_capture_published_bytes"":16,""frozen_edge_scratch_bytes"":16,""region_scopes"":1175,""max_region_scopes"":5,""call_collections_closed"":129,""call_collections_unresolved"":0,""call_memo_hits"":134,""solver_passes"":533,""solver_constraint_visits"":2640,""occurs_steps"":0}"
build/bench/cloud-principal-graphs/lexical-sources/nested-128-valid.blot,13d26fadb67e2a106af4ff3dc849392b0211eb1a51f24c9c61fdae19a5b3185d,workers-8,"[15620,15989,16067,16349,16784,16928,17164,17258,17485,17624,17624,17769,18636,21143,26014]","[15713,16291,16350,17039,17152,17157,17311,17536,17688,17710,17749,18020,18668,21469,26473]","[12098060,12098060,12098060,12098060,12098060,12098060,12098060,12098060,12177116,12177116,12177116,12177116,12177116,12177116,12177116]","[2167841,2167841,2167841,2167841,2167841,2167841,2167841,2167841,2167841,2167841,2167841,2167841,2167841,2167841,2167841]","{""semantic_component_batches"":1,""semantic_component_jobs"":4,""max_semantic_component_workers"":4,""inference_regions"":786,""canonical_specialization_queries"":128,""canonical_specialization_hits"":126,""solver_requested_bytes"":1062312,""solver_allocations"":3141,""scratch_requested_bytes"":3339996,""scratch_allocations"":20375,""max_solver_live_bytes"":3264,""max_scratch_live_bytes"":5132,""evidence_import_solver_bytes"":0,""evidence_import_scratch_bytes"":768,""snapshot_copy_bytes"":0,""snapshot_copy_allocations"":0,""principal_copy_buffer_bytes"":571752,""principal_copy_buffer_allocations"":5175,""frozen_capture_temporary_bytes"":0,""frozen_capture_published_bytes"":16,""frozen_edge_scratch_bytes"":16,""region_scopes"":1175,""max_region_scopes"":5,""call_collections_closed"":129,""call_collections_unresolved"":0,""call_memo_hits"":134,""solver_passes"":533,""solver_constraint_visits"":2640,""occurs_steps"":0}"
build/bench/cloud-principal-graphs/lexical-sources/nested-32-valid.blot,bbf3441ddd391e8f2f7b6b3a9f56a898d437a270781a69781efbcd8e81d04578,baseline,"[7218,7329,7382,7445,7453,7456,7491,7574,7709,7714,7900,7942,7950,9657,10514]","[7526,7607,7681,7703,7719,7750,7835,8006,8015,8191,8196,8264,9083,10099,11026]","[5574905,5574905,5574905,5574905,5574905,5574905,5574905,5574905,5574905,5574905,5574905,5574905,5574905,5574905,5574905]","[1264063,1264063,1264063,1264063,1264063,1264063,1264063,1264063,1264063,1264063,1264063,1264063,1264063,1264063,1264063]","{""inference_regions"":210,""canonical_specialization_queries"":32,""canonical_specialization_hits"":30,""solver_requested_bytes"":276648,""solver_allocations"":837,""scratch_requested_bytes"":907740,""scratch_allocations"":5495,""max_solver_live_bytes"":3264,""max_scratch_live_bytes"":5132,""evidence_import_solver_bytes"":0,""evidence_import_scratch_bytes"":768,""snapshot_copy_bytes"":0,""snapshot_copy_allocations"":0,""principal_copy_buffer_bytes"":153960,""principal_copy_buffer_allocations"":1335,""frozen_capture_temporary_bytes"":0,""frozen_capture_published_bytes"":16,""frozen_edge_scratch_bytes"":16,""region_scopes"":311,""max_region_scopes"":5,""call_collections_closed"":33,""call_collections_unresolved"":0,""call_memo_hits"":38,""solver_passes"":149,""solver_constraint_visits"":720,""occurs_steps"":0}"
build/bench/cloud-principal-graphs/lexical-sources/nested-32-valid.blot,bbf3441ddd391e8f2f7b6b3a9f56a898d437a270781a69781efbcd8e81d04578,default,"[6997,7131,7207,7239,7318,7444,7515,7529,7630,7676,7814,8320,8330,8678,9119]","[7253,7384,7485,7516,7587,7710,7779,7833,7931,7944,8073,8568,8975,9641,9966]","[5574905,5574905,5574905,5574905,5574905,5574905,5574905,5574905,5574905,5574905,5574905,5574905,5574905,5574905,5574905]","[1264063,1264063,1264063,1264063,1264063,1264063,1264063,1264063,1264063,1264063,1264063,1264063,1264063,1264063,1264063]","{""semantic_component_batches"":0,""semantic_component_jobs"":0,""max_semantic_component_workers"":0,""inference_regions"":210,""canonical_specialization_queries"":32,""canonical_specialization_hits"":30,""solver_requested_bytes"":276648,""solver_allocations"":837,""scratch_requested_bytes"":907740,""scratch_allocations"":5495,""max_solver_live_bytes"":3264,""max_scratch_live_bytes"":5132,""evidence_import_solver_bytes"":0,""evidence_import_scratch_bytes"":768,""snapshot_copy_bytes"":0,""snapshot_copy_allocations"":0,""principal_copy_buffer_bytes"":153960,""principal_copy_buffer_allocations"":1335,""frozen_capture_temporary_bytes"":0,""frozen_capture_published_bytes"":16,""frozen_edge_scratch_bytes"":16,""region_scopes"":311,""max_region_scopes"":5,""call_collections_closed"":33,""call_collections_unresolved"":0,""call_memo_hits"":38,""solver_passes"":149,""solver_constraint_visits"":720,""occurs_steps"":0}"
build/bench/cloud-principal-graphs/lexical-sources/nested-32-valid.blot,bbf3441ddd391e8f2f7b6b3a9f56a898d437a270781a69781efbcd8e81d04578,workers-1,"[6874,6973,7021,7057,7365,7373,7598,7908,7993,8051,8514,8641,9294,9308,10024]","[7117,7291,7335,7361,7634,7715,7928,8150,8374,8441,8828,8940,9600,9740,10343]","[5643465,5643465,5643465,5643465,5643465,5643465,5643465,5643465,5643465,5643465,5643465,5643465,5643465,5643465,5643465]","[1264063,1264063,1264063,1264063,1264063,1264063,1264063,1264063,1264063,1264063,1264063,1264063,1264063,1264063,1264063]","{""semantic_component_batches"":1,""semantic_component_jobs"":4,""max_semantic_component_workers"":1,""inference_regions"":210,""canonical_specialization_queries"":32,""canonical_specialization_hits"":30,""solver_requested_bytes"":276648,""solver_allocations"":837,""scratch_requested_bytes"":907740,""scratch_allocations"":5495,""max_solver_live_bytes"":3264,""max_scratch_live_bytes"":5132,""evidence_import_solver_bytes"":0,""evidence_import_scratch_bytes"":768,""snapshot_copy_bytes"":0,""snapshot_copy_allocations"":0,""principal_copy_buffer_bytes"":153960,""principal_copy_buffer_allocations"":1335,""frozen_capture_temporary_bytes"":0,""frozen_capture_published_bytes"":16,""frozen_edge_scratch_bytes"":16,""region_scopes"":311,""max_region_scopes"":5,""call_collections_closed"":33,""call_collections_unresolved"":0,""call_memo_hits"":38,""solver_passes"":149,""solver_constraint_visits"":720,""occurs_steps"":0}"
build/bench/cloud-principal-graphs/lexical-sources/nested-32-valid.blot,bbf3441ddd391e8f2f7b6b3a9f56a898d437a270781a69781efbcd8e81d04578,workers-2,"[6947,7296,7301,7480,7532,7619,7650,7764,7779,7781,7993,8089,9039,12325,12701]","[7237,7518,7719,7765,7803,7909,7919,7979,8034,8189,8265,8686,9280,12699,12998]","[5643465,5643465,5722473,5722473,5722473,5722473,5722473,5722473,5722473,5722473,5722473,5722473,5722473,5722633,5722633]","[1264063,1264063,1264063,1264063,1264063,1264063,1264063,1264063,1264063,1264063,1264063,1264063,1264063,1264063,1264063]","{""semantic_component_batches"":1,""semantic_component_jobs"":4,""max_semantic_component_workers"":2,""inference_regions"":210,""canonical_specialization_queries"":32,""canonical_specialization_hits"":30,""solver_requested_bytes"":276648,""solver_allocations"":837,""scratch_requested_bytes"":907740,""scratch_allocations"":5495,""max_solver_live_bytes"":3264,""max_scratch_live_bytes"":5132,""evidence_import_solver_bytes"":0,""evidence_import_scratch_bytes"":768,""snapshot_copy_bytes"":0,""snapshot_copy_allocations"":0,""principal_copy_buffer_bytes"":153960,""principal_copy_buffer_allocations"":1335,""frozen_capture_temporary_bytes"":0,""frozen_capture_published_bytes"":16,""frozen_edge_scratch_bytes"":16,""region_scopes"":311,""max_region_scopes"":5,""call_collections_closed"":33,""call_collections_unresolved"":0,""call_memo_hits"":38,""solver_passes"":149,""solver_constraint_visits"":720,""occurs_steps"":0}"
build/bench/cloud-principal-graphs/lexical-sources/nested-32-valid.blot,bbf3441ddd391e8f2f7b6b3a9f56a898d437a270781a69781efbcd8e81d04578,workers-4,"[7639,7683,7688,7896,7975,8041,8085,8101,8303,8448,8500,8629,9058,9225,15316]","[7869,7919,8085,8199,8234,8315,8372,8511,8584,8615,8746,8922,9019,9355,15712]","[5722473,5722473,5722473,5722473,5722633,5801481,5801481,5801641,5801641,5801641,5801641,5880649,5880649,5880649,5880649]","[1264063,1264063,1264063,1264063,1264063,1264063,1264063,1264063,1264063,1264063,1264063,1264063,1264063,1264063,1264063]","{""semantic_component_batches"":1,""semantic_component_jobs"":4,""max_semantic_component_workers"":4,""inference_regions"":210,""canonical_specialization_queries"":32,""canonical_specialization_hits"":30,""solver_requested_bytes"":276648,""solver_allocations"":837,""scratch_requested_bytes"":907740,""scratch_allocations"":5495,""max_solver_live_bytes"":3264,""max_scratch_live_bytes"":5132,""evidence_import_solver_bytes"":0,""evidence_import_scratch_bytes"":768,""snapshot_copy_bytes"":0,""snapshot_copy_allocations"":0,""principal_copy_buffer_bytes"":153960,""principal_copy_buffer_allocations"":1335,""frozen_capture_temporary_bytes"":0,""frozen_capture_published_bytes"":16,""frozen_edge_scratch_bytes"":16,""region_scopes"":311,""max_region_scopes"":5,""call_collections_closed"":33,""call_collections_unresolved"":0,""call_memo_hits"":38,""solver_passes"":149,""solver_constraint_visits"":720,""occurs_steps"":0}"
build/bench/cloud-principal-graphs/lexical-sources/nested-32-valid.blot,bbf3441ddd391e8f2f7b6b3a9f56a898d437a270781a69781efbcd8e81d04578,workers-8,"[7705,7918,8084,8326,8416,8477,8498,8538,8917,9106,9426,9522,9611,11192,11485]","[7838,8272,8435,8504,8586,8652,8685,8783,9018,9290,9785,9831,10025,11161,12099]","[5722473,5801481,5801641,5801641,5801641,5801641,5801641,5801641,5880649,5880649,5880649,5880649,5880649,5880649,5880649]","[1264063,1264063,1264063,1264063,1264063,1264063,1264063,1264063,1264063,1264063,1264063,1264063,1264063,1264063,1264063]","{""semantic_component_batches"":1,""semantic_component_jobs"":4,""max_semantic_component_workers"":4,""inference_regions"":210,""canonical_specialization_queries"":32,""canonical_specialization_hits"":30,""solver_requested_bytes"":276648,""solver_allocations"":837,""scratch_requested_bytes"":907740,""scratch_allocations"":5495,""max_solver_live_bytes"":3264,""max_scratch_live_bytes"":5132,""evidence_import_solver_bytes"":0,""evidence_import_scratch_bytes"":768,""snapshot_copy_bytes"":0,""snapshot_copy_allocations"":0,""principal_copy_buffer_bytes"":153960,""principal_copy_buffer_allocations"":1335,""frozen_capture_temporary_bytes"":0,""frozen_capture_published_bytes"":16,""frozen_edge_scratch_bytes"":16,""region_scopes"":311,""max_region_scopes"":5,""call_collections_closed"":33,""call_collections_unresolved"":0,""call_memo_hits"":38,""solver_passes"":149,""solver_constraint_visits"":720,""occurs_steps"":0}"
build/bench/cloud-principal-graphs/lexical-sources/nested-8-valid.blot,bd1b2bf3f55a24ae8157733e3289325acfd8c68dc05d25765bc53e14187be1d1,baseline,"[5062,5102,5198,5200,5271,5289,5322,5424,5429,5482,5724,7197,8468,10079,12351]","[5336,5380,5442,5493,5554,5573,5663,5703,5712,6010,6078,7488,8726,10447,12672]","[3882542,3882542,3882542,3882542,3882542,3882542,3882542,3882542,3882542,3882542,3882542,3882542,3882542,3882542,3882542]","[1096099,1096099,1096099,1096099,1096099,1096099,1096099,1096099,1096099,1096099,1096099,1096099,1096099,1096099,1096099]","{""inference_regions"":66,""canonical_specialization_queries"":8,""canonical_specialization_hits"":6,""solver_requested_bytes"":80232,""solver_allocations"":261,""scratch_requested_bytes"":299676,""scratch_allocations"":1775,""max_solver_live_bytes"":3264,""max_scratch_live_bytes"":5132,""evidence_import_solver_bytes"":0,""evidence_import_scratch_bytes"":768,""snapshot_copy_bytes"":0,""snapshot_copy_allocations"":0,""principal_copy_buffer_bytes"":49512,""principal_copy_buffer_allocations"":375,""frozen_capture_temporary_bytes"":0,""frozen_capture_published_bytes"":16,""frozen_edge_scratch_bytes"":16,""region_scopes"":95,""max_region_scopes"":5,""call_collections_closed"":9,""call_collections_unresolved"":0,""call_memo_hits"":14,""solver_passes"":53,""solver_constraint_visits"":240,""occurs_steps"":0}"
build/bench/cloud-principal-graphs/lexical-sources/nested-8-valid.blot,bd1b2bf3f55a24ae8157733e3289325acfd8c68dc05d25765bc53e14187be1d1,default,"[4827,4972,5073,5139,5141,5207,5256,5343,5434,5458,5781,5881,5909,5959,6560]","[5083,5225,5294,5360,5426,5427,5584,5649,5664,5725,6047,6172,6178,6268,6960]","[3882542,3882542,3882542,3882542,3882542,3882542,3882542,3882542,3882542,3882542,3882542,3882542,3882542,3882542,3882542]","[1096099,1096099,1096099,1096099,1096099,1096099,1096099,1096099,1096099,1096099,1096099,1096099,1096099,1096099,1096099]","{""semantic_component_batches"":0,""semantic_component_jobs"":0,""max_semantic_component_workers"":0,""inference_regions"":66,""canonical_specialization_queries"":8,""canonical_specialization_hits"":6,""solver_requested_bytes"":80232,""solver_allocations"":261,""scratch_requested_bytes"":299676,""scratch_allocations"":1775,""max_solver_live_bytes"":3264,""max_scratch_live_bytes"":5132,""evidence_import_solver_bytes"":0,""evidence_import_scratch_bytes"":768,""snapshot_copy_bytes"":0,""snapshot_copy_allocations"":0,""principal_copy_buffer_bytes"":49512,""principal_copy_buffer_allocations"":375,""frozen_capture_temporary_bytes"":0,""frozen_capture_published_bytes"":16,""frozen_edge_scratch_bytes"":16,""region_scopes"":95,""max_region_scopes"":5,""call_collections_closed"":9,""call_collections_unresolved"":0,""call_memo_hits"":14,""solver_passes"":53,""solver_constraint_visits"":240,""occurs_steps"":0}"
build/bench/cloud-principal-graphs/lexical-sources/nested-8-valid.blot,bd1b2bf3f55a24ae8157733e3289325acfd8c68dc05d25765bc53e14187be1d1,workers-1,"[4785,4805,4960,5014,5015,5018,5041,5122,5567,5590,5642,5711,5960,6608,6815]","[5042,5050,5243,5249,5265,5382,5427,5488,5845,5864,5920,5973,6415,7187,7230]","[4019366,4019366,4019366,4019366,4019366,4019366,4019366,4019366,4019366,4019366,4019366,4019366,4019366,4019366,4019366]","[1096099,1096099,1096099,1096099,1096099,1096099,1096099,1096099,1096099,1096099,1096099,1096099,1096099,1096099,1096099]","{""semantic_component_batches"":1,""semantic_component_jobs"":4,""max_semantic_component_workers"":1,""inference_regions"":66,""canonical_specialization_queries"":8,""canonical_specialization_hits"":6,""solver_requested_bytes"":80232,""solver_allocations"":261,""scratch_requested_bytes"":299676,""scratch_allocations"":1775,""max_solver_live_bytes"":3264,""max_scratch_live_bytes"":5132,""evidence_import_solver_bytes"":0,""evidence_import_scratch_bytes"":768,""snapshot_copy_bytes"":0,""snapshot_copy_allocations"":0,""principal_copy_buffer_bytes"":49512,""principal_copy_buffer_allocations"":375,""frozen_capture_temporary_bytes"":0,""frozen_capture_published_bytes"":16,""frozen_edge_scratch_bytes"":16,""region_scopes"":95,""max_region_scopes"":5,""call_collections_closed"":9,""call_collections_unresolved"":0,""call_memo_hits"":14,""solver_passes"":53,""solver_constraint_visits"":240,""occurs_steps"":0}"
build/bench/cloud-principal-graphs/lexical-sources/nested-8-valid.blot,bd1b2bf3f55a24ae8157733e3289325acfd8c68dc05d25765bc53e14187be1d1,workers-2,"[5073,5130,5280,5312,5351,5364,5409,5621,5636,5654,5709,5766,6176,6492,12417]","[5321,5446,5452,5546,5551,5616,5797,5815,5854,5884,5914,5993,6409,6731,12733]","[4121942,4121942,4121942,4121942,4121942,4121942,4121942,4121942,4121942,4121942,4121942,4121942,4121942,4121942,4166798]","[1096099,1096099,1096099,1096099,1096099,1096099,1096099,1096099,1096099,1096099,1096099,1096099,1096099,1096099,1096099]","{""semantic_component_batches"":1,""semantic_component_jobs"":4,""max_semantic_component_workers"":2,""inference_regions"":66,""canonical_specialization_queries"":8,""canonical_specialization_hits"":6,""solver_requested_bytes"":80232,""solver_allocations"":261,""scratch_requested_bytes"":299676,""scratch_allocations"":1775,""max_solver_live_bytes"":3264,""max_scratch_live_bytes"":5132,""evidence_import_solver_bytes"":0,""evidence_import_scratch_bytes"":768,""snapshot_copy_bytes"":0,""snapshot_copy_allocations"":0,""principal_copy_buffer_bytes"":49512,""principal_copy_buffer_allocations"":375,""frozen_capture_temporary_bytes"":0,""frozen_capture_published_bytes"":16,""frozen_edge_scratch_bytes"":16,""region_scopes"":95,""max_region_scopes"":5,""call_collections_closed"":9,""call_collections_unresolved"":0,""call_memo_hits"":14,""solver_passes"":53,""solver_constraint_visits"":240,""occurs_steps"":0}"
build/bench/cloud-principal-graphs/lexical-sources/nested-8-valid.blot,bd1b2bf3f55a24ae8157733e3289325acfd8c68dc05d25765bc53e14187be1d1,workers-4,"[5451,5473,5480,5516,5522,5562,5754,5850,5885,5944,6000,6388,6588,6937,6943]","[5721,5730,5731,5768,5773,5817,5887,6224,6227,6409,6698,6795,6802,7091,7561]","[4118030,4118030,4118030,4121942,4121942,4121942,4121942,4121942,4121942,4121942,4121942,4121942,4162886,4162886,4162886]","[1096099,1096099,1096099,1096099,1096099,1096099,1096099,1096099,1096099,1096099,1096099,1096099,1096099,1096099,1096099]","{""semantic_component_batches"":1,""semantic_component_jobs"":4,""max_semantic_component_workers"":4,""inference_regions"":66,""canonical_specialization_queries"":8,""canonical_specialization_hits"":6,""solver_requested_bytes"":80232,""solver_allocations"":261,""scratch_requested_bytes"":299676,""scratch_allocations"":1775,""max_solver_live_bytes"":3264,""max_scratch_live_bytes"":5132,""evidence_import_solver_bytes"":0,""evidence_import_scratch_bytes"":768,""snapshot_copy_bytes"":0,""snapshot_copy_allocations"":0,""principal_copy_buffer_bytes"":49512,""principal_copy_buffer_allocations"":375,""frozen_capture_temporary_bytes"":0,""frozen_capture_published_bytes"":16,""frozen_edge_scratch_bytes"":16,""region_scopes"":95,""max_region_scopes"":5,""call_collections_closed"":9,""call_collections_unresolved"":0,""call_memo_hits"":14,""solver_passes"":53,""solver_constraint_visits"":240,""occurs_steps"":0}"
build/bench/cloud-principal-graphs/lexical-sources/nested-8-valid.blot,bd1b2bf3f55a24ae8157733e3289325acfd8c68dc05d25765bc53e14187be1d1,workers-8,"[5355,5468,5533,5537,5631,5652,5736,5804,5874,5967,6392,6586,6741,6779,8262]","[5749,5764,5899,5899,5942,5966,6040,6223,6350,6393,6455,6761,7020,7177,9382]","[4121942,4121942,4121942,4121942,4121942,4121942,4121942,4121942,4121942,4121942,4121942,4162886,4162886,4162886,4166798]","[1096099,1096099,1096099,1096099,1096099,1096099,1096099,1096099,1096099,1096099,1096099,1096099,1096099,1096099,1096099]","{""semantic_component_batches"":1,""semantic_component_jobs"":4,""max_semantic_component_workers"":4,""inference_regions"":66,""canonical_specialization_queries"":8,""canonical_specialization_hits"":6,""solver_requested_bytes"":80232,""solver_allocations"":261,""scratch_requested_bytes"":299676,""scratch_allocations"":1775,""max_solver_live_bytes"":3264,""max_scratch_live_bytes"":5132,""evidence_import_solver_bytes"":0,""evidence_import_scratch_bytes"":768,""snapshot_copy_bytes"":0,""snapshot_copy_allocations"":0,""principal_copy_buffer_bytes"":49512,""principal_copy_buffer_allocations"":375,""frozen_capture_temporary_bytes"":0,""frozen_capture_published_bytes"":16,""frozen_edge_scratch_bytes"":16,""region_scopes"":95,""max_region_scopes"":5,""call_collections_closed"":9,""call_collections_unresolved"":0,""call_memo_hits"":14,""solver_passes"":53,""solver_constraint_visits"":240,""occurs_steps"":0}"
build/bench/cloud-principal-graphs/lexical-sources/provider-128-valid.blot,b81c010491d4b87249e39c8100be8424c49c83654fb0781829d9c22bbdaf1c6d,baseline,"[11201,11353,11690,11715,11785,11788,11895,12011,12120,12141,12334,12443,12533,12909,13378]","[11482,11734,11987,12051,12056,12096,12264,12377,12428,12439,12607,12782,12843,13244,13681]","[10276599,10276599,10276599,10276599,10276599,10276599,10276599,10276599,10276599,10276599,10276599,10276599,10276599,10276599,10276599]","[1845909,1845909,1845909,1845909,1845909,1845909,1845909,1845909,1845909,1845909,1845909,1845909,1845909,1845909,1845909]","{""inference_regions"":901,""canonical_specialization_queries"":128,""canonical_specialization_hits"":0,""solver_requested_bytes"":1557952,""solver_allocations"":6065,""scratch_requested_bytes"":1754524,""scratch_allocations"":11594,""max_solver_live_bytes"":3264,""max_scratch_live_bytes"":2880,""evidence_import_solver_bytes"":0,""evidence_import_scratch_bytes"":49664,""snapshot_copy_bytes"":0,""snapshot_copy_allocations"":0,""principal_copy_buffer_bytes"":0,""principal_copy_buffer_allocations"":0,""frozen_capture_temporary_bytes"":0,""frozen_capture_published_bytes"":1024,""frozen_edge_scratch_bytes"":2048,""region_scopes"":1799,""max_region_scopes"":4,""call_collections_closed"":257,""call_collections_unresolved"":0,""call_memo_hits"":644,""solver_passes"":1293,""solver_constraint_visits"":781,""occurs_steps"":0}"
build/bench/cloud-principal-graphs/lexical-sources/provider-128-valid.blot,b81c010491d4b87249e39c8100be8424c49c83654fb0781829d9c22bbdaf1c6d,default,"[11441,11522,11617,11754,11948,12067,12321,12430,12502,12531,12550,13428,13699,16711,16716]","[11714,11799,11980,12068,12206,12642,12814,12832,12864,12883,13393,13730,14017,17088,17340]","[10276599,10276599,10276599,10276599,10276599,10276599,10276599,10276599,10276599,10276599,10276599,10276599,10276599,10276599,10276599]","[1845909,1845909,1845909,1845909,1845909,1845909,1845909,1845909,1845909,1845909,1845909,1845909,1845909,1845909,1845909]","{""semantic_component_batches"":0,""semantic_component_jobs"":0,""max_semantic_component_workers"":0,""inference_regions"":901,""canonical_specialization_queries"":128,""canonical_specialization_hits"":0,""solver_requested_bytes"":1557952,""solver_allocations"":6065,""scratch_requested_bytes"":1754524,""scratch_allocations"":11594,""max_solver_live_bytes"":3264,""max_scratch_live_bytes"":2880,""evidence_import_solver_bytes"":0,""evidence_import_scratch_bytes"":49664,""snapshot_copy_bytes"":0,""snapshot_copy_allocations"":0,""principal_copy_buffer_bytes"":0,""principal_copy_buffer_allocations"":0,""frozen_capture_temporary_bytes"":0,""frozen_capture_published_bytes"":1024,""frozen_edge_scratch_bytes"":2048,""region_scopes"":1799,""max_region_scopes"":4,""call_collections_closed"":257,""call_collections_unresolved"":0,""call_memo_hits"":644,""solver_passes"":1293,""solver_constraint_visits"":781,""occurs_steps"":0}"
build/bench/cloud-principal-graphs/lexical-sources/provider-128-valid.blot,b81c010491d4b87249e39c8100be8424c49c83654fb0781829d9c22bbdaf1c6d,workers-1,"[11154,11178,11365,11538,11738,11806,12021,12115,12232,12237,12929,12935,13444,14598,14649]","[11416,11454,11650,11907,12047,12203,12290,12509,12565,12638,13270,13326,13811,14963,14997]","[10406231,10406231,10406231,10406231,10406231,10406231,10406231,10406231,10406231,10406231,10406231,10406231,10406231,10406231,10406231]","[1845909,1845909,1845909,1845909,1845909,1845909,1845909,1845909,1845909,1845909,1845909,1845909,1845909,1845909,1845909]","{""semantic_component_batches"":1,""semantic_component_jobs"":2,""max_semantic_component_workers"":1,""inference_regions"":901,""canonical_specialization_queries"":128,""canonical_specialization_hits"":0,""solver_requested_bytes"":1557952,""solver_allocations"":6065,""scratch_requested_bytes"":1754524,""scratch_allocations"":11594,""max_solver_live_bytes"":3264,""max_scratch_live_bytes"":2880,""evidence_import_solver_bytes"":0,""evidence_import_scratch_bytes"":49664,""snapshot_copy_bytes"":0,""snapshot_copy_allocations"":0,""principal_copy_buffer_bytes"":0,""principal_copy_buffer_allocations"":0,""frozen_capture_temporary_bytes"":0,""frozen_capture_published_bytes"":1024,""frozen_edge_scratch_bytes"":2048,""region_scopes"":1799,""max_region_scopes"":4,""call_collections_closed"":257,""call_collections_unresolved"":0,""call_memo_hits"":644,""solver_passes"":1293,""solver_constraint_visits"":781,""occurs_steps"":0}"
build/bench/cloud-principal-graphs/lexical-sources/provider-128-valid.blot,b81c010491d4b87249e39c8100be8424c49c83654fb0781829d9c22bbdaf1c6d,workers-2,"[11643,11683,11965,12035,12077,12094,12261,12493,12501,12676,12756,13109,13662,13844,15372]","[11999,12063,12327,12340,12509,12599,12600,13023,13034,13139,13144,13463,13996,14194,15768]","[10406231,10406231,10406231,10482887,10482887,10482887,10482887,10482887,10482887,10482887,10482887,10482887,10482887,10482887,10482887]","[1845909,1845909,1845909,1845909,1845909,1845909,1845909,1845909,1845909,1845909,1845909,1845909,1845909,1845909,1845909]","{""semantic_component_batches"":1,""semantic_component_jobs"":2,""max_semantic_component_workers"":2,""inference_regions"":901,""canonical_specialization_queries"":128,""canonical_specialization_hits"":0,""solver_requested_bytes"":1557952,""solver_allocations"":6065,""scratch_requested_bytes"":1754524,""scratch_allocations"":11594,""max_solver_live_bytes"":3264,""max_scratch_live_bytes"":2880,""evidence_import_solver_bytes"":0,""evidence_import_scratch_bytes"":49664,""snapshot_copy_bytes"":0,""snapshot_copy_allocations"":0,""principal_copy_buffer_bytes"":0,""principal_copy_buffer_allocations"":0,""frozen_capture_temporary_bytes"":0,""frozen_capture_published_bytes"":1024,""frozen_edge_scratch_bytes"":2048,""region_scopes"":1799,""max_region_scopes"":4,""call_collections_closed"":257,""call_collections_unresolved"":0,""call_memo_hits"":644,""solver_passes"":1293,""solver_constraint_visits"":781,""occurs_steps"":0}"
build/bench/cloud-principal-graphs/lexical-sources/provider-128-valid.blot,b81c010491d4b87249e39c8100be8424c49c83654fb0781829d9c22bbdaf1c6d,workers-4,"[11570,11608,11818,11895,12000,12045,12386,12715,12736,13022,13064,13476,13590,14574,14626]","[11890,11901,12135,12321,12407,12631,12680,13009,13077,13324,13459,13867,13874,15016,15068]","[10406231,10406231,10406231,10406231,10482887,10482887,10482887,10482887,10482887,10482887,10482887,10482887,10482887,10482887,10482887]","[1845909,1845909,1845909,1845909,1845909,1845909,1845909,1845909,1845909,1845909,1845909,1845909,1845909,1845909,1845909]","{""semantic_component_batches"":1,""semantic_component_jobs"":2,""max_semantic_component_workers"":2,""inference_regions"":901,""canonical_specialization_queries"":128,""canonical_specialization_hits"":0,""solver_requested_bytes"":1557952,""solver_allocations"":6065,""scratch_requested_bytes"":1754524,""scratch_allocations"":11594,""max_solver_live_bytes"":3264,""max_scratch_live_bytes"":2880,""evidence_import_solver_bytes"":0,""evidence_import_scratch_bytes"":49664,""snapshot_copy_bytes"":0,""snapshot_copy_allocations"":0,""principal_copy_buffer_bytes"":0,""principal_copy_buffer_allocations"":0,""frozen_capture_temporary_bytes"":0,""frozen_capture_published_bytes"":1024,""frozen_edge_scratch_bytes"":2048,""region_scopes"":1799,""max_region_scopes"":4,""call_collections_closed"":257,""call_collections_unresolved"":0,""call_memo_hits"":644,""solver_passes"":1293,""solver_constraint_visits"":781,""occurs_steps"":0}"
build/bench/cloud-principal-graphs/lexical-sources/provider-128-valid.blot,b81c010491d4b87249e39c8100be8424c49c83654fb0781829d9c22bbdaf1c6d,workers-8,"[11470,11641,11760,11845,12041,12166,12185,12564,12620,12650,12893,13321,14368,14598,21386]","[11895,12014,12078,12117,12300,12400,12417,12756,12928,13141,13157,13834,14612,16638,21948]","[10406231,10406231,10406231,10482887,10482887,10482887,10482887,10482887,10482887,10482887,10482887,10482887,10482887,10482887,10482887]","[1845909,1845909,1845909,1845909,1845909,1845909,1845909,1845909,1845909,1845909,1845909,1845909,1845909,1845909,1845909]","{""semantic_component_batches"":1,""semantic_component_jobs"":2,""max_semantic_component_workers"":2,""inference_regions"":901,""canonical_specialization_queries"":128,""canonical_specialization_hits"":0,""solver_requested_bytes"":1557952,""solver_allocations"":6065,""scratch_requested_bytes"":1754524,""scratch_allocations"":11594,""max_solver_live_bytes"":3264,""max_scratch_live_bytes"":2880,""evidence_import_solver_bytes"":0,""evidence_import_scratch_bytes"":49664,""snapshot_copy_bytes"":0,""snapshot_copy_allocations"":0,""principal_copy_buffer_bytes"":0,""principal_copy_buffer_allocations"":0,""frozen_capture_temporary_bytes"":0,""frozen_capture_published_bytes"":1024,""frozen_edge_scratch_bytes"":2048,""region_scopes"":1799,""max_region_scopes"":4,""call_collections_closed"":257,""call_collections_unresolved"":0,""call_memo_hits"":644,""solver_passes"":1293,""solver_constraint_visits"":781,""occurs_steps"":0}"
build/bench/cloud-principal-graphs/lexical-sources/provider-32-valid.blot,148b705812f6a243acf1555ad1b62d8314ebdfa7a93c28b50af6d6596131a73c,baseline,"[5785,5827,5980,6062,6285,6325,6347,6546,6688,6726,6773,6848,7285,7950,8121]","[6028,6050,6214,6289,6574,6582,6621,6788,6970,7025,7194,7251,7646,8204,8484]","[5020328,5020328,5020328,5020328,5020328,5020328,5020328,5020328,5020328,5020328,5020328,5020328,5020328,5020328,5020328]","[1189360,1189360,1189360,1189360,1189360,1189360,1189360,1189360,1189360,1189360,1189360,1189360,1189360,1189360,1189360]","{""inference_regions"":229,""canonical_specialization_queries"":32,""canonical_specialization_hits"":0,""solver_requested_bytes"":397888,""solver_allocations"":1553,""scratch_requested_bytes"":447772,""scratch_allocations"":2954,""max_solver_live_bytes"":3264,""max_scratch_live_bytes"":2880,""evidence_import_solver_bytes"":0,""evidence_import_scratch_bytes"":12800,""snapshot_copy_bytes"":0,""snapshot_copy_allocations"":0,""principal_copy_buffer_bytes"":0,""principal_copy_buffer_allocations"":0,""frozen_capture_temporary_bytes"":0,""frozen_capture_published_bytes"":256,""frozen_edge_scratch_bytes"":512,""region_scopes"":455,""max_region_scopes"":4,""call_collections_closed"":65,""call_collections_unresolved"":0,""call_memo_hits"":164,""solver_passes"":333,""solver_constraint_visits"":205,""occurs_steps"":0}"
build/bench/cloud-principal-graphs/lexical-sources/provider-32-valid.blot,148b705812f6a243acf1555ad1b62d8314ebdfa7a93c28b50af6d6596131a73c,default,"[5962,5974,6037,6072,6101,6117,6120,6185,6254,6275,6490,6660,6749,6830,7389]","[6187,6327,6337,6356,6395,6425,6483,6490,6528,6689,6752,6923,6994,7083,7676]","[5020328,5020328,5020328,5020328,5020328,5020328,5020328,5020328,5020328,5020328,5020328,5020328,5020328,5020328,5020328]","[1189360,1189360,1189360,1189360,1189360,1189360,1189360,1189360,1189360,1189360,1189360,1189360,1189360,1189360,1189360]","{""semantic_component_batches"":0,""semantic_component_jobs"":0,""max_semantic_component_workers"":0,""inference_regions"":229,""canonical_specialization_queries"":32,""canonical_specialization_hits"":0,""solver_requested_bytes"":397888,""solver_allocations"":1553,""scratch_requested_bytes"":447772,""scratch_allocations"":2954,""max_solver_live_bytes"":3264,""max_scratch_live_bytes"":2880,""evidence_import_solver_bytes"":0,""evidence_import_scratch_bytes"":12800,""snapshot_copy_bytes"":0,""snapshot_copy_allocations"":0,""principal_copy_buffer_bytes"":0,""principal_copy_buffer_allocations"":0,""frozen_capture_temporary_bytes"":0,""frozen_capture_published_bytes"":256,""frozen_edge_scratch_bytes"":512,""region_scopes"":455,""max_region_scopes"":4,""call_collections_closed"":65,""call_collections_unresolved"":0,""call_memo_hits"":164,""solver_passes"":333,""solver_constraint_visits"":205,""occurs_steps"":0}"
build/bench/cloud-principal-graphs/lexical-sources/provider-32-valid.blot,148b705812f6a243acf1555ad1b62d8314ebdfa7a93c28b50af6d6596131a73c,workers-1,"[5655,5693,5730,5788,5912,5924,6017,6183,6209,6357,6463,6543,6621,6699,8342]","[5929,6046,6051,6059,6187,6331,6458,6490,6495,6728,6790,6835,6928,6930,8707]","[5132136,5132136,5132136,5132136,5132136,5132136,5132136,5132136,5132136,5132136,5132136,5132136,5132136,5132136,5132136]","[1189360,1189360,1189360,1189360,1189360,1189360,1189360,1189360,1189360,1189360,1189360,1189360,1189360,1189360,1189360]","{""semantic_component_batches"":1,""semantic_component_jobs"":2,""max_semantic_component_workers"":1,""inference_regions"":229,""canonical_specialization_queries"":32,""canonical_specialization_hits"":0,""solver_requested_bytes"":397888,""solver_allocations"":1553,""scratch_requested_bytes"":447772,""scratch_allocations"":2954,""max_solver_live_bytes"":3264,""max_scratch_live_bytes"":2880,""evidence_import_solver_bytes"":0,""evidence_import_scratch_bytes"":12800,""snapshot_copy_bytes"":0,""snapshot_copy_allocations"":0,""principal_copy_buffer_bytes"":0,""principal_copy_buffer_allocations"":0,""frozen_capture_temporary_bytes"":0,""frozen_capture_published_bytes"":256,""frozen_edge_scratch_bytes"":512,""region_scopes"":455,""max_region_scopes"":4,""call_collections_closed"":65,""call_collections_unresolved"":0,""call_memo_hits"":164,""solver_passes"":333,""solver_constraint_visits"":205,""occurs_steps"":0}"
build/bench/cloud-principal-graphs/lexical-sources/provider-32-valid.blot,148b705812f6a243acf1555ad1b62d8314ebdfa7a93c28b50af6d6596131a73c,workers-2,"[5833,5854,6089,6100,6104,6178,6212,6218,6389,6505,6687,6733,6848,6893,6938]","[6029,6166,6277,6315,6341,6366,6474,6536,6744,6812,7034,7084,7203,7203,7793]","[5132136,5132136,5132136,5236280,5236280,5236280,5236280,5236280,5236280,5236280,5236280,5236280,5236280,5236280,5236280]","[1189360,1189360,1189360,1189360,1189360,1189360,1189360,1189360,1189360,1189360,1189360,1189360,1189360,1189360,1189360]","{""semantic_component_batches"":1,""semantic_component_jobs"":2,""max_semantic_component_workers"":2,""inference_regions"":229,""canonical_specialization_queries"":32,""canonical_specialization_hits"":0,""solver_requested_bytes"":397888,""solver_allocations"":1553,""scratch_requested_bytes"":447772,""scratch_allocations"":2954,""max_solver_live_bytes"":3264,""max_scratch_live_bytes"":2880,""evidence_import_solver_bytes"":0,""evidence_import_scratch_bytes"":12800,""snapshot_copy_bytes"":0,""snapshot_copy_allocations"":0,""principal_copy_buffer_bytes"":0,""principal_copy_buffer_allocations"":0,""frozen_capture_temporary_bytes"":0,""frozen_capture_published_bytes"":256,""frozen_edge_scratch_bytes"":512,""region_scopes"":455,""max_region_scopes"":4,""call_collections_closed"":65,""call_collections_unresolved"":0,""call_memo_hits"":164,""solver_passes"":333,""solver_constraint_visits"":205,""occurs_steps"":0}"
build/bench/cloud-principal-graphs/lexical-sources/provider-32-valid.blot,148b705812f6a243acf1555ad1b62d8314ebdfa7a93c28b50af6d6596131a73c,workers-4,"[5967,6139,6203,6267,6394,6445,6575,6664,6811,7100,7202,7399,7427,8164,10441]","[6156,6413,6464,6520,6725,6913,6936,7046,7048,7464,7474,7698,7737,8437,10845]","[5132136,5132136,5132136,5236280,5236280,5236280,5236280,5236280,5236280,5236280,5236280,5236280,5236280,5236280,5236280]","[1189360,1189360,1189360,1189360,1189360,1189360,1189360,1189360,1189360,1189360,1189360,1189360,1189360,1189360,1189360]","{""semantic_component_batches"":1,""semantic_component_jobs"":2,""max_semantic_component_workers"":2,""inference_regions"":229,""canonical_specialization_queries"":32,""canonical_specialization_hits"":0,""solver_requested_bytes"":397888,""solver_allocations"":1553,""scratch_requested_bytes"":447772,""scratch_allocations"":2954,""max_solver_live_bytes"":3264,""max_scratch_live_bytes"":2880,""evidence_import_solver_bytes"":0,""evidence_import_scratch_bytes"":12800,""snapshot_copy_bytes"":0,""snapshot_copy_allocations"":0,""principal_copy_buffer_bytes"":0,""principal_copy_buffer_allocations"":0,""frozen_capture_temporary_bytes"":0,""frozen_capture_published_bytes"":256,""frozen_edge_scratch_bytes"":512,""region_scopes"":455,""max_region_scopes"":4,""call_collections_closed"":65,""call_collections_unresolved"":0,""call_memo_hits"":164,""solver_passes"":333,""solver_constraint_visits"":205,""occurs_steps"":0}"
build/bench/cloud-principal-graphs/lexical-sources/provider-32-valid.blot,148b705812f6a243acf1555ad1b62d8314ebdfa7a93c28b50af6d6596131a73c,workers-8,"[5870,6077,6147,6301,6310,6421,6492,6554,6585,6666,6884,7256,7394,7883,8004]","[6257,6400,6486,6510,6572,6676,6802,6931,6949,7113,7150,7527,7669,8157,8164]","[5132136,5132136,5132136,5132136,5236280,5236280,5236280,5236280,5236280,5236280,5236280,5236280,5236280,5236280,5236280]","[1189360,1189360,1189360,1189360,1189360,1189360,1189360,1189360,1189360,1189360,1189360,1189360,1189360,1189360,1189360]","{""semantic_component_batches"":1,""semantic_component_jobs"":2,""max_semantic_component_workers"":2,""inference_regions"":229,""canonical_specialization_queries"":32,""canonical_specialization_hits"":0,""solver_requested_bytes"":397888,""solver_allocations"":1553,""scratch_requested_bytes"":447772,""scratch_allocations"":2954,""max_solver_live_bytes"":3264,""max_scratch_live_bytes"":2880,""evidence_import_solver_bytes"":0,""evidence_import_scratch_bytes"":12800,""snapshot_copy_bytes"":0,""snapshot_copy_allocations"":0,""principal_copy_buffer_bytes"":0,""principal_copy_buffer_allocations"":0,""frozen_capture_temporary_bytes"":0,""frozen_capture_published_bytes"":256,""frozen_edge_scratch_bytes"":512,""region_scopes"":455,""max_region_scopes"":4,""call_collections_closed"":65,""call_collections_unresolved"":0,""call_memo_hits"":164,""solver_passes"":333,""solver_constraint_visits"":205,""occurs_steps"":0}"
build/bench/cloud-principal-graphs/lexical-sources/provider-8-valid.blot,63fd3000ae3003deb49ac9e6b1c4ee16d959d8e2beb9d5cded11d8267fabe528,baseline,"[4546,4594,4728,4777,5067,5129,5133,5150,5178,5193,5194,5253,5695,6260,7891]","[4821,4824,4972,5046,5389,5413,5419,5429,5434,5471,5554,5591,5939,6670,8149]","[3627770,3627770,3627770,3627770,3627770,3627770,3627770,3627770,3627770,3627770,3627770,3627770,3627770,3627770,3627770]","[1062481,1062481,1062481,1062481,1062481,1062481,1062481,1062481,1062481,1062481,1062481,1062481,1062481,1062481,1062481]","{""inference_regions"":61,""canonical_specialization_queries"":8,""canonical_specialization_hits"":0,""solver_requested_bytes"":107872,""solver_allocations"":425,""scratch_requested_bytes"":121084,""scratch_allocations"":794,""max_solver_live_bytes"":3264,""max_scratch_live_bytes"":2880,""evidence_import_solver_bytes"":0,""evidence_import_scratch_bytes"":3584,""snapshot_copy_bytes"":0,""snapshot_copy_allocations"":0,""principal_copy_buffer_bytes"":0,""principal_copy_buffer_allocations"":0,""frozen_capture_temporary_bytes"":0,""frozen_capture_published_bytes"":64,""frozen_edge_scratch_bytes"":128,""region_scopes"":119,""max_region_scopes"":4,""call_collections_closed"":17,""call_collections_unresolved"":0,""call_memo_hits"":44,""solver_passes"":93,""solver_constraint_visits"":61,""occurs_steps"":0}"
build/bench/cloud-principal-graphs/lexical-sources/provider-8-valid.blot,63fd3000ae3003deb49ac9e6b1c4ee16d959d8e2beb9d5cded11d8267fabe528,default,"[4121,4405,4462,4501,4543,4566,4636,4651,4660,4684,4812,5021,6308,6950,8539]","[4365,4682,4723,4745,4801,4843,4864,4898,4899,4949,5026,5322,6629,7234,8967]","[3627770,3627770,3627770,3627770,3627770,3627770,3627770,3627770,3627770,3627770,3627770,3627770,3627770,3627770,3627770]","[1062481,1062481,1062481,1062481,1062481,1062481,1062481,1062481,1062481,1062481,1062481,1062481,1062481,1062481,1062481]","{""semantic_component_batches"":0,""semantic_component_jobs"":0,""max_semantic_component_workers"":0,""inference_regions"":61,""canonical_specialization_queries"":8,""canonical_specialization_hits"":0,""solver_requested_bytes"":107872,""solver_allocations"":425,""scratch_requested_bytes"":121084,""scratch_allocations"":794,""max_solver_live_bytes"":3264,""max_scratch_live_bytes"":2880,""evidence_import_solver_bytes"":0,""evidence_import_scratch_bytes"":3584,""snapshot_copy_bytes"":0,""snapshot_copy_allocations"":0,""principal_copy_buffer_bytes"":0,""principal_copy_buffer_allocations"":0,""frozen_capture_temporary_bytes"":0,""frozen_capture_published_bytes"":64,""frozen_edge_scratch_bytes"":128,""region_scopes"":119,""max_region_scopes"":4,""call_collections_closed"":17,""call_collections_unresolved"":0,""call_memo_hits"":44,""solver_passes"":93,""solver_constraint_visits"":61,""occurs_steps"":0}"
build/bench/cloud-principal-graphs/lexical-sources/provider-8-valid.blot,63fd3000ae3003deb49ac9e6b1c4ee16d959d8e2beb9d5cded11d8267fabe528,workers-1,"[4387,4392,4438,4485,4592,4624,4633,4679,4695,4738,4739,4796,5223,6270,7496]","[4629,4634,4722,4784,4918,4967,4972,5026,5048,5074,5095,5100,5434,6691,7882]","[3726618,3726618,3726618,3726618,3726618,3726618,3726618,3726618,3726618,3726618,3726618,3726618,3726618,3726618,3726618]","[1062481,1062481,1062481,1062481,1062481,1062481,1062481,1062481,1062481,1062481,1062481,1062481,1062481,1062481,1062481]","{""semantic_component_batches"":1,""semantic_component_jobs"":2,""max_semantic_component_workers"":1,""inference_regions"":61,""canonical_specialization_queries"":8,""canonical_specialization_hits"":0,""solver_requested_bytes"":107872,""solver_allocations"":425,""scratch_requested_bytes"":121084,""scratch_allocations"":794,""max_solver_live_bytes"":3264,""max_scratch_live_bytes"":2880,""evidence_import_solver_bytes"":0,""evidence_import_scratch_bytes"":3584,""snapshot_copy_bytes"":0,""snapshot_copy_allocations"":0,""principal_copy_buffer_bytes"":0,""principal_copy_buffer_allocations"":0,""frozen_capture_temporary_bytes"":0,""frozen_capture_published_bytes"":64,""frozen_edge_scratch_bytes"":128,""region_scopes"":119,""max_region_scopes"":4,""call_collections_closed"":17,""call_collections_unresolved"":0,""call_memo_hits"":44,""solver_passes"":93,""solver_constraint_visits"":61,""occurs_steps"":0}"
build/bench/cloud-principal-graphs/lexical-sources/provider-8-valid.blot,63fd3000ae3003deb49ac9e6b1c4ee16d959d8e2beb9d5cded11d8267fabe528,workers-2,"[4466,4573,4593,4615,4675,4697,4812,5018,5472,5552,5696,5725,5841,6056,7128]","[4750,4781,4861,4864,4977,4994,5108,5284,5709,5926,6022,6086,6163,6514,7652]","[3726618,3726618,3726618,3829130,3829130,3829130,3829130,3829130,3829130,3829130,3829130,3829130,3829130,3829130,3829130]","[1062481,1062481,1062481,1062481,1062481,1062481,1062481,1062481,1062481,1062481,1062481,1062481,1062481,1062481,1062481]","{""semantic_component_batches"":1,""semantic_component_jobs"":2,""max_semantic_component_workers"":2,""inference_regions"":61,""canonical_specialization_queries"":8,""canonical_specialization_hits"":0,""solver_requested_bytes"":107872,""solver_allocations"":425,""scratch_requested_bytes"":121084,""scratch_allocations"":794,""max_solver_live_bytes"":3264,""max_scratch_live_bytes"":2880,""evidence_import_solver_bytes"":0,""evidence_import_scratch_bytes"":3584,""snapshot_copy_bytes"":0,""snapshot_copy_allocations"":0,""principal_copy_buffer_bytes"":0,""principal_copy_buffer_allocations"":0,""frozen_capture_temporary_bytes"":0,""frozen_capture_published_bytes"":64,""frozen_edge_scratch_bytes"":128,""region_scopes"":119,""max_region_scopes"":4,""call_collections_closed"":17,""call_collections_unresolved"":0,""call_memo_hits"":44,""solver_passes"":93,""solver_constraint_visits"":61,""occurs_steps"":0}"
build/bench/cloud-principal-graphs/lexical-sources/provider-8-valid.blot,63fd3000ae3003deb49ac9e6b1c4ee16d959d8e2beb9d5cded11d8267fabe528,workers-4,"[4682,4682,4698,4777,4811,4905,4944,4952,5096,5233,5247,5365,5463,6202,9856]","[4938,4999,5026,5108,5134,5163,5169,5449,5453,5509,5571,5583,5906,6391,10289]","[3726618,3726618,3829130,3829130,3829130,3829130,3829130,3829130,3829130,3829130,3829130,3829130,3829130,3829130,3829130]","[1062481,1062481,1062481,1062481,1062481,1062481,1062481,1062481,1062481,1062481,1062481,1062481,1062481,1062481,1062481]","{""semantic_component_batches"":1,""semantic_component_jobs"":2,""max_semantic_component_workers"":2,""inference_regions"":61,""canonical_specialization_queries"":8,""canonical_specialization_hits"":0,""solver_requested_bytes"":107872,""solver_allocations"":425,""scratch_requested_bytes"":121084,""scratch_allocations"":794,""max_solver_live_bytes"":3264,""max_scratch_live_bytes"":2880,""evidence_import_solver_bytes"":0,""evidence_import_scratch_bytes"":3584,""snapshot_copy_bytes"":0,""snapshot_copy_allocations"":0,""principal_copy_buffer_bytes"":0,""principal_copy_buffer_allocations"":0,""frozen_capture_temporary_bytes"":0,""frozen_capture_published_bytes"":64,""frozen_edge_scratch_bytes"":128,""region_scopes"":119,""max_region_scopes"":4,""call_collections_closed"":17,""call_collections_unresolved"":0,""call_memo_hits"":44,""solver_passes"":93,""solver_constraint_visits"":61,""occurs_steps"":0}"
build/bench/cloud-principal-graphs/lexical-sources/provider-8-valid.blot,63fd3000ae3003deb49ac9e6b1c4ee16d959d8e2beb9d5cded11d8267fabe528,workers-8,"[4506,4729,4806,4828,4856,4925,4943,5037,5122,5140,5268,5274,5316,5487,5789]","[4856,4955,5082,5101,5158,5196,5316,5387,5414,5471,5511,5741,5809,6122,11831]","[3726618,3829130,3829130,3829130,3829130,3829130,3829130,3829130,3829130,3829130,3829130,3829130,3829130,3829130,3829130]","[1062481,1062481,1062481,1062481,1062481,1062481,1062481,1062481,1062481,1062481,1062481,1062481,1062481,1062481,1062481]","{""semantic_component_batches"":1,""semantic_component_jobs"":2,""max_semantic_component_workers"":2,""inference_regions"":61,""canonical_specialization_queries"":8,""canonical_specialization_hits"":0,""solver_requested_bytes"":107872,""solver_allocations"":425,""scratch_requested_bytes"":121084,""scratch_allocations"":794,""max_solver_live_bytes"":3264,""max_scratch_live_bytes"":2880,""evidence_import_solver_bytes"":0,""evidence_import_scratch_bytes"":3584,""snapshot_copy_bytes"":0,""snapshot_copy_allocations"":0,""principal_copy_buffer_bytes"":0,""principal_copy_buffer_allocations"":0,""frozen_capture_temporary_bytes"":0,""frozen_capture_published_bytes"":64,""frozen_edge_scratch_bytes"":128,""region_scopes"":119,""max_region_scopes"":4,""call_collections_closed"":17,""call_collections_unresolved"":0,""call_memo_hits"":44,""solver_passes"":93,""solver_constraint_visits"":61,""occurs_steps"":0}"
build/bench/cloud-principal-graphs/component-sources/direct-8-valid.blot,ff92b5686827ea8bda6ce76129502552cd6f51383f804f6724f7942f6201acdc,baseline,"[927,972,979,1042,1099,1103,1122,1124,1137,1182,1217,1255,1256,1264,1347]","[1110,1144,1152,1251,1330,1340,1369,1426,1435,1441,1445,1478,1510,1542,1617]","[288961,288961,288961,288961,288961,288961,288961,288961,288961,288961,288961,288961,288961,288961,288961]","[78068,78068,78068,78068,78068,78068,78068,78068,78068,78068,78068,78068,78068,78068,78068]","{""inference_regions"":19,""canonical_specialization_queries"":0,""canonical_specialization_hits"":0,""solver_requested_bytes"":27572,""solver_allocations"":126,""scratch_requested_bytes"":33808,""scratch_allocations"":165,""max_solver_live_bytes"":5232,""max_scratch_live_bytes"":7056,""evidence_import_solver_bytes"":0,""evidence_import_scratch_bytes"":128,""snapshot_copy_bytes"":0,""snapshot_copy_allocations"":0,""principal_copy_buffer_bytes"":0,""principal_copy_buffer_allocations"":0,""frozen_capture_temporary_bytes"":0,""frozen_capture_published_bytes"":0,""frozen_edge_scratch_bytes"":0,""region_scopes"":41,""max_region_scopes"":15,""call_collections_closed"":7,""call_collections_unresolved"":0,""call_memo_hits"":9,""solver_passes"":30,""solver_constraint_visits"":25,""occurs_steps"":0}"
build/bench/cloud-principal-graphs/component-sources/direct-8-valid.blot,ff92b5686827ea8bda6ce76129502552cd6f51383f804f6724f7942f6201acdc,default,"[796,868,874,881,898,930,938,962,985,1032,1034,1072,1158,1260,1263]","[1063,1081,1104,1108,1145,1146,1150,1200,1212,1222,1236,1297,1391,1449,1463]","[288961,288961,288961,288961,288961,288961,288961,288961,288961,288961,288961,288961,288961,288961,288961]","[78068,78068,78068,78068,78068,78068,78068,78068,78068,78068,78068,78068,78068,78068,78068]","{""semantic_component_batches"":0,""semantic_component_jobs"":0,""max_semantic_component_workers"":0,""inference_regions"":19,""canonical_specialization_queries"":0,""canonical_specialization_hits"":0,""solver_requested_bytes"":27572,""solver_allocations"":126,""scratch_requested_bytes"":33808,""scratch_allocations"":165,""max_solver_live_bytes"":5232,""max_scratch_live_bytes"":7056,""evidence_import_solver_bytes"":0,""evidence_import_scratch_bytes"":128,""snapshot_copy_bytes"":0,""snapshot_copy_allocations"":0,""principal_copy_buffer_bytes"":0,""principal_copy_buffer_allocations"":0,""frozen_capture_temporary_bytes"":0,""frozen_capture_published_bytes"":0,""frozen_edge_scratch_bytes"":0,""region_scopes"":41,""max_region_scopes"":15,""call_collections_closed"":7,""call_collections_unresolved"":0,""call_memo_hits"":9,""solver_passes"":30,""solver_constraint_visits"":25,""occurs_steps"":0}"
build/bench/cloud-principal-graphs/component-sources/direct-8-valid.blot,ff92b5686827ea8bda6ce76129502552cd6f51383f804f6724f7942f6201acdc,workers-1,"[830,874,927,949,969,991,1003,1028,1033,1050,1054,1074,1181,1234,1258]","[997,1056,1094,1144,1199,1233,1239,1242,1244,1260,1263,1264,1405,1477,1596]","[295697,295697,295697,295697,295697,295697,295697,295697,295697,295697,295697,295697,295697,295697,295697]","[78068,78068,78068,78068,78068,78068,78068,78068,78068,78068,78068,78068,78068,78068,78068]","{""semantic_component_batches"":0,""semantic_component_jobs"":0,""max_semantic_component_workers"":0,""inference_regions"":19,""canonical_specialization_queries"":0,""canonical_specialization_hits"":0,""solver_requested_bytes"":27572,""solver_allocations"":126,""scratch_requested_bytes"":33808,""scratch_allocations"":165,""max_solver_live_bytes"":5232,""max_scratch_live_bytes"":7056,""evidence_import_solver_bytes"":0,""evidence_import_scratch_bytes"":128,""snapshot_copy_bytes"":0,""snapshot_copy_allocations"":0,""principal_copy_buffer_bytes"":0,""principal_copy_buffer_allocations"":0,""frozen_capture_temporary_bytes"":0,""frozen_capture_published_bytes"":0,""frozen_edge_scratch_bytes"":0,""region_scopes"":41,""max_region_scopes"":15,""call_collections_closed"":7,""call_collections_unresolved"":0,""call_memo_hits"":9,""solver_passes"":30,""solver_constraint_visits"":25,""occurs_steps"":0}"
build/bench/cloud-principal-graphs/component-sources/direct-8-valid.blot,ff92b5686827ea8bda6ce76129502552cd6f51383f804f6724f7942f6201acdc,workers-2,"[831,833,841,854,865,882,918,925,928,933,973,1027,1028,1067,1395]","[1014,1029,1035,1042,1072,1091,1096,1110,1146,1166,1269,1305,1311,1500,1600]","[295697,295697,295697,295697,295697,295697,295697,295697,295697,295697,295697,295697,295697,295697,295697]","[78068,78068,78068,78068,78068,78068,78068,78068,78068,78068,78068,78068,78068,78068,78068]","{""semantic_component_batches"":0,""semantic_component_jobs"":0,""max_semantic_component_workers"":0,""inference_regions"":19,""canonical_specialization_queries"":0,""canonical_specialization_hits"":0,""solver_requested_bytes"":27572,""solver_allocations"":126,""scratch_requested_bytes"":33808,""scratch_allocations"":165,""max_solver_live_bytes"":5232,""max_scratch_live_bytes"":7056,""evidence_import_solver_bytes"":0,""evidence_import_scratch_bytes"":128,""snapshot_copy_bytes"":0,""snapshot_copy_allocations"":0,""principal_copy_buffer_bytes"":0,""principal_copy_buffer_allocations"":0,""frozen_capture_temporary_bytes"":0,""frozen_capture_published_bytes"":0,""frozen_edge_scratch_bytes"":0,""region_scopes"":41,""max_region_scopes"":15,""call_collections_closed"":7,""call_collections_unresolved"":0,""call_memo_hits"":9,""solver_passes"":30,""solver_constraint_visits"":25,""occurs_steps"":0}"
build/bench/cloud-principal-graphs/component-sources/direct-8-valid.blot,ff92b5686827ea8bda6ce76129502552cd6f51383f804f6724f7942f6201acdc,workers-4,"[843,877,889,949,949,973,983,1013,1015,1016,1064,1130,1176,1343,1955]","[1067,1073,1089,1119,1147,1159,1199,1226,1260,1278,1287,1343,1374,1825,2187]","[295697,295697,295697,295697,295697,295697,295697,295697,295697,295697,295697,295697,295697,295697,295697]","[78068,78068,78068,78068,78068,78068,78068,78068,78068,78068,78068,78068,78068,78068,78068]","{""semantic_component_batches"":0,""semantic_component_jobs"":0,""max_semantic_component_workers"":0,""inference_regions"":19,""canonical_specialization_queries"":0,""canonical_specialization_hits"":0,""solver_requested_bytes"":27572,""solver_allocations"":126,""scratch_requested_bytes"":33808,""scratch_allocations"":165,""max_solver_live_bytes"":5232,""max_scratch_live_bytes"":7056,""evidence_import_solver_bytes"":0,""evidence_import_scratch_bytes"":128,""snapshot_copy_bytes"":0,""snapshot_copy_allocations"":0,""principal_copy_buffer_bytes"":0,""principal_copy_buffer_allocations"":0,""frozen_capture_temporary_bytes"":0,""frozen_capture_published_bytes"":0,""frozen_edge_scratch_bytes"":0,""region_scopes"":41,""max_region_scopes"":15,""call_collections_closed"":7,""call_collections_unresolved"":0,""call_memo_hits"":9,""solver_passes"":30,""solver_constraint_visits"":25,""occurs_steps"":0}"
build/bench/cloud-principal-graphs/component-sources/direct-8-valid.blot,ff92b5686827ea8bda6ce76129502552cd6f51383f804f6724f7942f6201acdc,workers-8,"[808,841,841,881,917,937,939,948,998,1008,1069,1108,1245,1332,1618]","[1024,1061,1071,1112,1130,1131,1136,1150,1216,1217,1287,1473,1502,1540,1899]","[295697,295697,295697,295697,295697,295697,295697,295697,295697,295697,295697,295697,295697,295697,295697]","[78068,78068,78068,78068,78068,78068,78068,78068,78068,78068,78068,78068,78068,78068,78068]","{""semantic_component_batches"":0,""semantic_component_jobs"":0,""max_semantic_component_workers"":0,""inference_regions"":19,""canonical_specialization_queries"":0,""canonical_specialization_hits"":0,""solver_requested_bytes"":27572,""solver_allocations"":126,""scratch_requested_bytes"":33808,""scratch_allocations"":165,""max_solver_live_bytes"":5232,""max_scratch_live_bytes"":7056,""evidence_import_solver_bytes"":0,""evidence_import_scratch_bytes"":128,""snapshot_copy_bytes"":0,""snapshot_copy_allocations"":0,""principal_copy_buffer_bytes"":0,""principal_copy_buffer_allocations"":0,""frozen_capture_temporary_bytes"":0,""frozen_capture_published_bytes"":0,""frozen_edge_scratch_bytes"":0,""region_scopes"":41,""max_region_scopes"":15,""call_collections_closed"":7,""call_collections_unresolved"":0,""call_memo_hits"":9,""solver_passes"":30,""solver_constraint_visits"":25,""occurs_steps"":0}"
build/bench/cloud-principal-graphs/component-sources/callback-8-valid.blot,265eb44aa0bf4fb57ecc50aaec8e00ad0c58d7bff7275964a4370f1c6d313ac9,baseline,"[1111,1181,1208,1215,1276,1279,1306,1318,1326,1450,1452,1479,1502,1571,1946]","[1295,1352,1387,1419,1470,1470,1501,1508,1575,1658,1660,1688,1702,1775,2172]","[414512,414512,414512,414512,414512,414512,414512,414512,414512,414512,414512,414512,414512,414512,414512]","[126247,126247,126247,126247,126247,126247,126247,126247,126247,126247,126247,126247,126247,126247,126247]","{""inference_regions"":22,""canonical_specialization_queries"":0,""canonical_specialization_hits"":0,""solver_requested_bytes"":59588,""solver_allocations"":216,""scratch_requested_bytes"":60932,""scratch_allocations"":283,""max_solver_live_bytes"":11548,""max_scratch_live_bytes"":12008,""evidence_import_solver_bytes"":0,""evidence_import_scratch_bytes"":512,""snapshot_copy_bytes"":0,""snapshot_copy_allocations"":0,""principal_copy_buffer_bytes"":0,""principal_copy_buffer_allocations"":0,""frozen_capture_temporary_bytes"":0,""frozen_capture_published_bytes"":0,""frozen_edge_scratch_bytes"":0,""region_scopes"":52,""max_region_scopes"":15,""call_collections_closed"":7,""call_collections_unresolved"":0,""call_memo_hits"":24,""solver_passes"":36,""solver_constraint_visits"":70,""occurs_steps"":22}"
build/bench/cloud-principal-graphs/component-sources/callback-8-valid.blot,265eb44aa0bf4fb57ecc50aaec8e00ad0c58d7bff7275964a4370f1c6d313ac9,default,"[1024,1042,1042,1067,1088,1107,1176,1177,1181,1233,1361,1438,1464,1660,2426]","[1224,1227,1237,1237,1279,1317,1353,1386,1410,1470,1561,1664,1670,1900,2679]","[414512,414512,414512,414512,414512,414512,414512,414512,414512,414512,414512,414512,414512,414512,414512]","[126247,126247,126247,126247,126247,126247,126247,126247,126247,126247,126247,126247,126247,126247,126247]","{""semantic_component_batches"":0,""semantic_component_jobs"":0,""max_semantic_component_workers"":0,""inference_regions"":22,""canonical_specialization_queries"":0,""canonical_specialization_hits"":0,""solver_requested_bytes"":59588,""solver_allocations"":216,""scratch_requested_bytes"":60932,""scratch_allocations"":283,""max_solver_live_bytes"":11548,""max_scratch_live_bytes"":12008,""evidence_import_solver_bytes"":0,""evidence_import_scratch_bytes"":512,""snapshot_copy_bytes"":0,""snapshot_copy_allocations"":0,""principal_copy_buffer_bytes"":0,""principal_copy_buffer_allocations"":0,""frozen_capture_temporary_bytes"":0,""frozen_capture_published_bytes"":0,""frozen_edge_scratch_bytes"":0,""region_scopes"":52,""max_region_scopes"":15,""call_collections_closed"":7,""call_collections_unresolved"":0,""call_memo_hits"":24,""solver_passes"":36,""solver_constraint_visits"":70,""occurs_steps"":22}"
build/bench/cloud-principal-graphs/component-sources/callback-8-valid.blot,265eb44aa0bf4fb57ecc50aaec8e00ad0c58d7bff7275964a4370f1c6d313ac9,workers-1,"[1444,1467,1481,1510,1550,1553,1603,1647,1667,1696,1756,1831,1835,1839,1852]","[1649,1655,1694,1703,1753,1763,1812,1880,1897,1922,1951,2029,2033,2040,2053]","[1142196,1142196,1142196,1142196,1142196,1142196,1142196,1142196,1142196,1142196,1142196,1142196,1142196,1142196,1142196]","[240822,240822,240822,240822,240822,240822,240822,240822,240822,240822,240822,240822,240822,240822,240822]","{""semantic_component_batches"":2,""semantic_component_jobs"":4,""max_semantic_component_workers"":1,""inference_regions"":42,""canonical_specialization_queries"":0,""canonical_specialization_hits"":0,""solver_requested_bytes"":133704,""solver_allocations"":399,""scratch_requested_bytes"":187056,""scratch_allocations"":744,""max_solver_live_bytes"":11548,""max_scratch_live_bytes"":12008,""evidence_import_solver_bytes"":0,""evidence_import_scratch_bytes"":1792,""snapshot_copy_bytes"":0,""snapshot_copy_allocations"":0,""principal_copy_buffer_bytes"":0,""principal_copy_buffer_allocations"":0,""frozen_capture_temporary_bytes"":0,""frozen_capture_published_bytes"":0,""frozen_edge_scratch_bytes"":0,""region_scopes"":121,""max_region_scopes"":15,""call_collections_closed"":42,""call_collections_unresolved"":0,""call_memo_hits"":86,""solver_passes"":86,""solver_constraint_visits"":245,""occurs_steps"":26}"
build/bench/cloud-principal-graphs/component-sources/callback-8-valid.blot,265eb44aa0bf4fb57ecc50aaec8e00ad0c58d7bff7275964a4370f1c6d313ac9,workers-2,"[1707,1718,1754,1761,1762,1781,1782,1784,1808,1872,1872,1905,2089,2335,2435]","[1941,1942,1972,1995,2006,2019,2050,2096,2147,2184,2191,2192,2301,2718,2803]","[1142196,1142196,1142196,1142196,1142196,1142196,1215412,1215412,1215412,1215412,1215412,1215412,1288628,1288628,1288628]","[238266,238266,238266,238266,240822,240822,240822,240822,240822,240822,240822,240822,240822,240822,240822]","{""semantic_component_batches"":2,""semantic_component_jobs"":4,""max_semantic_component_workers"":2,""inference_regions"":42,""canonical_specialization_queries"":0,""canonical_specialization_hits"":0,""solver_requested_bytes"":133704,""solver_allocations"":399,""scratch_requested_bytes"":187056,""scratch_allocations"":744,""max_solver_live_bytes"":11548,""max_scratch_live_bytes"":12008,""evidence_import_solver_bytes"":0,""evidence_import_scratch_bytes"":1792,""snapshot_copy_bytes"":0,""snapshot_copy_allocations"":0,""principal_copy_buffer_bytes"":0,""principal_copy_buffer_allocations"":0,""frozen_capture_temporary_bytes"":0,""frozen_capture_published_bytes"":0,""frozen_edge_scratch_bytes"":0,""region_scopes"":121,""max_region_scopes"":15,""call_collections_closed"":42,""call_collections_unresolved"":0,""call_memo_hits"":86,""solver_passes"":86,""solver_constraint_visits"":245,""occurs_steps"":26}"
build/bench/cloud-principal-graphs/component-sources/callback-8-valid.blot,265eb44aa0bf4fb57ecc50aaec8e00ad0c58d7bff7275964a4370f1c6d313ac9,workers-4,"[1726,1799,1803,1854,1862,1913,1975,1990,1995,2040,2104,2117,2144,2375,3111]","[1906,1992,2054,2118,2150,2177,2266,2283,2319,2377,2442,2447,2590,3310,3335]","[1142196,1142196,1142196,1142196,1215412,1215412,1215412,1215412,1215412,1215412,1215412,1215412,1288628,1288628,1288628]","[238266,238266,238266,240822,240822,240822,240822,240822,240822,240822,240822,240822,240822,240822,240822]","{""semantic_component_batches"":2,""semantic_component_jobs"":4,""max_semantic_component_workers"":2,""inference_regions"":42,""canonical_specialization_queries"":0,""canonical_specialization_hits"":0,""solver_requested_bytes"":133704,""solver_allocations"":399,""scratch_requested_bytes"":187056,""scratch_allocations"":744,""max_solver_live_bytes"":11548,""max_scratch_live_bytes"":12008,""evidence_import_solver_bytes"":0,""evidence_import_scratch_bytes"":1792,""snapshot_copy_bytes"":0,""snapshot_copy_allocations"":0,""principal_copy_buffer_bytes"":0,""principal_copy_buffer_allocations"":0,""frozen_capture_temporary_bytes"":0,""frozen_capture_published_bytes"":0,""frozen_edge_scratch_bytes"":0,""region_scopes"":121,""max_region_scopes"":15,""call_collections_closed"":42,""call_collections_unresolved"":0,""call_memo_hits"":86,""solver_passes"":86,""solver_constraint_visits"":245,""occurs_steps"":26}"
build/bench/cloud-principal-graphs/component-sources/callback-8-valid.blot,265eb44aa0bf4fb57ecc50aaec8e00ad0c58d7bff7275964a4370f1c6d313ac9,workers-8,"[1670,1768,1792,1794,1820,1826,1836,1868,1921,1957,1998,2075,2221,2281,2460]","[1973,2019,2037,2038,2053,2057,2063,2130,2139,2154,2302,2354,2465,2603,2679]","[1142196,1142196,1215412,1215412,1215412,1215412,1215412,1215412,1215412,1215412,1215412,1215412,1215412,1288628,1288628]","[238266,238266,240822,240822,240822,240822,240822,240822,240822,240822,240822,240822,240822,240822,240822]","{""semantic_component_batches"":2,""semantic_component_jobs"":4,""max_semantic_component_workers"":2,""inference_regions"":42,""canonical_specialization_queries"":0,""canonical_specialization_hits"":0,""solver_requested_bytes"":133704,""solver_allocations"":399,""scratch_requested_bytes"":187056,""scratch_allocations"":744,""max_solver_live_bytes"":11548,""max_scratch_live_bytes"":12008,""evidence_import_solver_bytes"":0,""evidence_import_scratch_bytes"":1792,""snapshot_copy_bytes"":0,""snapshot_copy_allocations"":0,""principal_copy_buffer_bytes"":0,""principal_copy_buffer_allocations"":0,""frozen_capture_temporary_bytes"":0,""frozen_capture_published_bytes"":0,""frozen_edge_scratch_bytes"":0,""region_scopes"":121,""max_region_scopes"":15,""call_collections_closed"":42,""call_collections_unresolved"":0,""call_memo_hits"":86,""solver_passes"":86,""solver_constraint_visits"":245,""occurs_steps"":26}"
build/bench/cloud-principal-graphs/component-sources/diamond-8-valid.blot,8a100a318811df8df4a4da5c42ed3d534c4e6ceb7fe15581db0abb3f39a756be,baseline,"[2844,2879,2994,3011,3020,3067,3130,3171,3271,3432,3513,3600,3863,4004,4474]","[3061,3091,3218,3225,3275,3299,3384,3483,3551,3698,3731,3870,4167,4302,4830]","[1447803,1447803,1447803,1447803,1447803,1447803,1447803,1447803,1447803,1447803,1447803,1447803,1447803,1447803,1447803]","[278277,278277,278277,278277,278277,278277,278277,278277,278277,278277,278277,278277,278277,278277,278277]","{""inference_regions"":59,""canonical_specialization_queries"":0,""canonical_specialization_hits"":0,""solver_requested_bytes"":397940,""solver_allocations"":646,""scratch_requested_bytes"":668832,""scratch_allocations"":1163,""max_solver_live_bytes"":15748,""max_scratch_live_bytes"":24672,""evidence_import_solver_bytes"":0,""evidence_import_scratch_bytes"":128,""snapshot_copy_bytes"":0,""snapshot_copy_allocations"":0,""principal_copy_buffer_bytes"":0,""principal_copy_buffer_allocations"":0,""frozen_capture_temporary_bytes"":0,""frozen_capture_published_bytes"":0,""frozen_edge_scratch_bytes"":0,""region_scopes"":586,""max_region_scopes"":46,""call_collections_closed"":311,""call_collections_unresolved"":0,""call_memo_hits"":289,""solver_passes"":117,""solver_constraint_visits"":576,""occurs_steps"":0}"
build/bench/cloud-principal-graphs/component-sources/diamond-8-valid.blot,8a100a318811df8df4a4da5c42ed3d534c4e6ceb7fe15581db0abb3f39a756be,default,"[2685,2737,2777,2810,2828,2956,2995,3110,3215,3322,3362,3657,4541,5018,5995]","[2969,2996,3009,3024,3092,3153,3281,3304,3564,3642,3683,4014,4874,5355,7871]","[1447803,1447803,1447803,1447803,1447803,1447803,1447803,1447803,1447803,1447803,1447803,1447803,1447803,1447803,1447803]","[278277,278277,278277,278277,278277,278277,278277,278277,278277,278277,278277,278277,278277,278277,278277]","{""semantic_component_batches"":0,""semantic_component_jobs"":0,""max_semantic_component_workers"":0,""inference_regions"":59,""canonical_specialization_queries"":0,""canonical_specialization_hits"":0,""solver_requested_bytes"":397940,""solver_allocations"":646,""scratch_requested_bytes"":668832,""scratch_allocations"":1163,""max_solver_live_bytes"":15748,""max_scratch_live_bytes"":24672,""evidence_import_solver_bytes"":0,""evidence_import_scratch_bytes"":128,""snapshot_copy_bytes"":0,""snapshot_copy_allocations"":0,""principal_copy_buffer_bytes"":0,""principal_copy_buffer_allocations"":0,""frozen_capture_temporary_bytes"":0,""frozen_capture_published_bytes"":0,""frozen_edge_scratch_bytes"":0,""region_scopes"":586,""max_region_scopes"":46,""call_collections_closed"":311,""call_collections_unresolved"":0,""call_memo_hits"":289,""solver_passes"":117,""solver_constraint_visits"":576,""occurs_steps"":0}"
build/bench/cloud-principal-graphs/component-sources/diamond-8-valid.blot,8a100a318811df8df4a4da5c42ed3d534c4e6ceb7fe15581db0abb3f39a756be,workers-1,"[36360,36474,37185,38271,38371,38903,38980,39440,41771,42114,42236,42950,44156,45110,46562]","[36653,37042,37592,38637,39247,39507,39863,39877,42264,42509,42706,43333,44507,45519,46933]","[33167337,33167337,33167337,33167337,33167337,33167337,33167337,33167337,33167337,33167337,33167337,33167337,33167337,33167337,33167337]","[1728783,1728783,1728783,1728783,1728783,1728783,1728783,1728783,1728783,1728783,1728783,1728783,1728783,1728783,1728783]","{""semantic_component_batches"":10,""semantic_component_jobs"":28,""max_semantic_component_workers"":1,""inference_regions"":861,""canonical_specialization_queries"":0,""canonical_specialization_hits"":0,""solver_requested_bytes"":8661424,""solver_allocations"":11640,""scratch_requested_bytes"":15493500,""scratch_allocations"":24578,""max_solver_live_bytes"":15748,""max_scratch_live_bytes"":24720,""evidence_import_solver_bytes"":0,""evidence_import_scratch_bytes"":0,""snapshot_copy_bytes"":0,""snapshot_copy_allocations"":0,""principal_copy_buffer_bytes"":0,""principal_copy_buffer_allocations"":0,""frozen_capture_temporary_bytes"":0,""frozen_capture_published_bytes"":0,""frozen_edge_scratch_bytes"":0,""region_scopes"":12965,""max_region_scopes"":46,""call_collections_closed"":7472,""call_collections_unresolved"":0,""call_memo_hits"":6594,""solver_passes"":2175,""solver_constraint_visits"":13370,""occurs_steps"":0}"
build/bench/cloud-principal-graphs/component-sources/diamond-8-valid.blot,8a100a318811df8df4a4da5c42ed3d534c4e6ceb7fe15581db0abb3f39a756be,workers-2,"[41737,42294,42572,42880,43578,44089,44182,44531,46555,48518,52225,53519,54787,55241,80347]","[25619,25746,26038,26057,26416,26475,26514,27410,27958,31434,31980,32016,32476,32933,55159]","[41713581,41713581,41713581,41713581,41713581,41713581,41713581,41713581,41713581,41713581,41713581,41713581,41713581,41713581,41713581]","[3081663,3082991,3082991,3082991,3083031,3089499,3089499,3089539,3089539,3091939,3092923,3094291,3104975,3142691,3142691]","{""semantic_component_batches"":10,""semantic_component_jobs"":28,""max_semantic_component_workers"":2,""inference_regions"":861,""canonical_specialization_queries"":0,""canonical_specialization_hits"":0,""solver_requested_bytes"":8661424,""solver_allocations"":11640,""scratch_requested_bytes"":15493500,""scratch_allocations"":24578,""max_solver_live_bytes"":15748,""max_scratch_live_bytes"":24720,""evidence_import_solver_bytes"":0,""evidence_import_scratch_bytes"":0,""snapshot_copy_bytes"":0,""snapshot_copy_allocations"":0,""principal_copy_buffer_bytes"":0,""principal_copy_buffer_allocations"":0,""frozen_capture_temporary_bytes"":0,""frozen_capture_published_bytes"":0,""frozen_edge_scratch_bytes"":0,""region_scopes"":12965,""max_region_scopes"":46,""call_collections_closed"":7472,""call_collections_unresolved"":0,""call_memo_hits"":6594,""solver_passes"":2175,""solver_constraint_visits"":13370,""occurs_steps"":0}"
build/bench/cloud-principal-graphs/component-sources/diamond-8-valid.blot,8a100a318811df8df4a4da5c42ed3d534c4e6ceb7fe15581db0abb3f39a756be,workers-4,"[43622,45066,45187,45618,46037,46253,47612,48122,48149,49075,49835,50355,50645,50783,51319]","[19448,20439,20777,20801,20865,21250,21275,21485,22178,22834,22979,23162,23534,23967,25028]","[47180271,47180271,47180271,47180271,47180271,47180271,47180271,47180271,47180271,47180271,47180271,47180271,47180271,47180271,47180271]","[4450231,4450231,4450255,4709301,4709301,4737083,4834691,4834755,4834755,4834891,5362593,5362617,5362617,5362657,5362657]","{""semantic_component_batches"":10,""semantic_component_jobs"":28,""max_semantic_component_workers"":4,""inference_regions"":861,""canonical_specialization_queries"":0,""canonical_specialization_hits"":0,""solver_requested_bytes"":8661424,""solver_allocations"":11640,""scratch_requested_bytes"":15493500,""scratch_allocations"":24578,""max_solver_live_bytes"":15748,""max_scratch_live_bytes"":24720,""evidence_import_solver_bytes"":0,""evidence_import_scratch_bytes"":0,""snapshot_copy_bytes"":0,""snapshot_copy_allocations"":0,""principal_copy_buffer_bytes"":0,""principal_copy_buffer_allocations"":0,""frozen_capture_temporary_bytes"":0,""frozen_capture_published_bytes"":0,""frozen_edge_scratch_bytes"":0,""region_scopes"":12965,""max_region_scopes"":46,""call_collections_closed"":7472,""call_collections_unresolved"":0,""call_memo_hits"":6594,""solver_passes"":2175,""solver_constraint_visits"":13370,""occurs_steps"":0}"
build/bench/cloud-principal-graphs/component-sources/diamond-8-valid.blot,8a100a318811df8df4a4da5c42ed3d534c4e6ceb7fe15581db0abb3f39a756be,workers-8,"[43857,44235,44442,45510,46199,46533,46623,47936,49473,49571,50413,51190,52663,58438,58751]","[19468,19530,20113,20858,20976,21056,21302,22404,22461,23107,23145,23888,25321,26819,32459]","[47180271,47180271,47180271,47180271,47180271,47180271,47180271,47180271,47180271,47180271,47180271,47180271,47180271,47180271,47180271]","[3986245,3986245,4450255,4450295,4450295,4455183,4709501,4834715,4834715,4834715,4834755,4837155,5362657,5362657,5373893]","{""semantic_component_batches"":10,""semantic_component_jobs"":28,""max_semantic_component_workers"":4,""inference_regions"":861,""canonical_specialization_queries"":0,""canonical_specialization_hits"":0,""solver_requested_bytes"":8661424,""solver_allocations"":11640,""scratch_requested_bytes"":15493500,""scratch_allocations"":24578,""max_solver_live_bytes"":15748,""max_scratch_live_bytes"":24720,""evidence_import_solver_bytes"":0,""evidence_import_scratch_bytes"":0,""snapshot_copy_bytes"":0,""snapshot_copy_allocations"":0,""principal_copy_buffer_bytes"":0,""principal_copy_buffer_allocations"":0,""frozen_capture_temporary_bytes"":0,""frozen_capture_published_bytes"":0,""frozen_edge_scratch_bytes"":0,""region_scopes"":12965,""max_region_scopes"":46,""call_collections_closed"":7472,""call_collections_unresolved"":0,""call_memo_hits"":6594,""solver_passes"":2175,""solver_constraint_visits"":13370,""occurs_steps"":0}"
build/bench/cloud-principal-graphs/component-sources/direct-32-valid.blot,226da25797175ca6d6519533095bca7f61b8e836a7fae9c8f58b65cc77b31a82,baseline,"[1853,1939,1967,1997,1999,2018,2052,2119,2226,2258,2354,2455,2783,2981,3381]","[2021,2158,2192,2193,2218,2294,2353,2392,2539,2595,2637,2648,3086,3193,3641]","[1129227,1129227,1129227,1129227,1129227,1129227,1129227,1129227,1129227,1129227,1129227,1129227,1129227,1129227,1129227]","[277459,277459,277459,277459,277459,277459,277459,277459,277459,277459,277459,277459,277459,277459,277459]","{""inference_regions"":67,""canonical_specialization_queries"":0,""canonical_specialization_hits"":0,""solver_requested_bytes"":107944,""solver_allocations"":447,""scratch_requested_bytes"":143504,""scratch_allocations"":554,""max_solver_live_bytes"":17188,""max_scratch_live_bytes"":29392,""evidence_import_solver_bytes"":0,""evidence_import_scratch_bytes"":128,""snapshot_copy_bytes"":0,""snapshot_copy_allocations"":0,""principal_copy_buffer_bytes"":0,""principal_copy_buffer_allocations"":0,""frozen_capture_temporary_bytes"":0,""frozen_capture_published_bytes"":0,""frozen_edge_scratch_bytes"":0,""region_scopes"":161,""max_region_scopes"":63,""call_collections_closed"":31,""call_collections_unresolved"":0,""call_memo_hits"":33,""solver_passes"":102,""solver_constraint_visits"":97,""occurs_steps"":0}"
build/bench/cloud-principal-graphs/component-sources/direct-32-valid.blot,226da25797175ca6d6519533095bca7f61b8e836a7fae9c8f58b65cc77b31a82,default,"[1707,1750,1764,1841,1877,1907,1935,1953,1960,1966,2050,2052,2137,2477,4637]","[1921,1932,2021,2063,2083,2144,2155,2192,2193,2226,2297,2357,2802,4138,4871]","[1129227,1129227,1129227,1129227,1129227,1129227,1129227,1129227,1129227,1129227,1129227,1129227,1129227,1129227,1129227]","[277459,277459,277459,277459,277459,277459,277459,277459,277459,277459,277459,277459,277459,277459,277459]","{""semantic_component_batches"":0,""semantic_component_jobs"":0,""max_semantic_component_workers"":0,""inference_regions"":67,""canonical_specialization_queries"":0,""canonical_specialization_hits"":0,""solver_requested_bytes"":107944,""solver_allocations"":447,""scratch_requested_bytes"":143504,""scratch_allocations"":554,""max_solver_live_bytes"":17188,""max_scratch_live_bytes"":29392,""evidence_import_solver_bytes"":0,""evidence_import_scratch_bytes"":128,""snapshot_copy_bytes"":0,""snapshot_copy_allocations"":0,""principal_copy_buffer_bytes"":0,""principal_copy_buffer_allocations"":0,""frozen_capture_temporary_bytes"":0,""frozen_capture_published_bytes"":0,""frozen_edge_scratch_bytes"":0,""region_scopes"":161,""max_region_scopes"":63,""call_collections_closed"":31,""call_collections_unresolved"":0,""call_memo_hits"":33,""solver_passes"":102,""solver_constraint_visits"":97,""occurs_steps"":0}"
build/bench/cloud-principal-graphs/component-sources/direct-32-valid.blot,226da25797175ca6d6519533095bca7f61b8e836a7fae9c8f58b65cc77b31a82,workers-1,"[1778,1793,1808,1820,1830,1836,1872,1887,1895,1979,2403,2789,3004,4140,6014]","[1984,2001,2036,2038,2064,2084,2089,2145,2165,2415,2620,3262,3869,4530,6420]","[1158539,1158539,1158539,1158539,1158539,1158539,1158539,1158539,1158539,1158539,1158539,1158539,1158539,1158539,1158539]","[277459,277459,277459,277459,277459,277459,277459,277459,277459,277459,277459,277459,277459,277459,277459]","{""semantic_component_batches"":0,""semantic_component_jobs"":0,""max_semantic_component_workers"":0,""inference_regions"":67,""canonical_specialization_queries"":0,""canonical_specialization_hits"":0,""solver_requested_bytes"":107944,""solver_allocations"":447,""scratch_requested_bytes"":143504,""scratch_allocations"":554,""max_solver_live_bytes"":17188,""max_scratch_live_bytes"":29392,""evidence_import_solver_bytes"":0,""evidence_import_scratch_bytes"":128,""snapshot_copy_bytes"":0,""snapshot_copy_allocations"":0,""principal_copy_buffer_bytes"":0,""principal_copy_buffer_allocations"":0,""frozen_capture_temporary_bytes"":0,""frozen_capture_published_bytes"":0,""frozen_edge_scratch_bytes"":0,""region_scopes"":161,""max_region_scopes"":63,""call_collections_closed"":31,""call_collections_unresolved"":0,""call_memo_hits"":33,""solver_passes"":102,""solver_constraint_visits"":97,""occurs_steps"":0}"
build/bench/cloud-principal-graphs/component-sources/direct-32-valid.blot,226da25797175ca6d6519533095bca7f61b8e836a7fae9c8f58b65cc77b31a82,workers-2,"[1713,1733,1751,1771,1782,1905,1918,1937,1948,2011,2143,2260,2270,2293,2398]","[1961,1966,1976,1980,1984,2106,2144,2175,2200,2206,2420,2500,2508,2544,2722]","[1158539,1158539,1158539,1158539,1158539,1158539,1158539,1158539,1158539,1158539,1158539,1158539,1158539,1158539,1158539]","[277459,277459,277459,277459,277459,277459,277459,277459,277459,277459,277459,277459,277459,277459,277459]","{""semantic_component_batches"":0,""semantic_component_jobs"":0,""max_semantic_component_workers"":0,""inference_regions"":67,""canonical_specialization_queries"":0,""canonical_specialization_hits"":0,""solver_requested_bytes"":107944,""solver_allocations"":447,""scratch_requested_bytes"":143504,""scratch_allocations"":554,""max_solver_live_bytes"":17188,""max_scratch_live_bytes"":29392,""evidence_import_solver_bytes"":0,""evidence_import_scratch_bytes"":128,""snapshot_copy_bytes"":0,""snapshot_copy_allocations"":0,""principal_copy_buffer_bytes"":0,""principal_copy_buffer_allocations"":0,""frozen_capture_temporary_bytes"":0,""frozen_capture_published_bytes"":0,""frozen_edge_scratch_bytes"":0,""region_scopes"":161,""max_region_scopes"":63,""call_collections_closed"":31,""call_collections_unresolved"":0,""call_memo_hits"":33,""solver_passes"":102,""solver_constraint_visits"":97,""occurs_steps"":0}"
build/bench/cloud-principal-graphs/component-sources/direct-32-valid.blot,226da25797175ca6d6519533095bca7f61b8e836a7fae9c8f58b65cc77b31a82,workers-4,"[1652,1711,1760,1772,1810,1828,1895,1948,2017,2019,2103,2161,2180,2192,6079]","[1914,1948,1970,1971,2012,2020,2072,2211,2283,2304,2312,2433,2470,3149,6291]","[1158539,1158539,1158539,1158539,1158539,1158539,1158539,1158539,1158539,1158539,1158539,1158539,1158539,1158539,1158539]","[277459,277459,277459,277459,277459,277459,277459,277459,277459,277459,277459,277459,277459,277459,277459]","{""semantic_component_batches"":0,""semantic_component_jobs"":0,""max_semantic_component_workers"":0,""inference_regions"":67,""canonical_specialization_queries"":0,""canonical_specialization_hits"":0,""solver_requested_bytes"":107944,""solver_allocations"":447,""scratch_requested_bytes"":143504,""scratch_allocations"":554,""max_solver_live_bytes"":17188,""max_scratch_live_bytes"":29392,""evidence_import_solver_bytes"":0,""evidence_import_scratch_bytes"":128,""snapshot_copy_bytes"":0,""snapshot_copy_allocations"":0,""principal_copy_buffer_bytes"":0,""principal_copy_buffer_allocations"":0,""frozen_capture_temporary_bytes"":0,""frozen_capture_published_bytes"":0,""frozen_edge_scratch_bytes"":0,""region_scopes"":161,""max_region_scopes"":63,""call_collections_closed"":31,""call_collections_unresolved"":0,""call_memo_hits"":33,""solver_passes"":102,""solver_constraint_visits"":97,""occurs_steps"":0}"
build/bench/cloud-principal-graphs/component-sources/direct-32-valid.blot,226da25797175ca6d6519533095bca7f61b8e836a7fae9c8f58b65cc77b31a82,workers-8,"[1597,1707,1708,1820,1829,1974,1995,2093,2165,2176,2285,2289,2409,4299,4419]","[1781,1884,1969,2077,2078,2166,2201,2357,2361,2384,2495,2534,2668,4567,4699]","[1158539,1158539,1158539,1158539,1158539,1158539,1158539,1158539,1158539,1158539,1158539,1158539,1158539,1158539,1158539]","[277459,277459,277459,277459,277459,277459,277459,277459,277459,277459,277459,277459,277459,277459,277459]","{""semantic_component_batches"":0,""semantic_component_jobs"":0,""max_semantic_component_workers"":0,""inference_regions"":67,""canonical_specialization_queries"":0,""canonical_specialization_hits"":0,""solver_requested_bytes"":107944,""solver_allocations"":447,""scratch_requested_bytes"":143504,""scratch_allocations"":554,""max_solver_live_bytes"":17188,""max_scratch_live_bytes"":29392,""evidence_import_solver_bytes"":0,""evidence_import_scratch_bytes"":128,""snapshot_copy_bytes"":0,""snapshot_copy_allocations"":0,""principal_copy_buffer_bytes"":0,""principal_copy_buffer_allocations"":0,""frozen_capture_temporary_bytes"":0,""frozen_capture_published_bytes"":0,""frozen_edge_scratch_bytes"":0,""region_scopes"":161,""max_region_scopes"":63,""call_collections_closed"":31,""call_collections_unresolved"":0,""call_memo_hits"":33,""solver_passes"":102,""solver_constraint_visits"":97,""occurs_steps"":0}"
build/bench/cloud-principal-graphs/component-sources/callback-32-valid.blot,506f003d956aa31689067d3e0938d6b02549a8967a19b005567b9f11ff8d77e3,baseline,"[2403,2586,2595,2687,2688,2691,2726,2782,2855,2859,2859,2872,2903,3272,3966]","[2603,2779,2794,2894,2907,2912,2935,3022,3068,3079,3092,3138,3241,3474,4190]","[1455448,1455448,1455448,1455448,1455448,1455448,1455448,1455448,1455448,1455448,1455448,1455448,1455448,1455448,1455448]","[383439,383439,383439,383439,383439,383439,383439,383439,383439,383439,383439,383439,383439,383439,383439]","{""inference_regions"":70,""canonical_specialization_queries"":0,""canonical_specialization_hits"":0,""solver_requested_bytes"":203392,""solver_allocations"":681,""scratch_requested_bytes"":228260,""scratch_allocations"":912,""max_solver_live_bytes"":33948,""max_scratch_live_bytes"":45788,""evidence_import_solver_bytes"":0,""evidence_import_scratch_bytes"":512,""snapshot_copy_bytes"":0,""snapshot_copy_allocations"":0,""principal_copy_buffer_bytes"":0,""principal_copy_buffer_allocations"":0,""frozen_capture_temporary_bytes"":0,""frozen_capture_published_bytes"":0,""frozen_edge_scratch_bytes"":0,""region_scopes"":196,""max_region_scopes"":63,""call_collections_closed"":31,""call_collections_unresolved"":0,""call_memo_hits"":96,""solver_passes"":108,""solver_constraint_visits"":286,""occurs_steps"":70}"
build/bench/cloud-principal-graphs/component-sources/callback-32-valid.blot,506f003d956aa31689067d3e0938d6b02549a8967a19b005567b9f11ff8d77e3,default,"[2231,2310,2310,2325,2405,2409,2535,2745,2871,2919,2919,2969,2993,3069,3135]","[2445,2514,2545,2554,2598,2604,2979,2989,3155,3203,3206,3241,3322,3409,3440]","[1455448,1455448,1455448,1455448,1455448,1455448,1455448,1455448,1455448,1455448,1455448,1455448,1455448,1455448,1455448]","[383439,383439,383439,383439,383439,383439,383439,383439,383439,383439,383439,383439,383439,383439,383439]","{""semantic_component_batches"":0,""semantic_component_jobs"":0,""max_semantic_component_workers"":0,""inference_regions"":70,""canonical_specialization_queries"":0,""canonical_specialization_hits"":0,""solver_requested_bytes"":203392,""solver_allocations"":681,""scratch_requested_bytes"":228260,""scratch_allocations"":912,""max_solver_live_bytes"":33948,""max_scratch_live_bytes"":45788,""evidence_import_solver_bytes"":0,""evidence_import_scratch_bytes"":512,""snapshot_copy_bytes"":0,""snapshot_copy_allocations"":0,""principal_copy_buffer_bytes"":0,""principal_copy_buffer_allocations"":0,""frozen_capture_temporary_bytes"":0,""frozen_capture_published_bytes"":0,""frozen_edge_scratch_bytes"":0,""region_scopes"":196,""max_region_scopes"":63,""call_collections_closed"":31,""call_collections_unresolved"":0,""call_memo_hits"":96,""solver_passes"":108,""solver_constraint_visits"":286,""occurs_steps"":70}"
build/bench/cloud-principal-graphs/component-sources/callback-32-valid.blot,506f003d956aa31689067d3e0938d6b02549a8967a19b005567b9f11ff8d77e3,workers-1,"[3594,3783,3787,3790,3860,3935,3954,3998,4030,4094,4120,4377,4452,4494,4962]","[3845,4005,4028,4086,4120,4158,4189,4210,4229,4373,4396,4584,4660,4760,5228]","[4040804,4040804,4040804,4040804,4040804,4040804,4040804,4040804,4040804,4040804,4040804,4040804,4040804,4040804,4040804]","[804782,804782,804782,804782,804782,804782,804782,804782,804782,804782,804782,804782,804782,804782,804782]","{""semantic_component_batches"":2,""semantic_component_jobs"":4,""max_semantic_component_workers"":1,""inference_regions"":138,""canonical_specialization_queries"":0,""canonical_specialization_hits"":0,""solver_requested_bytes"":509696,""solver_allocations"":1232,""scratch_requested_bytes"":765864,""scratch_allocations"":2389,""max_solver_live_bytes"":33948,""max_scratch_live_bytes"":45788,""evidence_import_solver_bytes"":0,""evidence_import_scratch_bytes"":4864,""snapshot_copy_bytes"":0,""snapshot_copy_allocations"":0,""principal_copy_buffer_bytes"":0,""principal_copy_buffer_allocations"":0,""frozen_capture_temporary_bytes"":0,""frozen_capture_published_bytes"":0,""frozen_edge_scratch_bytes"":0,""region_scopes"":481,""max_region_scopes"":63,""call_collections_closed"":186,""call_collections_unresolved"":0,""call_memo_hits"":350,""solver_passes"":278,""solver_constraint_visits"":1037,""occurs_steps"":74}"
build/bench/cloud-principal-graphs/component-sources/callback-32-valid.blot,506f003d956aa31689067d3e0938d6b02549a8967a19b005567b9f11ff8d77e3,workers-2,"[4205,4240,4243,4269,4500,4543,4567,4584,4609,4713,4815,4856,5067,5145,5533]","[4345,4451,4527,4533,4803,4803,4824,4870,4881,4969,5039,5107,5301,5369,5765]","[4040804,4040804,4040804,4040804,4040804,4040804,4040804,4040804,4105608,4105608,4105608,4105608,4105608,4105608,4170412]","[804782,804782,804782,804782,804782,804782,804782,804782,855986,855986,855986,855986,855986,855986,855986]","{""semantic_component_batches"":2,""semantic_component_jobs"":4,""max_semantic_component_workers"":2,""inference_regions"":138,""canonical_specialization_queries"":0,""canonical_specialization_hits"":0,""solver_requested_bytes"":509696,""solver_allocations"":1232,""scratch_requested_bytes"":765864,""scratch_allocations"":2389,""max_solver_live_bytes"":33948,""max_scratch_live_bytes"":45788,""evidence_import_solver_bytes"":0,""evidence_import_scratch_bytes"":4864,""snapshot_copy_bytes"":0,""snapshot_copy_allocations"":0,""principal_copy_buffer_bytes"":0,""principal_copy_buffer_allocations"":0,""frozen_capture_temporary_bytes"":0,""frozen_capture_published_bytes"":0,""frozen_edge_scratch_bytes"":0,""region_scopes"":481,""max_region_scopes"":63,""call_collections_closed"":186,""call_collections_unresolved"":0,""call_memo_hits"":350,""solver_passes"":278,""solver_constraint_visits"":1037,""occurs_steps"":74}"
build/bench/cloud-principal-graphs/component-sources/callback-32-valid.blot,506f003d956aa31689067d3e0938d6b02549a8967a19b005567b9f11ff8d77e3,workers-4,"[4264,4319,4417,4437,4442,4465,4505,4505,4507,4640,4762,4958,5168,5806,7971]","[4498,4597,4625,4635,4671,4713,4744,4786,4884,4901,4969,5106,5505,6086,8545]","[4040804,4040804,4040804,4105608,4105608,4105608,4105608,4105608,4105608,4105608,4105608,4105608,4105608,4170412,4170412]","[804782,804782,804782,849150,849150,849150,849150,855986,855986,855986,855986,855986,855986,855986,855986]","{""semantic_component_batches"":2,""semantic_component_jobs"":4,""max_semantic_component_workers"":2,""inference_regions"":138,""canonical_specialization_queries"":0,""canonical_specialization_hits"":0,""solver_requested_bytes"":509696,""solver_allocations"":1232,""scratch_requested_bytes"":765864,""scratch_allocations"":2389,""max_solver_live_bytes"":33948,""max_scratch_live_bytes"":45788,""evidence_import_solver_bytes"":0,""evidence_import_scratch_bytes"":4864,""snapshot_copy_bytes"":0,""snapshot_copy_allocations"":0,""principal_copy_buffer_bytes"":0,""principal_copy_buffer_allocations"":0,""frozen_capture_temporary_bytes"":0,""frozen_capture_published_bytes"":0,""frozen_edge_scratch_bytes"":0,""region_scopes"":481,""max_region_scopes"":63,""call_collections_closed"":186,""call_collections_unresolved"":0,""call_memo_hits"":350,""solver_passes"":278,""solver_constraint_visits"":1037,""occurs_steps"":74}"
build/bench/cloud-principal-graphs/component-sources/callback-32-valid.blot,506f003d956aa31689067d3e0938d6b02549a8967a19b005567b9f11ff8d77e3,workers-8,"[4153,4241,4334,4338,4351,4374,4494,4535,4757,4787,4905,4914,4988,5037,5740]","[4429,4457,4534,4607,4646,4682,4733,4748,5000,5070,5131,5213,5394,5905,6022]","[4040804,4040804,4040804,4040804,4105608,4105608,4105608,4105608,4105608,4105608,4105608,4105608,4105608,4170412,4170412]","[804782,804782,804782,804782,849150,849150,849150,849150,849150,849150,855986,855986,855986,855986,855986]","{""semantic_component_batches"":2,""semantic_component_jobs"":4,""max_semantic_component_workers"":2,""inference_regions"":138,""canonical_specialization_queries"":0,""canonical_specialization_hits"":0,""solver_requested_bytes"":509696,""solver_allocations"":1232,""scratch_requested_bytes"":765864,""scratch_allocations"":2389,""max_solver_live_bytes"":33948,""max_scratch_live_bytes"":45788,""evidence_import_solver_bytes"":0,""evidence_import_scratch_bytes"":4864,""snapshot_copy_bytes"":0,""snapshot_copy_allocations"":0,""principal_copy_buffer_bytes"":0,""principal_copy_buffer_allocations"":0,""frozen_capture_temporary_bytes"":0,""frozen_capture_published_bytes"":0,""frozen_edge_scratch_bytes"":0,""region_scopes"":481,""max_region_scopes"":63,""call_collections_closed"":186,""call_collections_unresolved"":0,""call_memo_hits"":350,""solver_passes"":278,""solver_constraint_visits"":1037,""occurs_steps"":74}"
build/bench/cloud-principal-graphs/component-sources/diamond-32-valid.blot,39dab5c6a11f84372424e9e5c5a8e192f01d314949147255076bf3a9716370d5,baseline,"[18121,18233,18283,18642,18823,18928,19010,19642,19714,19824,19894,20858,21212,22060,22678]","[18446,18501,18582,18906,19137,19357,19593,19962,19981,20175,20243,21127,21562,22394,23285]","[8488139,8488139,8488139,8488139,8488139,8488139,8488139,8488139,8488139,8488139,8488139,8488139,8488139,8488139,8488139]","[783752,783752,783752,783752,783752,783752,783752,783752,783752,783752,783752,783752,783752,783752,783752]","{""inference_regions"":201,""canonical_specialization_queries"":0,""canonical_specialization_hits"":0,""solver_requested_bytes"":3207424,""solver_allocations"":2394,""scratch_requested_bytes"":5851020,""scratch_allocations"":4267,""max_solver_live_bytes"":60040,""max_scratch_live_bytes"":96732,""evidence_import_solver_bytes"":0,""evidence_import_scratch_bytes"":0,""snapshot_copy_bytes"":0,""snapshot_copy_allocations"":0,""principal_copy_buffer_bytes"":0,""principal_copy_buffer_allocations"":0,""frozen_capture_temporary_bytes"":0,""frozen_capture_published_bytes"":0,""frozen_edge_scratch_bytes"":0,""region_scopes"":4952,""max_region_scopes"":190,""call_collections_closed"":2990,""call_collections_unresolved"":0,""call_memo_hits"":2119,""solver_passes"":366,""solver_constraint_visits"":5401,""occurs_steps"":0}"
build/bench/cloud-principal-graphs/component-sources/diamond-32-valid.blot,39dab5c6a11f84372424e9e5c5a8e192f01d314949147255076bf3a9716370d5,default,"[18222,18791,18949,18954,19012,19062,19142,19276,19739,19740,19764,20109,20154,21783,23279]","[18525,19095,19341,19354,19359,19434,19481,19799,20089,20102,20127,20467,20503,22125,23668]","[8488139,8488139,8488139,8488139,8488139,8488139,8488139,8488139,8488139,8488139,8488139,8488139,8488139,8488139,8488139]","[783752,783752,783752,783752,783752,783752,783752,783752,783752,783752,783752,783752,783752,783752,783752]","{""semantic_component_batches"":0,""semantic_component_jobs"":0,""max_semantic_component_workers"":0,""inference_regions"":201,""canonical_specialization_queries"":0,""canonical_specialization_hits"":0,""solver_requested_bytes"":3207424,""solver_allocations"":2394,""scratch_requested_bytes"":5851020,""scratch_allocations"":4267,""max_solver_live_bytes"":60040,""max_scratch_live_bytes"":96732,""evidence_import_solver_bytes"":0,""evidence_import_scratch_bytes"":0,""snapshot_copy_bytes"":0,""snapshot_copy_allocations"":0,""principal_copy_buffer_bytes"":0,""principal_copy_buffer_allocations"":0,""frozen_capture_temporary_bytes"":0,""frozen_capture_published_bytes"":0,""frozen_edge_scratch_bytes"":0,""region_scopes"":4952,""max_region_scopes"":190,""call_collections_closed"":2990,""call_collections_unresolved"":0,""call_memo_hits"":2119,""solver_passes"":366,""solver_constraint_visits"":5401,""occurs_steps"":0}"
build/bench/cloud-principal-graphs/component-sources/diamond-32-valid.blot,39dab5c6a11f84372424e9e5c5a8e192f01d314949147255076bf3a9716370d5,workers-1,"[22792,22859,22878,23562,23949,23976,24150,24505,24596,24716,25711,25792,27803,32277,32720]","[23199,23203,23278,23868,24329,24468,24583,24821,24922,25147,26184,26195,28217,32707,33049]","[14412063,14412063,14412063,14412063,14412063,14412063,14412063,14412063,14412063,14412063,14412063,14412063,14412063,14412063,14412063]","[5483986,5483986,5483986,5483986,5483986,5483986,5483986,5483986,5483986,5483986,5483986,5483986,5483986,5483986,5483986]","{""semantic_component_batches"":2,""semantic_component_jobs"":4,""max_semantic_component_workers"":1,""inference_regions"":340,""canonical_specialization_queries"":0,""canonical_specialization_hits"":0,""solver_requested_bytes"":3953684,""solver_allocations"":3518,""scratch_requested_bytes"":7470360,""scratch_allocations"":6294,""max_solver_live_bytes"":60040,""max_scratch_live_bytes"":88708,""evidence_import_solver_bytes"":0,""evidence_import_scratch_bytes"":0,""snapshot_copy_bytes"":0,""snapshot_copy_allocations"":0,""principal_copy_buffer_bytes"":0,""principal_copy_buffer_allocations"":0,""frozen_capture_temporary_bytes"":0,""frozen_capture_published_bytes"":0,""frozen_edge_scratch_bytes"":0,""region_scopes"":6269,""max_region_scopes"":190,""call_collections_closed"":3776,""call_collections_unresolved"":0,""call_memo_hits"":2478,""solver_passes"":655,""solver_constraint_visits"":7305,""occurs_steps"":0}"
build/bench/cloud-principal-graphs/component-sources/diamond-32-valid.blot,39dab5c6a11f84372424e9e5c5a8e192f01d314949147255076bf3a9716370d5,workers-2,"[24148,24177,24659,24971,25974,26740,26932,27183,27338,27676,29295,30695,31455,32822,33976]","[14371,14664,15059,15490,16118,16202,16780,17066,17277,17311,18884,19018,19808,19829,21085]","[16879933,16879933,16879933,16879933,16879933,16879933,16879933,16879933,16879933,16879933,16879933,16879933,16879933,16879933,16879933]","[8878478,8878478,8878478,8878478,10868660,10868660,10868660,10868660,10868660,10868660,10868660,10868660,10868660,10868660,10868660]","{""semantic_component_batches"":2,""semantic_component_jobs"":4,""max_semantic_component_workers"":2,""inference_regions"":340,""canonical_specialization_queries"":0,""canonical_specialization_hits"":0,""solver_requested_bytes"":3953684,""solver_allocations"":3518,""scratch_requested_bytes"":7470360,""scratch_allocations"":6294,""max_solver_live_bytes"":60040,""max_scratch_live_bytes"":88708,""evidence_import_solver_bytes"":0,""evidence_import_scratch_bytes"":0,""snapshot_copy_bytes"":0,""snapshot_copy_allocations"":0,""principal_copy_buffer_bytes"":0,""principal_copy_buffer_allocations"":0,""frozen_capture_temporary_bytes"":0,""frozen_capture_published_bytes"":0,""frozen_edge_scratch_bytes"":0,""region_scopes"":6269,""max_region_scopes"":190,""call_collections_closed"":3776,""call_collections_unresolved"":0,""call_memo_hits"":2478,""solver_passes"":655,""solver_constraint_visits"":7305,""occurs_steps"":0}"
build/bench/cloud-principal-graphs/component-sources/diamond-32-valid.blot,39dab5c6a11f84372424e9e5c5a8e192f01d314949147255076bf3a9716370d5,workers-4,"[23637,23920,24390,24571,24815,25323,25730,26182,26305,26985,27474,27544,27566,29785,31325]","[14074,14409,14698,15115,15147,15503,15519,16123,16384,16614,16643,17161,17349,19710,23406]","[16879933,16879933,16879933,16879933,16879933,16879933,16879933,16879933,16879933,16879933,16879933,16879933,16879933,16879933,16879933]","[10868660,10868660,10868660,10868660,10868660,10868660,10868660,10868660,10868660,10868660,10868660,10868660,10868660,10868660,10868660]","{""semantic_component_batches"":2,""semantic_component_jobs"":4,""max_semantic_component_workers"":2,""inference_regions"":340,""canonical_specialization_queries"":0,""canonical_specialization_hits"":0,""solver_requested_bytes"":3953684,""solver_allocations"":3518,""scratch_requested_bytes"":7470360,""scratch_allocations"":6294,""max_solver_live_bytes"":60040,""max_scratch_live_bytes"":88708,""evidence_import_solver_bytes"":0,""evidence_import_scratch_bytes"":0,""snapshot_copy_bytes"":0,""snapshot_copy_allocations"":0,""principal_copy_buffer_bytes"":0,""principal_copy_buffer_allocations"":0,""frozen_capture_temporary_bytes"":0,""frozen_capture_published_bytes"":0,""frozen_edge_scratch_bytes"":0,""region_scopes"":6269,""max_region_scopes"":190,""call_collections_closed"":3776,""call_collections_unresolved"":0,""call_memo_hits"":2478,""solver_passes"":655,""solver_constraint_visits"":7305,""occurs_steps"":0}"
build/bench/cloud-principal-graphs/component-sources/diamond-32-valid.blot,39dab5c6a11f84372424e9e5c5a8e192f01d314949147255076bf3a9716370d5,workers-8,"[24065,24728,24951,25927,26622,26968,26997,27765,28304,29130,33231,33372,33896,34006,35610]","[14338,14958,15009,15610,15701,16773,16914,17089,17838,17960,19270,20202,20412,21215,22651]","[16879933,16879933,16879933,16879933,16879933,16879933,16879933,16879933,16879933,16879933,16879933,16879933,16879933,16879933,16879933]","[8878478,8878478,10868660,10868660,10868660,10868660,10868660,10868660,10868660,10868660,10868660,10868660,10868660,10868660,10868660]","{""semantic_component_batches"":2,""semantic_component_jobs"":4,""max_semantic_component_workers"":2,""inference_regions"":340,""canonical_specialization_queries"":0,""canonical_specialization_hits"":0,""solver_requested_bytes"":3953684,""solver_allocations"":3518,""scratch_requested_bytes"":7470360,""scratch_allocations"":6294,""max_solver_live_bytes"":60040,""max_scratch_live_bytes"":88708,""evidence_import_solver_bytes"":0,""evidence_import_scratch_bytes"":0,""snapshot_copy_bytes"":0,""snapshot_copy_allocations"":0,""principal_copy_buffer_bytes"":0,""principal_copy_buffer_allocations"":0,""frozen_capture_temporary_bytes"":0,""frozen_capture_published_bytes"":0,""frozen_edge_scratch_bytes"":0,""region_scopes"":6269,""max_region_scopes"":190,""call_collections_closed"":3776,""call_collections_unresolved"":0,""call_memo_hits"":2478,""solver_passes"":655,""solver_constraint_visits"":7305,""occurs_steps"":0}"
build/bench/cloud-principal-graphs/component-sources/direct-128-valid.blot,43226289c837f680485587acdc8a22897d59612db85b728d777f228185c1567c,baseline,"[6058,6081,6097,6251,6309,6356,6376,6626,6821,6947,6948,7123,7446,8282,10305]","[6342,6353,6498,6589,6645,6655,6663,6909,7254,7263,7514,7624,7741,8520,10685]","[4382805,4382805,4382805,4382805,4382805,4382805,4382805,4382805,4382805,4382805,4382805,4382805,4382805,4382805,4382805]","[1073651,1073651,1073651,1073651,1073651,1073651,1073651,1073651,1073651,1073651,1073651,1073651,1073651,1073651,1073651]","{""inference_regions"":259,""canonical_specialization_queries"":0,""canonical_specialization_hits"":0,""solver_requested_bytes"":449576,""solver_allocations"":1704,""scratch_requested_bytes"":548572,""scratch_allocations"":2017,""max_solver_live_bytes"":90692,""max_scratch_live_bytes"":109724,""evidence_import_solver_bytes"":0,""evidence_import_scratch_bytes"":128,""snapshot_copy_bytes"":0,""snapshot_copy_allocations"":0,""principal_copy_buffer_bytes"":0,""principal_copy_buffer_allocations"":0,""frozen_capture_temporary_bytes"":0,""frozen_capture_published_bytes"":0,""frozen_edge_scratch_bytes"":0,""region_scopes"":641,""max_region_scopes"":255,""call_collections_closed"":127,""call_collections_unresolved"":0,""call_memo_hits"":129,""solver_passes"":390,""solver_constraint_visits"":385,""occurs_steps"":0}"
build/bench/cloud-principal-graphs/component-sources/direct-128-valid.blot,43226289c837f680485587acdc8a22897d59612db85b728d777f228185c1567c,default,"[5721,5785,5799,5853,6014,6073,6317,6642,6787,7160,7205,7697,8817,9579,18431]","[5990,6000,6132,6196,6384,6619,6625,6926,7148,7432,7535,7991,9187,9914,18824]","[4382805,4382805,4382805,4382805,4382805,4382805,4382805,4382805,4382805,4382805,4382805,4382805,4382805,4382805,4382805]","[1073651,1073651,1073651,1073651,1073651,1073651,1073651,1073651,1073651,1073651,1073651,1073651,1073651,1073651,1073651]","{""semantic_component_batches"":0,""semantic_component_jobs"":0,""max_semantic_component_workers"":0,""inference_regions"":259,""canonical_specialization_queries"":0,""canonical_specialization_hits"":0,""solver_requested_bytes"":449576,""solver_allocations"":1704,""scratch_requested_bytes"":548572,""scratch_allocations"":2017,""max_solver_live_bytes"":90692,""max_scratch_live_bytes"":109724,""evidence_import_solver_bytes"":0,""evidence_import_scratch_bytes"":128,""snapshot_copy_bytes"":0,""snapshot_copy_allocations"":0,""principal_copy_buffer_bytes"":0,""principal_copy_buffer_allocations"":0,""frozen_capture_temporary_bytes"":0,""frozen_capture_published_bytes"":0,""frozen_edge_scratch_bytes"":0,""region_scopes"":641,""max_region_scopes"":255,""call_collections_closed"":127,""call_collections_unresolved"":0,""call_memo_hits"":129,""solver_passes"":390,""solver_constraint_visits"":385,""occurs_steps"":0}"
build/bench/cloud-principal-graphs/component-sources/direct-128-valid.blot,43226289c837f680485587acdc8a22897d59612db85b728d777f228185c1567c,workers-1,"[5948,5981,5990,6129,6253,6263,6355,6581,6660,6927,7041,7507,7823,7899,8470]","[6188,6235,6277,6493,6581,6627,6730,6932,6961,7186,7357,7990,8152,8257,8994]","[4499701,4499701,4499701,4499701,4499701,4499701,4499701,4499701,4499701,4499701,4499701,4499701,4499701,4499701,4499701]","[1073651,1073651,1073651,1073651,1073651,1073651,1073651,1073651,1073651,1073651,1073651,1073651,1073651,1073651,1073651]","{""semantic_component_batches"":0,""semantic_component_jobs"":0,""max_semantic_component_workers"":0,""inference_regions"":259,""canonical_specialization_queries"":0,""canonical_specialization_hits"":0,""solver_requested_bytes"":449576,""solver_allocations"":1704,""scratch_requested_bytes"":548572,""scratch_allocations"":2017,""max_solver_live_bytes"":90692,""max_scratch_live_bytes"":109724,""evidence_import_solver_bytes"":0,""evidence_import_scratch_bytes"":128,""snapshot_copy_bytes"":0,""snapshot_copy_allocations"":0,""principal_copy_buffer_bytes"":0,""principal_copy_buffer_allocations"":0,""frozen_capture_temporary_bytes"":0,""frozen_capture_published_bytes"":0,""frozen_edge_scratch_bytes"":0,""region_scopes"":641,""max_region_scopes"":255,""call_collections_closed"":127,""call_collections_unresolved"":0,""call_memo_hits"":129,""solver_passes"":390,""solver_constraint_visits"":385,""occurs_steps"":0}"
build/bench/cloud-principal-graphs/component-sources/direct-128-valid.blot,43226289c837f680485587acdc8a22897d59612db85b728d777f228185c1567c,workers-2,"[5900,5973,6043,6079,6175,6420,6517,6519,6557,6616,6656,7416,7631,7862,25793]","[6181,6297,6309,6347,6413,6658,6830,6876,6907,6920,7061,7701,8219,8302,27184]","[4499701,4499701,4499701,4499701,4499701,4499701,4499701,4499701,4499701,4499701,4499701,4499701,4499701,4499701,4499701]","[1073651,1073651,1073651,1073651,1073651,1073651,1073651,1073651,1073651,1073651,1073651,1073651,1073651,1073651,1073651]","{""semantic_component_batches"":0,""semantic_component_jobs"":0,""max_semantic_component_workers"":0,""inference_regions"":259,""canonical_specialization_queries"":0,""canonical_specialization_hits"":0,""solver_requested_bytes"":449576,""solver_allocations"":1704,""scratch_requested_bytes"":548572,""scratch_allocations"":2017,""max_solver_live_bytes"":90692,""max_scratch_live_bytes"":109724,""evidence_import_solver_bytes"":0,""evidence_import_scratch_bytes"":128,""snapshot_copy_bytes"":0,""snapshot_copy_allocations"":0,""principal_copy_buffer_bytes"":0,""principal_copy_buffer_allocations"":0,""frozen_capture_temporary_bytes"":0,""frozen_capture_published_bytes"":0,""frozen_edge_scratch_bytes"":0,""region_scopes"":641,""max_region_scopes"":255,""call_collections_closed"":127,""call_collections_unresolved"":0,""call_memo_hits"":129,""solver_passes"":390,""solver_constraint_visits"":385,""occurs_steps"":0}"
build/bench/cloud-principal-graphs/component-sources/direct-128-valid.blot,43226289c837f680485587acdc8a22897d59612db85b728d777f228185c1567c,workers-4,"[6029,6148,6193,6244,6398,6420,6554,6624,6762,6831,7035,7308,7422,8050,8352]","[6336,6401,6427,6747,6860,6898,6916,7025,7063,7297,7642,7807,8450,8731,8756]","[4499701,4499701,4499701,4499701,4499701,4499701,4499701,4499701,4499701,4499701,4499701,4499701,4499701,4499701,4499701]","[1073651,1073651,1073651,1073651,1073651,1073651,1073651,1073651,1073651,1073651,1073651,1073651,1073651,1073651,1073651]","{""semantic_component_batches"":0,""semantic_component_jobs"":0,""max_semantic_component_workers"":0,""inference_regions"":259,""canonical_specialization_queries"":0,""canonical_specialization_hits"":0,""solver_requested_bytes"":449576,""solver_allocations"":1704,""scratch_requested_bytes"":548572,""scratch_allocations"":2017,""max_solver_live_bytes"":90692,""max_scratch_live_bytes"":109724,""evidence_import_solver_bytes"":0,""evidence_import_scratch_bytes"":128,""snapshot_copy_bytes"":0,""snapshot_copy_allocations"":0,""principal_copy_buffer_bytes"":0,""principal_copy_buffer_allocations"":0,""frozen_capture_temporary_bytes"":0,""frozen_capture_published_bytes"":0,""frozen_edge_scratch_bytes"":0,""region_scopes"":641,""max_region_scopes"":255,""call_collections_closed"":127,""call_collections_unresolved"":0,""call_memo_hits"":129,""solver_passes"":390,""solver_constraint_visits"":385,""occurs_steps"":0}"
build/bench/cloud-principal-graphs/component-sources/direct-128-valid.blot,43226289c837f680485587acdc8a22897d59612db85b728d777f228185c1567c,workers-8,"[5800,5868,5928,6254,6295,6389,6497,6537,6609,6621,7008,7024,7044,7170,7689]","[6045,6106,6190,6534,6569,6620,6814,6877,6884,6948,7277,7326,7369,7522,8085]","[4499701,4499701,4499701,4499701,4499701,4499701,4499701,4499701,4499701,4499701,4499701,4499701,4499701,4499701,4499701]","[1073651,1073651,1073651,1073651,1073651,1073651,1073651,1073651,1073651,1073651,1073651,1073651,1073651,1073651,1073651]","{""semantic_component_batches"":0,""semantic_component_jobs"":0,""max_semantic_component_workers"":0,""inference_regions"":259,""canonical_specialization_queries"":0,""canonical_specialization_hits"":0,""solver_requested_bytes"":449576,""solver_allocations"":1704,""scratch_requested_bytes"":548572,""scratch_allocations"":2017,""max_solver_live_bytes"":90692,""max_scratch_live_bytes"":109724,""evidence_import_solver_bytes"":0,""evidence_import_scratch_bytes"":128,""snapshot_copy_bytes"":0,""snapshot_copy_allocations"":0,""principal_copy_buffer_bytes"":0,""principal_copy_buffer_allocations"":0,""frozen_capture_temporary_bytes"":0,""frozen_capture_published_bytes"":0,""frozen_edge_scratch_bytes"":0,""region_scopes"":641,""max_region_scopes"":255,""call_collections_closed"":127,""call_collections_unresolved"":0,""call_memo_hits"":129,""solver_passes"":390,""solver_constraint_visits"":385,""occurs_steps"":0}"
build/bench/cloud-principal-graphs/component-sources/callback-128-valid.blot,3ab5190808483b2fdfe339d18c20f500a2384ad7956091ca053007858f44adf2,baseline,"[8251,8262,8333,8416,8743,8766,8935,9011,9160,9512,9724,9749,9759,9766,10551]","[8508,8573,8583,8727,9032,9084,9286,9295,9491,9803,10008,10081,10083,10136,10940]","[5504267,5504267,5504267,5504267,5504267,5504267,5504267,5504267,5504267,5504267,5504267,5504267,5504267,5504267,5504267]","[1453102,1453102,1453102,1453102,1453102,1453102,1453102,1453102,1453102,1453102,1453102,1453102,1453102,1453102,1453102]","{""inference_regions"":262,""canonical_specialization_queries"":0,""canonical_specialization_hits"":0,""solver_requested_bytes"":867408,""solver_allocations"":2517,""scratch_requested_bytes"":952156,""scratch_allocations"":3336,""max_solver_live_bytes"":211756,""max_scratch_live_bytes"":213772,""evidence_import_solver_bytes"":0,""evidence_import_scratch_bytes"":512,""snapshot_copy_bytes"":0,""snapshot_copy_allocations"":0,""principal_copy_buffer_bytes"":0,""principal_copy_buffer_allocations"":0,""frozen_capture_temporary_bytes"":0,""frozen_capture_published_bytes"":0,""frozen_edge_scratch_bytes"":0,""region_scopes"":772,""max_region_scopes"":255,""call_collections_closed"":127,""call_collections_unresolved"":0,""call_memo_hits"":384,""solver_passes"":396,""solver_constraint_visits"":1150,""occurs_steps"":262}"
build/bench/cloud-principal-graphs/component-sources/callback-128-valid.blot,3ab5190808483b2fdfe339d18c20f500a2384ad7956091ca053007858f44adf2,default,"[8018,8168,8208,8445,8507,8715,8748,8770,8852,8876,9955,10171,10293,10681,12084]","[8285,8538,8582,8755,8867,9007,9097,9120,9190,9268,10365,10499,10754,12379,12694]","[5504267,5504267,5504267,5504267,5504267,5504267,5504267,5504267,5504267,5504267,5504267,5504267,5504267,5504267,5504267]","[1453102,1453102,1453102,1453102,1453102,1453102,1453102,1453102,1453102,1453102,1453102,1453102,1453102,1453102,1453102]","{""semantic_component_batches"":0,""semantic_component_jobs"":0,""max_semantic_component_workers"":0,""inference_regions"":262,""canonical_specialization_queries"":0,""canonical_specialization_hits"":0,""solver_requested_bytes"":867408,""solver_allocations"":2517,""scratch_requested_bytes"":952156,""scratch_allocations"":3336,""max_solver_live_bytes"":211756,""max_scratch_live_bytes"":213772,""evidence_import_solver_bytes"":0,""evidence_import_scratch_bytes"":512,""snapshot_copy_bytes"":0,""snapshot_copy_allocations"":0,""principal_copy_buffer_bytes"":0,""principal_copy_buffer_allocations"":0,""frozen_capture_temporary_bytes"":0,""frozen_capture_published_bytes"":0,""frozen_edge_scratch_bytes"":0,""region_scopes"":772,""max_region_scopes"":255,""call_collections_closed"":127,""call_collections_unresolved"":0,""call_memo_hits"":384,""solver_passes"":396,""solver_constraint_visits"":1150,""occurs_steps"":262}"
build/bench/cloud-principal-graphs/component-sources/callback-128-valid.blot,3ab5190808483b2fdfe339d18c20f500a2384ad7956091ca053007858f44adf2,workers-1,"[14094,14112,14378,15098,15326,15485,15669,16320,16901,16934,17129,18864,19414,20750,21086]","[14364,14431,14754,15389,15640,15879,16031,16621,17262,17627,17811,19226,19788,21159,21630]","[12544579,12544579,12544579,12544579,12544579,12544579,12544579,12544579,12544579,12544579,12544579,12544579,12544579,12544579,12544579]","[3022967,3022967,3022967,3022967,3022967,3022967,3022967,3022967,3022967,3022967,3022967,3022967,3022967,3022967,3022967]","{""semantic_component_batches"":2,""semantic_component_jobs"":4,""max_semantic_component_workers"":1,""inference_regions"":522,""canonical_specialization_queries"":0,""canonical_specialization_hits"":0,""solver_requested_bytes"":2192016,""solver_allocations"":4365,""scratch_requested_bytes"":3293796,""scratch_allocations"":8495,""max_solver_live_bytes"":211756,""max_scratch_live_bytes"":213772,""evidence_import_solver_bytes"":0,""evidence_import_scratch_bytes"":17152,""snapshot_copy_bytes"":0,""snapshot_copy_allocations"":0,""principal_copy_buffer_bytes"":0,""principal_copy_buffer_allocations"":0,""frozen_capture_temporary_bytes"":0,""frozen_capture_published_bytes"":0,""frozen_edge_scratch_bytes"":0,""region_scopes"":1921,""max_region_scopes"":255,""call_collections_closed"":762,""call_collections_unresolved"":0,""call_memo_hits"":1406,""solver_passes"":1046,""solver_constraint_visits"":4205,""occurs_steps"":266}"
build/bench/cloud-principal-graphs/component-sources/callback-128-valid.blot,3ab5190808483b2fdfe339d18c20f500a2384ad7956091ca053007858f44adf2,workers-2,"[14806,14895,15256,15334,15433,15747,15836,16094,16769,16954,17369,18216,18874,19438,22976]","[15098,15206,15581,15760,16009,16084,16533,16641,17003,17382,18015,18651,19128,20011,23405]","[11848915,11848915,11848915,11848915,11848915,12544579,12544579,12544579,12544579,12544579,12544579,12544579,12544579,12544579,12544579]","[3016131,3016131,3016131,3022967,3022967,3022967,3022967,3022967,3022967,3022967,3022967,3022967,3022967,3022967,3022967]","{""semantic_component_batches"":2,""semantic_component_jobs"":4,""max_semantic_component_workers"":2,""inference_regions"":522,""canonical_specialization_queries"":0,""canonical_specialization_hits"":0,""solver_requested_bytes"":2192016,""solver_allocations"":4365,""scratch_requested_bytes"":3293796,""scratch_allocations"":8495,""max_solver_live_bytes"":211756,""max_scratch_live_bytes"":213772,""evidence_import_solver_bytes"":0,""evidence_import_scratch_bytes"":17152,""snapshot_copy_bytes"":0,""snapshot_copy_allocations"":0,""principal_copy_buffer_bytes"":0,""principal_copy_buffer_allocations"":0,""frozen_capture_temporary_bytes"":0,""frozen_capture_published_bytes"":0,""frozen_edge_scratch_bytes"":0,""region_scopes"":1921,""max_region_scopes"":255,""call_collections_closed"":762,""call_collections_unresolved"":0,""call_memo_hits"":1406,""solver_passes"":1046,""solver_constraint_visits"":4205,""occurs_steps"":266}"
build/bench/cloud-principal-graphs/component-sources/callback-128-valid.blot,3ab5190808483b2fdfe339d18c20f500a2384ad7956091ca053007858f44adf2,workers-4,"[15297,15493,15598,15791,16037,16409,16764,17199,17329,17752,18004,20995,22004,22275,22958]","[15577,15815,15924,16356,16516,16889,17144,17494,17724,18248,19382,21557,22565,23087,23649]","[11848915,11848915,11848915,11848915,11848915,11848915,12544579,12544579,12544579,12544579,12544579,12544579,12544579,12544579,12544579]","[3016131,3016131,3016131,3016131,3022967,3022967,3022967,3022967,3022967,3022967,3022967,3022967,3022967,3022967,3022967]","{""semantic_component_batches"":2,""semantic_component_jobs"":4,""max_semantic_component_workers"":2,""inference_regions"":522,""canonical_specialization_queries"":0,""canonical_specialization_hits"":0,""solver_requested_bytes"":2192016,""solver_allocations"":4365,""scratch_requested_bytes"":3293796,""scratch_allocations"":8495,""max_solver_live_bytes"":211756,""max_scratch_live_bytes"":213772,""evidence_import_solver_bytes"":0,""evidence_import_scratch_bytes"":17152,""snapshot_copy_bytes"":0,""snapshot_copy_allocations"":0,""principal_copy_buffer_bytes"":0,""principal_copy_buffer_allocations"":0,""frozen_capture_temporary_bytes"":0,""frozen_capture_published_bytes"":0,""frozen_edge_scratch_bytes"":0,""region_scopes"":1921,""max_region_scopes"":255,""call_collections_closed"":762,""call_collections_unresolved"":0,""call_memo_hits"":1406,""solver_passes"":1046,""solver_constraint_visits"":4205,""occurs_steps"":266}"
build/bench/cloud-principal-graphs/component-sources/callback-128-valid.blot,3ab5190808483b2fdfe339d18c20f500a2384ad7956091ca053007858f44adf2,workers-8,"[14672,14989,15137,15261,15281,15448,16009,16558,17223,17324,17346,17541,19180,19231,20985]","[15191,15304,15533,15598,15655,15907,16340,16883,17572,17674,17706,18663,19549,19583,21916]","[11848915,11848915,11848915,11848915,11848915,11848915,11848915,11848915,11848915,12544579,12544579,12544579,12544579,12544579,12544579]","[3016131,3016131,3016131,3016131,3022967,3022967,3022967,3022967,3022967,3022967,3022967,3022967,3022967,3022967,3022967]","{""semantic_component_batches"":2,""semantic_component_jobs"":4,""max_semantic_component_workers"":2,""inference_regions"":522,""canonical_specialization_queries"":0,""canonical_specialization_hits"":0,""solver_requested_bytes"":2192016,""solver_allocations"":4365,""scratch_requested_bytes"":3293796,""scratch_allocations"":8495,""max_solver_live_bytes"":211756,""max_scratch_live_bytes"":213772,""evidence_import_solver_bytes"":0,""evidence_import_scratch_bytes"":17152,""snapshot_copy_bytes"":0,""snapshot_copy_allocations"":0,""principal_copy_buffer_bytes"":0,""principal_copy_buffer_allocations"":0,""frozen_capture_temporary_bytes"":0,""frozen_capture_published_bytes"":0,""frozen_edge_scratch_bytes"":0,""region_scopes"":1921,""max_region_scopes"":255,""call_collections_closed"":762,""call_collections_unresolved"":0,""call_memo_hits"":1406,""solver_passes"":1046,""solver_constraint_visits"":4205,""occurs_steps"":266}"
build/bench/cloud-principal-graphs/component-sources/diamond-128-valid.blot,72e16908893226eb28e34fdbe1041ecaafa11b1cd9d61270071808d88b625055,baseline,"[24945,25897,26489,26502,26920,27128,28269,28375,28498,28616,28876,29363,30991,31360,31850]","[25377,26265,26838,26882,27229,27543,28585,28829,28995,29206,29473,29777,31436,31826,32196]","[13226194,13226194,13226194,13226194,13226194,13226194,13226194,13226194,13226194,13226194,13226194,13226194,13226194,13226194,13226194]","[2876771,2876771,2876771,2876771,2876771,2876771,2876771,2876771,2876771,2876771,2876771,2876771,2876771,2876771,2876771]","{""inference_regions"":647,""canonical_specialization_queries"":0,""canonical_specialization_hits"":0,""solver_requested_bytes"":2619872,""solver_allocations"":4377,""scratch_requested_bytes"":4542604,""scratch_allocations"":5175,""max_solver_live_bytes"":226084,""max_scratch_live_bytes"":339872,""evidence_import_solver_bytes"":0,""evidence_import_scratch_bytes"":0,""snapshot_copy_bytes"":0,""snapshot_copy_allocations"":0,""principal_copy_buffer_bytes"":0,""principal_copy_buffer_allocations"":0,""frozen_capture_temporary_bytes"":0,""frozen_capture_published_bytes"":0,""frozen_edge_scratch_bytes"":0,""region_scopes"":4097,""max_region_scopes"":766,""call_collections_closed"":2044,""call_collections_unresolved"":0,""call_memo_hits"":1164,""solver_passes"":919,""solver_constraint_visits"":4418,""occurs_steps"":0}"
build/bench/cloud-principal-graphs/component-sources/diamond-128-valid.blot,72e16908893226eb28e34fdbe1041ecaafa11b1cd9d61270071808d88b625055,default,"[26030,26056,26178,26191,26289,26765,26830,28565,28916,29077,29237,29540,30325,32380,44219]","[26371,26507,26562,26609,26678,27210,27676,29024,29422,29463,29619,29919,30701,32890,44597]","[13226194,13226194,13226194,13226194,13226194,13226194,13226194,13226194,13226194,13226194,13226194,13226194,13226194,13226194,13226194]","[2876771,2876771,2876771,2876771,2876771,2876771,2876771,2876771,2876771,2876771,2876771,2876771,2876771,2876771,2876771]","{""semantic_component_batches"":0,""semantic_component_jobs"":0,""max_semantic_component_workers"":0,""inference_regions"":647,""canonical_specialization_queries"":0,""canonical_specialization_hits"":0,""solver_requested_bytes"":2619872,""solver_allocations"":4377,""scratch_requested_bytes"":4542604,""scratch_allocations"":5175,""max_solver_live_bytes"":226084,""max_scratch_live_bytes"":339872,""evidence_import_solver_bytes"":0,""evidence_import_scratch_bytes"":0,""snapshot_copy_bytes"":0,""snapshot_copy_allocations"":0,""principal_copy_buffer_bytes"":0,""principal_copy_buffer_allocations"":0,""frozen_capture_temporary_bytes"":0,""frozen_capture_published_bytes"":0,""frozen_edge_scratch_bytes"":0,""region_scopes"":4097,""max_region_scopes"":766,""call_collections_closed"":2044,""call_collections_unresolved"":0,""call_memo_hits"":1164,""solver_passes"":919,""solver_constraint_visits"":4418,""occurs_steps"":0}"
build/bench/cloud-principal-graphs/component-sources/diamond-128-valid.blot,72e16908893226eb28e34fdbe1041ecaafa11b1cd9d61270071808d88b625055,workers-1,"[34687,34968,35356,35562,36160,36302,36397,36628,37582,39659,41647,43512,44609,47633,51818]","[35056,35337,35698,35944,36741,36754,37015,37808,37952,40029,42096,44589,45080,48082,52477]","[26874342,26874342,26874342,26874342,26874342,26874342,26874342,26874342,26874342,26874342,26874342,26874342,26874342,26874342,26874342]","[7775213,7775213,7775213,7775213,7775213,7775213,7775213,7775213,7775213,7775213,7775213,7775213,7775213,7775213,7775213]","{""semantic_component_batches"":2,""semantic_component_jobs"":4,""max_semantic_component_workers"":1,""inference_regions"":1045,""canonical_specialization_queries"":0,""canonical_specialization_hits"":0,""solver_requested_bytes"":3937448,""solver_allocations"":6810,""scratch_requested_bytes"":6621532,""scratch_allocations"":8952,""max_solver_live_bytes"":226084,""max_scratch_live_bytes"":338624,""evidence_import_solver_bytes"":0,""evidence_import_scratch_bytes"":0,""snapshot_copy_bytes"":0,""snapshot_copy_allocations"":0,""principal_copy_buffer_bytes"":0,""principal_copy_buffer_allocations"":0,""frozen_capture_temporary_bytes"":0,""frozen_capture_published_bytes"":0,""frozen_edge_scratch_bytes"":0,""region_scopes"":6020,""max_region_scopes"":766,""call_collections_closed"":2937,""call_collections_unresolved"":0,""call_memo_hits"":1927,""solver_passes"":1709,""solver_constraint_visits"":6584,""occurs_steps"":0}"
build/bench/cloud-principal-graphs/component-sources/diamond-128-valid.blot,72e16908893226eb28e34fdbe1041ecaafa11b1cd9d61270071808d88b625055,workers-2,"[35693,35989,36593,37080,37317,37822,38009,38375,39524,40762,40814,42320,47529,47594,48941]","[25108,25315,25647,26194,26526,27405,27484,27704,28551,29212,29407,30634,32247,32805,33304]","[25949504,25949504,25949504,25949504,25949504,25949504,25949504,25949504,25949504,25949504,25949504,25949504,25949504,25949504,25949504]","[9569631,9569631,11993217,11993217,11993217,11993217,11993217,11993217,11993217,11993217,11993217,11993217,11993217,11993217,11993217]","{""semantic_component_batches"":2,""semantic_component_jobs"":4,""max_semantic_component_workers"":2,""inference_regions"":1045,""canonical_specialization_queries"":0,""canonical_specialization_hits"":0,""solver_requested_bytes"":3937448,""solver_allocations"":6810,""scratch_requested_bytes"":6621532,""scratch_allocations"":8952,""max_solver_live_bytes"":226084,""max_scratch_live_bytes"":338624,""evidence_import_solver_bytes"":0,""evidence_import_scratch_bytes"":0,""snapshot_copy_bytes"":0,""snapshot_copy_allocations"":0,""principal_copy_buffer_bytes"":0,""principal_copy_buffer_allocations"":0,""frozen_capture_temporary_bytes"":0,""frozen_capture_published_bytes"":0,""frozen_edge_scratch_bytes"":0,""region_scopes"":6020,""max_region_scopes"":766,""call_collections_closed"":2937,""call_collections_unresolved"":0,""call_memo_hits"":1927,""solver_passes"":1709,""solver_constraint_visits"":6584,""occurs_steps"":0}"
build/bench/cloud-principal-graphs/component-sources/diamond-128-valid.blot,72e16908893226eb28e34fdbe1041ecaafa11b1cd9d61270071808d88b625055,workers-4,"[34825,35971,36716,37169,37243,37515,39232,40145,40158,41870,43372,45454,45813,46694,48191]","[24966,25749,26032,26153,26572,26592,28905,29170,29186,30081,30144,30410,31972,32810,34862]","[25949504,25949504,25949504,25949504,25949504,25949504,25949504,25949504,25949504,25949504,25949504,25949504,25949504,25949504,25949504]","[9569631,11993217,11993217,11993217,11993217,11993217,11993217,11993217,11993217,11993217,11993217,11993217,11993217,11993217,11993217]","{""semantic_component_batches"":2,""semantic_component_jobs"":4,""max_semantic_component_workers"":2,""inference_regions"":1045,""canonical_specialization_queries"":0,""canonical_specialization_hits"":0,""solver_requested_bytes"":3937448,""solver_allocations"":6810,""scratch_requested_bytes"":6621532,""scratch_allocations"":8952,""max_solver_live_bytes"":226084,""max_scratch_live_bytes"":338624,""evidence_import_solver_bytes"":0,""evidence_import_scratch_bytes"":0,""snapshot_copy_bytes"":0,""snapshot_copy_allocations"":0,""principal_copy_buffer_bytes"":0,""principal_copy_buffer_allocations"":0,""frozen_capture_temporary_bytes"":0,""frozen_capture_published_bytes"":0,""frozen_edge_scratch_bytes"":0,""region_scopes"":6020,""max_region_scopes"":766,""call_collections_closed"":2937,""call_collections_unresolved"":0,""call_memo_hits"":1927,""solver_passes"":1709,""solver_constraint_visits"":6584,""occurs_steps"":0}"
build/bench/cloud-principal-graphs/component-sources/diamond-128-valid.blot,72e16908893226eb28e34fdbe1041ecaafa11b1cd9d61270071808d88b625055,workers-8,"[34837,37048,37609,37921,38124,38125,38265,38477,39059,40071,40533,40755,41637,46313,49147]","[24499,26505,26583,26585,27193,27389,27511,27951,28049,28286,28582,29241,30820,31084,39459]","[25949504,25949504,25949504,25949504,25949504,25949504,25949504,25949504,25949504,25949504,25949504,25949504,25949504,25949504,25949504]","[11993217,11993217,11993217,11993217,11993217,11993217,11993217,11993217,11993217,11993217,11993217,11993217,11993217,11993217,11993217]","{""semantic_component_batches"":2,""semantic_component_jobs"":4,""max_semantic_component_workers"":2,""inference_regions"":1045,""canonical_specialization_queries"":0,""canonical_specialization_hits"":0,""solver_requested_bytes"":3937448,""solver_allocations"":6810,""scratch_requested_bytes"":6621532,""scratch_allocations"":8952,""max_solver_live_bytes"":226084,""max_scratch_live_bytes"":338624,""evidence_import_solver_bytes"":0,""evidence_import_scratch_bytes"":0,""snapshot_copy_bytes"":0,""snapshot_copy_allocations"":0,""principal_copy_buffer_bytes"":0,""principal_copy_buffer_allocations"":0,""frozen_capture_temporary_bytes"":0,""frozen_capture_published_bytes"":0,""frozen_edge_scratch_bytes"":0,""region_scopes"":6020,""max_region_scopes"":766,""call_collections_closed"":2937,""call_collections_unresolved"":0,""call_memo_hits"":1927,""solver_passes"":1709,""solver_constraint_visits"":6584,""occurs_steps"":0}"
build/bench/cloud-principal-graphs/component-sources/forward-generic-300-valid.blot,91cb83d5909281b036cb2e29b6db31567767ad9145e1d079152b4c9d27a33c4f,baseline,"[9032,9173,9528,9550,9636,9706,9722,9865,9997,10127,10179,10587,10922,11026,11403]","[9323,9586,9932,10005,10027,10100,10231,10494,10514,10589,10628,10926,11248,11293,11677]","[6811358,6811358,6811358,6811358,6811358,6811358,6811358,6811358,6811358,6811358,6811358,6811358,6811358,6811358,6811358]","[2428603,2428603,2428603,2428603,2428603,2428603,2428603,2428603,2428603,2428603,2428603,2428603,2428603,2428603,2428603]","{""inference_regions"":604,""canonical_specialization_queries"":0,""canonical_specialization_hits"":0,""solver_requested_bytes"":1097700,""solver_allocations"":6637,""scratch_requested_bytes"":858068,""scratch_allocations"":5431,""max_solver_live_bytes"":1820,""max_scratch_live_bytes"":1816,""evidence_import_solver_bytes"":0,""evidence_import_scratch_bytes"":38528,""snapshot_copy_bytes"":0,""snapshot_copy_allocations"":0,""principal_copy_buffer_bytes"":0,""principal_copy_buffer_allocations"":0,""frozen_capture_temporary_bytes"":0,""frozen_capture_published_bytes"":0,""frozen_edge_scratch_bytes"":0,""region_scopes"":905,""max_region_scopes"":2,""call_collections_closed"":0,""call_collections_unresolved"":0,""call_memo_hits"":301,""solver_passes"":1507,""solver_constraint_visits"":903,""occurs_steps"":903}"
build/bench/cloud-principal-graphs/component-sources/forward-generic-300-valid.blot,91cb83d5909281b036cb2e29b6db31567767ad9145e1d079152b4c9d27a33c4f,default,"[8797,8876,8905,8982,9168,9235,9292,9543,9659,9732,9872,10088,10252,10466,11657]","[9107,9139,9180,9357,9445,9703,9812,9823,10025,10129,10253,10447,10604,10830,12033]","[6811358,6811358,6811358,6811358,6811358,6811358,6811358,6811358,6811358,6811358,6811358,6811358,6811358,6811358,6811358]","[2428603,2428603,2428603,2428603,2428603,2428603,2428603,2428603,2428603,2428603,2428603,2428603,2428603,2428603,2428603]","{""semantic_component_batches"":0,""semantic_component_jobs"":0,""max_semantic_component_workers"":0,""inference_regions"":604,""canonical_specialization_queries"":0,""canonical_specialization_hits"":0,""solver_requested_bytes"":1097700,""solver_allocations"":6637,""scratch_requested_bytes"":858068,""scratch_allocations"":5431,""max_solver_live_bytes"":1820,""max_scratch_live_bytes"":1816,""evidence_import_solver_bytes"":0,""evidence_import_scratch_bytes"":38528,""snapshot_copy_bytes"":0,""snapshot_copy_allocations"":0,""principal_copy_buffer_bytes"":0,""principal_copy_buffer_allocations"":0,""frozen_capture_temporary_bytes"":0,""frozen_capture_published_bytes"":0,""frozen_edge_scratch_bytes"":0,""region_scopes"":905,""max_region_scopes"":2,""call_collections_closed"":0,""call_collections_unresolved"":0,""call_memo_hits"":301,""solver_passes"":1507,""solver_constraint_visits"":903,""occurs_steps"":903}"
build/bench/cloud-principal-graphs/component-sources/forward-generic-300-valid.blot,91cb83d5909281b036cb2e29b6db31567767ad9145e1d079152b4c9d27a33c4f,workers-1,"[8915,9161,9265,9270,9484,9572,9954,10133,10426,10557,10663,10746,11027,11274,11320]","[9329,9505,9534,9618,9801,9834,10200,10555,10882,10915,11015,11105,11362,11627,12674]","[6953430,6953430,6953430,6953430,6953430,6953430,6953430,6953430,6953430,6953430,6953430,6953430,6953430,6953430,6953430]","[2428603,2428603,2428603,2428603,2428603,2428603,2428603,2428603,2428603,2428603,2428603,2428603,2428603,2428603,2428603]","{""semantic_component_batches"":0,""semantic_component_jobs"":0,""max_semantic_component_workers"":0,""inference_regions"":604,""canonical_specialization_queries"":0,""canonical_specialization_hits"":0,""solver_requested_bytes"":1097700,""solver_allocations"":6637,""scratch_requested_bytes"":858068,""scratch_allocations"":5431,""max_solver_live_bytes"":1820,""max_scratch_live_bytes"":1816,""evidence_import_solver_bytes"":0,""evidence_import_scratch_bytes"":38528,""snapshot_copy_bytes"":0,""snapshot_copy_allocations"":0,""principal_copy_buffer_bytes"":0,""principal_copy_buffer_allocations"":0,""frozen_capture_temporary_bytes"":0,""frozen_capture_published_bytes"":0,""frozen_edge_scratch_bytes"":0,""region_scopes"":905,""max_region_scopes"":2,""call_collections_closed"":0,""call_collections_unresolved"":0,""call_memo_hits"":301,""solver_passes"":1507,""solver_constraint_visits"":903,""occurs_steps"":903}"
build/bench/cloud-principal-graphs/component-sources/forward-generic-300-valid.blot,91cb83d5909281b036cb2e29b6db31567767ad9145e1d079152b4c9d27a33c4f,workers-2,"[9228,9369,9450,9594,9654,9674,9708,9984,10131,10142,10185,10341,10664,11250,12041]","[9489,9656,9759,9919,10031,10067,10075,10280,10414,10438,10554,10622,10937,11677,12419]","[6953430,6953430,6953430,6953430,6953430,6953430,6953430,6953430,6953430,6953430,6953430,6953430,6953430,6953430,6953430]","[2428603,2428603,2428603,2428603,2428603,2428603,2428603,2428603,2428603,2428603,2428603,2428603,2428603,2428603,2428603]","{""semantic_component_batches"":0,""semantic_component_jobs"":0,""max_semantic_component_workers"":0,""inference_regions"":604,""canonical_specialization_queries"":0,""canonical_specialization_hits"":0,""solver_requested_bytes"":1097700,""solver_allocations"":6637,""scratch_requested_bytes"":858068,""scratch_allocations"":5431,""max_solver_live_bytes"":1820,""max_scratch_live_bytes"":1816,""evidence_import_solver_bytes"":0,""evidence_import_scratch_bytes"":38528,""snapshot_copy_bytes"":0,""snapshot_copy_allocations"":0,""principal_copy_buffer_bytes"":0,""principal_copy_buffer_allocations"":0,""frozen_capture_temporary_bytes"":0,""frozen_capture_published_bytes"":0,""frozen_edge_scratch_bytes"":0,""region_scopes"":905,""max_region_scopes"":2,""call_collections_closed"":0,""call_collections_unresolved"":0,""call_memo_hits"":301,""solver_passes"":1507,""solver_constraint_visits"":903,""occurs_steps"":903}"
build/bench/cloud-principal-graphs/component-sources/forward-generic-300-valid.blot,91cb83d5909281b036cb2e29b6db31567767ad9145e1d079152b4c9d27a33c4f,workers-4,"[8949,9084,9222,9255,9460,9565,9714,9857,9959,10231,10313,10505,10532,11054,11462]","[9279,9500,9571,9578,9914,9925,9964,10176,10355,10494,10629,10796,10858,11464,11926]","[6953430,6953430,6953430,6953430,6953430,6953430,6953430,6953430,6953430,6953430,6953430,6953430,6953430,6953430,6953430]","[2428603,2428603,2428603,2428603,2428603,2428603,2428603,2428603,2428603,2428603,2428603,2428603,2428603,2428603,2428603]","{""semantic_component_batches"":0,""semantic_component_jobs"":0,""max_semantic_component_workers"":0,""inference_regions"":604,""canonical_specialization_queries"":0,""canonical_specialization_hits"":0,""solver_requested_bytes"":1097700,""solver_allocations"":6637,""scratch_requested_bytes"":858068,""scratch_allocations"":5431,""max_solver_live_bytes"":1820,""max_scratch_live_bytes"":1816,""evidence_import_solver_bytes"":0,""evidence_import_scratch_bytes"":38528,""snapshot_copy_bytes"":0,""snapshot_copy_allocations"":0,""principal_copy_buffer_bytes"":0,""principal_copy_buffer_allocations"":0,""frozen_capture_temporary_bytes"":0,""frozen_capture_published_bytes"":0,""frozen_edge_scratch_bytes"":0,""region_scopes"":905,""max_region_scopes"":2,""call_collections_closed"":0,""call_collections_unresolved"":0,""call_memo_hits"":301,""solver_passes"":1507,""solver_constraint_visits"":903,""occurs_steps"":903}"
build/bench/cloud-principal-graphs/component-sources/forward-generic-300-valid.blot,91cb83d5909281b036cb2e29b6db31567767ad9145e1d079152b4c9d27a33c4f,workers-8,"[8828,9270,9341,9576,9709,9779,9850,9984,9994,10171,11486,11569,12435,14122,15963]","[9088,9544,9661,9877,10092,10176,10258,10274,10292,10455,11816,12419,12695,14484,16440]","[6953430,6953430,6953430,6953430,6953430,6953430,6953430,6953430,6953430,6953430,6953430,6953430,6953430,6953430,6953430]","[2428603,2428603,2428603,2428603,2428603,2428603,2428603,2428603,2428603,2428603,2428603,2428603,2428603,2428603,2428603]","{""semantic_component_batches"":0,""semantic_component_jobs"":0,""max_semantic_component_workers"":0,""inference_regions"":604,""canonical_specialization_queries"":0,""canonical_specialization_hits"":0,""solver_requested_bytes"":1097700,""solver_allocations"":6637,""scratch_requested_bytes"":858068,""scratch_allocations"":5431,""max_solver_live_bytes"":1820,""max_scratch_live_bytes"":1816,""evidence_import_solver_bytes"":0,""evidence_import_scratch_bytes"":38528,""snapshot_copy_bytes"":0,""snapshot_copy_allocations"":0,""principal_copy_buffer_bytes"":0,""principal_copy_buffer_allocations"":0,""frozen_capture_temporary_bytes"":0,""frozen_capture_published_bytes"":0,""frozen_edge_scratch_bytes"":0,""region_scopes"":905,""max_region_scopes"":2,""call_collections_closed"":0,""call_collections_unresolved"":0,""call_memo_hits"":301,""solver_passes"":1507,""solver_constraint_visits"":903,""occurs_steps"":903}"
build/bench/cloud-principal-graphs/component-sources/forward-mono-300-valid.blot,77a373a73d6b8f0e64b6ff72761b9eb25726001f8b1d4e128f28deba0b654414,baseline,"[7932,7963,8011,8042,8130,8312,8323,8331,8431,8736,8929,8944,9146,9344,9741]","[8210,8267,8298,8370,8568,8592,8610,8636,8668,9111,9268,9442,9523,9811,10064]","[6316801,6316801,6316801,6316801,6316801,6316801,6316801,6316801,6316801,6316801,6316801,6316801,6316801,6316801,6316801]","[2397874,2397874,2397874,2397874,2397874,2397874,2397874,2397874,2397874,2397874,2397874,2397874,2397874,2397874,2397874]","{""inference_regions"":604,""canonical_specialization_queries"":0,""canonical_specialization_hits"":0,""solver_requested_bytes"":688104,""solver_allocations"":3924,""scratch_requested_bytes"":817000,""scratch_allocations"":4828,""max_solver_live_bytes"":1224,""max_scratch_live_bytes"":1816,""evidence_import_solver_bytes"":0,""evidence_import_scratch_bytes"":38528,""snapshot_copy_bytes"":0,""snapshot_copy_allocations"":0,""principal_copy_buffer_bytes"":0,""principal_copy_buffer_allocations"":0,""frozen_capture_temporary_bytes"":0,""frozen_capture_published_bytes"":0,""frozen_edge_scratch_bytes"":0,""region_scopes"":905,""max_region_scopes"":2,""call_collections_closed"":0,""call_collections_unresolved"":0,""call_memo_hits"":301,""solver_passes"":1507,""solver_constraint_visits"":903,""occurs_steps"":0}"
build/bench/cloud-principal-graphs/component-sources/forward-mono-300-valid.blot,77a373a73d6b8f0e64b6ff72761b9eb25726001f8b1d4e128f28deba0b654414,default,"[7773,7903,8094,8163,8166,8268,8369,8819,9199,9400,9545,11322,11478,17026,89606]","[8037,8189,8451,8499,8541,8730,8835,9172,9536,9695,9886,11749,11801,17717,89952]","[6316801,6316801,6316801,6316801,6316801,6316801,6316801,6316801,6316801,6316801,6316801,6316801,6316801,6316801,6316801]","[2397874,2397874,2397874,2397874,2397874,2397874,2397874,2397874,2397874,2397874,2397874,2397874,2397874,2397874,2397874]","{""semantic_component_batches"":0,""semantic_component_jobs"":0,""max_semantic_component_workers"":0,""inference_regions"":604,""canonical_specialization_queries"":0,""canonical_specialization_hits"":0,""solver_requested_bytes"":688104,""solver_allocations"":3924,""scratch_requested_bytes"":817000,""scratch_allocations"":4828,""max_solver_live_bytes"":1224,""max_scratch_live_bytes"":1816,""evidence_import_solver_bytes"":0,""evidence_import_scratch_bytes"":38528,""snapshot_copy_bytes"":0,""snapshot_copy_allocations"":0,""principal_copy_buffer_bytes"":0,""principal_copy_buffer_allocations"":0,""frozen_capture_temporary_bytes"":0,""frozen_capture_published_bytes"":0,""frozen_edge_scratch_bytes"":0,""region_scopes"":905,""max_region_scopes"":2,""call_collections_closed"":0,""call_collections_unresolved"":0,""call_memo_hits"":301,""solver_passes"":1507,""solver_constraint_visits"":903,""occurs_steps"":0}"
build/bench/cloud-principal-graphs/component-sources/forward-mono-300-valid.blot,77a373a73d6b8f0e64b6ff72761b9eb25726001f8b1d4e128f28deba0b654414,workers-1,"[8174,8223,8248,8387,8422,8471,8562,8692,8718,9021,9028,9028,9198,9377,15698]","[8494,8518,8518,8703,8710,8859,8958,8993,9063,9382,9457,9493,9524,9673,16704]","[6458873,6458873,6458873,6458873,6458873,6458873,6458873,6458873,6458873,6458873,6458873,6458873,6458873,6458873,6458873]","[2397874,2397874,2397874,2397874,2397874,2397874,2397874,2397874,2397874,2397874,2397874,2397874,2397874,2397874,2397874]","{""semantic_component_batches"":0,""semantic_component_jobs"":0,""max_semantic_component_workers"":0,""inference_regions"":604,""canonical_specialization_queries"":0,""canonical_specialization_hits"":0,""solver_requested_bytes"":688104,""solver_allocations"":3924,""scratch_requested_bytes"":817000,""scratch_allocations"":4828,""max_solver_live_bytes"":1224,""max_scratch_live_bytes"":1816,""evidence_import_solver_bytes"":0,""evidence_import_scratch_bytes"":38528,""snapshot_copy_bytes"":0,""snapshot_copy_allocations"":0,""principal_copy_buffer_bytes"":0,""principal_copy_buffer_allocations"":0,""frozen_capture_temporary_bytes"":0,""frozen_capture_published_bytes"":0,""frozen_edge_scratch_bytes"":0,""region_scopes"":905,""max_region_scopes"":2,""call_collections_closed"":0,""call_collections_unresolved"":0,""call_memo_hits"":301,""solver_passes"":1507,""solver_constraint_visits"":903,""occurs_steps"":0}"
build/bench/cloud-principal-graphs/component-sources/forward-mono-300-valid.blot,77a373a73d6b8f0e64b6ff72761b9eb25726001f8b1d4e128f28deba0b654414,workers-2,"[8071,8177,8220,8223,8296,8534,8580,8583,8728,8733,8734,8868,12061,12335,12721]","[8339,8437,8455,8548,8701,8828,8843,8854,9039,9066,9379,9384,12419,12657,13287]","[6458873,6458873,6458873,6458873,6458873,6458873,6458873,6458873,6458873,6458873,6458873,6458873,6458873,6458873,6458873]","[2397874,2397874,2397874,2397874,2397874,2397874,2397874,2397874,2397874,2397874,2397874,2397874,2397874,2397874,2397874]","{""semantic_component_batches"":0,""semantic_component_jobs"":0,""max_semantic_component_workers"":0,""inference_regions"":604,""canonical_specialization_queries"":0,""canonical_specialization_hits"":0,""solver_requested_bytes"":688104,""solver_allocations"":3924,""scratch_requested_bytes"":817000,""scratch_allocations"":4828,""max_solver_live_bytes"":1224,""max_scratch_live_bytes"":1816,""evidence_import_solver_bytes"":0,""evidence_import_scratch_bytes"":38528,""snapshot_copy_bytes"":0,""snapshot_copy_allocations"":0,""principal_copy_buffer_bytes"":0,""principal_copy_buffer_allocations"":0,""frozen_capture_temporary_bytes"":0,""frozen_capture_published_bytes"":0,""frozen_edge_scratch_bytes"":0,""region_scopes"":905,""max_region_scopes"":2,""call_collections_closed"":0,""call_collections_unresolved"":0,""call_memo_hits"":301,""solver_passes"":1507,""solver_constraint_visits"":903,""occurs_steps"":0}"
build/bench/cloud-principal-graphs/component-sources/forward-mono-300-valid.blot,77a373a73d6b8f0e64b6ff72761b9eb25726001f8b1d4e128f28deba0b654414,workers-4,"[7905,8016,8241,8354,8757,8957,9010,9211,9540,9621,9641,9732,9775,11421,17938]","[8125,8325,8554,8628,9079,9340,9470,9580,9829,9935,10003,10099,10119,11776,18730]","[6458873,6458873,6458873,6458873,6458873,6458873,6458873,6458873,6458873,6458873,6458873,6458873,6458873,6458873,6458873]","[2397874,2397874,2397874,2397874,2397874,2397874,2397874,2397874,2397874,2397874,2397874,2397874,2397874,2397874,2397874]","{""semantic_component_batches"":0,""semantic_component_jobs"":0,""max_semantic_component_workers"":0,""inference_regions"":604,""canonical_specialization_queries"":0,""canonical_specialization_hits"":0,""solver_requested_bytes"":688104,""solver_allocations"":3924,""scratch_requested_bytes"":817000,""scratch_allocations"":4828,""max_solver_live_bytes"":1224,""max_scratch_live_bytes"":1816,""evidence_import_solver_bytes"":0,""evidence_import_scratch_bytes"":38528,""snapshot_copy_bytes"":0,""snapshot_copy_allocations"":0,""principal_copy_buffer_bytes"":0,""principal_copy_buffer_allocations"":0,""frozen_capture_temporary_bytes"":0,""frozen_capture_published_bytes"":0,""frozen_edge_scratch_bytes"":0,""region_scopes"":905,""max_region_scopes"":2,""call_collections_closed"":0,""call_collections_unresolved"":0,""call_memo_hits"":301,""solver_passes"":1507,""solver_constraint_visits"":903,""occurs_steps"":0}"
build/bench/cloud-principal-graphs/component-sources/forward-mono-300-valid.blot,77a373a73d6b8f0e64b6ff72761b9eb25726001f8b1d4e128f28deba0b654414,workers-8,"[8199,8214,8221,8267,8643,8649,8650,8813,8902,8942,9165,9224,9466,9558,9688]","[8483,8528,8553,8634,8930,8970,8974,9231,9252,9320,9521,9626,9879,9975,10016]","[6458873,6458873,6458873,6458873,6458873,6458873,6458873,6458873,6458873,6458873,6458873,6458873,6458873,6458873,6458873]","[2397874,2397874,2397874,2397874,2397874,2397874,2397874,2397874,2397874,2397874,2397874,2397874,2397874,2397874,2397874]","{""semantic_component_batches"":0,""semantic_component_jobs"":0,""max_semantic_component_workers"":0,""inference_regions"":604,""canonical_specialization_queries"":0,""canonical_specialization_hits"":0,""solver_requested_bytes"":688104,""solver_allocations"":3924,""scratch_requested_bytes"":817000,""scratch_allocations"":4828,""max_solver_live_bytes"":1224,""max_scratch_live_bytes"":1816,""evidence_import_solver_bytes"":0,""evidence_import_scratch_bytes"":38528,""snapshot_copy_bytes"":0,""snapshot_copy_allocations"":0,""principal_copy_buffer_bytes"":0,""principal_copy_buffer_allocations"":0,""frozen_capture_temporary_bytes"":0,""frozen_capture_published_bytes"":0,""frozen_edge_scratch_bytes"":0,""region_scopes"":905,""max_region_scopes"":2,""call_collections_closed"":0,""call_collections_unresolved"":0,""call_memo_hits"":301,""solver_passes"":1507,""solver_constraint_visits"":903,""occurs_steps"":0}"
build/bench/cloud-principal-graphs/component-sources/forward-generic-1000-valid.blot,4bfa4c02779491bfd1268a4064bda951a7a3cc1c1aea2f667152dee2ac599bfe,baseline,"[33892,35048,35285,35355,35582,35780,36753,37771,37814,37842,39349,40478,40903,43523,46026]","[34276,35416,35664,35669,36176,36421,37137,38109,38111,38189,39805,40862,41244,43891,46431]","[21850171,21850171,21850171,21850171,21850171,21850171,21850171,21850171,21850171,21850171,21850171,21850171,21850171,21850171,21850171]","[8072264,8072264,8072264,8072264,8072264,8072264,8072264,8072264,8072264,8072264,8072264,8072264,8072264,8072264,8072264]","{""inference_regions"":2004,""canonical_specialization_queries"":0,""canonical_specialization_hits"":0,""solver_requested_bytes"":3645700,""solver_allocations"":22037,""scratch_requested_bytes"":2848868,""scratch_allocations"":18031,""max_solver_live_bytes"":1820,""max_scratch_live_bytes"":1816,""evidence_import_solver_bytes"":0,""evidence_import_scratch_bytes"":128128,""snapshot_copy_bytes"":0,""snapshot_copy_allocations"":0,""principal_copy_buffer_bytes"":0,""principal_copy_buffer_allocations"":0,""frozen_capture_temporary_bytes"":0,""frozen_capture_published_bytes"":0,""frozen_edge_scratch_bytes"":0,""region_scopes"":3005,""max_region_scopes"":2,""call_collections_closed"":0,""call_collections_unresolved"":0,""call_memo_hits"":1001,""solver_passes"":5007,""solver_constraint_visits"":3003,""occurs_steps"":3003}"
build/bench/cloud-principal-graphs/component-sources/forward-generic-1000-valid.blot,4bfa4c02779491bfd1268a4064bda951a7a3cc1c1aea2f667152dee2ac599bfe,default,"[34908,35595,36366,36622,36798,36985,37425,37694,37853,37884,37987,38808,43831,44115,57033]","[35279,36007,36797,37038,37231,37327,37855,38173,38252,38255,38535,39402,44213,44491,57462]","[21850171,21850171,21850171,21850171,21850171,21850171,21850171,21850171,21850171,21850171,21850171,21850171,21850171,21850171,21850171]","[8072264,8072264,8072264,8072264,8072264,8072264,8072264,8072264,8072264,8072264,8072264,8072264,8072264,8072264,8072264]","{""semantic_component_batches"":0,""semantic_component_jobs"":0,""max_semantic_component_workers"":0,""inference_regions"":2004,""canonical_specialization_queries"":0,""canonical_specialization_hits"":0,""solver_requested_bytes"":3645700,""solver_allocations"":22037,""scratch_requested_bytes"":2848868,""scratch_allocations"":18031,""max_solver_live_bytes"":1820,""max_scratch_live_bytes"":1816,""evidence_import_solver_bytes"":0,""evidence_import_scratch_bytes"":128128,""snapshot_copy_bytes"":0,""snapshot_copy_allocations"":0,""principal_copy_buffer_bytes"":0,""principal_copy_buffer_allocations"":0,""frozen_capture_temporary_bytes"":0,""frozen_capture_published_bytes"":0,""frozen_edge_scratch_bytes"":0,""region_scopes"":3005,""max_region_scopes"":2,""call_collections_closed"":0,""call_collections_unresolved"":0,""call_memo_hits"":1001,""solver_passes"":5007,""solver_constraint_visits"":3003,""occurs_steps"":3003}"
build/bench/cloud-principal-graphs/component-sources/forward-generic-1000-valid.blot,4bfa4c02779491bfd1268a4064bda951a7a3cc1c1aea2f667152dee2ac599bfe,workers-1,"[39547,40789,41306,41634,41767,41772,43484,44080,44162,44691,46302,47397,48454,51661,58726]","[39918,41139,41653,42086,42136,42140,43887,44736,44779,45054,46684,47749,49035,52064,59138]","[22322643,22322643,22322643,22322643,22322643,22322643,22322643,22322643,22322643,22322643,22322643,22322643,22322643,22322643,22322643]","[8072264,8072264,8072264,8072264,8072264,8072264,8072264,8072264,8072264,8072264,8072264,8072264,8072264,8072264,8072264]","{""semantic_component_batches"":0,""semantic_component_jobs"":0,""max_semantic_component_workers"":0,""inference_regions"":2004,""canonical_specialization_queries"":0,""canonical_specialization_hits"":0,""solver_requested_bytes"":3645700,""solver_allocations"":22037,""scratch_requested_bytes"":2848868,""scratch_allocations"":18031,""max_solver_live_bytes"":1820,""max_scratch_live_bytes"":1816,""evidence_import_solver_bytes"":0,""evidence_import_scratch_bytes"":128128,""snapshot_copy_bytes"":0,""snapshot_copy_allocations"":0,""principal_copy_buffer_bytes"":0,""principal_copy_buffer_allocations"":0,""frozen_capture_temporary_bytes"":0,""frozen_capture_published_bytes"":0,""frozen_edge_scratch_bytes"":0,""region_scopes"":3005,""max_region_scopes"":2,""call_collections_closed"":0,""call_collections_unresolved"":0,""call_memo_hits"":1001,""solver_passes"":5007,""solver_constraint_visits"":3003,""occurs_steps"":3003}"
build/bench/cloud-principal-graphs/component-sources/forward-generic-1000-valid.blot,4bfa4c02779491bfd1268a4064bda951a7a3cc1c1aea2f667152dee2ac599bfe,workers-2,"[37538,38234,38268,39197,39769,40253,40297,40402,40430,40521,41094,43378,44329,45390,52783]","[37882,38569,38649,39619,40200,40653,40671,40797,40861,40955,41455,43774,44840,45760,53346]","[22322643,22322643,22322643,22322643,22322643,22322643,22322643,22322643,22322643,22322643,22322643,22322643,22322643,22322643,22322643]","[8072264,8072264,8072264,8072264,8072264,8072264,8072264,8072264,8072264,8072264,8072264,8072264,8072264,8072264,8072264]","{""semantic_component_batches"":0,""semantic_component_jobs"":0,""max_semantic_component_workers"":0,""inference_regions"":2004,""canonical_specialization_queries"":0,""canonical_specialization_hits"":0,""solver_requested_bytes"":3645700,""solver_allocations"":22037,""scratch_requested_bytes"":2848868,""scratch_allocations"":18031,""max_solver_live_bytes"":1820,""max_scratch_live_bytes"":1816,""evidence_import_solver_bytes"":0,""evidence_import_scratch_bytes"":128128,""snapshot_copy_bytes"":0,""snapshot_copy_allocations"":0,""principal_copy_buffer_bytes"":0,""principal_copy_buffer_allocations"":0,""frozen_capture_temporary_bytes"":0,""frozen_capture_published_bytes"":0,""frozen_edge_scratch_bytes"":0,""region_scopes"":3005,""max_region_scopes"":2,""call_collections_closed"":0,""call_collections_unresolved"":0,""call_memo_hits"":1001,""solver_passes"":5007,""solver_constraint_visits"":3003,""occurs_steps"":3003}"
build/bench/cloud-principal-graphs/component-sources/forward-generic-1000-valid.blot,4bfa4c02779491bfd1268a4064bda951a7a3cc1c1aea2f667152dee2ac599bfe,workers-4,"[39189,39428,39600,39600,39850,39851,39870,39961,40181,42692,46798,50586,51355,57939,82427]","[39620,39858,39971,40215,40282,40301,40344,40428,40605,43261,47178,50941,51842,58412,82828]","[22322643,22322643,22322643,22322643,22322643,22322643,22322643,22322643,22322643,22322643,22322643,22322643,22322643,22322643,22322643]","[8072264,8072264,8072264,8072264,8072264,8072264,8072264,8072264,8072264,8072264,8072264,8072264,8072264,8072264,8072264]","{""semantic_component_batches"":0,""semantic_component_jobs"":0,""max_semantic_component_workers"":0,""inference_regions"":2004,""canonical_specialization_queries"":0,""canonical_specialization_hits"":0,""solver_requested_bytes"":3645700,""solver_allocations"":22037,""scratch_requested_bytes"":2848868,""scratch_allocations"":18031,""max_solver_live_bytes"":1820,""max_scratch_live_bytes"":1816,""evidence_import_solver_bytes"":0,""evidence_import_scratch_bytes"":128128,""snapshot_copy_bytes"":0,""snapshot_copy_allocations"":0,""principal_copy_buffer_bytes"":0,""principal_copy_buffer_allocations"":0,""frozen_capture_temporary_bytes"":0,""frozen_capture_published_bytes"":0,""frozen_edge_scratch_bytes"":0,""region_scopes"":3005,""max_region_scopes"":2,""call_collections_closed"":0,""call_collections_unresolved"":0,""call_memo_hits"":1001,""solver_passes"":5007,""solver_constraint_visits"":3003,""occurs_steps"":3003}"
build/bench/cloud-principal-graphs/component-sources/forward-generic-1000-valid.blot,4bfa4c02779491bfd1268a4064bda951a7a3cc1c1aea2f667152dee2ac599bfe,workers-8,"[38104,39568,39694,39994,40016,40170,40171,43435,44148,44571,44655,47422,51197,53807,68537]","[38462,39954,40045,40358,40535,40537,40667,43973,44463,45016,45147,47923,51609,54294,68984]","[22322643,22322643,22322643,22322643,22322643,22322643,22322643,22322643,22322643,22322643,22322643,22322643,22322643,22322643,22322643]","[8072264,8072264,8072264,8072264,8072264,8072264,8072264,8072264,8072264,8072264,8072264,8072264,8072264,8072264,8072264]","{""semantic_component_batches"":0,""semantic_component_jobs"":0,""max_semantic_component_workers"":0,""inference_regions"":2004,""canonical_specialization_queries"":0,""canonical_specialization_hits"":0,""solver_requested_bytes"":3645700,""solver_allocations"":22037,""scratch_requested_bytes"":2848868,""scratch_allocations"":18031,""max_solver_live_bytes"":1820,""max_scratch_live_bytes"":1816,""evidence_import_solver_bytes"":0,""evidence_import_scratch_bytes"":128128,""snapshot_copy_bytes"":0,""snapshot_copy_allocations"":0,""principal_copy_buffer_bytes"":0,""principal_copy_buffer_allocations"":0,""frozen_capture_temporary_bytes"":0,""frozen_capture_published_bytes"":0,""frozen_edge_scratch_bytes"":0,""region_scopes"":3005,""max_region_scopes"":2,""call_collections_closed"":0,""call_collections_unresolved"":0,""call_memo_hits"":1001,""solver_passes"":5007,""solver_constraint_visits"":3003,""occurs_steps"":3003}"
build/bench/cloud-principal-graphs/component-sources/forward-mono-1000-valid.blot,bfca0964080a805fa74c91c8423075fff710c09b3fc1d587e9b8dc23df8bfe31,baseline,"[30535,30845,31320,31739,31928,31947,31992,32236,32438,32731,33018,33429,33493,39652,40752]","[30906,31261,31709,32155,32316,32317,32360,32648,32779,33095,33383,33822,33829,41122,42165]","[19779747,19779747,19779747,19779747,19779747,19779747,19779747,19779747,19779747,19779747,19779747,19779747,19779747,19779747,19779747]","[8004130,8004130,8004130,8004130,8004130,8004130,8004130,8004130,8004130,8004130,8004130,8004130,8004130,8004130,8004130]","{""inference_regions"":2004,""canonical_specialization_queries"":0,""canonical_specialization_hits"":0,""solver_requested_bytes"":2284104,""solver_allocations"":13024,""scratch_requested_bytes"":2712600,""scratch_allocations"":16028,""max_solver_live_bytes"":1224,""max_scratch_live_bytes"":1816,""evidence_import_solver_bytes"":0,""evidence_import_scratch_bytes"":128128,""snapshot_copy_bytes"":0,""snapshot_copy_allocations"":0,""principal_copy_buffer_bytes"":0,""principal_copy_buffer_allocations"":0,""frozen_capture_temporary_bytes"":0,""frozen_capture_published_bytes"":0,""frozen_edge_scratch_bytes"":0,""region_scopes"":3005,""max_region_scopes"":2,""call_collections_closed"":0,""call_collections_unresolved"":0,""call_memo_hits"":1001,""solver_passes"":5007,""solver_constraint_visits"":3003,""occurs_steps"":0}"
build/bench/cloud-principal-graphs/component-sources/forward-mono-1000-valid.blot,bfca0964080a805fa74c91c8423075fff710c09b3fc1d587e9b8dc23df8bfe31,default,"[30048,31110,31405,32289,32307,32357,32416,33375,34468,35724,37480,38138,39041,40614,43851]","[30442,31563,31856,32735,32838,32839,32889,33943,34931,36087,37871,38527,39420,41060,44254]","[19779747,19779747,19779747,19779747,19779747,19779747,19779747,19779747,19779747,19779747,19779747,19779747,19779747,19779747,19779747]","[8004130,8004130,8004130,8004130,8004130,8004130,8004130,8004130,8004130,8004130,8004130,8004130,8004130,8004130,8004130]","{""semantic_component_batches"":0,""semantic_component_jobs"":0,""max_semantic_component_workers"":0,""inference_regions"":2004,""canonical_specialization_queries"":0,""canonical_specialization_hits"":0,""solver_requested_bytes"":2284104,""solver_allocations"":13024,""scratch_requested_bytes"":2712600,""scratch_allocations"":16028,""max_solver_live_bytes"":1224,""max_scratch_live_bytes"":1816,""evidence_import_solver_bytes"":0,""evidence_import_scratch_bytes"":128128,""snapshot_copy_bytes"":0,""snapshot_copy_allocations"":0,""principal_copy_buffer_bytes"":0,""principal_copy_buffer_allocations"":0,""frozen_capture_temporary_bytes"":0,""frozen_capture_published_bytes"":0,""frozen_edge_scratch_bytes"":0,""region_scopes"":3005,""max_region_scopes"":2,""call_collections_closed"":0,""call_collections_unresolved"":0,""call_memo_hits"":1001,""solver_passes"":5007,""solver_constraint_visits"":3003,""occurs_steps"":0}"
build/bench/cloud-principal-graphs/component-sources/forward-mono-1000-valid.blot,bfca0964080a805fa74c91c8423075fff710c09b3fc1d587e9b8dc23df8bfe31,workers-1,"[33343,35614,36005,36385,36486,36804,36975,37261,37444,38440,38693,39419,39680,39692,39746]","[33716,35982,36689,36935,37062,37276,37322,37744,37837,38832,39121,39858,40105,40119,40174]","[20252219,20252219,20252219,20252219,20252219,20252219,20252219,20252219,20252219,20252219,20252219,20252219,20252219,20252219,20252219]","[8004130,8004130,8004130,8004130,8004130,8004130,8004130,8004130,8004130,8004130,8004130,8004130,8004130,8004130,8004130]","{""semantic_component_batches"":0,""semantic_component_jobs"":0,""max_semantic_component_workers"":0,""inference_regions"":2004,""canonical_specialization_queries"":0,""canonical_specialization_hits"":0,""solver_requested_bytes"":2284104,""solver_allocations"":13024,""scratch_requested_bytes"":2712600,""scratch_allocations"":16028,""max_solver_live_bytes"":1224,""max_scratch_live_bytes"":1816,""evidence_import_solver_bytes"":0,""evidence_import_scratch_bytes"":128128,""snapshot_copy_bytes"":0,""snapshot_copy_allocations"":0,""principal_copy_buffer_bytes"":0,""principal_copy_buffer_allocations"":0,""frozen_capture_temporary_bytes"":0,""frozen_capture_published_bytes"":0,""frozen_edge_scratch_bytes"":0,""region_scopes"":3005,""max_region_scopes"":2,""call_collections_closed"":0,""call_collections_unresolved"":0,""call_memo_hits"":1001,""solver_passes"":5007,""solver_constraint_visits"":3003,""occurs_steps"":0}"
build/bench/cloud-principal-graphs/component-sources/forward-mono-1000-valid.blot,bfca0964080a805fa74c91c8423075fff710c09b3fc1d587e9b8dc23df8bfe31,workers-2,"[34423,35166,35974,36173,36304,36871,37100,37358,37873,38153,40986,41024,42578,44157,45195]","[34784,35628,36352,36818,36910,37227,37463,37762,38349,39041,41334,41432,43003,44618,45666]","[20252219,20252219,20252219,20252219,20252219,20252219,20252219,20252219,20252219,20252219,20252219,20252219,20252219,20252219,20252219]","[8004130,8004130,8004130,8004130,8004130,8004130,8004130,8004130,8004130,8004130,8004130,8004130,8004130,8004130,8004130]","{""semantic_component_batches"":0,""semantic_component_jobs"":0,""max_semantic_component_workers"":0,""inference_regions"":2004,""canonical_specialization_queries"":0,""canonical_specialization_hits"":0,""solver_requested_bytes"":2284104,""solver_allocations"":13024,""scratch_requested_bytes"":2712600,""scratch_allocations"":16028,""max_solver_live_bytes"":1224,""max_scratch_live_bytes"":1816,""evidence_import_solver_bytes"":0,""evidence_import_scratch_bytes"":128128,""snapshot_copy_bytes"":0,""snapshot_copy_allocations"":0,""principal_copy_buffer_bytes"":0,""principal_copy_buffer_allocations"":0,""frozen_capture_temporary_bytes"":0,""frozen_capture_published_bytes"":0,""frozen_edge_scratch_bytes"":0,""region_scopes"":3005,""max_region_scopes"":2,""call_collections_closed"":0,""call_collections_unresolved"":0,""call_memo_hits"":1001,""solver_passes"":5007,""solver_constraint_visits"":3003,""occurs_steps"":0}"
build/bench/cloud-principal-graphs/component-sources/forward-mono-1000-valid.blot,bfca0964080a805fa74c91c8423075fff710c09b3fc1d587e9b8dc23df8bfe31,workers-4,"[34267,34559,34834,34959,35043,35904,36182,37245,37711,37771,38197,38293,38849,39350,41749]","[34598,34917,35210,35315,35815,36594,36655,37610,38060,38134,38762,38842,39492,39873,42364]","[20252219,20252219,20252219,20252219,20252219,20252219,20252219,20252219,20252219,20252219,20252219,20252219,20252219,20252219,20252219]","[8004130,8004130,8004130,8004130,8004130,8004130,8004130,8004130,8004130,8004130,8004130,8004130,8004130,8004130,8004130]","{""semantic_component_batches"":0,""semantic_component_jobs"":0,""max_semantic_component_workers"":0,""inference_regions"":2004,""canonical_specialization_queries"":0,""canonical_specialization_hits"":0,""solver_requested_bytes"":2284104,""solver_allocations"":13024,""scratch_requested_bytes"":2712600,""scratch_allocations"":16028,""max_solver_live_bytes"":1224,""max_scratch_live_bytes"":1816,""evidence_import_solver_bytes"":0,""evidence_import_scratch_bytes"":128128,""snapshot_copy_bytes"":0,""snapshot_copy_allocations"":0,""principal_copy_buffer_bytes"":0,""principal_copy_buffer_allocations"":0,""frozen_capture_temporary_bytes"":0,""frozen_capture_published_bytes"":0,""frozen_edge_scratch_bytes"":0,""region_scopes"":3005,""max_region_scopes"":2,""call_collections_closed"":0,""call_collections_unresolved"":0,""call_memo_hits"":1001,""solver_passes"":5007,""solver_constraint_visits"":3003,""occurs_steps"":0}"
build/bench/cloud-principal-graphs/component-sources/forward-mono-1000-valid.blot,bfca0964080a805fa74c91c8423075fff710c09b3fc1d587e9b8dc23df8bfe31,workers-8,"[33143,33145,33709,34043,34649,34699,35354,35371,36343,36713,37537,39146,39623,42453,44951]","[33626,33670,34064,34389,35043,35121,35736,35799,36779,37095,38009,39532,40072,43270,45489]","[20252219,20252219,20252219,20252219,20252219,20252219,20252219,20252219,20252219,20252219,20252219,20252219,20252219,20252219,20252219]","[8004130,8004130,8004130,8004130,8004130,8004130,8004130,8004130,8004130,8004130,8004130,8004130,8004130,8004130,8004130]","{""semantic_component_batches"":0,""semantic_component_jobs"":0,""max_semantic_component_workers"":0,""inference_regions"":2004,""canonical_specialization_queries"":0,""canonical_specialization_hits"":0,""solver_requested_bytes"":2284104,""solver_allocations"":13024,""scratch_requested_bytes"":2712600,""scratch_allocations"":16028,""max_solver_live_bytes"":1224,""max_scratch_live_bytes"":1816,""evidence_import_solver_bytes"":0,""evidence_import_scratch_bytes"":128128,""snapshot_copy_bytes"":0,""snapshot_copy_allocations"":0,""principal_copy_buffer_bytes"":0,""principal_copy_buffer_allocations"":0,""frozen_capture_temporary_bytes"":0,""frozen_capture_published_bytes"":0,""frozen_edge_scratch_bytes"":0,""region_scopes"":3005,""max_region_scopes"":2,""call_collections_closed"":0,""call_collections_unresolved"":0,""call_memo_hits"":1001,""solver_passes"":5007,""solver_constraint_visits"":3003,""occurs_steps"":0}"
build/bench/cloud-principal-graphs/component-sources/late-method-valid.blot,5f74e53af283a6c1e7b8ee7e145f5cee1f5aea01d3031112c70f7085c95df83e,baseline,"[1043,1053,1064,1123,1164,1203,1234,1236,1248,1276,1279,1296,1335,1380,1403]","[1214,1235,1254,1339,1434,1478,1497,1498,1508,1533,1540,1630,1639,1685,1790]","[220867,220867,220867,220867,220867,220867,220867,220867,220867,220867,220867,220867,220867,220867,220867]","[49481,49481,49481,49481,49481,49481,49481,49481,49481,49481,49481,49481,49481,49481,49481]","{""inference_regions"":9,""canonical_specialization_queries"":0,""canonical_specialization_hits"":0,""solver_requested_bytes"":20984,""solver_allocations"":140,""scratch_requested_bytes"":20192,""scratch_allocations"":116,""max_solver_live_bytes"":3100,""max_scratch_live_bytes"":3028,""evidence_import_solver_bytes"":152,""evidence_import_scratch_bytes"":512,""snapshot_copy_bytes"":0,""snapshot_copy_allocations"":0,""principal_copy_buffer_bytes"":0,""principal_copy_buffer_allocations"":0,""frozen_capture_temporary_bytes"":0,""frozen_capture_published_bytes"":0,""frozen_edge_scratch_bytes"":0,""region_scopes"":17,""max_region_scopes"":3,""call_collections_closed"":0,""call_collections_unresolved"":0,""call_memo_hits"":4,""solver_passes"":23,""solver_constraint_visits"":16,""occurs_steps"":12}"
build/bench/cloud-principal-graphs/component-sources/late-method-valid.blot,5f74e53af283a6c1e7b8ee7e145f5cee1f5aea01d3031112c70f7085c95df83e,default,"[763,773,838,897,912,1035,1062,1098,1109,1143,1169,1222,1223,1227,1252]","[976,1034,1102,1109,1271,1284,1311,1315,1318,1367,1408,1420,1434,1437,1500]","[220867,220867,220867,220867,220867,220867,220867,220867,220867,220867,220867,220867,220867,220867,220867]","[49481,49481,49481,49481,49481,49481,49481,49481,49481,49481,49481,49481,49481,49481,49481]","{""semantic_component_batches"":0,""semantic_component_jobs"":0,""max_semantic_component_workers"":0,""inference_regions"":9,""canonical_specialization_queries"":0,""canonical_specialization_hits"":0,""solver_requested_bytes"":20984,""solver_allocations"":140,""scratch_requested_bytes"":20192,""scratch_allocations"":116,""max_solver_live_bytes"":3100,""max_scratch_live_bytes"":3028,""evidence_import_solver_bytes"":152,""evidence_import_scratch_bytes"":512,""snapshot_copy_bytes"":0,""snapshot_copy_allocations"":0,""principal_copy_buffer_bytes"":0,""principal_copy_buffer_allocations"":0,""frozen_capture_temporary_bytes"":0,""frozen_capture_published_bytes"":0,""frozen_edge_scratch_bytes"":0,""region_scopes"":17,""max_region_scopes"":3,""call_collections_closed"":0,""call_collections_unresolved"":0,""call_memo_hits"":4,""solver_passes"":23,""solver_constraint_visits"":16,""occurs_steps"":12}"
build/bench/cloud-principal-graphs/component-sources/late-method-valid.blot,5f74e53af283a6c1e7b8ee7e145f5cee1f5aea01d3031112c70f7085c95df83e,workers-1,"[854,874,882,887,899,912,926,964,991,1006,1062,1091,1156,1256,1580]","[1027,1050,1051,1069,1092,1106,1126,1177,1192,1217,1328,1343,1397,1458,1797]","[221811,221811,221811,221811,221811,221811,221811,221811,221811,221811,221811,221811,221811,221811,221811]","[49481,49481,49481,49481,49481,49481,49481,49481,49481,49481,49481,49481,49481,49481,49481]","{""semantic_component_batches"":0,""semantic_component_jobs"":0,""max_semantic_component_workers"":0,""inference_regions"":9,""canonical_specialization_queries"":0,""canonical_specialization_hits"":0,""solver_requested_bytes"":20984,""solver_allocations"":140,""scratch_requested_bytes"":20192,""scratch_allocations"":116,""max_solver_live_bytes"":3100,""max_scratch_live_bytes"":3028,""evidence_import_solver_bytes"":152,""evidence_import_scratch_bytes"":512,""snapshot_copy_bytes"":0,""snapshot_copy_allocations"":0,""principal_copy_buffer_bytes"":0,""principal_copy_buffer_allocations"":0,""frozen_capture_temporary_bytes"":0,""frozen_capture_published_bytes"":0,""frozen_edge_scratch_bytes"":0,""region_scopes"":17,""max_region_scopes"":3,""call_collections_closed"":0,""call_collections_unresolved"":0,""call_memo_hits"":4,""solver_passes"":23,""solver_constraint_visits"":16,""occurs_steps"":12}"
build/bench/cloud-principal-graphs/component-sources/late-method-valid.blot,5f74e53af283a6c1e7b8ee7e145f5cee1f5aea01d3031112c70f7085c95df83e,workers-2,"[0,787,851,860,877,914,942,943,950,962,963,975,998,1102,1253]","[968,1033,1043,1092,1093,1132,1139,1144,1170,1193,1197,1210,1227,1348,1440]","[221811,221811,221811,221811,221811,221811,221811,221811,221811,221811,221811,221811,221811,221811,221811]","[49481,49481,49481,49481,49481,49481,49481,49481,49481,49481,49481,49481,49481,49481,49481]","{""semantic_component_batches"":0,""semantic_component_jobs"":0,""max_semantic_component_workers"":0,""inference_regions"":9,""canonical_specialization_queries"":0,""canonical_specialization_hits"":0,""solver_requested_bytes"":20984,""solver_allocations"":140,""scratch_requested_bytes"":20192,""scratch_allocations"":116,""max_solver_live_bytes"":3100,""max_scratch_live_bytes"":3028,""evidence_import_solver_bytes"":152,""evidence_import_scratch_bytes"":512,""snapshot_copy_bytes"":0,""snapshot_copy_allocations"":0,""principal_copy_buffer_bytes"":0,""principal_copy_buffer_allocations"":0,""frozen_capture_temporary_bytes"":0,""frozen_capture_published_bytes"":0,""frozen_edge_scratch_bytes"":0,""region_scopes"":17,""max_region_scopes"":3,""call_collections_closed"":0,""call_collections_unresolved"":0,""call_memo_hits"":4,""solver_passes"":23,""solver_constraint_visits"":16,""occurs_steps"":12}"
build/bench/cloud-principal-graphs/component-sources/late-method-valid.blot,5f74e53af283a6c1e7b8ee7e145f5cee1f5aea01d3031112c70f7085c95df83e,workers-4,"[813,842,873,875,895,917,920,955,962,980,983,1015,1033,1129,1181]","[1025,1063,1095,1123,1152,1154,1160,1164,1174,1178,1182,1215,1240,1312,1372]","[221811,221811,221811,221811,221811,221811,221811,221811,221811,221811,221811,221811,221811,221811,221811]","[49481,49481,49481,49481,49481,49481,49481,49481,49481,49481,49481,49481,49481,49481,49481]","{""semantic_component_batches"":0,""semantic_component_jobs"":0,""max_semantic_component_workers"":0,""inference_regions"":9,""canonical_specialization_queries"":0,""canonical_specialization_hits"":0,""solver_requested_bytes"":20984,""solver_allocations"":140,""scratch_requested_bytes"":20192,""scratch_allocations"":116,""max_solver_live_bytes"":3100,""max_scratch_live_bytes"":3028,""evidence_import_solver_bytes"":152,""evidence_import_scratch_bytes"":512,""snapshot_copy_bytes"":0,""snapshot_copy_allocations"":0,""principal_copy_buffer_bytes"":0,""principal_copy_buffer_allocations"":0,""frozen_capture_temporary_bytes"":0,""frozen_capture_published_bytes"":0,""frozen_edge_scratch_bytes"":0,""region_scopes"":17,""max_region_scopes"":3,""call_collections_closed"":0,""call_collections_unresolved"":0,""call_memo_hits"":4,""solver_passes"":23,""solver_constraint_visits"":16,""occurs_steps"":12}"
build/bench/cloud-principal-graphs/component-sources/late-method-valid.blot,5f74e53af283a6c1e7b8ee7e145f5cee1f5aea01d3031112c70f7085c95df83e,workers-8,"[825,870,893,937,1040,1055,1081,1134,1194,1216,1219,1276,1373,1374,1456]","[995,1058,1082,1210,1233,1283,1315,1480,1523,1561,1646,1735,1747,1816,1951]","[221811,221811,221811,221811,221811,221811,221811,221811,221811,221811,221811,221811,221811,221811,221811]","[49481,49481,49481,49481,49481,49481,49481,49481,49481,49481,49481,49481,49481,49481,49481]","{""semantic_component_batches"":0,""semantic_component_jobs"":0,""max_semantic_component_workers"":0,""inference_regions"":9,""canonical_specialization_queries"":0,""canonical_specialization_hits"":0,""solver_requested_bytes"":20984,""solver_allocations"":140,""scratch_requested_bytes"":20192,""scratch_allocations"":116,""max_solver_live_bytes"":3100,""max_scratch_live_bytes"":3028,""evidence_import_solver_bytes"":152,""evidence_import_scratch_bytes"":512,""snapshot_copy_bytes"":0,""snapshot_copy_allocations"":0,""principal_copy_buffer_bytes"":0,""principal_copy_buffer_allocations"":0,""frozen_capture_temporary_bytes"":0,""frozen_capture_published_bytes"":0,""frozen_edge_scratch_bytes"":0,""region_scopes"":17,""max_region_scopes"":3,""call_collections_closed"":0,""call_collections_unresolved"":0,""call_memo_hits"":4,""solver_passes"":23,""solver_constraint_visits"":16,""occurs_steps"":12}"
build/bench/cloud-principal-graphs/component-sources/polymorphic-valid.blot,3869174a53316692617ec006cd6f64856ef3419bcbadaabd64ab9c189127c255,baseline,"[676,732,741,744,792,811,834,872,894,962,965,1101,1182,1402,1965]","[886,897,918,952,968,1009,1039,1039,1071,1139,1191,1325,1386,1854,2134]","[101468,101468,101468,101468,101468,101468,101468,101468,101468,101468,101468,101468,101468,101468,101468]","[25919,25919,25919,25919,25919,25919,25919,25919,25919,25919,25919,25919,25919,25919,25919]","{""inference_regions"":8,""canonical_specialization_queries"":0,""canonical_specialization_hits"":0,""solver_requested_bytes"":13960,""solver_allocations"":80,""scratch_requested_bytes"":11360,""scratch_allocations"":74,""max_solver_live_bytes"":2108,""max_scratch_live_bytes"":1824,""evidence_import_solver_bytes"":0,""evidence_import_scratch_bytes"":256,""snapshot_copy_bytes"":0,""snapshot_copy_allocations"":0,""principal_copy_buffer_bytes"":0,""principal_copy_buffer_allocations"":0,""frozen_capture_temporary_bytes"":0,""frozen_capture_published_bytes"":0,""frozen_edge_scratch_bytes"":0,""region_scopes"":10,""max_region_scopes"":2,""call_collections_closed"":0,""call_collections_unresolved"":0,""call_memo_hits"":4,""solver_passes"":14,""solver_constraint_visits"":6,""occurs_steps"":6}"
build/bench/cloud-principal-graphs/component-sources/polymorphic-valid.blot,3869174a53316692617ec006cd6f64856ef3419bcbadaabd64ab9c189127c255,default,"[609,673,678,680,681,686,713,714,731,752,753,763,782,888,1100]","[772,848,864,893,895,901,912,920,928,969,995,995,1002,1111,1315]","[101468,101468,101468,101468,101468,101468,101468,101468,101468,101468,101468,101468,101468,101468,101468]","[25919,25919,25919,25919,25919,25919,25919,25919,25919,25919,25919,25919,25919,25919,25919]","{""semantic_component_batches"":0,""semantic_component_jobs"":0,""max_semantic_component_workers"":0,""inference_regions"":8,""canonical_specialization_queries"":0,""canonical_specialization_hits"":0,""solver_requested_bytes"":13960,""solver_allocations"":80,""scratch_requested_bytes"":11360,""scratch_allocations"":74,""max_solver_live_bytes"":2108,""max_scratch_live_bytes"":1824,""evidence_import_solver_bytes"":0,""evidence_import_scratch_bytes"":256,""snapshot_copy_bytes"":0,""snapshot_copy_allocations"":0,""principal_copy_buffer_bytes"":0,""principal_copy_buffer_allocations"":0,""frozen_capture_temporary_bytes"":0,""frozen_capture_published_bytes"":0,""frozen_edge_scratch_bytes"":0,""region_scopes"":10,""max_region_scopes"":2,""call_collections_closed"":0,""call_collections_unresolved"":0,""call_memo_hits"":4,""solver_passes"":14,""solver_constraint_visits"":6,""occurs_steps"":6}"
build/bench/cloud-principal-graphs/component-sources/polymorphic-valid.blot,3869174a53316692617ec006cd6f64856ef3419bcbadaabd64ab9c189127c255,workers-1,"[596,634,670,672,678,720,732,770,778,786,793,798,829,1046,1340]","[762,815,867,892,927,952,962,972,985,989,994,1022,1029,1253,1546]","[102412,102412,102412,102412,102412,102412,102412,102412,102412,102412,102412,102412,102412,102412,102412]","[25919,25919,25919,25919,25919,25919,25919,25919,25919,25919,25919,25919,25919,25919,25919]","{""semantic_component_batches"":0,""semantic_component_jobs"":0,""max_semantic_component_workers"":0,""inference_regions"":8,""canonical_specialization_queries"":0,""canonical_specialization_hits"":0,""solver_requested_bytes"":13960,""solver_allocations"":80,""scratch_requested_bytes"":11360,""scratch_allocations"":74,""max_solver_live_bytes"":2108,""max_scratch_live_bytes"":1824,""evidence_import_solver_bytes"":0,""evidence_import_scratch_bytes"":256,""snapshot_copy_bytes"":0,""snapshot_copy_allocations"":0,""principal_copy_buffer_bytes"":0,""principal_copy_buffer_allocations"":0,""frozen_capture_temporary_bytes"":0,""frozen_capture_published_bytes"":0,""frozen_edge_scratch_bytes"":0,""region_scopes"":10,""max_region_scopes"":2,""call_collections_closed"":0,""call_collections_unresolved"":0,""call_memo_hits"":4,""solver_passes"":14,""solver_constraint_visits"":6,""occurs_steps"":6}"
build/bench/cloud-principal-graphs/component-sources/polymorphic-valid.blot,3869174a53316692617ec006cd6f64856ef3419bcbadaabd64ab9c189127c255,workers-2,"[573,643,664,681,689,694,746,780,788,789,820,831,1051,1125,1420]","[811,818,868,869,873,886,978,979,980,982,1002,1011,1252,1309,1677]","[102412,102412,102412,102412,102412,102412,102412,102412,102412,102412,102412,102412,102412,102412,102412]","[25919,25919,25919,25919,25919,25919,25919,25919,25919,25919,25919,25919,25919,25919,25919]","{""semantic_component_batches"":0,""semantic_component_jobs"":0,""max_semantic_component_workers"":0,""inference_regions"":8,""canonical_specialization_queries"":0,""canonical_specialization_hits"":0,""solver_requested_bytes"":13960,""solver_allocations"":80,""scratch_requested_bytes"":11360,""scratch_allocations"":74,""max_solver_live_bytes"":2108,""max_scratch_live_bytes"":1824,""evidence_import_solver_bytes"":0,""evidence_import_scratch_bytes"":256,""snapshot_copy_bytes"":0,""snapshot_copy_allocations"":0,""principal_copy_buffer_bytes"":0,""principal_copy_buffer_allocations"":0,""frozen_capture_temporary_bytes"":0,""frozen_capture_published_bytes"":0,""frozen_edge_scratch_bytes"":0,""region_scopes"":10,""max_region_scopes"":2,""call_collections_closed"":0,""call_collections_unresolved"":0,""call_memo_hits"":4,""solver_passes"":14,""solver_constraint_visits"":6,""occurs_steps"":6}"
build/bench/cloud-principal-graphs/component-sources/polymorphic-valid.blot,3869174a53316692617ec006cd6f64856ef3419bcbadaabd64ab9c189127c255,workers-4,"[599,611,631,648,665,694,700,720,720,727,738,739,747,857,925]","[869,876,884,919,924,961,968,969,974,985,1021,1031,1133,1136,1220]","[102412,102412,102412,102412,102412,102412,102412,102412,102412,102412,102412,102412,102412,102412,102412]","[25919,25919,25919,25919,25919,25919,25919,25919,25919,25919,25919,25919,25919,25919,25919]","{""semantic_component_batches"":0,""semantic_component_jobs"":0,""max_semantic_component_workers"":0,""inference_regions"":8,""canonical_specialization_queries"":0,""canonical_specialization_hits"":0,""solver_requested_bytes"":13960,""solver_allocations"":80,""scratch_requested_bytes"":11360,""scratch_allocations"":74,""max_solver_live_bytes"":2108,""max_scratch_live_bytes"":1824,""evidence_import_solver_bytes"":0,""evidence_import_scratch_bytes"":256,""snapshot_copy_bytes"":0,""snapshot_copy_allocations"":0,""principal_copy_buffer_bytes"":0,""principal_copy_buffer_allocations"":0,""frozen_capture_temporary_bytes"":0,""frozen_capture_published_bytes"":0,""frozen_edge_scratch_bytes"":0,""region_scopes"":10,""max_region_scopes"":2,""call_collections_closed"":0,""call_collections_unresolved"":0,""call_memo_hits"":4,""solver_passes"":14,""solver_constraint_visits"":6,""occurs_steps"":6}"
build/bench/cloud-principal-graphs/component-sources/polymorphic-valid.blot,3869174a53316692617ec006cd6f64856ef3419bcbadaabd64ab9c189127c255,workers-8,"[626,637,654,656,674,704,717,736,742,747,793,889,1030,1226,1825]","[834,842,842,859,861,885,899,908,953,983,1014,1076,1510,2157,2252]","[102412,102412,102412,102412,102412,102412,102412,102412,102412,102412,102412,102412,102412,102412,102412]","[25919,25919,25919,25919,25919,25919,25919,25919,25919,25919,25919,25919,25919,25919,25919]","{""semantic_component_batches"":0,""semantic_component_jobs"":0,""max_semantic_component_workers"":0,""inference_regions"":8,""canonical_specialization_queries"":0,""canonical_specialization_hits"":0,""solver_requested_bytes"":13960,""solver_allocations"":80,""scratch_requested_bytes"":11360,""scratch_allocations"":74,""max_solver_live_bytes"":2108,""max_scratch_live_bytes"":1824,""evidence_import_solver_bytes"":0,""evidence_import_scratch_bytes"":256,""snapshot_copy_bytes"":0,""snapshot_copy_allocations"":0,""principal_copy_buffer_bytes"":0,""principal_copy_buffer_allocations"":0,""frozen_capture_temporary_bytes"":0,""frozen_capture_published_bytes"":0,""frozen_edge_scratch_bytes"":0,""region_scopes"":10,""max_region_scopes"":2,""call_collections_closed"":0,""call_collections_unresolved"":0,""call_memo_hits"":4,""solver_passes"":14,""solver_constraint_visits"":6,""occurs_steps"":6}"
build/bench/cloud-principal-graphs/canonical-sources/boxes-128-valid.blot,14ec0332302990544e6146777482b6ef91be4ce0f226033a593fff6deba103ae,baseline,"[3477,3478,3552,3653,3672,3729,3781,3968,4197,4526,4821,5539,5830,7518,15669]","[3661,3691,3813,3852,3885,3920,3979,4159,4416,5010,5190,6013,6119,10865,15903]","[2660790,2660790,2660790,2660790,2660790,2660790,2660790,2660790,2660790,2660790,2660790,2660790,2660790,2660790,2660790]","[472865,472865,472865,472865,472865,472865,472865,472865,472865,472865,472865,472865,472865,472865,472865]","{""inference_regions"":139,""canonical_specialization_queries"":128,""canonical_specialization_hits"":127,""solver_requested_bytes"":369860,""solver_allocations"":1476,""scratch_requested_bytes"":336636,""scratch_allocations"":2080,""max_solver_live_bytes"":2376,""max_scratch_live_bytes"":2684,""evidence_import_solver_bytes"":668,""evidence_import_scratch_bytes"":17024,""snapshot_copy_bytes"":0,""snapshot_copy_allocations"":0,""principal_copy_buffer_bytes"":3656,""principal_copy_buffer_allocations"":54,""frozen_capture_temporary_bytes"":0,""frozen_capture_published_bytes"":12,""frozen_edge_scratch_bytes"":24,""region_scopes"":147,""max_region_scopes"":5,""call_collections_closed"":1,""call_collections_unresolved"":0,""call_memo_hits"":259,""solver_passes"":276,""solver_constraint_visits"":276,""occurs_steps"":6}"
build/bench/cloud-principal-graphs/canonical-sources/boxes-128-valid.blot,14ec0332302990544e6146777482b6ef91be4ce0f226033a593fff6deba103ae,default,"[3317,3395,3440,3447,3450,3545,3548,3574,3610,3613,3824,3954,3964,4026,4350]","[3520,3592,3639,3684,3728,3813,3837,3859,3878,3888,4145,4153,4330,4378,4573]","[2660790,2660790,2660790,2660790,2660790,2660790,2660790,2660790,2660790,2660790,2660790,2660790,2660790,2660790,2660790]","[472865,472865,472865,472865,472865,472865,472865,472865,472865,472865,472865,472865,472865,472865,472865]","{""semantic_component_batches"":0,""semantic_component_jobs"":0,""max_semantic_component_workers"":0,""inference_regions"":139,""canonical_specialization_queries"":128,""canonical_specialization_hits"":127,""solver_requested_bytes"":369860,""solver_allocations"":1476,""scratch_requested_bytes"":336636,""scratch_allocations"":2080,""max_solver_live_bytes"":2376,""max_scratch_live_bytes"":2684,""evidence_import_solver_bytes"":668,""evidence_import_scratch_bytes"":17024,""snapshot_copy_bytes"":0,""snapshot_copy_allocations"":0,""principal_copy_buffer_bytes"":3656,""principal_copy_buffer_allocations"":54,""frozen_capture_temporary_bytes"":0,""frozen_capture_published_bytes"":12,""frozen_edge_scratch_bytes"":24,""region_scopes"":147,""max_region_scopes"":5,""call_collections_closed"":1,""call_collections_unresolved"":0,""call_memo_hits"":259,""solver_passes"":276,""solver_constraint_visits"":276,""occurs_steps"":6}"
build/bench/cloud-principal-graphs/canonical-sources/boxes-128-valid.blot,14ec0332302990544e6146777482b6ef91be4ce0f226033a593fff6deba103ae,workers-1,"[3278,3404,3485,3495,3563,3621,3647,3712,3793,3801,3907,3913,4190,4204,5207]","[3493,3635,3713,3713,3774,3840,3959,3966,4025,4027,4144,4216,4511,4547,5605]","[2700950,2700950,2700950,2700950,2700950,2700950,2700950,2700950,2700950,2700950,2700950,2700950,2700950,2700950,2700950]","[472641,472641,472641,472641,472641,472641,472641,472641,472641,472641,472641,472641,472641,472641,472641]","{""semantic_component_batches"":1,""semantic_component_jobs"":2,""max_semantic_component_workers"":1,""inference_regions"":139,""canonical_specialization_queries"":128,""canonical_specialization_hits"":127,""solver_requested_bytes"":369860,""solver_allocations"":1476,""scratch_requested_bytes"":336636,""scratch_allocations"":2080,""max_solver_live_bytes"":2376,""max_scratch_live_bytes"":2684,""evidence_import_solver_bytes"":668,""evidence_import_scratch_bytes"":17024,""snapshot_copy_bytes"":0,""snapshot_copy_allocations"":0,""principal_copy_buffer_bytes"":3656,""principal_copy_buffer_allocations"":54,""frozen_capture_temporary_bytes"":0,""frozen_capture_published_bytes"":12,""frozen_edge_scratch_bytes"":24,""region_scopes"":147,""max_region_scopes"":5,""call_collections_closed"":1,""call_collections_unresolved"":0,""call_memo_hits"":259,""solver_passes"":276,""solver_constraint_visits"":276,""occurs_steps"":6}"
build/bench/cloud-principal-graphs/canonical-sources/boxes-128-valid.blot,14ec0332302990544e6146777482b6ef91be4ce0f226033a593fff6deba103ae,workers-2,"[3478,3530,3749,3799,3816,3821,3868,3899,3985,4127,4330,4458,4598,4729,6057]","[3680,3975,4019,4023,4072,4075,4111,4136,4221,4452,4591,4768,4885,4988,6473]","[2700950,2700950,2700950,2700950,2753486,2753486,2753486,2753486,2753486,2753486,2753486,2753486,2753486,2753486,2753486]","[472641,472641,472641,472641,472641,472641,472641,472641,472641,472641,472641,472641,472641,472641,472641]","{""semantic_component_batches"":1,""semantic_component_jobs"":2,""max_semantic_component_workers"":2,""inference_regions"":139,""canonical_specialization_queries"":128,""canonical_specialization_hits"":127,""solver_requested_bytes"":369860,""solver_allocations"":1476,""scratch_requested_bytes"":336636,""scratch_allocations"":2080,""max_solver_live_bytes"":2376,""max_scratch_live_bytes"":2684,""evidence_import_solver_bytes"":668,""evidence_import_scratch_bytes"":17024,""snapshot_copy_bytes"":0,""snapshot_copy_allocations"":0,""principal_copy_buffer_bytes"":3656,""principal_copy_buffer_allocations"":54,""frozen_capture_temporary_bytes"":0,""frozen_capture_published_bytes"":12,""frozen_edge_scratch_bytes"":24,""region_scopes"":147,""max_region_scopes"":5,""call_collections_closed"":1,""call_collections_unresolved"":0,""call_memo_hits"":259,""solver_passes"":276,""solver_constraint_visits"":276,""occurs_steps"":6}"
build/bench/cloud-principal-graphs/canonical-sources/boxes-128-valid.blot,14ec0332302990544e6146777482b6ef91be4ce0f226033a593fff6deba103ae,workers-4,"[3558,3565,3599,3618,3657,3745,3756,3778,3876,3924,3960,4086,4717,5116,7973]","[3710,3766,3798,3895,3920,3992,4125,4183,4195,4244,4421,4939,5048,5352,6133]","[2700950,2700950,2753486,2753486,2753486,2753486,2753486,2753486,2753486,2753486,2753486,2753486,2753486,2753486,2753486]","[472641,472641,472641,472641,472641,472641,472641,472641,472641,472641,472641,472641,472641,472641,472641]","{""semantic_component_batches"":1,""semantic_component_jobs"":2,""max_semantic_component_workers"":2,""inference_regions"":139,""canonical_specialization_queries"":128,""canonical_specialization_hits"":127,""solver_requested_bytes"":369860,""solver_allocations"":1476,""scratch_requested_bytes"":336636,""scratch_allocations"":2080,""max_solver_live_bytes"":2376,""max_scratch_live_bytes"":2684,""evidence_import_solver_bytes"":668,""evidence_import_scratch_bytes"":17024,""snapshot_copy_bytes"":0,""snapshot_copy_allocations"":0,""principal_copy_buffer_bytes"":3656,""principal_copy_buffer_allocations"":54,""frozen_capture_temporary_bytes"":0,""frozen_capture_published_bytes"":12,""frozen_edge_scratch_bytes"":24,""region_scopes"":147,""max_region_scopes"":5,""call_collections_closed"":1,""call_collections_unresolved"":0,""call_memo_hits"":259,""solver_passes"":276,""solver_constraint_visits"":276,""occurs_steps"":6}"
build/bench/cloud-principal-graphs/canonical-sources/boxes-128-valid.blot,14ec0332302990544e6146777482b6ef91be4ce0f226033a593fff6deba103ae,workers-8,"[3372,3676,3735,3745,3806,3832,3879,3952,3958,3985,4023,4092,4126,4144,5571]","[3643,3934,3948,4019,4064,4131,4134,4262,4275,4286,4305,4342,4427,4511,5781]","[2700950,2700950,2753486,2753486,2753486,2753486,2753486,2753486,2753486,2753486,2753486,2753486,2753486,2753486,2753486]","[472641,472641,472641,472641,472641,472641,472641,472641,472641,472641,472641,472641,472641,472641,472641]","{""semantic_component_batches"":1,""semantic_component_jobs"":2,""max_semantic_component_workers"":2,""inference_regions"":139,""canonical_specialization_queries"":128,""canonical_specialization_hits"":127,""solver_requested_bytes"":369860,""solver_allocations"":1476,""scratch_requested_bytes"":336636,""scratch_allocations"":2080,""max_solver_live_bytes"":2376,""max_scratch_live_bytes"":2684,""evidence_import_solver_bytes"":668,""evidence_import_scratch_bytes"":17024,""snapshot_copy_bytes"":0,""snapshot_copy_allocations"":0,""principal_copy_buffer_bytes"":3656,""principal_copy_buffer_allocations"":54,""frozen_capture_temporary_bytes"":0,""frozen_capture_published_bytes"":12,""frozen_edge_scratch_bytes"":24,""region_scopes"":147,""max_region_scopes"":5,""call_collections_closed"":1,""call_collections_unresolved"":0,""call_memo_hits"":259,""solver_passes"":276,""solver_constraint_visits"":276,""occurs_steps"":6}"
build/bench/cloud-principal-graphs/canonical-sources/boxes-32-valid.blot,113072c3fd9968bb97b4a870b18fed703b24968016edfcc6949a424e7efbf602,baseline,"[1501,1554,1565,1590,1595,1638,1653,1659,1711,1715,1733,1829,1907,1931,7348]","[1710,1797,1810,1817,1847,1882,1898,1917,1923,1960,1995,2013,2095,2148,11630]","[749394,749394,749394,749394,749394,749394,749394,749394,749394,749394,749394,749394,749394,749394,749394]","[154896,154896,154896,154896,154896,154896,154896,154896,154896,154896,154896,154896,154896,154896,154896]","{""inference_regions"":43,""canonical_specialization_queries"":32,""canonical_specialization_hits"":31,""solver_requested_bytes"":102212,""solver_allocations"":420,""scratch_requested_bytes"":102780,""scratch_allocations"":640,""max_solver_live_bytes"":2376,""max_scratch_live_bytes"":2684,""evidence_import_solver_bytes"":668,""evidence_import_scratch_bytes"":4736,""snapshot_copy_bytes"":0,""snapshot_copy_allocations"":0,""principal_copy_buffer_bytes"":3656,""principal_copy_buffer_allocations"":54,""frozen_capture_temporary_bytes"":0,""frozen_capture_published_bytes"":12,""frozen_edge_scratch_bytes"":24,""region_scopes"":51,""max_region_scopes"":5,""call_collections_closed"":1,""call_collections_unresolved"":0,""call_memo_hits"":67,""solver_passes"":84,""solver_constraint_visits"":84,""occurs_steps"":6}"
build/bench/cloud-principal-graphs/canonical-sources/boxes-32-valid.blot,113072c3fd9968bb97b4a870b18fed703b24968016edfcc6949a424e7efbf602,default,"[0,1312,1331,1332,1371,1393,1397,1431,1436,1454,1468,1494,1564,1868,2105]","[1513,1525,1570,1579,1627,1628,1647,1651,1731,1750,1810,1840,1841,2072,2453]","[749394,749394,749394,749394,749394,749394,749394,749394,749394,749394,749394,749394,749394,749394,749394]","[154896,154896,154896,154896,154896,154896,154896,154896,154896,154896,154896,154896,154896,154896,154896]","{""semantic_component_batches"":0,""semantic_component_jobs"":0,""max_semantic_component_workers"":0,""inference_regions"":43,""canonical_specialization_queries"":32,""canonical_specialization_hits"":31,""solver_requested_bytes"":102212,""solver_allocations"":420,""scratch_requested_bytes"":102780,""scratch_allocations"":640,""max_solver_live_bytes"":2376,""max_scratch_live_bytes"":2684,""evidence_import_solver_bytes"":668,""evidence_import_scratch_bytes"":4736,""snapshot_copy_bytes"":0,""snapshot_copy_allocations"":0,""principal_copy_buffer_bytes"":3656,""principal_copy_buffer_allocations"":54,""frozen_capture_temporary_bytes"":0,""frozen_capture_published_bytes"":12,""frozen_edge_scratch_bytes"":24,""region_scopes"":51,""max_region_scopes"":5,""call_collections_closed"":1,""call_collections_unresolved"":0,""call_memo_hits"":67,""solver_passes"":84,""solver_constraint_visits"":84,""occurs_steps"":6}"
build/bench/cloud-principal-graphs/canonical-sources/boxes-32-valid.blot,113072c3fd9968bb97b4a870b18fed703b24968016edfcc6949a424e7efbf602,workers-1,"[1365,1395,1426,1503,1560,1565,1593,1601,1651,1658,1677,1686,1714,1883,1885]","[1606,1662,1690,1714,1809,1817,1835,1840,1853,1896,1904,1949,1953,2059,2092]","[789386,789386,789386,789386,789386,789386,789386,789386,789386,789386,789386,789386,789386,789386,789386]","[154672,154672,154672,154672,154672,154672,154672,154672,154672,154672,154672,154672,154672,154672,154672]","{""semantic_component_batches"":1,""semantic_component_jobs"":2,""max_semantic_component_workers"":1,""inference_regions"":43,""canonical_specialization_queries"":32,""canonical_specialization_hits"":31,""solver_requested_bytes"":102212,""solver_allocations"":420,""scratch_requested_bytes"":102780,""scratch_allocations"":640,""max_solver_live_bytes"":2376,""max_scratch_live_bytes"":2684,""evidence_import_solver_bytes"":668,""evidence_import_scratch_bytes"":4736,""snapshot_copy_bytes"":0,""snapshot_copy_allocations"":0,""principal_copy_buffer_bytes"":3656,""principal_copy_buffer_allocations"":54,""frozen_capture_temporary_bytes"":0,""frozen_capture_published_bytes"":12,""frozen_edge_scratch_bytes"":24,""region_scopes"":51,""max_region_scopes"":5,""call_collections_closed"":1,""call_collections_unresolved"":0,""call_memo_hits"":67,""solver_passes"":84,""solver_constraint_visits"":84,""occurs_steps"":6}"
build/bench/cloud-principal-graphs/canonical-sources/boxes-32-valid.blot,113072c3fd9968bb97b4a870b18fed703b24968016edfcc6949a424e7efbf602,workers-2,"[1598,1608,1660,1746,1752,1797,1811,1849,1904,1949,1993,2013,2139,2291,2487]","[1786,1850,1854,1946,1950,2003,2033,2056,2100,2151,2263,2278,2440,2513,2802]","[841754,841754,841754,841754,841754,841754,841754,841754,841754,841754,841754,841754,841754,841754,841754]","[154672,154672,154672,154672,154672,154672,154672,154672,154672,154672,154672,154672,154672,154672,154672]","{""semantic_component_batches"":1,""semantic_component_jobs"":2,""max_semantic_component_workers"":2,""inference_regions"":43,""canonical_specialization_queries"":32,""canonical_specialization_hits"":31,""solver_requested_bytes"":102212,""solver_allocations"":420,""scratch_requested_bytes"":102780,""scratch_allocations"":640,""max_solver_live_bytes"":2376,""max_scratch_live_bytes"":2684,""evidence_import_solver_bytes"":668,""evidence_import_scratch_bytes"":4736,""snapshot_copy_bytes"":0,""snapshot_copy_allocations"":0,""principal_copy_buffer_bytes"":3656,""principal_copy_buffer_allocations"":54,""frozen_capture_temporary_bytes"":0,""frozen_capture_published_bytes"":12,""frozen_edge_scratch_bytes"":24,""region_scopes"":51,""max_region_scopes"":5,""call_collections_closed"":1,""call_collections_unresolved"":0,""call_memo_hits"":67,""solver_passes"":84,""solver_constraint_visits"":84,""occurs_steps"":6}"
build/bench/cloud-principal-graphs/canonical-sources/boxes-32-valid.blot,113072c3fd9968bb97b4a870b18fed703b24968016edfcc6949a424e7efbf602,workers-4,"[1529,1595,1739,1746,1752,1786,1800,1836,1879,1912,1927,1950,1958,1963,2108]","[1778,1784,1944,1953,1972,1993,2052,2055,2078,2126,2137,2166,2265,2285,2330]","[789386,841754,841754,841754,841754,841754,841754,841754,841754,841754,841754,841754,841754,841754,841754]","[154672,154672,154672,154672,154672,154672,154672,154672,154672,154672,154672,154672,154672,154672,154672]","{""semantic_component_batches"":1,""semantic_component_jobs"":2,""max_semantic_component_workers"":2,""inference_regions"":43,""canonical_specialization_queries"":32,""canonical_specialization_hits"":31,""solver_requested_bytes"":102212,""solver_allocations"":420,""scratch_requested_bytes"":102780,""scratch_allocations"":640,""max_solver_live_bytes"":2376,""max_scratch_live_bytes"":2684,""evidence_import_solver_bytes"":668,""evidence_import_scratch_bytes"":4736,""snapshot_copy_bytes"":0,""snapshot_copy_allocations"":0,""principal_copy_buffer_bytes"":3656,""principal_copy_buffer_allocations"":54,""frozen_capture_temporary_bytes"":0,""frozen_capture_published_bytes"":12,""frozen_edge_scratch_bytes"":24,""region_scopes"":51,""max_region_scopes"":5,""call_collections_closed"":1,""call_collections_unresolved"":0,""call_memo_hits"":67,""solver_passes"":84,""solver_constraint_visits"":84,""occurs_steps"":6}"
build/bench/cloud-principal-graphs/canonical-sources/boxes-32-valid.blot,113072c3fd9968bb97b4a870b18fed703b24968016edfcc6949a424e7efbf602,workers-8,"[1587,1764,1778,1782,1845,1851,1881,1898,1958,1989,1992,2001,2038,2046,2374]","[1829,1926,1988,2099,2132,2160,2187,2197,2207,2255,2265,2305,2309,2349,2839]","[789386,841754,841754,841754,841754,841754,841754,841754,841754,841754,841754,841754,841754,841754,841754]","[154672,154672,154672,154672,154672,154672,154672,154672,154672,154672,154672,154672,154672,154672,154672]","{""semantic_component_batches"":1,""semantic_component_jobs"":2,""max_semantic_component_workers"":2,""inference_regions"":43,""canonical_specialization_queries"":32,""canonical_specialization_hits"":31,""solver_requested_bytes"":102212,""solver_allocations"":420,""scratch_requested_bytes"":102780,""scratch_allocations"":640,""max_solver_live_bytes"":2376,""max_scratch_live_bytes"":2684,""evidence_import_solver_bytes"":668,""evidence_import_scratch_bytes"":4736,""snapshot_copy_bytes"":0,""snapshot_copy_allocations"":0,""principal_copy_buffer_bytes"":3656,""principal_copy_buffer_allocations"":54,""frozen_capture_temporary_bytes"":0,""frozen_capture_published_bytes"":12,""frozen_edge_scratch_bytes"":24,""region_scopes"":51,""max_region_scopes"":5,""call_collections_closed"":1,""call_collections_unresolved"":0,""call_memo_hits"":67,""solver_passes"":84,""solver_constraint_visits"":84,""occurs_steps"":6}"
build/bench/cloud-principal-graphs/canonical-sources/boxes-8-valid.blot,3e8e1a77a15ba49a548540ad7817939ca7d6428ae76aa9cdc8590d2f242b687b,baseline,"[1030,1104,1109,1137,1140,1159,1200,1222,1238,1262,1288,1297,1313,1481,2720]","[1221,1298,1315,1327,1371,1404,1436,1473,1474,1476,1486,1690,1724,1744,2928]","[292868,292868,292868,292868,292868,292868,292868,292868,292868,292868,292868,292868,292868,292868,292868]","[79092,79092,79092,79092,79092,79092,79092,79092,79092,79092,79092,79092,79092,79092,79092]","{""inference_regions"":19,""canonical_specialization_queries"":8,""canonical_specialization_hits"":7,""solver_requested_bytes"":35300,""solver_allocations"":156,""scratch_requested_bytes"":44316,""scratch_allocations"":280,""max_solver_live_bytes"":2376,""max_scratch_live_bytes"":2684,""evidence_import_solver_bytes"":668,""evidence_import_scratch_bytes"":1664,""snapshot_copy_bytes"":0,""snapshot_copy_allocations"":0,""principal_copy_buffer_bytes"":3656,""principal_copy_buffer_allocations"":54,""frozen_capture_temporary_bytes"":0,""frozen_capture_published_bytes"":12,""frozen_edge_scratch_bytes"":24,""region_scopes"":27,""max_region_scopes"":5,""call_collections_closed"":1,""call_collections_unresolved"":0,""call_memo_hits"":19,""solver_passes"":36,""solver_constraint_visits"":36,""occurs_steps"":6}"
build/bench/cloud-principal-graphs/canonical-sources/boxes-8-valid.blot,3e8e1a77a15ba49a548540ad7817939ca7d6428ae76aa9cdc8590d2f242b687b,default,"[756,882,888,898,910,943,945,982,986,1048,1055,1079,1114,1239,1362]","[1056,1065,1088,1106,1108,1178,1184,1230,1253,1301,1333,1389,1538,1559,1560]","[292868,292868,292868,292868,292868,292868,292868,292868,292868,292868,292868,292868,292868,292868,292868]","[79092,79092,79092,79092,79092,79092,79092,79092,79092,79092,79092,79092,79092,79092,79092]","{""semantic_component_batches"":0,""semantic_component_jobs"":0,""max_semantic_component_workers"":0,""inference_regions"":19,""canonical_specialization_queries"":8,""canonical_specialization_hits"":7,""solver_requested_bytes"":35300,""solver_allocations"":156,""scratch_requested_bytes"":44316,""scratch_allocations"":280,""max_solver_live_bytes"":2376,""max_scratch_live_bytes"":2684,""evidence_import_solver_bytes"":668,""evidence_import_scratch_bytes"":1664,""snapshot_copy_bytes"":0,""snapshot_copy_allocations"":0,""principal_copy_buffer_bytes"":3656,""principal_copy_buffer_allocations"":54,""frozen_capture_temporary_bytes"":0,""frozen_capture_published_bytes"":12,""frozen_edge_scratch_bytes"":24,""region_scopes"":27,""max_region_scopes"":5,""call_collections_closed"":1,""call_collections_unresolved"":0,""call_memo_hits"":19,""solver_passes"":36,""solver_constraint_visits"":36,""occurs_steps"":6}"
build/bench/cloud-principal-graphs/canonical-sources/boxes-8-valid.blot,3e8e1a77a15ba49a548540ad7817939ca7d6428ae76aa9cdc8590d2f242b687b,workers-1,"[867,870,919,932,1016,1023,1035,1085,1106,1127,1132,1182,1293,1554,2112]","[1037,1057,1101,1198,1205,1216,1226,1302,1376,1421,1421,1728,1742,2363,7053]","[377988,377988,377988,377988,377988,377988,377988,377988,377988,377988,377988,377988,377988,377988,377988]","[78868,78868,78868,78868,78868,78868,78868,78868,78868,78868,78868,78868,78868,78868,78868]","{""semantic_component_batches"":1,""semantic_component_jobs"":2,""max_semantic_component_workers"":1,""inference_regions"":19,""canonical_specialization_queries"":8,""canonical_specialization_hits"":7,""solver_requested_bytes"":35300,""solver_allocations"":156,""scratch_requested_bytes"":44316,""scratch_allocations"":280,""max_solver_live_bytes"":2376,""max_scratch_live_bytes"":2684,""evidence_import_solver_bytes"":668,""evidence_import_scratch_bytes"":1664,""snapshot_copy_bytes"":0,""snapshot_copy_allocations"":0,""principal_copy_buffer_bytes"":3656,""principal_copy_buffer_allocations"":54,""frozen_capture_temporary_bytes"":0,""frozen_capture_published_bytes"":12,""frozen_edge_scratch_bytes"":24,""region_scopes"":27,""max_region_scopes"":5,""call_collections_closed"":1,""call_collections_unresolved"":0,""call_memo_hits"":19,""solver_passes"":36,""solver_constraint_visits"":36,""occurs_steps"":6}"
build/bench/cloud-principal-graphs/canonical-sources/boxes-8-valid.blot,3e8e1a77a15ba49a548540ad7817939ca7d6428ae76aa9cdc8590d2f242b687b,workers-2,"[1177,1198,1205,1231,1274,1280,1281,1287,1335,1345,1356,1417,1444,1458,1597]","[1365,1386,1415,1471,1485,1502,1519,1530,1573,1587,1591,1644,1698,1701,1813]","[475484,475484,475484,475484,475484,475484,475484,475484,475484,475484,475484,475484,475484,475484,475484]","[78868,78868,78868,89224,89224,89224,89224,89224,89224,89224,89224,89224,89224,119212,119212]","{""semantic_component_batches"":1,""semantic_component_jobs"":2,""max_semantic_component_workers"":2,""inference_regions"":19,""canonical_specialization_queries"":8,""canonical_specialization_hits"":7,""solver_requested_bytes"":35300,""solver_allocations"":156,""scratch_requested_bytes"":44316,""scratch_allocations"":280,""max_solver_live_bytes"":2376,""max_scratch_live_bytes"":2684,""evidence_import_solver_bytes"":668,""evidence_import_scratch_bytes"":1664,""snapshot_copy_bytes"":0,""snapshot_copy_allocations"":0,""principal_copy_buffer_bytes"":3656,""principal_copy_buffer_allocations"":54,""frozen_capture_temporary_bytes"":0,""frozen_capture_published_bytes"":12,""frozen_edge_scratch_bytes"":24,""region_scopes"":27,""max_region_scopes"":5,""call_collections_closed"":1,""call_collections_unresolved"":0,""call_memo_hits"":19,""solver_passes"":36,""solver_constraint_visits"":36,""occurs_steps"":6}"
build/bench/cloud-principal-graphs/canonical-sources/boxes-8-valid.blot,3e8e1a77a15ba49a548540ad7817939ca7d6428ae76aa9cdc8590d2f242b687b,workers-4,"[1133,1183,1187,1235,1246,1246,1274,1309,1325,1333,1351,1380,1426,1493,1692]","[1318,1375,1403,1461,1468,1511,1544,1547,1603,1610,1658,1719,1721,1914,2094]","[377988,475484,475484,475484,475484,475484,475484,475484,475484,475484,475484,475484,475484,475484,475484]","[78868,78868,78868,78868,89224,89224,89224,89224,89224,89224,89224,119356,119356,119516,119616]","{""semantic_component_batches"":1,""semantic_component_jobs"":2,""max_semantic_component_workers"":2,""inference_regions"":19,""canonical_specialization_queries"":8,""canonical_specialization_hits"":7,""solver_requested_bytes"":35300,""solver_allocations"":156,""scratch_requested_bytes"":44316,""scratch_allocations"":280,""max_solver_live_bytes"":2376,""max_scratch_live_bytes"":2684,""evidence_import_solver_bytes"":668,""evidence_import_scratch_bytes"":1664,""snapshot_copy_bytes"":0,""snapshot_copy_allocations"":0,""principal_copy_buffer_bytes"":3656,""principal_copy_buffer_allocations"":54,""frozen_capture_temporary_bytes"":0,""frozen_capture_published_bytes"":12,""frozen_edge_scratch_bytes"":24,""region_scopes"":27,""max_region_scopes"":5,""call_collections_closed"":1,""call_collections_unresolved"":0,""call_memo_hits"":19,""solver_passes"":36,""solver_constraint_visits"":36,""occurs_steps"":6}"
build/bench/cloud-principal-graphs/canonical-sources/boxes-8-valid.blot,3e8e1a77a15ba49a548540ad7817939ca7d6428ae76aa9cdc8590d2f242b687b,workers-8,"[1171,1206,1217,1248,1282,1314,1340,1344,1357,1368,1387,1587,1617,2090,2232]","[1355,1381,1409,1442,1487,1489,1516,1558,1561,1742,1767,2063,2095,2312,2394]","[475484,475484,475484,475484,475484,475484,475484,475484,475484,475484,475484,475484,475484,475484,475484]","[78868,78868,78868,78868,78868,78868,89080,89224,89224,89224,89224,89224,119212,119356,119356]","{""semantic_component_batches"":1,""semantic_component_jobs"":2,""max_semantic_component_workers"":2,""inference_regions"":19,""canonical_specialization_queries"":8,""canonical_specialization_hits"":7,""solver_requested_bytes"":35300,""solver_allocations"":156,""scratch_requested_bytes"":44316,""scratch_allocations"":280,""max_solver_live_bytes"":2376,""max_scratch_live_bytes"":2684,""evidence_import_solver_bytes"":668,""evidence_import_scratch_bytes"":1664,""snapshot_copy_bytes"":0,""snapshot_copy_allocations"":0,""principal_copy_buffer_bytes"":3656,""principal_copy_buffer_allocations"":54,""frozen_capture_temporary_bytes"":0,""frozen_capture_published_bytes"":12,""frozen_edge_scratch_bytes"":24,""region_scopes"":27,""max_region_scopes"":5,""call_collections_closed"":1,""call_collections_unresolved"":0,""call_memo_hits"":19,""solver_passes"":36,""solver_constraint_visits"":36,""occurs_steps"":6}"
build/bench/cloud-principal-graphs/canonical-sources/nested-128-valid.blot,caadb44b853ab60e9105f4d1f2d04dc63d22cdfd2b506d73dd29c71aa0b3f9ef,baseline,"[4492,4673,4769,4794,4808,4872,5067,5113,5307,5346,5558,5603,5627,5911,7584]","[4755,4881,4985,5023,5089,5127,5348,5623,5670,5770,5779,5841,6120,6317,7859]","[2874317,2874317,2874317,2874317,2874317,2874317,2874317,2874317,2874317,2874317,2874317,2874317,2874317,2874317,2874317]","[574838,574838,574838,574838,574838,574838,574838,574838,574838,574838,574838,574838,574838,574838,574838]","{""inference_regions"":275,""canonical_specialization_queries"":128,""canonical_specialization_hits"":0,""solver_requested_bytes"":987760,""solver_allocations"":3405,""scratch_requested_bytes"":678116,""scratch_allocations"":4175,""max_solver_live_bytes"":3576,""max_scratch_live_bytes"":3156,""evidence_import_solver_bytes"":560,""evidence_import_scratch_bytes"":33280,""snapshot_copy_bytes"":0,""snapshot_copy_allocations"":0,""principal_copy_buffer_bytes"":4904,""principal_copy_buffer_allocations"":67,""frozen_capture_temporary_bytes"":0,""frozen_capture_published_bytes"":1024,""frozen_edge_scratch_bytes"":1024,""region_scopes"":404,""max_region_scopes"":2,""call_collections_closed"":1,""call_collections_unresolved"":0,""call_memo_hits"":773,""solver_passes"":786,""solver_constraint_visits"":1304,""occurs_steps"":134}"
build/bench/cloud-principal-graphs/canonical-sources/nested-128-valid.blot,caadb44b853ab60e9105f4d1f2d04dc63d22cdfd2b506d73dd29c71aa0b3f9ef,default,"[4280,4398,4561,4711,4741,4754,4811,5034,5288,5317,5339,5353,5485,5973,6519]","[4513,4612,4789,4965,5076,5283,5292,5501,5628,5700,5725,5763,5775,6204,7573]","[2874317,2874317,2874317,2874317,2874317,2874317,2874317,2874317,2874317,2874317,2874317,2874317,2874317,2874317,2874317]","[574838,574838,574838,574838,574838,574838,574838,574838,574838,574838,574838,574838,574838,574838,574838]","{""semantic_component_batches"":0,""semantic_component_jobs"":0,""max_semantic_component_workers"":0,""inference_regions"":275,""canonical_specialization_queries"":128,""canonical_specialization_hits"":0,""solver_requested_bytes"":987760,""solver_allocations"":3405,""scratch_requested_bytes"":678116,""scratch_allocations"":4175,""max_solver_live_bytes"":3576,""max_scratch_live_bytes"":3156,""evidence_import_solver_bytes"":560,""evidence_import_scratch_bytes"":33280,""snapshot_copy_bytes"":0,""snapshot_copy_allocations"":0,""principal_copy_buffer_bytes"":4904,""principal_copy_buffer_allocations"":67,""frozen_capture_temporary_bytes"":0,""frozen_capture_published_bytes"":1024,""frozen_edge_scratch_bytes"":1024,""region_scopes"":404,""max_region_scopes"":2,""call_collections_closed"":1,""call_collections_unresolved"":0,""call_memo_hits"":773,""solver_passes"":786,""solver_constraint_visits"":1304,""occurs_steps"":134}"
build/bench/cloud-principal-graphs/canonical-sources/nested-128-valid.blot,caadb44b853ab60e9105f4d1f2d04dc63d22cdfd2b506d73dd29c71aa0b3f9ef,workers-1,"[4362,4499,4549,4559,4722,4837,4839,4922,4980,4996,5144,5210,5455,5643,6296]","[4578,4766,4806,4904,4950,5086,5091,5143,5248,5325,5478,5872,6000,6054,6620]","[2969729,2969729,2969729,2969729,2969729,2969729,2969729,2969729,2969729,2969729,2969729,2969729,2969729,2969729,2969729]","[574838,574838,574838,574838,574838,574838,574838,574838,574838,574838,574838,574838,574838,574838,574838]","{""semantic_component_batches"":2,""semantic_component_jobs"":6,""max_semantic_component_workers"":1,""inference_regions"":275,""canonical_specialization_queries"":128,""canonical_specialization_hits"":0,""solver_requested_bytes"":987760,""solver_allocations"":3405,""scratch_requested_bytes"":678116,""scratch_allocations"":4175,""max_solver_live_bytes"":3576,""max_scratch_live_bytes"":3156,""evidence_import_solver_bytes"":560,""evidence_import_scratch_bytes"":33280,""snapshot_copy_bytes"":0,""snapshot_copy_allocations"":0,""principal_copy_buffer_bytes"":4904,""principal_copy_buffer_allocations"":67,""frozen_capture_temporary_bytes"":0,""frozen_capture_published_bytes"":1024,""frozen_edge_scratch_bytes"":1024,""region_scopes"":404,""max_region_scopes"":2,""call_collections_closed"":1,""call_collections_unresolved"":0,""call_memo_hits"":773,""solver_passes"":786,""solver_constraint_visits"":1304,""occurs_steps"":134}"
build/bench/cloud-principal-graphs/canonical-sources/nested-128-valid.blot,caadb44b853ab60e9105f4d1f2d04dc63d22cdfd2b506d73dd29c71aa0b3f9ef,workers-2,"[4886,4915,5003,5024,5154,5166,5280,5447,5531,5542,5554,5654,5884,6724,7118]","[5125,5172,5265,5332,5411,5487,5570,5666,5887,5959,6138,6299,6943,7030,7513]","[2969729,2969729,2969729,2969729,2969729,3021905,3021905,3021905,3021905,3021905,3021921,3072525,3072525,3072525,3072525]","[574838,574838,574838,574838,574838,574838,574838,574838,574838,574838,574838,574838,574838,574838,574838]","{""semantic_component_batches"":2,""semantic_component_jobs"":6,""max_semantic_component_workers"":2,""inference_regions"":275,""canonical_specialization_queries"":128,""canonical_specialization_hits"":0,""solver_requested_bytes"":987760,""solver_allocations"":3405,""scratch_requested_bytes"":678116,""scratch_allocations"":4175,""max_solver_live_bytes"":3576,""max_scratch_live_bytes"":3156,""evidence_import_solver_bytes"":560,""evidence_import_scratch_bytes"":33280,""snapshot_copy_bytes"":0,""snapshot_copy_allocations"":0,""principal_copy_buffer_bytes"":4904,""principal_copy_buffer_allocations"":67,""frozen_capture_temporary_bytes"":0,""frozen_capture_published_bytes"":1024,""frozen_edge_scratch_bytes"":1024,""region_scopes"":404,""max_region_scopes"":2,""call_collections_closed"":1,""call_collections_unresolved"":0,""call_memo_hits"":773,""solver_passes"":786,""solver_constraint_visits"":1304,""occurs_steps"":134}"
build/bench/cloud-principal-graphs/canonical-sources/nested-128-valid.blot,caadb44b853ab60e9105f4d1f2d04dc63d22cdfd2b506d73dd29c71aa0b3f9ef,workers-4,"[5112,5171,5194,5222,5358,5792,5801,5860,5902,5934,6036,6514,6562,7178,8091]","[5337,5502,5530,5586,5689,5992,6083,6178,6198,6342,6589,6831,7061,7946,8300]","[3020349,3021905,3021905,3021921,3074081,3074097,3074097,3074097,3074097,3074097,3074097,3124717,3124717,3124717,3124717]","[574838,574838,574838,574838,574838,574838,574838,574838,574838,574838,574838,574838,574838,574838,574838]","{""semantic_component_batches"":2,""semantic_component_jobs"":6,""max_semantic_component_workers"":4,""inference_regions"":275,""canonical_specialization_queries"":128,""canonical_specialization_hits"":0,""solver_requested_bytes"":987760,""solver_allocations"":3405,""scratch_requested_bytes"":678116,""scratch_allocations"":4175,""max_solver_live_bytes"":3576,""max_scratch_live_bytes"":3156,""evidence_import_solver_bytes"":560,""evidence_import_scratch_bytes"":33280,""snapshot_copy_bytes"":0,""snapshot_copy_allocations"":0,""principal_copy_buffer_bytes"":4904,""principal_copy_buffer_allocations"":67,""frozen_capture_temporary_bytes"":0,""frozen_capture_published_bytes"":1024,""frozen_edge_scratch_bytes"":1024,""region_scopes"":404,""max_region_scopes"":2,""call_collections_closed"":1,""call_collections_unresolved"":0,""call_memo_hits"":773,""solver_passes"":786,""solver_constraint_visits"":1304,""occurs_steps"":134}"
build/bench/cloud-principal-graphs/canonical-sources/nested-128-valid.blot,caadb44b853ab60e9105f4d1f2d04dc63d22cdfd2b506d73dd29c71aa0b3f9ef,workers-8,"[4886,5152,5296,5456,5491,5494,5599,5715,5769,5824,5885,6086,6204,6843,6951]","[5309,5421,5501,5637,5740,5752,5796,5957,5994,6097,6184,6329,6757,7204,7495]","[3020349,3021905,3021905,3021905,3021921,3072525,3072525,3074097,3074097,3124701,3124717,3124717,3124717,3124717,3176893]","[574838,574838,574838,574838,574838,574838,574838,574838,574838,574838,574838,574838,574838,574838,574838]","{""semantic_component_batches"":2,""semantic_component_jobs"":6,""max_semantic_component_workers"":4,""inference_regions"":275,""canonical_specialization_queries"":128,""canonical_specialization_hits"":0,""solver_requested_bytes"":987760,""solver_allocations"":3405,""scratch_requested_bytes"":678116,""scratch_allocations"":4175,""max_solver_live_bytes"":3576,""max_scratch_live_bytes"":3156,""evidence_import_solver_bytes"":560,""evidence_import_scratch_bytes"":33280,""snapshot_copy_bytes"":0,""snapshot_copy_allocations"":0,""principal_copy_buffer_bytes"":4904,""principal_copy_buffer_allocations"":67,""frozen_capture_temporary_bytes"":0,""frozen_capture_published_bytes"":1024,""frozen_edge_scratch_bytes"":1024,""region_scopes"":404,""max_region_scopes"":2,""call_collections_closed"":1,""call_collections_unresolved"":0,""call_memo_hits"":773,""solver_passes"":786,""solver_constraint_visits"":1304,""occurs_steps"":134}"
build/bench/cloud-principal-graphs/canonical-sources/nested-32-valid.blot,46bff0e8155a6add5f8d79ef3d881855b4215306960d443a69df6086dc2e45d7,baseline,"[1808,1937,1955,1955,2010,2046,2056,2078,2253,2269,2288,2384,2560,2681,2863]","[1984,2151,2168,2191,2201,2242,2358,2389,2440,2483,2554,2608,2904,2992,3418]","[890297,890297,890297,890297,890297,890297,890297,890297,890297,890297,890297,890297,890297,890297,890297]","[173965,173965,173965,173965,173965,173965,173965,173965,173965,173965,173965,173965,173965,173965,173965]","{""inference_regions"":83,""canonical_specialization_queries"":32,""canonical_specialization_hits"":0,""solver_requested_bytes"":258544,""solver_allocations"":909,""scratch_requested_bytes"":194276,""scratch_allocations"":1199,""max_solver_live_bytes"":3576,""max_scratch_live_bytes"":3156,""evidence_import_solver_bytes"":560,""evidence_import_scratch_bytes"":8704,""snapshot_copy_bytes"":0,""snapshot_copy_allocations"":0,""principal_copy_buffer_bytes"":4904,""principal_copy_buffer_allocations"":67,""frozen_capture_temporary_bytes"":0,""frozen_capture_published_bytes"":256,""frozen_edge_scratch_bytes"":256,""region_scopes"":116,""max_region_scopes"":2,""call_collections_closed"":1,""call_collections_unresolved"":0,""call_memo_hits"":197,""solver_passes"":210,""solver_constraint_visits"":344,""occurs_steps"":38}"
build/bench/cloud-principal-graphs/canonical-sources/nested-32-valid.blot,46bff0e8155a6add5f8d79ef3d881855b4215306960d443a69df6086dc2e45d7,default,"[1652,1746,1760,1831,1850,1870,1875,1938,1962,2187,2216,2280,2357,2413,2503]","[1859,1937,2028,2032,2040,2067,2088,2169,2202,2455,2462,2466,2616,2678,2873]","[890297,890297,890297,890297,890297,890297,890297,890297,890297,890297,890297,890297,890297,890297,890297]","[173965,173965,173965,173965,173965,173965,173965,173965,173965,173965,173965,173965,173965,173965,173965]","{""semantic_component_batches"":0,""semantic_component_jobs"":0,""max_semantic_component_workers"":0,""inference_regions"":83,""canonical_specialization_queries"":32,""canonical_specialization_hits"":0,""solver_requested_bytes"":258544,""solver_allocations"":909,""scratch_requested_bytes"":194276,""scratch_allocations"":1199,""max_solver_live_bytes"":3576,""max_scratch_live_bytes"":3156,""evidence_import_solver_bytes"":560,""evidence_import_scratch_bytes"":8704,""snapshot_copy_bytes"":0,""snapshot_copy_allocations"":0,""principal_copy_buffer_bytes"":4904,""principal_copy_buffer_allocations"":67,""frozen_capture_temporary_bytes"":0,""frozen_capture_published_bytes"":256,""frozen_edge_scratch_bytes"":256,""region_scopes"":116,""max_region_scopes"":2,""call_collections_closed"":1,""call_collections_unresolved"":0,""call_memo_hits"":197,""solver_passes"":210,""solver_constraint_visits"":344,""occurs_steps"":38}"
build/bench/cloud-principal-graphs/canonical-sources/nested-32-valid.blot,46bff0e8155a6add5f8d79ef3d881855b4215306960d443a69df6086dc2e45d7,workers-1,"[1767,1807,1817,1943,1964,1975,2101,2105,2198,2198,2282,2342,2827,3275,3409]","[1967,2024,2070,2132,2148,2183,2274,2371,2410,2469,2513,2598,3162,3486,3621]","[987593,987593,987593,987593,987593,987593,987593,987593,987593,987593,987593,987593,987593,987593,987593]","[173613,173613,173613,173613,173613,173613,173613,173613,173613,173613,173613,173613,173613,173613,173613]","{""semantic_component_batches"":2,""semantic_component_jobs"":6,""max_semantic_component_workers"":1,""inference_regions"":83,""canonical_specialization_queries"":32,""canonical_specialization_hits"":0,""solver_requested_bytes"":258544,""solver_allocations"":909,""scratch_requested_bytes"":194276,""scratch_allocations"":1199,""max_solver_live_bytes"":3576,""max_scratch_live_bytes"":3156,""evidence_import_solver_bytes"":560,""evidence_import_scratch_bytes"":8704,""snapshot_copy_bytes"":0,""snapshot_copy_allocations"":0,""principal_copy_buffer_bytes"":4904,""principal_copy_buffer_allocations"":67,""frozen_capture_temporary_bytes"":0,""frozen_capture_published_bytes"":256,""frozen_edge_scratch_bytes"":256,""region_scopes"":116,""max_region_scopes"":2,""call_collections_closed"":1,""call_collections_unresolved"":0,""call_memo_hits"":197,""solver_passes"":210,""solver_constraint_visits"":344,""occurs_steps"":38}"
build/bench/cloud-principal-graphs/canonical-sources/nested-32-valid.blot,46bff0e8155a6add5f8d79ef3d881855b4215306960d443a69df6086dc2e45d7,workers-2,"[1984,1995,2022,2073,2147,2166,2209,2214,2222,2231,2306,2353,2740,2846,3474]","[2193,2199,2266,2281,2343,2388,2415,2419,2450,2455,2518,2594,2966,3087,3777]","[1039549,1040297,1040297,1040297,1040297,1040333,1040333,1092253,1092253,1092253,1092253,1092253,1092289,1092289,1092289]","[173613,173613,173613,173613,173613,173613,173613,173613,173613,173613,173613,173613,173613,173613,173613]","{""semantic_component_batches"":2,""semantic_component_jobs"":6,""max_semantic_component_workers"":2,""inference_regions"":83,""canonical_specialization_queries"":32,""canonical_specialization_hits"":0,""solver_requested_bytes"":258544,""solver_allocations"":909,""scratch_requested_bytes"":194276,""scratch_allocations"":1199,""max_solver_live_bytes"":3576,""max_scratch_live_bytes"":3156,""evidence_import_solver_bytes"":560,""evidence_import_scratch_bytes"":8704,""snapshot_copy_bytes"":0,""snapshot_copy_allocations"":0,""principal_copy_buffer_bytes"":4904,""principal_copy_buffer_allocations"":67,""frozen_capture_temporary_bytes"":0,""frozen_capture_published_bytes"":256,""frozen_edge_scratch_bytes"":256,""region_scopes"":116,""max_region_scopes"":2,""call_collections_closed"":1,""call_collections_unresolved"":0,""call_memo_hits"":197,""solver_passes"":210,""solver_constraint_visits"":344,""occurs_steps"":38}"
build/bench/cloud-principal-graphs/canonical-sources/nested-32-valid.blot,46bff0e8155a6add5f8d79ef3d881855b4215306960d443a69df6086dc2e45d7,workers-4,"[2339,2360,2460,2498,2506,2555,2584,2653,2700,2814,2945,2985,2999,3456,5817]","[2488,2692,2724,2745,2755,2761,2806,2968,2974,3052,3106,3126,3147,3836,6187]","[987593,1040297,1092253,1092253,1092289,1093037,1093037,1144993,1144993,1144993,1144993,1144993,1144993,1144993,1144993]","[173613,173613,173613,173613,173613,173613,173613,173613,173613,173613,173613,173613,173613,173613,173613]","{""semantic_component_batches"":2,""semantic_component_jobs"":6,""max_semantic_component_workers"":4,""inference_regions"":83,""canonical_specialization_queries"":32,""canonical_specialization_hits"":0,""solver_requested_bytes"":258544,""solver_allocations"":909,""scratch_requested_bytes"":194276,""scratch_allocations"":1199,""max_solver_live_bytes"":3576,""max_scratch_live_bytes"":3156,""evidence_import_solver_bytes"":560,""evidence_import_scratch_bytes"":8704,""snapshot_copy_bytes"":0,""snapshot_copy_allocations"":0,""principal_copy_buffer_bytes"":4904,""principal_copy_buffer_allocations"":67,""frozen_capture_temporary_bytes"":0,""frozen_capture_published_bytes"":256,""frozen_edge_scratch_bytes"":256,""region_scopes"":116,""max_region_scopes"":2,""call_collections_closed"":1,""call_collections_unresolved"":0,""call_memo_hits"":197,""solver_passes"":210,""solver_constraint_visits"":344,""occurs_steps"":38}"
build/bench/cloud-principal-graphs/canonical-sources/nested-32-valid.blot,46bff0e8155a6add5f8d79ef3d881855b4215306960d443a69df6086dc2e45d7,workers-8,"[2347,2420,2535,2537,2574,2669,2671,2706,2785,2820,2869,2883,2903,2977,3872]","[2537,2602,2708,2748,2830,2864,2899,2971,3048,3104,3153,3317,3318,3674,4264]","[1039549,1040297,1040297,1040297,1092289,1093037,1093037,1093037,1144957,1144993,1144993,1144993,1144993,1144993,1197697]","[173613,173613,173613,173613,173613,173613,173613,173613,173613,173613,173613,173613,173613,173613,173613]","{""semantic_component_batches"":2,""semantic_component_jobs"":6,""max_semantic_component_workers"":4,""inference_regions"":83,""canonical_specialization_queries"":32,""canonical_specialization_hits"":0,""solver_requested_bytes"":258544,""solver_allocations"":909,""scratch_requested_bytes"":194276,""scratch_allocations"":1199,""max_solver_live_bytes"":3576,""max_scratch_live_bytes"":3156,""evidence_import_solver_bytes"":560,""evidence_import_scratch_bytes"":8704,""snapshot_copy_bytes"":0,""snapshot_copy_allocations"":0,""principal_copy_buffer_bytes"":4904,""principal_copy_buffer_allocations"":67,""frozen_capture_temporary_bytes"":0,""frozen_capture_published_bytes"":256,""frozen_edge_scratch_bytes"":256,""region_scopes"":116,""max_region_scopes"":2,""call_collections_closed"":1,""call_collections_unresolved"":0,""call_memo_hits"":197,""solver_passes"":210,""solver_constraint_visits"":344,""occurs_steps"":38}"
build/bench/cloud-principal-graphs/canonical-sources/nested-8-valid.blot,09e1f6fb31eea3f5f92a360f2a30d5a07e6d5f52f0784bed0721180cc038e62e,baseline,"[1069,1136,1171,1235,1355,1362,1418,1421,1422,1603,1635,1669,1739,1772,1781]","[1309,1336,1358,1566,1614,1621,1650,1676,1720,1783,1817,1940,1978,1995,2036]","[354494,354494,354494,354494,354494,354494,354494,354494,354494,354494,354494,354494,354494,354494,354494]","[101555,101555,101555,101555,101555,101555,101555,101555,101555,101555,101555,101555,101555,101555,101555]","{""inference_regions"":35,""canonical_specialization_queries"":8,""canonical_specialization_hits"":0,""solver_requested_bytes"":76240,""solver_allocations"":285,""scratch_requested_bytes"":73316,""scratch_allocations"":455,""max_solver_live_bytes"":3576,""max_scratch_live_bytes"":3156,""evidence_import_solver_bytes"":560,""evidence_import_scratch_bytes"":2560,""snapshot_copy_bytes"":0,""snapshot_copy_allocations"":0,""principal_copy_buffer_bytes"":4904,""principal_copy_buffer_allocations"":67,""frozen_capture_temporary_bytes"":0,""frozen_capture_published_bytes"":64,""frozen_edge_scratch_bytes"":64,""region_scopes"":44,""max_region_scopes"":2,""call_collections_closed"":1,""call_collections_unresolved"":0,""call_memo_hits"":53,""solver_passes"":66,""solver_constraint_visits"":104,""occurs_steps"":14}"
build/bench/cloud-principal-graphs/canonical-sources/nested-8-valid.blot,09e1f6fb31eea3f5f92a360f2a30d5a07e6d5f52f0784bed0721180cc038e62e,default,"[937,942,1043,1057,1061,1071,1128,1129,1130,1169,1217,1240,1246,1252,3283]","[1128,1141,1232,1239,1294,1307,1338,1340,1390,1400,1427,1529,1542,1618,3526]","[354494,354494,354494,354494,354494,354494,354494,354494,354494,354494,354494,354494,354494,354494,354494]","[101555,101555,101555,101555,101555,101555,101555,101555,101555,101555,101555,101555,101555,101555,101555]","{""semantic_component_batches"":0,""semantic_component_jobs"":0,""max_semantic_component_workers"":0,""inference_regions"":35,""canonical_specialization_queries"":8,""canonical_specialization_hits"":0,""solver_requested_bytes"":76240,""solver_allocations"":285,""scratch_requested_bytes"":73316,""scratch_allocations"":455,""max_solver_live_bytes"":3576,""max_scratch_live_bytes"":3156,""evidence_import_solver_bytes"":560,""evidence_import_scratch_bytes"":2560,""snapshot_copy_bytes"":0,""snapshot_copy_allocations"":0,""principal_copy_buffer_bytes"":4904,""principal_copy_buffer_allocations"":67,""frozen_capture_temporary_bytes"":0,""frozen_capture_published_bytes"":64,""frozen_edge_scratch_bytes"":64,""region_scopes"":44,""max_region_scopes"":2,""call_collections_closed"":1,""call_collections_unresolved"":0,""call_memo_hits"":53,""solver_passes"":66,""solver_constraint_visits"":104,""occurs_steps"":14}"
build/bench/cloud-principal-graphs/canonical-sources/nested-8-valid.blot,09e1f6fb31eea3f5f92a360f2a30d5a07e6d5f52f0784bed0721180cc038e62e,workers-1,"[1034,1045,1074,1083,1094,1115,1161,1183,1193,1208,1219,1402,1528,1535,1586]","[1222,1257,1292,1308,1314,1402,1409,1441,1445,1447,1459,1730,1749,1760,1809]","[422590,422590,422590,422590,422590,422590,422590,422590,422590,422590,422590,422590,422590,422590,422590]","[101203,101203,101203,101203,101203,101203,101203,101203,101203,101203,101203,101203,101203,101203,101203]","{""semantic_component_batches"":2,""semantic_component_jobs"":6,""max_semantic_component_workers"":1,""inference_regions"":35,""canonical_specialization_queries"":8,""canonical_specialization_hits"":0,""solver_requested_bytes"":76240,""solver_allocations"":285,""scratch_requested_bytes"":73316,""scratch_allocations"":455,""max_solver_live_bytes"":3576,""max_scratch_live_bytes"":3156,""evidence_import_solver_bytes"":560,""evidence_import_scratch_bytes"":2560,""snapshot_copy_bytes"":0,""snapshot_copy_allocations"":0,""principal_copy_buffer_bytes"":4904,""principal_copy_buffer_allocations"":67,""frozen_capture_temporary_bytes"":0,""frozen_capture_published_bytes"":64,""frozen_edge_scratch_bytes"":64,""region_scopes"":44,""max_region_scopes"":2,""call_collections_closed"":1,""call_collections_unresolved"":0,""call_memo_hits"":53,""solver_passes"":66,""solver_constraint_visits"":104,""occurs_steps"":14}"
build/bench/cloud-principal-graphs/canonical-sources/nested-8-valid.blot,09e1f6fb31eea3f5f92a360f2a30d5a07e6d5f52f0784bed0721180cc038e62e,workers-2,"[1299,1320,1322,1347,1348,1352,1501,1545,1568,1697,1729,1791,1824,1930,2100]","[1484,1508,1514,1595,1598,1675,1749,1771,1980,1984,2104,2257,2272,2901,3273]","[422590,457998,457998,457998,457998,457998,457998,462678,462678,498086,498086,498086,498086,498086,498086]","[101203,101203,101203,101203,101203,101203,101203,101203,101203,101203,101203,101203,101203,101203,115539]","{""semantic_component_batches"":2,""semantic_component_jobs"":6,""max_semantic_component_workers"":2,""inference_regions"":35,""canonical_specialization_queries"":8,""canonical_specialization_hits"":0,""solver_requested_bytes"":76240,""solver_allocations"":285,""scratch_requested_bytes"":73316,""scratch_allocations"":455,""max_solver_live_bytes"":3576,""max_scratch_live_bytes"":3156,""evidence_import_solver_bytes"":560,""evidence_import_scratch_bytes"":2560,""snapshot_copy_bytes"":0,""snapshot_copy_allocations"":0,""principal_copy_buffer_bytes"":4904,""principal_copy_buffer_allocations"":67,""frozen_capture_temporary_bytes"":0,""frozen_capture_published_bytes"":64,""frozen_edge_scratch_bytes"":64,""region_scopes"":44,""max_region_scopes"":2,""call_collections_closed"":1,""call_collections_unresolved"":0,""call_memo_hits"":53,""solver_passes"":66,""solver_constraint_visits"":104,""occurs_steps"":14}"
build/bench/cloud-principal-graphs/canonical-sources/nested-8-valid.blot,09e1f6fb31eea3f5f92a360f2a30d5a07e6d5f52f0784bed0721180cc038e62e,workers-4,"[1701,1726,1765,1867,1870,1888,1962,2109,2145,2152,2214,2400,2431,2547,3115]","[1843,1857,1968,2064,2074,2164,2184,2313,2374,2400,2413,2488,2598,3330,3482]","[493406,498086,498086,528814,528814,528814,528814,528814,533494,533494,533494,533494,568902,568902,568902]","[101203,101203,101203,101203,101203,101203,101203,101203,101203,101203,115623,115659,115659,115659,115659]","{""semantic_component_batches"":2,""semantic_component_jobs"":6,""max_semantic_component_workers"":4,""inference_regions"":35,""canonical_specialization_queries"":8,""canonical_specialization_hits"":0,""solver_requested_bytes"":76240,""solver_allocations"":285,""scratch_requested_bytes"":73316,""scratch_allocations"":455,""max_solver_live_bytes"":3576,""max_scratch_live_bytes"":3156,""evidence_import_solver_bytes"":560,""evidence_import_scratch_bytes"":2560,""snapshot_copy_bytes"":0,""snapshot_copy_allocations"":0,""principal_copy_buffer_bytes"":4904,""principal_copy_buffer_allocations"":67,""frozen_capture_temporary_bytes"":0,""frozen_capture_published_bytes"":64,""frozen_edge_scratch_bytes"":64,""region_scopes"":44,""max_region_scopes"":2,""call_collections_closed"":1,""call_collections_unresolved"":0,""call_memo_hits"":53,""solver_passes"":66,""solver_constraint_visits"":104,""occurs_steps"":14}"
build/bench/cloud-principal-graphs/canonical-sources/nested-8-valid.blot,09e1f6fb31eea3f5f92a360f2a30d5a07e6d5f52f0784bed0721180cc038e62e,workers-8,"[1837,1840,1899,2037,2071,2091,2110,2265,2279,2319,2351,2376,2381,2622,2671]","[1902,1981,2135,2135,2273,2321,2419,2474,2501,2597,2610,2612,2644,2805,3019]","[457998,493406,498086,568902,568902,568902,568902,568902,568902,568902,568902,568902,568902,568902,568902]","[101203,101203,101203,101203,101203,101203,101203,103059,103179,115539,115539,115539,115623,115659,115803]","{""semantic_component_batches"":2,""semantic_component_jobs"":6,""max_semantic_component_workers"":4,""inference_regions"":35,""canonical_specialization_queries"":8,""canonical_specialization_hits"":0,""solver_requested_bytes"":76240,""solver_allocations"":285,""scratch_requested_bytes"":73316,""scratch_allocations"":455,""max_solver_live_bytes"":3576,""max_scratch_live_bytes"":3156,""evidence_import_solver_bytes"":560,""evidence_import_scratch_bytes"":2560,""snapshot_copy_bytes"":0,""snapshot_copy_allocations"":0,""principal_copy_buffer_bytes"":4904,""principal_copy_buffer_allocations"":67,""frozen_capture_temporary_bytes"":0,""frozen_capture_published_bytes"":64,""frozen_edge_scratch_bytes"":64,""region_scopes"":44,""max_region_scopes"":2,""call_collections_closed"":1,""call_collections_unresolved"":0,""call_memo_hits"":53,""solver_passes"":66,""solver_constraint_visits"":104,""occurs_steps"":14}"
build/bench/cloud-principal-graphs/canonical-sources/scalar-128-valid.blot,90695fcd55f2605dac68ec18b3fe3f2df15018cee205fc1b0294b3e9190ed53b,baseline,"[2685,2736,2767,2795,2818,2900,2923,3019,3028,3031,3073,3083,3514,3630,4387]","[2929,2940,2985,3036,3048,3149,3156,3211,3298,3310,3319,3395,3889,4115,5677]","[1928594,1928594,1928594,1928594,1928594,1928594,1928594,1928594,1928594,1928594,1928594,1928594,1928594,1928594,1928594]","[369467,369467,369467,369467,369467,369467,369467,369467,369467,369467,369467,369467,369467,369467,369467]","{""inference_regions"":141,""canonical_specialization_queries"":128,""canonical_specialization_hits"":127,""solver_requested_bytes"":345632,""solver_allocations"":1312,""scratch_requested_bytes"":229012,""scratch_allocations"":1422,""max_solver_live_bytes"":2156,""max_scratch_live_bytes"":2732,""evidence_import_solver_bytes"":0,""evidence_import_scratch_bytes"":16512,""snapshot_copy_bytes"":0,""snapshot_copy_allocations"":0,""principal_copy_buffer_bytes"":2960,""principal_copy_buffer_allocations"":48,""frozen_capture_temporary_bytes"":0,""frozen_capture_published_bytes"":4,""frozen_edge_scratch_bytes"":0,""region_scopes"":141,""max_region_scopes"":1,""call_collections_closed"":0,""call_collections_unresolved"":0,""call_memo_hits"":256,""solver_passes"":264,""solver_constraint_visits"":268,""occurs_steps"":0}"
build/bench/cloud-principal-graphs/canonical-sources/scalar-128-valid.blot,90695fcd55f2605dac68ec18b3fe3f2df15018cee205fc1b0294b3e9190ed53b,default,"[2406,2581,2593,2631,2660,2719,2745,2774,2781,2837,3003,3164,3225,3605,6299]","[2631,2783,2800,2825,2909,2913,3012,3023,3055,3165,3260,3401,3501,3980,6659]","[1928594,1928594,1928594,1928594,1928594,1928594,1928594,1928594,1928594,1928594,1928594,1928594,1928594,1928594,1928594]","[369467,369467,369467,369467,369467,369467,369467,369467,369467,369467,369467,369467,369467,369467,369467]","{""semantic_component_batches"":0,""semantic_component_jobs"":0,""max_semantic_component_workers"":0,""inference_regions"":141,""canonical_specialization_queries"":128,""canonical_specialization_hits"":127,""solver_requested_bytes"":345632,""solver_allocations"":1312,""scratch_requested_bytes"":229012,""scratch_allocations"":1422,""max_solver_live_bytes"":2156,""max_scratch_live_bytes"":2732,""evidence_import_solver_bytes"":0,""evidence_import_scratch_bytes"":16512,""snapshot_copy_bytes"":0,""snapshot_copy_allocations"":0,""principal_copy_buffer_bytes"":2960,""principal_copy_buffer_allocations"":48,""frozen_capture_temporary_bytes"":0,""frozen_capture_published_bytes"":4,""frozen_edge_scratch_bytes"":0,""region_scopes"":141,""max_region_scopes"":1,""call_collections_closed"":0,""call_collections_unresolved"":0,""call_memo_hits"":256,""solver_passes"":264,""solver_constraint_visits"":268,""occurs_steps"":0}"
build/bench/cloud-principal-graphs/canonical-sources/scalar-128-valid.blot,90695fcd55f2605dac68ec18b3fe3f2df15018cee205fc1b0294b3e9190ed53b,workers-1,"[2464,2466,2508,2525,2564,2622,2641,2665,2852,2929,3084,3122,3331,4219,4895]","[2676,2704,2740,2750,2801,2835,2902,2970,3082,3162,3326,3377,3585,4626,5127]","[1975666,1975666,1975666,1975666,1975666,1975666,1975666,1975666,1975666,1975666,1975666,1975666,1975666,1975666,1975666]","[369195,369195,369195,369195,369195,369195,369195,369195,369195,369195,369195,369195,369195,369195,369195]","{""semantic_component_batches"":1,""semantic_component_jobs"":2,""max_semantic_component_workers"":1,""inference_regions"":141,""canonical_specialization_queries"":128,""canonical_specialization_hits"":127,""solver_requested_bytes"":345632,""solver_allocations"":1312,""scratch_requested_bytes"":229012,""scratch_allocations"":1422,""max_solver_live_bytes"":2156,""max_scratch_live_bytes"":2732,""evidence_import_solver_bytes"":0,""evidence_import_scratch_bytes"":16512,""snapshot_copy_bytes"":0,""snapshot_copy_allocations"":0,""principal_copy_buffer_bytes"":2960,""principal_copy_buffer_allocations"":48,""frozen_capture_temporary_bytes"":0,""frozen_capture_published_bytes"":4,""frozen_edge_scratch_bytes"":0,""region_scopes"":141,""max_region_scopes"":1,""call_collections_closed"":0,""call_collections_unresolved"":0,""call_memo_hits"":256,""solver_passes"":264,""solver_constraint_visits"":268,""occurs_steps"":0}"
build/bench/cloud-principal-graphs/canonical-sources/scalar-128-valid.blot,90695fcd55f2605dac68ec18b3fe3f2df15018cee205fc1b0294b3e9190ed53b,workers-2,"[2524,2757,2788,2791,2796,2844,2908,2911,2911,3042,3074,3100,3118,3348,3686]","[2799,2950,2969,3010,3091,3093,3127,3166,3283,3328,3369,3420,3528,3922,3976]","[1975666,1975666,1975666,1975666,1975666,1975666,1975666,1975666,1975666,1975666,1975666,1975666,2026858,2026858,2026858]","[369195,369195,369195,369195,369195,369195,369195,369195,369195,369195,369195,369195,369195,369195,369195]","{""semantic_component_batches"":1,""semantic_component_jobs"":2,""max_semantic_component_workers"":2,""inference_regions"":141,""canonical_specialization_queries"":128,""canonical_specialization_hits"":127,""solver_requested_bytes"":345632,""solver_allocations"":1312,""scratch_requested_bytes"":229012,""scratch_allocations"":1422,""max_solver_live_bytes"":2156,""max_scratch_live_bytes"":2732,""evidence_import_solver_bytes"":0,""evidence_import_scratch_bytes"":16512,""snapshot_copy_bytes"":0,""snapshot_copy_allocations"":0,""principal_copy_buffer_bytes"":2960,""principal_copy_buffer_allocations"":48,""frozen_capture_temporary_bytes"":0,""frozen_capture_published_bytes"":4,""frozen_edge_scratch_bytes"":0,""region_scopes"":141,""max_region_scopes"":1,""call_collections_closed"":0,""call_collections_unresolved"":0,""call_memo_hits"":256,""solver_passes"":264,""solver_constraint_visits"":268,""occurs_steps"":0}"
build/bench/cloud-principal-graphs/canonical-sources/scalar-128-valid.blot,90695fcd55f2605dac68ec18b3fe3f2df15018cee205fc1b0294b3e9190ed53b,workers-4,"[2721,2766,2774,2902,2909,2956,2959,3020,3154,3158,3177,3235,3565,4048,4265]","[2905,2962,3005,3100,3123,3143,3244,3250,3442,3479,3495,3588,3894,4299,5105]","[1975666,1975666,1975666,1975666,1975666,1975666,1975666,1975666,1975666,1975666,1975666,1975666,1975666,1975666,1975666]","[369195,369195,369195,369195,369195,369195,369195,369195,369195,369195,369195,369195,369195,369195,369195]","{""semantic_component_batches"":1,""semantic_component_jobs"":2,""max_semantic_component_workers"":2,""inference_regions"":141,""canonical_specialization_queries"":128,""canonical_specialization_hits"":127,""solver_requested_bytes"":345632,""solver_allocations"":1312,""scratch_requested_bytes"":229012,""scratch_allocations"":1422,""max_solver_live_bytes"":2156,""max_scratch_live_bytes"":2732,""evidence_import_solver_bytes"":0,""evidence_import_scratch_bytes"":16512,""snapshot_copy_bytes"":0,""snapshot_copy_allocations"":0,""principal_copy_buffer_bytes"":2960,""principal_copy_buffer_allocations"":48,""frozen_capture_temporary_bytes"":0,""frozen_capture_published_bytes"":4,""frozen_edge_scratch_bytes"":0,""region_scopes"":141,""max_region_scopes"":1,""call_collections_closed"":0,""call_collections_unresolved"":0,""call_memo_hits"":256,""solver_passes"":264,""solver_constraint_visits"":268,""occurs_steps"":0}"
build/bench/cloud-principal-graphs/canonical-sources/scalar-128-valid.blot,90695fcd55f2605dac68ec18b3fe3f2df15018cee205fc1b0294b3e9190ed53b,workers-8,"[2665,2668,2790,2817,2863,2887,2903,2914,2943,3074,3129,3138,3404,3861,4262]","[2899,2938,3005,3029,3082,3163,3251,3266,3290,3349,3582,3592,3646,4198,4482]","[1975666,1975666,1975666,1975666,1975666,1975666,1975666,1975666,2026858,2026858,2026858,2026858,2026858,2026858,2026858]","[369195,369195,369195,369195,369195,369195,369195,369195,369195,369195,369195,369195,369195,369195,369195]","{""semantic_component_batches"":1,""semantic_component_jobs"":2,""max_semantic_component_workers"":2,""inference_regions"":141,""canonical_specialization_queries"":128,""canonical_specialization_hits"":127,""solver_requested_bytes"":345632,""solver_allocations"":1312,""scratch_requested_bytes"":229012,""scratch_allocations"":1422,""max_solver_live_bytes"":2156,""max_scratch_live_bytes"":2732,""evidence_import_solver_bytes"":0,""evidence_import_scratch_bytes"":16512,""snapshot_copy_bytes"":0,""snapshot_copy_allocations"":0,""principal_copy_buffer_bytes"":2960,""principal_copy_buffer_allocations"":48,""frozen_capture_temporary_bytes"":0,""frozen_capture_published_bytes"":4,""frozen_edge_scratch_bytes"":0,""region_scopes"":141,""max_region_scopes"":1,""call_collections_closed"":0,""call_collections_unresolved"":0,""call_memo_hits"":256,""solver_passes"":264,""solver_constraint_visits"":268,""occurs_steps"":0}"
build/bench/cloud-principal-graphs/canonical-sources/scalar-32-valid.blot,20410a6beaa48e726d4e89562df86f995bab651c159bb65abe4c8a01ed464250,baseline,"[0,1263,1287,1333,1351,1366,1374,1396,1404,1444,1477,1655,1831,1942,3157]","[1454,1477,1510,1521,1522,1545,1594,1620,1643,1686,1740,1845,2057,2132,3644]","[579166,579166,579166,579166,579166,579166,579166,579166,579166,579166,579166,579166,579166,579166,579166]","[134768,134768,134768,134768,134768,134768,134768,134768,134768,134768,134768,134768,134768,134768,134768]","{""inference_regions"":45,""canonical_specialization_queries"":32,""canonical_specialization_hits"":31,""solver_requested_bytes"":90656,""solver_allocations"":352,""scratch_requested_bytes"":73492,""scratch_allocations"":462,""max_solver_live_bytes"":2156,""max_scratch_live_bytes"":2732,""evidence_import_solver_bytes"":0,""evidence_import_scratch_bytes"":4224,""snapshot_copy_bytes"":0,""snapshot_copy_allocations"":0,""principal_copy_buffer_bytes"":2960,""principal_copy_buffer_allocations"":48,""frozen_capture_temporary_bytes"":0,""frozen_capture_published_bytes"":4,""frozen_edge_scratch_bytes"":0,""region_scopes"":45,""max_region_scopes"":1,""call_collections_closed"":0,""call_collections_unresolved"":0,""call_memo_hits"":64,""solver_passes"":72,""solver_constraint_visits"":76,""occurs_steps"":0}"
build/bench/cloud-principal-graphs/canonical-sources/scalar-32-valid.blot,20410a6beaa48e726d4e89562df86f995bab651c159bb65abe4c8a01ed464250,default,"[1102,1134,1140,1211,1212,1225,1227,1228,1233,1331,1384,1432,1508,1699,1728]","[1271,1334,1384,1413,1420,1422,1438,1440,1502,1601,1694,1707,1909,1915,1949]","[579166,579166,579166,579166,579166,579166,579166,579166,579166,579166,579166,579166,579166,579166,579166]","[134768,134768,134768,134768,134768,134768,134768,134768,134768,134768,134768,134768,134768,134768,134768]","{""semantic_component_batches"":0,""semantic_component_jobs"":0,""max_semantic_component_workers"":0,""inference_regions"":45,""canonical_specialization_queries"":32,""canonical_specialization_hits"":31,""solver_requested_bytes"":90656,""solver_allocations"":352,""scratch_requested_bytes"":73492,""scratch_allocations"":462,""max_solver_live_bytes"":2156,""max_scratch_live_bytes"":2732,""evidence_import_solver_bytes"":0,""evidence_import_scratch_bytes"":4224,""snapshot_copy_bytes"":0,""snapshot_copy_allocations"":0,""principal_copy_buffer_bytes"":2960,""principal_copy_buffer_allocations"":48,""frozen_capture_temporary_bytes"":0,""frozen_capture_published_bytes"":4,""frozen_edge_scratch_bytes"":0,""region_scopes"":45,""max_region_scopes"":1,""call_collections_closed"":0,""call_collections_unresolved"":0,""call_memo_hits"":64,""solver_passes"":72,""solver_constraint_visits"":76,""occurs_steps"":0}"
build/bench/cloud-principal-graphs/canonical-sources/scalar-32-valid.blot,20410a6beaa48e726d4e89562df86f995bab651c159bb65abe4c8a01ed464250,workers-1,"[1089,1108,1121,1136,1150,1180,1189,1243,1283,1323,1361,1379,1444,1576,1721]","[1272,1288,1316,1359,1383,1451,1479,1548,1567,1577,1604,1648,1729,1794,2079]","[602214,602214,602214,602214,602214,602214,602214,602214,602214,602214,602214,602214,602214,602214,602214]","[134496,134496,134496,134496,134496,134496,134496,134496,134496,134496,134496,134496,134496,134496,134496]","{""semantic_component_batches"":1,""semantic_component_jobs"":2,""max_semantic_component_workers"":1,""inference_regions"":45,""canonical_specialization_queries"":32,""canonical_specialization_hits"":31,""solver_requested_bytes"":90656,""solver_allocations"":352,""scratch_requested_bytes"":73492,""scratch_allocations"":462,""max_solver_live_bytes"":2156,""max_scratch_live_bytes"":2732,""evidence_import_solver_bytes"":0,""evidence_import_scratch_bytes"":4224,""snapshot_copy_bytes"":0,""snapshot_copy_allocations"":0,""principal_copy_buffer_bytes"":2960,""principal_copy_buffer_allocations"":48,""frozen_capture_temporary_bytes"":0,""frozen_capture_published_bytes"":4,""frozen_edge_scratch_bytes"":0,""region_scopes"":45,""max_region_scopes"":1,""call_collections_closed"":0,""call_collections_unresolved"":0,""call_memo_hits"":64,""solver_passes"":72,""solver_constraint_visits"":76,""occurs_steps"":0}"
build/bench/cloud-principal-graphs/canonical-sources/scalar-32-valid.blot,20410a6beaa48e726d4e89562df86f995bab651c159bb65abe4c8a01ed464250,workers-2,"[1243,1310,1475,1493,1493,1520,1549,1592,1613,1625,1625,1675,1675,1767,1940]","[1531,1539,1695,1711,1745,1765,1836,1852,1860,1871,1897,1913,1948,1981,2129]","[602214,602214,602214,602214,602214,602214,602214,602214,602214,629382,629382,629382,629382,629382,629382]","[134496,134496,134496,134496,134496,134496,134496,134496,134496,134496,134496,134496,134496,134496,134496]","{""semantic_component_batches"":1,""semantic_component_jobs"":2,""max_semantic_component_workers"":2,""inference_regions"":45,""canonical_specialization_queries"":32,""canonical_specialization_hits"":31,""solver_requested_bytes"":90656,""solver_allocations"":352,""scratch_requested_bytes"":73492,""scratch_allocations"":462,""max_solver_live_bytes"":2156,""max_scratch_live_bytes"":2732,""evidence_import_solver_bytes"":0,""evidence_import_scratch_bytes"":4224,""snapshot_copy_bytes"":0,""snapshot_copy_allocations"":0,""principal_copy_buffer_bytes"":2960,""principal_copy_buffer_allocations"":48,""frozen_capture_temporary_bytes"":0,""frozen_capture_published_bytes"":4,""frozen_edge_scratch_bytes"":0,""region_scopes"":45,""max_region_scopes"":1,""call_collections_closed"":0,""call_collections_unresolved"":0,""call_memo_hits"":64,""solver_passes"":72,""solver_constraint_visits"":76,""occurs_steps"":0}"
build/bench/cloud-principal-graphs/canonical-sources/scalar-32-valid.blot,20410a6beaa48e726d4e89562df86f995bab651c159bb65abe4c8a01ed464250,workers-4,"[1331,1433,1439,1467,1482,1586,1593,1605,1620,1682,1688,1714,1840,2195,2412]","[1532,1575,1734,1739,1865,1883,1900,1953,1974,1984,2054,2079,2159,2340,2640]","[602214,602214,602214,602214,602214,602214,602214,602214,602214,602214,629382,629382,629382,629382,629382]","[134496,134496,134496,134496,134496,134496,134496,134496,134496,134496,134496,134496,134496,134496,134496]","{""semantic_component_batches"":1,""semantic_component_jobs"":2,""max_semantic_component_workers"":2,""inference_regions"":45,""canonical_specialization_queries"":32,""canonical_specialization_hits"":31,""solver_requested_bytes"":90656,""solver_allocations"":352,""scratch_requested_bytes"":73492,""scratch_allocations"":462,""max_solver_live_bytes"":2156,""max_scratch_live_bytes"":2732,""evidence_import_solver_bytes"":0,""evidence_import_scratch_bytes"":4224,""snapshot_copy_bytes"":0,""snapshot_copy_allocations"":0,""principal_copy_buffer_bytes"":2960,""principal_copy_buffer_allocations"":48,""frozen_capture_temporary_bytes"":0,""frozen_capture_published_bytes"":4,""frozen_edge_scratch_bytes"":0,""region_scopes"":45,""max_region_scopes"":1,""call_collections_closed"":0,""call_collections_unresolved"":0,""call_memo_hits"":64,""solver_passes"":72,""solver_constraint_visits"":76,""occurs_steps"":0}"
build/bench/cloud-principal-graphs/canonical-sources/scalar-32-valid.blot,20410a6beaa48e726d4e89562df86f995bab651c159bb65abe4c8a01ed464250,workers-8,"[1310,1323,1410,1454,1461,1520,1534,1603,1623,1636,1639,1761,1920,1935,1995]","[1535,1559,1638,1640,1755,1759,1769,1774,1848,1923,1948,1985,2137,2283,2322]","[602214,602214,602214,602214,602214,602214,602214,602214,602214,602214,629382,629382,629382,629382,629382]","[134496,134496,134496,134496,134496,134496,134496,134496,134496,134496,134496,134496,134496,134496,134496]","{""semantic_component_batches"":1,""semantic_component_jobs"":2,""max_semantic_component_workers"":2,""inference_regions"":45,""canonical_specialization_queries"":32,""canonical_specialization_hits"":31,""solver_requested_bytes"":90656,""solver_allocations"":352,""scratch_requested_bytes"":73492,""scratch_allocations"":462,""max_solver_live_bytes"":2156,""max_scratch_live_bytes"":2732,""evidence_import_solver_bytes"":0,""evidence_import_scratch_bytes"":4224,""snapshot_copy_bytes"":0,""snapshot_copy_allocations"":0,""principal_copy_buffer_bytes"":2960,""principal_copy_buffer_allocations"":48,""frozen_capture_temporary_bytes"":0,""frozen_capture_published_bytes"":4,""frozen_edge_scratch_bytes"":0,""region_scopes"":45,""max_region_scopes"":1,""call_collections_closed"":0,""call_collections_unresolved"":0,""call_memo_hits"":64,""solver_passes"":72,""solver_constraint_visits"":76,""occurs_steps"":0}"
build/bench/cloud-principal-graphs/canonical-sources/scalar-8-valid.blot,187fb088ca21e4a7e094bf368417114d276a1c45853e740014ef4aa6dcab9900,baseline,"[824,882,895,912,925,945,1014,1030,1044,1074,1099,1107,1224,1335,1458]","[1072,1080,1081,1083,1108,1130,1215,1239,1304,1323,1344,1413,1435,1580,1641]","[229197,229197,229197,229197,229197,229197,229197,229197,229197,229197,229197,229197,229197,229197,229197]","[73681,73681,73681,73681,73681,73681,73681,73681,73681,73681,73681,73681,73681,73681,73681]","{""inference_regions"":21,""canonical_specialization_queries"":8,""canonical_specialization_hits"":7,""solver_requested_bytes"":26912,""solver_allocations"":112,""scratch_requested_bytes"":34612,""scratch_allocations"":222,""max_solver_live_bytes"":2156,""max_scratch_live_bytes"":2732,""evidence_import_solver_bytes"":0,""evidence_import_scratch_bytes"":1152,""snapshot_copy_bytes"":0,""snapshot_copy_allocations"":0,""principal_copy_buffer_bytes"":2960,""principal_copy_buffer_allocations"":48,""frozen_capture_temporary_bytes"":0,""frozen_capture_published_bytes"":4,""frozen_edge_scratch_bytes"":0,""region_scopes"":21,""max_region_scopes"":1,""call_collections_closed"":0,""call_collections_unresolved"":0,""call_memo_hits"":16,""solver_passes"":24,""solver_constraint_visits"":28,""occurs_steps"":0}"
build/bench/cloud-principal-graphs/canonical-sources/scalar-8-valid.blot,187fb088ca21e4a7e094bf368417114d276a1c45853e740014ef4aa6dcab9900,default,"[795,806,811,821,825,862,866,867,888,962,967,1103,1152,1191,1226]","[1020,1024,1028,1034,1048,1052,1065,1096,1134,1135,1167,1395,1422,1438,1648]","[229197,229197,229197,229197,229197,229197,229197,229197,229197,229197,229197,229197,229197,229197,229197]","[73681,73681,73681,73681,73681,73681,73681,73681,73681,73681,73681,73681,73681,73681,73681]","{""semantic_component_batches"":0,""semantic_component_jobs"":0,""max_semantic_component_workers"":0,""inference_regions"":21,""canonical_specialization_queries"":8,""canonical_specialization_hits"":7,""solver_requested_bytes"":26912,""solver_allocations"":112,""scratch_requested_bytes"":34612,""scratch_allocations"":222,""max_solver_live_bytes"":2156,""max_scratch_live_bytes"":2732,""evidence_import_solver_bytes"":0,""evidence_import_scratch_bytes"":1152,""snapshot_copy_bytes"":0,""snapshot_copy_allocations"":0,""principal_copy_buffer_bytes"":2960,""principal_copy_buffer_allocations"":48,""frozen_capture_temporary_bytes"":0,""frozen_capture_published_bytes"":4,""frozen_edge_scratch_bytes"":0,""region_scopes"":21,""max_region_scopes"":1,""call_collections_closed"":0,""call_collections_unresolved"":0,""call_memo_hits"":16,""solver_passes"":24,""solver_constraint_visits"":28,""occurs_steps"":0}"
build/bench/cloud-principal-graphs/canonical-sources/scalar-8-valid.blot,187fb088ca21e4a7e094bf368417114d276a1c45853e740014ef4aa6dcab9900,workers-1,"[755,770,798,836,868,911,928,942,950,975,977,1012,1020,1023,1172]","[970,986,1000,1053,1062,1098,1111,1145,1172,1172,1220,1224,1227,1363,1391]","[260589,260589,260589,260589,260589,260589,260589,260589,260589,260589,260589,260589,260589,260589,260589]","[73409,73409,73409,73409,73409,73409,73409,73409,73409,73409,73409,73409,73409,73409,73409]","{""semantic_component_batches"":1,""semantic_component_jobs"":2,""max_semantic_component_workers"":1,""inference_regions"":21,""canonical_specialization_queries"":8,""canonical_specialization_hits"":7,""solver_requested_bytes"":26912,""solver_allocations"":112,""scratch_requested_bytes"":34612,""scratch_allocations"":222,""max_solver_live_bytes"":2156,""max_scratch_live_bytes"":2732,""evidence_import_solver_bytes"":0,""evidence_import_scratch_bytes"":1152,""snapshot_copy_bytes"":0,""snapshot_copy_allocations"":0,""principal_copy_buffer_bytes"":2960,""principal_copy_buffer_allocations"":48,""frozen_capture_temporary_bytes"":0,""frozen_capture_published_bytes"":4,""frozen_edge_scratch_bytes"":0,""region_scopes"":21,""max_region_scopes"":1,""call_collections_closed"":0,""call_collections_unresolved"":0,""call_memo_hits"":16,""solver_passes"":24,""solver_constraint_visits"":28,""occurs_steps"":0}"
build/bench/cloud-principal-graphs/canonical-sources/scalar-8-valid.blot,187fb088ca21e4a7e094bf368417114d276a1c45853e740014ef4aa6dcab9900,workers-2,"[1017,1037,1048,1073,1086,1092,1164,1241,1259,1273,1282,1377,1412,1433,1924]","[1197,1225,1229,1268,1282,1291,1356,1426,1495,1555,1580,1625,1654,1702,2196]","[260589,260589,296101,296101,296101,296101,296101,296101,296101,296101,296101,296101,296101,296101,296101]","[73409,73409,73409,73409,73409,73409,73409,73409,73409,73409,73409,73409,73409,73409,73409]","{""semantic_component_batches"":1,""semantic_component_jobs"":2,""max_semantic_component_workers"":2,""inference_regions"":21,""canonical_specialization_queries"":8,""canonical_specialization_hits"":7,""solver_requested_bytes"":26912,""solver_allocations"":112,""scratch_requested_bytes"":34612,""scratch_allocations"":222,""max_solver_live_bytes"":2156,""max_scratch_live_bytes"":2732,""evidence_import_solver_bytes"":0,""evidence_import_scratch_bytes"":1152,""snapshot_copy_bytes"":0,""snapshot_copy_allocations"":0,""principal_copy_buffer_bytes"":2960,""principal_copy_buffer_allocations"":48,""frozen_capture_temporary_bytes"":0,""frozen_capture_published_bytes"":4,""frozen_edge_scratch_bytes"":0,""region_scopes"":21,""max_region_scopes"":1,""call_collections_closed"":0,""call_collections_unresolved"":0,""call_memo_hits"":16,""solver_passes"":24,""solver_constraint_visits"":28,""occurs_steps"":0}"
build/bench/cloud-principal-graphs/canonical-sources/scalar-8-valid.blot,187fb088ca21e4a7e094bf368417114d276a1c45853e740014ef4aa6dcab9900,workers-4,"[918,1065,1154,1162,1167,1180,1200,1258,1296,1316,1317,1341,1360,1375,4397]","[1194,1284,1380,1420,1429,1430,1472,1539,1592,1597,1634,1647,1652,1659,3300]","[260589,260589,260589,260589,260589,260589,260589,260589,296101,296101,296101,296101,296101,296101,296101]","[73409,73409,73409,73409,73409,73409,73409,73409,73409,73409,73409,73409,73409,73409,73409]","{""semantic_component_batches"":1,""semantic_component_jobs"":2,""max_semantic_component_workers"":2,""inference_regions"":21,""canonical_specialization_queries"":8,""canonical_specialization_hits"":7,""solver_requested_bytes"":26912,""solver_allocations"":112,""scratch_requested_bytes"":34612,""scratch_allocations"":222,""max_solver_live_bytes"":2156,""max_scratch_live_bytes"":2732,""evidence_import_solver_bytes"":0,""evidence_import_scratch_bytes"":1152,""snapshot_copy_bytes"":0,""snapshot_copy_allocations"":0,""principal_copy_buffer_bytes"":2960,""principal_copy_buffer_allocations"":48,""frozen_capture_temporary_bytes"":0,""frozen_capture_published_bytes"":4,""frozen_edge_scratch_bytes"":0,""region_scopes"":21,""max_region_scopes"":1,""call_collections_closed"":0,""call_collections_unresolved"":0,""call_memo_hits"":16,""solver_passes"":24,""solver_constraint_visits"":28,""occurs_steps"":0}"
build/bench/cloud-principal-graphs/canonical-sources/scalar-8-valid.blot,187fb088ca21e4a7e094bf368417114d276a1c45853e740014ef4aa6dcab9900,workers-8,"[1027,1032,1037,1079,1093,1139,1146,1170,1179,1179,1209,1210,1227,1533,1817]","[1265,1314,1321,1322,1330,1332,1341,1429,1434,1454,1468,1479,1529,1734,2481]","[260589,260589,296101,296101,296101,296101,296101,296101,296101,296101,296101,296101,296101,296101,296101]","[73409,73409,73409,73409,73409,73409,73409,73409,73409,73409,73409,73409,73409,73409,73409]","{""semantic_component_batches"":1,""semantic_component_jobs"":2,""max_semantic_component_workers"":2,""inference_regions"":21,""canonical_specialization_queries"":8,""canonical_specialization_hits"":7,""solver_requested_bytes"":26912,""solver_allocations"":112,""scratch_requested_bytes"":34612,""scratch_allocations"":222,""max_solver_live_bytes"":2156,""max_scratch_live_bytes"":2732,""evidence_import_solver_bytes"":0,""evidence_import_scratch_bytes"":1152,""snapshot_copy_bytes"":0,""snapshot_copy_allocations"":0,""principal_copy_buffer_bytes"":2960,""principal_copy_buffer_allocations"":48,""frozen_capture_temporary_bytes"":0,""frozen_capture_published_bytes"":4,""frozen_edge_scratch_bytes"":0,""region_scopes"":21,""max_region_scopes"":1,""call_collections_closed"":0,""call_collections_unresolved"":0,""call_memo_hits"":16,""solver_passes"":24,""solver_constraint_visits"":28,""occurs_steps"":0}"
build/bench/cloud-principal-graphs/allocation-sources/wide-128-valid.blot,ea00ec430a58f381a45bd569b3909df71b84c707f6b65aabf0f5db338a157ab6,baseline,"[3769,3772,3780,3921,3953,4065,4104,4122,4195,4273,4479,4610,4631,5003,5369]","[3979,4054,4074,4108,4204,4304,4349,4407,4432,4484,4730,4895,5053,5391,5829]","[2865159,2865159,2865159,2865159,2865159,2865159,2865159,2865159,2865159,2865159,2865159,2865159,2865159,2865159,2865159]","[676698,676698,676698,676698,676698,676698,676698,676698,676698,676698,676698,676698,676698,676698,676698]","{""inference_regions"":69,""canonical_specialization_queries"":16,""canonical_specialization_hits"":0,""solver_requested_bytes"":135776,""solver_allocations"":490,""scratch_requested_bytes"":214196,""scratch_allocations"":1001,""max_solver_live_bytes"":3264,""max_scratch_live_bytes"":4628,""evidence_import_solver_bytes"":0,""evidence_import_scratch_bytes"":4224,""snapshot_copy_bytes"":0,""snapshot_copy_allocations"":0,""principal_copy_buffer_bytes"":10048,""principal_copy_buffer_allocations"":144,""frozen_capture_temporary_bytes"":0,""frozen_capture_published_bytes"":8192,""frozen_edge_scratch_bytes"":0,""region_scopes"":134,""max_region_scopes"":4,""call_collections_closed"":33,""call_collections_unresolved"":0,""call_memo_hits"":67,""solver_passes"":71,""solver_constraint_visits"":38,""occurs_steps"":0}"
build/bench/cloud-principal-graphs/allocation-sources/wide-128-valid.blot,ea00ec430a58f381a45bd569b3909df71b84c707f6b65aabf0f5db338a157ab6,default,"[3686,3735,3838,3935,4057,4124,4215,4283,4455,4456,4649,5279,5304,5750,5868]","[3903,3940,4056,4136,4293,4320,4428,4488,4732,4785,4848,5523,5533,6720,8263]","[2865159,2865159,2865159,2865159,2865159,2865159,2865159,2865159,2865159,2865159,2865159,2865159,2865159,2865159,2865159]","[676698,676698,676698,676698,676698,676698,676698,676698,676698,676698,676698,676698,676698,676698,676698]","{""semantic_component_batches"":0,""semantic_component_jobs"":0,""max_semantic_component_workers"":0,""inference_regions"":69,""canonical_specialization_queries"":16,""canonical_specialization_hits"":0,""solver_requested_bytes"":135776,""solver_allocations"":490,""scratch_requested_bytes"":214196,""scratch_allocations"":1001,""max_solver_live_bytes"":3264,""max_scratch_live_bytes"":4628,""evidence_import_solver_bytes"":0,""evidence_import_scratch_bytes"":4224,""snapshot_copy_bytes"":0,""snapshot_copy_allocations"":0,""principal_copy_buffer_bytes"":10048,""principal_copy_buffer_allocations"":144,""frozen_capture_temporary_bytes"":0,""frozen_capture_published_bytes"":8192,""frozen_edge_scratch_bytes"":0,""region_scopes"":134,""max_region_scopes"":4,""call_collections_closed"":33,""call_collections_unresolved"":0,""call_memo_hits"":67,""solver_passes"":71,""solver_constraint_visits"":38,""occurs_steps"":0}"
build/bench/cloud-principal-graphs/allocation-sources/wide-128-valid.blot,ea00ec430a58f381a45bd569b3909df71b84c707f6b65aabf0f5db338a157ab6,workers-1,"[3644,3714,3757,3787,3798,3802,3937,3946,3959,4036,4048,4195,4477,4597,5976]","[3925,3963,3968,4011,4015,4076,4138,4182,4184,4243,4367,4519,4743,5108,6372]","[2972019,2972019,2972019,2972019,2972019,2972019,2972019,2972019,2972019,2972019,2972019,2972019,2972019,2972019,2972019]","[676698,676698,676698,676698,676698,676698,676698,676698,676698,676698,676698,676698,676698,676698,676698]","{""semantic_component_batches"":1,""semantic_component_jobs"":2,""max_semantic_component_workers"":1,""inference_regions"":69,""canonical_specialization_queries"":16,""canonical_specialization_hits"":0,""solver_requested_bytes"":135776,""solver_allocations"":490,""scratch_requested_bytes"":214196,""scratch_allocations"":1001,""max_solver_live_bytes"":3264,""max_scratch_live_bytes"":4628,""evidence_import_solver_bytes"":0,""evidence_import_scratch_bytes"":4224,""snapshot_copy_bytes"":0,""snapshot_copy_allocations"":0,""principal_copy_buffer_bytes"":10048,""principal_copy_buffer_allocations"":144,""frozen_capture_temporary_bytes"":0,""frozen_capture_published_bytes"":8192,""frozen_edge_scratch_bytes"":0,""region_scopes"":134,""max_region_scopes"":4,""call_collections_closed"":33,""call_collections_unresolved"":0,""call_memo_hits"":67,""solver_passes"":71,""solver_constraint_visits"":38,""occurs_steps"":0}"
build/bench/cloud-principal-graphs/allocation-sources/wide-128-valid.blot,ea00ec430a58f381a45bd569b3909df71b84c707f6b65aabf0f5db338a157ab6,workers-2,"[4008,4107,4178,4196,4204,4258,4278,4392,4406,4412,4885,4945,5113,5323,6090]","[4267,4293,4356,4385,4398,4416,4536,4563,4573,4577,5003,5112,5516,5639,6257]","[2972019,3086423,3086423,3086423,3086423,3086423,3086423,3086423,3086423,3086423,3086423,3086423,3086423,3086423,3086423]","[676698,676698,676698,676698,676698,676698,676698,676698,676698,676698,676698,676698,676698,676698,676698]","{""semantic_component_batches"":1,""semantic_component_jobs"":2,""max_semantic_component_workers"":2,""inference_regions"":69,""canonical_specialization_queries"":16,""canonical_specialization_hits"":0,""solver_requested_bytes"":135776,""solver_allocations"":490,""scratch_requested_bytes"":214196,""scratch_allocations"":1001,""max_solver_live_bytes"":3264,""max_scratch_live_bytes"":4628,""evidence_import_solver_bytes"":0,""evidence_import_scratch_bytes"":4224,""snapshot_copy_bytes"":0,""snapshot_copy_allocations"":0,""principal_copy_buffer_bytes"":10048,""principal_copy_buffer_allocations"":144,""frozen_capture_temporary_bytes"":0,""frozen_capture_published_bytes"":8192,""frozen_edge_scratch_bytes"":0,""region_scopes"":134,""max_region_scopes"":4,""call_collections_closed"":33,""call_collections_unresolved"":0,""call_memo_hits"":67,""solver_passes"":71,""solver_constraint_visits"":38,""occurs_steps"":0}"
build/bench/cloud-principal-graphs/allocation-sources/wide-128-valid.blot,ea00ec430a58f381a45bd569b3909df71b84c707f6b65aabf0f5db338a157ab6,workers-4,"[4001,4046,4077,4280,4340,4572,4577,4602,4692,4748,5079,5189,5827,6082,8336]","[4176,4193,4231,4459,4493,4602,4740,4810,4864,5062,5459,5674,6074,6159,8518]","[3086423,3086423,3086423,3086423,3086423,3086423,3086423,3086423,3086423,3086423,3086423,3086423,3086423,3086423,3086423]","[676698,676698,676698,676698,676698,676698,676698,676698,676698,676698,676698,676698,676698,676698,676698]","{""semantic_component_batches"":1,""semantic_component_jobs"":2,""max_semantic_component_workers"":2,""inference_regions"":69,""canonical_specialization_queries"":16,""canonical_specialization_hits"":0,""solver_requested_bytes"":135776,""solver_allocations"":490,""scratch_requested_bytes"":214196,""scratch_allocations"":1001,""max_solver_live_bytes"":3264,""max_scratch_live_bytes"":4628,""evidence_import_solver_bytes"":0,""evidence_import_scratch_bytes"":4224,""snapshot_copy_bytes"":0,""snapshot_copy_allocations"":0,""principal_copy_buffer_bytes"":10048,""principal_copy_buffer_allocations"":144,""frozen_capture_temporary_bytes"":0,""frozen_capture_published_bytes"":8192,""frozen_edge_scratch_bytes"":0,""region_scopes"":134,""max_region_scopes"":4,""call_collections_closed"":33,""call_collections_unresolved"":0,""call_memo_hits"":67,""solver_passes"":71,""solver_constraint_visits"":38,""occurs_steps"":0}"
build/bench/cloud-principal-graphs/allocation-sources/wide-128-valid.blot,ea00ec430a58f381a45bd569b3909df71b84c707f6b65aabf0f5db338a157ab6,workers-8,"[4084,4127,4185,4201,4447,4461,4571,4595,4609,4654,4658,4752,4821,4834,5243]","[4255,4296,4386,4422,4659,4725,4817,4847,4856,4896,4977,4994,5117,5676,5802]","[3086423,3086423,3086423,3086423,3086423,3086423,3086423,3086423,3086423,3086423,3086423,3086423,3086423,3086423,3086423]","[676698,676698,676698,676698,676698,676698,676698,676698,676698,676698,676698,676698,676698,676698,676698]","{""semantic_component_batches"":1,""semantic_component_jobs"":2,""max_semantic_component_workers"":2,""inference_regions"":69,""canonical_specialization_queries"":16,""canonical_specialization_hits"":0,""solver_requested_bytes"":135776,""solver_allocations"":490,""scratch_requested_bytes"":214196,""scratch_allocations"":1001,""max_solver_live_bytes"":3264,""max_scratch_live_bytes"":4628,""evidence_import_solver_bytes"":0,""evidence_import_scratch_bytes"":4224,""snapshot_copy_bytes"":0,""snapshot_copy_allocations"":0,""principal_copy_buffer_bytes"":10048,""principal_copy_buffer_allocations"":144,""frozen_capture_temporary_bytes"":0,""frozen_capture_published_bytes"":8192,""frozen_edge_scratch_bytes"":0,""region_scopes"":134,""max_region_scopes"":4,""call_collections_closed"":33,""call_collections_unresolved"":0,""call_memo_hits"":67,""solver_passes"":71,""solver_constraint_visits"":38,""occurs_steps"":0}"
build/bench/cloud-principal-graphs/allocation-sources/wide-32-valid.blot,c5b1486984605f09d7f12c0ff8e6b851b5ed433cce10151bb00d9862a8d0ac3e,baseline,"[2173,2259,2270,2344,2418,2535,2560,2633,2653,2706,2765,2802,2833,2907,3286]","[2370,2481,2563,2635,2710,2835,2842,2932,2967,3033,3058,3088,3139,3175,3550]","[1267852,1267852,1267852,1267852,1267852,1267852,1267852,1267852,1267852,1267852,1267852,1267852,1267852,1267852,1267852]","[291610,291610,291610,291610,291610,291610,291610,291610,291610,291610,291610,291610,291610,291610,291610]","{""inference_regions"":69,""canonical_specialization_queries"":16,""canonical_specialization_hits"":0,""solver_requested_bytes"":135776,""solver_allocations"":490,""scratch_requested_bytes"":177384,""scratch_allocations"":998,""max_solver_live_bytes"":3264,""max_scratch_live_bytes"":2712,""evidence_import_solver_bytes"":0,""evidence_import_scratch_bytes"":4224,""snapshot_copy_bytes"":0,""snapshot_copy_allocations"":0,""principal_copy_buffer_bytes"":10048,""principal_copy_buffer_allocations"":144,""frozen_capture_temporary_bytes"":0,""frozen_capture_published_bytes"":2048,""frozen_edge_scratch_bytes"":0,""region_scopes"":134,""max_region_scopes"":4,""call_collections_closed"":33,""call_collections_unresolved"":0,""call_memo_hits"":67,""solver_passes"":71,""solver_constraint_visits"":38,""occurs_steps"":0}"
build/bench/cloud-principal-graphs/allocation-sources/wide-32-valid.blot,c5b1486984605f09d7f12c0ff8e6b851b5ed433cce10151bb00d9862a8d0ac3e,default,"[1944,1956,1975,2009,2075,2085,2118,2156,2169,2287,2304,2349,2409,2836,4447]","[2141,2155,2248,2264,2274,2289,2341,2345,2407,2535,2568,2611,2647,3046,7035]","[1267852,1267852,1267852,1267852,1267852,1267852,1267852,1267852,1267852,1267852,1267852,1267852,1267852,1267852,1267852]","[291610,291610,291610,291610,291610,291610,291610,291610,291610,291610,291610,291610,291610,291610,291610]","{""semantic_component_batches"":0,""semantic_component_jobs"":0,""max_semantic_component_workers"":0,""inference_regions"":69,""canonical_specialization_queries"":16,""canonical_specialization_hits"":0,""solver_requested_bytes"":135776,""solver_allocations"":490,""scratch_requested_bytes"":177384,""scratch_allocations"":998,""max_solver_live_bytes"":3264,""max_scratch_live_bytes"":2712,""evidence_import_solver_bytes"":0,""evidence_import_scratch_bytes"":4224,""snapshot_copy_bytes"":0,""snapshot_copy_allocations"":0,""principal_copy_buffer_bytes"":10048,""principal_copy_buffer_allocations"":144,""frozen_capture_temporary_bytes"":0,""frozen_capture_published_bytes"":2048,""frozen_edge_scratch_bytes"":0,""region_scopes"":134,""max_region_scopes"":4,""call_collections_closed"":33,""call_collections_unresolved"":0,""call_memo_hits"":67,""solver_passes"":71,""solver_constraint_visits"":38,""occurs_steps"":0}"
build/bench/cloud-principal-graphs/allocation-sources/wide-32-valid.blot,c5b1486984605f09d7f12c0ff8e6b851b5ed433cce10151bb00d9862a8d0ac3e,workers-1,"[1928,1989,1994,2013,2021,2067,2161,2194,2236,2249,2327,2477,2592,3052,4100]","[2173,2182,2223,2226,2285,2294,2419,2421,2429,2501,2518,2762,2867,3356,4399]","[1319112,1319112,1319112,1319112,1319112,1319112,1319112,1319112,1319112,1319112,1319112,1319112,1319112,1319112,1319112]","[291386,291386,291386,291386,291386,291386,291386,291386,291386,291386,291386,291386,291386,291386,291386]","{""semantic_component_batches"":1,""semantic_component_jobs"":2,""max_semantic_component_workers"":1,""inference_regions"":69,""canonical_specialization_queries"":16,""canonical_specialization_hits"":0,""solver_requested_bytes"":135776,""solver_allocations"":490,""scratch_requested_bytes"":177384,""scratch_allocations"":998,""max_solver_live_bytes"":3264,""max_scratch_live_bytes"":2712,""evidence_import_solver_bytes"":0,""evidence_import_scratch_bytes"":4224,""snapshot_copy_bytes"":0,""snapshot_copy_allocations"":0,""principal_copy_buffer_bytes"":10048,""principal_copy_buffer_allocations"":144,""frozen_capture_temporary_bytes"":0,""frozen_capture_published_bytes"":2048,""frozen_edge_scratch_bytes"":0,""region_scopes"":134,""max_region_scopes"":4,""call_collections_closed"":33,""call_collections_unresolved"":0,""call_memo_hits"":67,""solver_passes"":71,""solver_constraint_visits"":38,""occurs_steps"":0}"
build/bench/cloud-principal-graphs/allocation-sources/wide-32-valid.blot,c5b1486984605f09d7f12c0ff8e6b851b5ed433cce10151bb00d9862a8d0ac3e,workers-2,"[2160,2172,2193,2198,2232,2365,2370,2425,2648,2649,2651,2752,2938,3781,9285]","[2354,2381,2445,2542,2571,2582,2619,2660,2838,2890,2951,3054,3181,4020,12348]","[1319112,1319112,1369700,1369700,1369700,1369700,1369700,1369700,1369700,1369700,1369700,1369700,1369700,1369700,1369700]","[291386,291386,291386,291386,291386,291386,291386,291386,291386,291386,291386,291386,291386,291386,291386]","{""semantic_component_batches"":1,""semantic_component_jobs"":2,""max_semantic_component_workers"":2,""inference_regions"":69,""canonical_specialization_queries"":16,""canonical_specialization_hits"":0,""solver_requested_bytes"":135776,""solver_allocations"":490,""scratch_requested_bytes"":177384,""scratch_allocations"":998,""max_solver_live_bytes"":3264,""max_scratch_live_bytes"":2712,""evidence_import_solver_bytes"":0,""evidence_import_scratch_bytes"":4224,""snapshot_copy_bytes"":0,""snapshot_copy_allocations"":0,""principal_copy_buffer_bytes"":10048,""principal_copy_buffer_allocations"":144,""frozen_capture_temporary_bytes"":0,""frozen_capture_published_bytes"":2048,""frozen_edge_scratch_bytes"":0,""region_scopes"":134,""max_region_scopes"":4,""call_collections_closed"":33,""call_collections_unresolved"":0,""call_memo_hits"":67,""solver_passes"":71,""solver_constraint_visits"":38,""occurs_steps"":0}"
build/bench/cloud-principal-graphs/allocation-sources/wide-32-valid.blot,c5b1486984605f09d7f12c0ff8e6b851b5ed433cce10151bb00d9862a8d0ac3e,workers-4,"[2135,2218,2276,2311,2351,2478,2503,2509,2763,2836,2896,3038,3078,3103,3260]","[2488,2496,2532,2635,2638,2688,2697,2771,3022,3056,3198,3302,3376,3392,3544]","[1369700,1369700,1369700,1369700,1369700,1369700,1369700,1369700,1369700,1369700,1369700,1369700,1369700,1369700,1369700]","[291386,291386,291386,291386,291386,291386,291386,291386,291386,291386,291386,291386,291386,291386,291386]","{""semantic_component_batches"":1,""semantic_component_jobs"":2,""max_semantic_component_workers"":2,""inference_regions"":69,""canonical_specialization_queries"":16,""canonical_specialization_hits"":0,""solver_requested_bytes"":135776,""solver_allocations"":490,""scratch_requested_bytes"":177384,""scratch_allocations"":998,""max_solver_live_bytes"":3264,""max_scratch_live_bytes"":2712,""evidence_import_solver_bytes"":0,""evidence_import_scratch_bytes"":4224,""snapshot_copy_bytes"":0,""snapshot_copy_allocations"":0,""principal_copy_buffer_bytes"":10048,""principal_copy_buffer_allocations"":144,""frozen_capture_temporary_bytes"":0,""frozen_capture_published_bytes"":2048,""frozen_edge_scratch_bytes"":0,""region_scopes"":134,""max_region_scopes"":4,""call_collections_closed"":33,""call_collections_unresolved"":0,""call_memo_hits"":67,""solver_passes"":71,""solver_constraint_visits"":38,""occurs_steps"":0}"
build/bench/cloud-principal-graphs/allocation-sources/wide-32-valid.blot,c5b1486984605f09d7f12c0ff8e6b851b5ed433cce10151bb00d9862a8d0ac3e,workers-8,"[2223,2275,2311,2325,2326,2427,2640,2677,2716,2724,2827,2878,2937,3443,4572]","[2437,2500,2514,2532,2584,2684,2825,2919,3016,3118,3131,3173,3285,3886,4754]","[1319112,1369700,1369700,1369700,1369700,1369700,1369700,1369700,1369700,1369700,1369700,1369700,1369700,1369700,1369700]","[291386,291386,291386,291386,291386,291386,291386,291386,291386,291386,291386,291386,291386,291386,291386]","{""semantic_component_batches"":1,""semantic_component_jobs"":2,""max_semantic_component_workers"":2,""inference_regions"":69,""canonical_specialization_queries"":16,""canonical_specialization_hits"":0,""solver_requested_bytes"":135776,""solver_allocations"":490,""scratch_requested_bytes"":177384,""scratch_allocations"":998,""max_solver_live_bytes"":3264,""max_scratch_live_bytes"":2712,""evidence_import_solver_bytes"":0,""evidence_import_scratch_bytes"":4224,""snapshot_copy_bytes"":0,""snapshot_copy_allocations"":0,""principal_copy_buffer_bytes"":10048,""principal_copy_buffer_allocations"":144,""frozen_capture_temporary_bytes"":0,""frozen_capture_published_bytes"":2048,""frozen_edge_scratch_bytes"":0,""region_scopes"":134,""max_region_scopes"":4,""call_collections_closed"":33,""call_collections_unresolved"":0,""call_memo_hits"":67,""solver_passes"":71,""solver_constraint_visits"":38,""occurs_steps"":0}"
build/bench/cloud-principal-graphs/allocation-sources/wide-8-valid.blot,397a1b431e8574c84cf2584687056f03a0b6917e353f8040596c4165e9d53fa6,baseline,"[1732,1762,1786,1787,1833,1964,2032,2072,2131,2173,2233,2347,2360,2535,2741]","[1924,1974,1986,1992,2003,2207,2244,2350,2353,2423,2473,2559,2568,2979,2992]","[827377,827377,827377,827377,827377,827377,827377,827377,827377,827377,827377,827377,827377,827377,827377]","[199521,199521,199521,199521,199521,199521,199521,199521,199521,199521,199521,199521,199521,199521,199521]","{""inference_regions"":69,""canonical_specialization_queries"":16,""canonical_specialization_hits"":0,""solver_requested_bytes"":135776,""solver_allocations"":490,""scratch_requested_bytes"":152760,""scratch_allocations"":941,""max_solver_live_bytes"":3264,""max_scratch_live_bytes"":2644,""evidence_import_solver_bytes"":0,""evidence_import_scratch_bytes"":4224,""snapshot_copy_bytes"":0,""snapshot_copy_allocations"":0,""principal_copy_buffer_bytes"":10048,""principal_copy_buffer_allocations"":144,""frozen_capture_temporary_bytes"":0,""frozen_capture_published_bytes"":512,""frozen_edge_scratch_bytes"":0,""region_scopes"":134,""max_region_scopes"":4,""call_collections_closed"":33,""call_collections_unresolved"":0,""call_memo_hits"":67,""solver_passes"":71,""solver_constraint_visits"":38,""occurs_steps"":0}"
build/bench/cloud-principal-graphs/allocation-sources/wide-8-valid.blot,397a1b431e8574c84cf2584687056f03a0b6917e353f8040596c4165e9d53fa6,default,"[1410,1481,1530,1545,1551,1570,1606,1649,1726,1745,1796,1892,1990,2000,2040]","[1617,1680,1733,1749,1760,1762,1783,1856,1952,1958,2069,2092,2278,2285,2387]","[827377,827377,827377,827377,827377,827377,827377,827377,827377,827377,827377,827377,827377,827377,827377]","[199521,199521,199521,199521,199521,199521,199521,199521,199521,199521,199521,199521,199521,199521,199521]","{""semantic_component_batches"":0,""semantic_component_jobs"":0,""max_semantic_component_workers"":0,""inference_regions"":69,""canonical_specialization_queries"":16,""canonical_specialization_hits"":0,""solver_requested_bytes"":135776,""solver_allocations"":490,""scratch_requested_bytes"":152760,""scratch_allocations"":941,""max_solver_live_bytes"":3264,""max_scratch_live_bytes"":2644,""evidence_import_solver_bytes"":0,""evidence_import_scratch_bytes"":4224,""snapshot_copy_bytes"":0,""snapshot_copy_allocations"":0,""principal_copy_buffer_bytes"":10048,""principal_copy_buffer_allocations"":144,""frozen_capture_temporary_bytes"":0,""frozen_capture_published_bytes"":512,""frozen_edge_scratch_bytes"":0,""region_scopes"":134,""max_region_scopes"":4,""call_collections_closed"":33,""call_collections_unresolved"":0,""call_memo_hits"":67,""solver_passes"":71,""solver_constraint_visits"":38,""occurs_steps"":0}"
build/bench/cloud-principal-graphs/allocation-sources/wide-8-valid.blot,397a1b431e8574c84cf2584687056f03a0b6917e353f8040596c4165e9d53fa6,workers-1,"[1464,1498,1554,1628,1644,1676,1688,1801,1849,1859,1867,1884,1919,2053,2822]","[1649,1686,1819,1827,1847,1882,1987,2069,2076,2115,2145,2179,2291,3153,3475]","[880097,880097,880097,880097,880097,880097,880097,880097,880097,880097,880097,880097,880097,880097,880097]","[199297,199297,199297,199297,199297,199297,199297,199297,199297,199297,199297,199297,199297,199297,199297]","{""semantic_component_batches"":1,""semantic_component_jobs"":2,""max_semantic_component_workers"":1,""inference_regions"":69,""canonical_specialization_queries"":16,""canonical_specialization_hits"":0,""solver_requested_bytes"":135776,""solver_allocations"":490,""scratch_requested_bytes"":152760,""scratch_allocations"":941,""max_solver_live_bytes"":3264,""max_scratch_live_bytes"":2644,""evidence_import_solver_bytes"":0,""evidence_import_scratch_bytes"":4224,""snapshot_copy_bytes"":0,""snapshot_copy_allocations"":0,""principal_copy_buffer_bytes"":10048,""principal_copy_buffer_allocations"":144,""frozen_capture_temporary_bytes"":0,""frozen_capture_published_bytes"":512,""frozen_edge_scratch_bytes"":0,""region_scopes"":134,""max_region_scopes"":4,""call_collections_closed"":33,""call_collections_unresolved"":0,""call_memo_hits"":67,""solver_passes"":71,""solver_constraint_visits"":38,""occurs_steps"":0}"
build/bench/cloud-principal-graphs/allocation-sources/wide-8-valid.blot,397a1b431e8574c84cf2584687056f03a0b6917e353f8040596c4165e9d53fa6,workers-2,"[1685,1754,1758,1774,1818,1884,1930,1986,1988,2035,2077,2084,2220,2363,2684]","[1968,1969,2015,2035,2141,2142,2163,2191,2236,2244,2275,2326,2398,2591,2673]","[880097,932145,932145,932145,932145,932145,932145,932145,932145,932145,932145,932145,932145,932145,932145]","[199297,199297,199297,199297,199297,199297,199297,199297,199297,199297,199297,199297,199297,199297,199297]","{""semantic_component_batches"":1,""semantic_component_jobs"":2,""max_semantic_component_workers"":2,""inference_regions"":69,""canonical_specialization_queries"":16,""canonical_specialization_hits"":0,""solver_requested_bytes"":135776,""solver_allocations"":490,""scratch_requested_bytes"":152760,""scratch_allocations"":941,""max_solver_live_bytes"":3264,""max_scratch_live_bytes"":2644,""evidence_import_solver_bytes"":0,""evidence_import_scratch_bytes"":4224,""snapshot_copy_bytes"":0,""snapshot_copy_allocations"":0,""principal_copy_buffer_bytes"":10048,""principal_copy_buffer_allocations"":144,""frozen_capture_temporary_bytes"":0,""frozen_capture_published_bytes"":512,""frozen_edge_scratch_bytes"":0,""region_scopes"":134,""max_region_scopes"":4,""call_collections_closed"":33,""call_collections_unresolved"":0,""call_memo_hits"":67,""solver_passes"":71,""solver_constraint_visits"":38,""occurs_steps"":0}"
build/bench/cloud-principal-graphs/allocation-sources/wide-8-valid.blot,397a1b431e8574c84cf2584687056f03a0b6917e353f8040596c4165e9d53fa6,workers-4,"[1728,1799,1831,1849,1932,1939,1970,2014,2034,2036,2106,2116,2142,2156,2178]","[1984,2040,2040,2064,2145,2158,2242,2288,2325,2355,2355,2400,2416,2436,2448]","[880097,932145,932145,932145,932145,932145,932145,932145,932145,932145,932145,932145,932145,932145,932145]","[199297,199297,199297,199297,199297,199297,199297,199297,199297,199297,199297,199297,199297,199297,199297]","{""semantic_component_batches"":1,""semantic_component_jobs"":2,""max_semantic_component_workers"":2,""inference_regions"":69,""canonical_specialization_queries"":16,""canonical_specialization_hits"":0,""solver_requested_bytes"":135776,""solver_allocations"":490,""scratch_requested_bytes"":152760,""scratch_allocations"":941,""max_solver_live_bytes"":3264,""max_scratch_live_bytes"":2644,""evidence_import_solver_bytes"":0,""evidence_import_scratch_bytes"":4224,""snapshot_copy_bytes"":0,""snapshot_copy_allocations"":0,""principal_copy_buffer_bytes"":10048,""principal_copy_buffer_allocations"":144,""frozen_capture_temporary_bytes"":0,""frozen_capture_published_bytes"":512,""frozen_edge_scratch_bytes"":0,""region_scopes"":134,""max_region_scopes"":4,""call_collections_closed"":33,""call_collections_unresolved"":0,""call_memo_hits"":67,""solver_passes"":71,""solver_constraint_visits"":38,""occurs_steps"":0}"
build/bench/cloud-principal-graphs/allocation-sources/wide-8-valid.blot,397a1b431e8574c84cf2584687056f03a0b6917e353f8040596c4165e9d53fa6,workers-8,"[1829,1855,1907,1928,1948,1954,1965,2056,2098,2176,2209,2324,2650,2980,3546]","[2028,2065,2139,2182,2188,2226,2260,2297,2300,2350,2611,3015,3059,3538,3933]","[880097,932145,932145,932145,932145,932145,932145,932145,932145,932145,932145,932145,932145,932145,932145]","[199297,199297,199297,199297,199297,199297,199297,199297,199297,199297,199297,199297,199297,199297,199297]","{""semantic_component_batches"":1,""semantic_component_jobs"":2,""max_semantic_component_workers"":2,""inference_regions"":69,""canonical_specialization_queries"":16,""canonical_specialization_hits"":0,""solver_requested_bytes"":135776,""solver_allocations"":490,""scratch_requested_bytes"":152760,""scratch_allocations"":941,""max_solver_live_bytes"":3264,""max_scratch_live_bytes"":2644,""evidence_import_solver_bytes"":0,""evidence_import_scratch_bytes"":4224,""snapshot_copy_bytes"":0,""snapshot_copy_allocations"":0,""principal_copy_buffer_bytes"":10048,""principal_copy_buffer_allocations"":144,""frozen_capture_temporary_bytes"":0,""frozen_capture_published_bytes"":512,""frozen_edge_scratch_bytes"":0,""region_scopes"":134,""max_region_scopes"":4,""call_collections_closed"":33,""call_collections_unresolved"":0,""call_memo_hits"":67,""solver_passes"":71,""solver_constraint_visits"":38,""occurs_steps"":0}"
build/bench/cloud-principal-graphs/jobs-sources/wide-128-valid.blot,07790ca106cf90a4855f40f26d760a32a4f4247a1a9c254786efeff9465699ca,baseline,"[3437,3567,3712,3729,3856,4038,4042,4072,4122,4383,4424,4531,4602,4649,5007]","[3705,3808,3928,3965,4083,4250,4274,4333,4542,4619,4661,4843,4896,4979,5213]","[3168641,3168641,3168641,3168641,3168641,3168641,3168641,3168641,3168641,3168641,3168641,3168641,3168641,3168641,3168641]","[866693,866693,866693,866693,866693,866693,866693,866693,866693,866693,866693,866693,866693,866693,866693]","{""inference_regions"":258,""canonical_specialization_queries"":0,""canonical_specialization_hits"":0,""solver_requested_bytes"":398316,""solver_allocations"":1849,""scratch_requested_bytes"":365612,""scratch_allocations"":1481,""max_solver_live_bytes"":35756,""max_scratch_live_bytes"":46712,""evidence_import_solver_bytes"":0,""evidence_import_scratch_bytes"":128,""snapshot_copy_bytes"":0,""snapshot_copy_allocations"":0,""principal_copy_buffer_bytes"":0,""principal_copy_buffer_allocations"":0,""frozen_capture_temporary_bytes"":0,""frozen_capture_published_bytes"":0,""frozen_edge_scratch_bytes"":0,""region_scopes"":386,""max_region_scopes"":129,""call_collections_closed"":0,""call_collections_unresolved"":0,""call_memo_hits"":128,""solver_passes"":261,""solver_constraint_visits"":256,""occurs_steps"":0}"
build/bench/cloud-principal-graphs/jobs-sources/wide-128-valid.blot,07790ca106cf90a4855f40f26d760a32a4f4247a1a9c254786efeff9465699ca,default,"[3317,3350,3501,3603,3632,3752,3759,3912,3951,3962,3994,4037,4323,4508,4769]","[3531,3562,3708,3822,3864,4053,4121,4182,4244,4272,4286,4319,4584,4831,4982]","[3168641,3168641,3168641,3168641,3168641,3168641,3168641,3168641,3168641,3168641,3168641,3168641,3168641,3168641,3168641]","[866693,866693,866693,866693,866693,866693,866693,866693,866693,866693,866693,866693,866693,866693,866693]","{""semantic_component_batches"":0,""semantic_component_jobs"":0,""max_semantic_component_workers"":0,""inference_regions"":258,""canonical_specialization_queries"":0,""canonical_specialization_hits"":0,""solver_requested_bytes"":398316,""solver_allocations"":1849,""scratch_requested_bytes"":365612,""scratch_allocations"":1481,""max_solver_live_bytes"":35756,""max_scratch_live_bytes"":46712,""evidence_import_solver_bytes"":0,""evidence_import_scratch_bytes"":128,""snapshot_copy_bytes"":0,""snapshot_copy_allocations"":0,""principal_copy_buffer_bytes"":0,""principal_copy_buffer_allocations"":0,""frozen_capture_temporary_bytes"":0,""frozen_capture_published_bytes"":0,""frozen_edge_scratch_bytes"":0,""region_scopes"":386,""max_region_scopes"":129,""call_collections_closed"":0,""call_collections_unresolved"":0,""call_memo_hits"":128,""solver_passes"":261,""solver_constraint_visits"":256,""occurs_steps"":0}"
build/bench/cloud-principal-graphs/jobs-sources/wide-128-valid.blot,07790ca106cf90a4855f40f26d760a32a4f4247a1a9c254786efeff9465699ca,workers-1,"[2312,3872,3906,3909,3945,4100,4109,4223,4256,4308,4322,4391,4503,4706,4791]","[4114,4127,4132,4157,4408,4456,4491,4545,4567,4569,4608,4624,4772,4979,4993]","[3262121,3262121,3262121,3262121,3262121,3262121,3262121,3262121,3262121,3262121,3262121,3262121,3262121,3262121,3262121]","[866693,866693,866693,866693,866693,866693,866693,866693,866693,866693,866693,866693,866693,866693,866693]","{""semantic_component_batches"":1,""semantic_component_jobs"":128,""max_semantic_component_workers"":1,""inference_regions"":258,""canonical_specialization_queries"":0,""canonical_specialization_hits"":0,""solver_requested_bytes"":398316,""solver_allocations"":1849,""scratch_requested_bytes"":365612,""scratch_allocations"":1481,""max_solver_live_bytes"":35756,""max_scratch_live_bytes"":46712,""evidence_import_solver_bytes"":0,""evidence_import_scratch_bytes"":128,""snapshot_copy_bytes"":0,""snapshot_copy_allocations"":0,""principal_copy_buffer_bytes"":0,""principal_copy_buffer_allocations"":0,""frozen_capture_temporary_bytes"":0,""frozen_capture_published_bytes"":0,""frozen_edge_scratch_bytes"":0,""region_scopes"":386,""max_region_scopes"":129,""call_collections_closed"":0,""call_collections_unresolved"":0,""call_memo_hits"":128,""solver_passes"":261,""solver_constraint_visits"":256,""occurs_steps"":0}"
build/bench/cloud-principal-graphs/jobs-sources/wide-128-valid.blot,07790ca106cf90a4855f40f26d760a32a4f4247a1a9c254786efeff9465699ca,workers-2,"[4159,4311,4472,4537,4569,4649,4708,4756,4774,4804,4850,4876,5562,5785,8448]","[4178,4258,4579,4638,4667,4671,4704,4776,4798,4819,5229,5646,5733,6114,8302]","[3313449,3313449,3313449,3313449,3313449,3313449,3313449,3313449,3313449,3313449,3313449,3313449,3313449,3313449,3313449]","[866693,866693,866693,866693,866693,866693,866693,866693,866693,866693,866693,866693,866693,866693,866693]","{""semantic_component_batches"":1,""semantic_component_jobs"":128,""max_semantic_component_workers"":2,""inference_regions"":258,""canonical_specialization_queries"":0,""canonical_specialization_hits"":0,""solver_requested_bytes"":398316,""solver_allocations"":1849,""scratch_requested_bytes"":365612,""scratch_allocations"":1481,""max_solver_live_bytes"":35756,""max_scratch_live_bytes"":46712,""evidence_import_solver_bytes"":0,""evidence_import_scratch_bytes"":128,""snapshot_copy_bytes"":0,""snapshot_copy_allocations"":0,""principal_copy_buffer_bytes"":0,""principal_copy_buffer_allocations"":0,""frozen_capture_temporary_bytes"":0,""frozen_capture_published_bytes"":0,""frozen_edge_scratch_bytes"":0,""region_scopes"":386,""max_region_scopes"":129,""call_collections_closed"":0,""call_collections_unresolved"":0,""call_memo_hits"":128,""solver_passes"":261,""solver_constraint_visits"":256,""occurs_steps"":0}"
build/bench/cloud-principal-graphs/jobs-sources/wide-128-valid.blot,07790ca106cf90a4855f40f26d760a32a4f4247a1a9c254786efeff9465699ca,workers-4,"[4746,4750,4822,4840,4877,4990,5117,5143,5222,5281,5327,5634,5700,5725,6129]","[4583,4629,4634,4647,4695,4762,4765,4815,4926,5097,5104,5135,5294,5503,5780]","[3313449,3416105,3416105,3416105,3416105,3416105,3416105,3416105,3416105,3416105,3416105,3416105,3416105,3416105,3416105]","[866693,866693,866693,866693,866693,866693,866693,866693,866693,866693,866693,866693,866693,866693,866693]","{""semantic_component_batches"":1,""semantic_component_jobs"":128,""max_semantic_component_workers"":4,""inference_regions"":258,""canonical_specialization_queries"":0,""canonical_specialization_hits"":0,""solver_requested_bytes"":398316,""solver_allocations"":1849,""scratch_requested_bytes"":365612,""scratch_allocations"":1481,""max_solver_live_bytes"":35756,""max_scratch_live_bytes"":46712,""evidence_import_solver_bytes"":0,""evidence_import_scratch_bytes"":128,""snapshot_copy_bytes"":0,""snapshot_copy_allocations"":0,""principal_copy_buffer_bytes"":0,""principal_copy_buffer_allocations"":0,""frozen_capture_temporary_bytes"":0,""frozen_capture_published_bytes"":0,""frozen_edge_scratch_bytes"":0,""region_scopes"":386,""max_region_scopes"":129,""call_collections_closed"":0,""call_collections_unresolved"":0,""call_memo_hits"":128,""solver_passes"":261,""solver_constraint_visits"":256,""occurs_steps"":0}"
build/bench/cloud-principal-graphs/jobs-sources/wide-128-valid.blot,07790ca106cf90a4855f40f26d760a32a4f4247a1a9c254786efeff9465699ca,workers-8,"[5220,5266,5539,5756,5789,5848,5863,6008,6042,6089,6607,6683,6708,8227,9000]","[4841,5142,5332,5347,5385,5426,5508,5554,5614,5662,5736,5985,6472,7229,8129]","[3313449,3416105,3416105,3416105,3518761,3518761,3621417,3621417,3621417,3621417,3621417,3621417,3621417,3621417,3621417]","[866693,866693,866693,866693,866693,866693,866693,866693,866693,866693,866693,866693,866693,866693,866693]","{""semantic_component_batches"":1,""semantic_component_jobs"":128,""max_semantic_component_workers"":8,""inference_regions"":258,""canonical_specialization_queries"":0,""canonical_specialization_hits"":0,""solver_requested_bytes"":398316,""solver_allocations"":1849,""scratch_requested_bytes"":365612,""scratch_allocations"":1481,""max_solver_live_bytes"":35756,""max_scratch_live_bytes"":46712,""evidence_import_solver_bytes"":0,""evidence_import_scratch_bytes"":128,""snapshot_copy_bytes"":0,""snapshot_copy_allocations"":0,""principal_copy_buffer_bytes"":0,""principal_copy_buffer_allocations"":0,""frozen_capture_temporary_bytes"":0,""frozen_capture_published_bytes"":0,""frozen_edge_scratch_bytes"":0,""region_scopes"":386,""max_region_scopes"":129,""call_collections_closed"":0,""call_collections_unresolved"":0,""call_memo_hits"":128,""solver_passes"":261,""solver_constraint_visits"":256,""occurs_steps"":0}"
build/bench/cloud-principal-graphs/jobs-sources/wide-32-valid.blot,58b0513ff6eb1720cf42e1759039820b500a8deb4d75d53c17aabcb55e2878c4,baseline,"[1420,1478,1548,1582,1586,1649,1680,1774,1777,1798,1938,2001,2089,2111,2353]","[1678,1704,1763,1768,1841,1865,1967,1973,2013,2031,2138,2212,2426,2449,2605]","[832887,832887,832887,832887,832887,832887,832887,832887,832887,832887,832887,832887,832887,832887,832887]","[226596,226596,226596,226596,226596,226596,226596,226596,226596,226596,226596,226596,226596,226596,226596]","{""inference_regions"":66,""canonical_specialization_queries"":0,""canonical_specialization_hits"":0,""solver_requested_bytes"":103228,""solver_allocations"":486,""scratch_requested_bytes"":93624,""scratch_allocations"":404,""max_solver_live_bytes"":12124,""max_scratch_live_bytes"":13076,""evidence_import_solver_bytes"":0,""evidence_import_scratch_bytes"":128,""snapshot_copy_bytes"":0,""snapshot_copy_allocations"":0,""principal_copy_buffer_bytes"":0,""principal_copy_buffer_allocations"":0,""frozen_capture_temporary_bytes"":0,""frozen_capture_published_bytes"":0,""frozen_edge_scratch_bytes"":0,""region_scopes"":98,""max_region_scopes"":33,""call_collections_closed"":0,""call_collections_unresolved"":0,""call_memo_hits"":32,""solver_passes"":69,""solver_constraint_visits"":64,""occurs_steps"":0}"
build/bench/cloud-principal-graphs/jobs-sources/wide-32-valid.blot,58b0513ff6eb1720cf42e1759039820b500a8deb4d75d53c17aabcb55e2878c4,default,"[1332,1382,1401,1451,1461,1497,1503,1519,1526,1543,1631,1657,1683,1709,1722]","[1515,1579,1586,1645,1709,1710,1739,1744,1746,1790,1835,1852,1876,1897,1975]","[832887,832887,832887,832887,832887,832887,832887,832887,832887,832887,832887,832887,832887,832887,832887]","[226596,226596,226596,226596,226596,226596,226596,226596,226596,226596,226596,226596,226596,226596,226596]","{""semantic_component_batches"":0,""semantic_component_jobs"":0,""max_semantic_component_workers"":0,""inference_regions"":66,""canonical_specialization_queries"":0,""canonical_specialization_hits"":0,""solver_requested_bytes"":103228,""solver_allocations"":486,""scratch_requested_bytes"":93624,""scratch_allocations"":404,""max_solver_live_bytes"":12124,""max_scratch_live_bytes"":13076,""evidence_import_solver_bytes"":0,""evidence_import_scratch_bytes"":128,""snapshot_copy_bytes"":0,""snapshot_copy_allocations"":0,""principal_copy_buffer_bytes"":0,""principal_copy_buffer_allocations"":0,""frozen_capture_temporary_bytes"":0,""frozen_capture_published_bytes"":0,""frozen_edge_scratch_bytes"":0,""region_scopes"":98,""max_region_scopes"":33,""call_collections_closed"":0,""call_collections_unresolved"":0,""call_memo_hits"":32,""solver_passes"":69,""solver_constraint_visits"":64,""occurs_steps"":0}"
build/bench/cloud-principal-graphs/jobs-sources/wide-32-valid.blot,58b0513ff6eb1720cf42e1759039820b500a8deb4d75d53c17aabcb55e2878c4,workers-1,"[1332,1390,1413,1459,1460,1479,1513,1513,1618,1627,1628,1656,1731,1765,1916]","[1590,1599,1635,1640,1665,1702,1771,1818,1832,1849,1883,1918,1963,2122,2395]","[866903,866903,866903,866903,866903,866903,866903,866903,866903,866903,866903,866903,866903,866903,866903]","[226596,226596,226596,226596,226596,226596,226596,226596,226596,226596,226596,226596,226596,226596,226596]","{""semantic_component_batches"":1,""semantic_component_jobs"":32,""max_semantic_component_workers"":1,""inference_regions"":66,""canonical_specialization_queries"":0,""canonical_specialization_hits"":0,""solver_requested_bytes"":103228,""solver_allocations"":486,""scratch_requested_bytes"":93624,""scratch_allocations"":404,""max_solver_live_bytes"":12124,""max_scratch_live_bytes"":13076,""evidence_import_solver_bytes"":0,""evidence_import_scratch_bytes"":128,""snapshot_copy_bytes"":0,""snapshot_copy_allocations"":0,""principal_copy_buffer_bytes"":0,""principal_copy_buffer_allocations"":0,""frozen_capture_temporary_bytes"":0,""frozen_capture_published_bytes"":0,""frozen_edge_scratch_bytes"":0,""region_scopes"":98,""max_region_scopes"":33,""call_collections_closed"":0,""call_collections_unresolved"":0,""call_memo_hits"":32,""solver_passes"":69,""solver_constraint_visits"":64,""occurs_steps"":0}"
build/bench/cloud-principal-graphs/jobs-sources/wide-32-valid.blot,58b0513ff6eb1720cf42e1759039820b500a8deb4d75d53c17aabcb55e2878c4,workers-2,"[1657,1710,1753,1788,1805,1810,1820,1852,1910,2082,2090,2115,2118,2120,2242]","[1835,1861,1912,1916,1963,1974,2007,2053,2129,2182,2244,2295,2309,2332,2628]","[894327,894327,894327,894327,894327,894327,894327,894327,894327,894327,894327,894327,894327,894327,894327]","[226596,226596,226596,226596,226596,226596,226596,226596,226596,226596,226596,226596,226596,226596,226596]","{""semantic_component_batches"":1,""semantic_component_jobs"":32,""max_semantic_component_workers"":2,""inference_regions"":66,""canonical_specialization_queries"":0,""canonical_specialization_hits"":0,""solver_requested_bytes"":103228,""solver_allocations"":486,""scratch_requested_bytes"":93624,""scratch_allocations"":404,""max_solver_live_bytes"":12124,""max_scratch_live_bytes"":13076,""evidence_import_solver_bytes"":0,""evidence_import_scratch_bytes"":128,""snapshot_copy_bytes"":0,""snapshot_copy_allocations"":0,""principal_copy_buffer_bytes"":0,""principal_copy_buffer_allocations"":0,""frozen_capture_temporary_bytes"":0,""frozen_capture_published_bytes"":0,""frozen_edge_scratch_bytes"":0,""region_scopes"":98,""max_region_scopes"":33,""call_collections_closed"":0,""call_collections_unresolved"":0,""call_memo_hits"":32,""solver_passes"":69,""solver_constraint_visits"":64,""occurs_steps"":0}"
build/bench/cloud-principal-graphs/jobs-sources/wide-32-valid.blot,58b0513ff6eb1720cf42e1759039820b500a8deb4d75d53c17aabcb55e2878c4,workers-4,"[1998,2115,2152,2202,2250,2293,2331,2356,2416,2443,2603,2802,2949,3239,6012]","[2152,2187,2237,2266,2370,2403,2417,2424,2478,2567,2581,2737,2839,3228,9383]","[921751,921751,949175,949175,949175,949175,949175,949175,949175,949175,949175,949175,949175,949175,949175]","[226596,226596,226596,226596,226596,226596,226596,226596,226596,226596,226596,226596,226596,226596,226596]","{""semantic_component_batches"":1,""semantic_component_jobs"":32,""max_semantic_component_workers"":4,""inference_regions"":66,""canonical_specialization_queries"":0,""canonical_specialization_hits"":0,""solver_requested_bytes"":103228,""solver_allocations"":486,""scratch_requested_bytes"":93624,""scratch_allocations"":404,""max_solver_live_bytes"":12124,""max_scratch_live_bytes"":13076,""evidence_import_solver_bytes"":0,""evidence_import_scratch_bytes"":128,""snapshot_copy_bytes"":0,""snapshot_copy_allocations"":0,""principal_copy_buffer_bytes"":0,""principal_copy_buffer_allocations"":0,""frozen_capture_temporary_bytes"":0,""frozen_capture_published_bytes"":0,""frozen_edge_scratch_bytes"":0,""region_scopes"":98,""max_region_scopes"":33,""call_collections_closed"":0,""call_collections_unresolved"":0,""call_memo_hits"":32,""solver_passes"":69,""solver_constraint_visits"":64,""occurs_steps"":0}"
build/bench/cloud-principal-graphs/jobs-sources/wide-32-valid.blot,58b0513ff6eb1720cf42e1759039820b500a8deb4d75d53c17aabcb55e2878c4,workers-8,"[2709,2853,2935,2970,3100,3174,3223,3482,3618,3622,3767,3907,3969,4186,4280]","[2788,2847,2857,3021,3084,3272,3290,3313,3370,3445,3612,3689,3689,3791,4159]","[866903,866903,894327,894327,921751,949175,949175,976599,976599,1004023,1004023,1004023,1004023,1031447,1031447]","[226596,226596,226596,226596,226596,226596,226596,226596,226596,226596,226596,226596,226596,226596,226596]","{""semantic_component_batches"":1,""semantic_component_jobs"":32,""max_semantic_component_workers"":8,""inference_regions"":66,""canonical_specialization_queries"":0,""canonical_specialization_hits"":0,""solver_requested_bytes"":103228,""solver_allocations"":486,""scratch_requested_bytes"":93624,""scratch_allocations"":404,""max_solver_live_bytes"":12124,""max_scratch_live_bytes"":13076,""evidence_import_solver_bytes"":0,""evidence_import_scratch_bytes"":128,""snapshot_copy_bytes"":0,""snapshot_copy_allocations"":0,""principal_copy_buffer_bytes"":0,""principal_copy_buffer_allocations"":0,""frozen_capture_temporary_bytes"":0,""frozen_capture_published_bytes"":0,""frozen_edge_scratch_bytes"":0,""region_scopes"":98,""max_region_scopes"":33,""call_collections_closed"":0,""call_collections_unresolved"":0,""call_memo_hits"":32,""solver_passes"":69,""solver_constraint_visits"":64,""occurs_steps"":0}"
build/bench/cloud-principal-graphs/jobs-sources/wide-8-valid.blot,4852cdb5c1dc7aa488f2e51ab644f6d9f5cbf4c857856ca2fe084bfda1af3827,baseline,"[918,937,949,970,979,987,1017,1048,1057,1118,1132,1166,1208,1230,1327]","[1088,1128,1148,1181,1182,1201,1228,1248,1262,1336,1338,1401,1405,1432,1549]","[216548,216548,216548,216548,216548,216548,216548,216548,216548,216548,216548,216548,216548,216548,216548]","[60044,60044,60044,60044,60044,60044,60044,60044,60044,60044,60044,60044,60044,60044,60044]","{""inference_regions"":18,""canonical_specialization_queries"":0,""canonical_specialization_hits"":0,""solver_requested_bytes"":24240,""solver_allocations"":134,""scratch_requested_bytes"":21592,""scratch_allocations"":116,""max_solver_live_bytes"":3072,""max_scratch_live_bytes"":3364,""evidence_import_solver_bytes"":0,""evidence_import_scratch_bytes"":128,""snapshot_copy_bytes"":0,""snapshot_copy_allocations"":0,""principal_copy_buffer_bytes"":0,""principal_copy_buffer_allocations"":0,""frozen_capture_temporary_bytes"":0,""frozen_capture_published_bytes"":0,""frozen_edge_scratch_bytes"":0,""region_scopes"":26,""max_region_scopes"":9,""call_collections_closed"":0,""call_collections_unresolved"":0,""call_memo_hits"":8,""solver_passes"":21,""solver_constraint_visits"":24,""occurs_steps"":0}"
build/bench/cloud-principal-graphs/jobs-sources/wide-8-valid.blot,4852cdb5c1dc7aa488f2e51ab644f6d9f5cbf4c857856ca2fe084bfda1af3827,default,"[719,726,730,736,786,788,807,869,873,874,874,940,956,957,1019]","[892,910,936,961,961,970,1007,1054,1074,1106,1117,1199,1234,1418,1481]","[216548,216548,216548,216548,216548,216548,216548,216548,216548,216548,216548,216548,216548,216548,216548]","[60044,60044,60044,60044,60044,60044,60044,60044,60044,60044,60044,60044,60044,60044,60044]","{""semantic_component_batches"":0,""semantic_component_jobs"":0,""max_semantic_component_workers"":0,""inference_regions"":18,""canonical_specialization_queries"":0,""canonical_specialization_hits"":0,""solver_requested_bytes"":24240,""solver_allocations"":134,""scratch_requested_bytes"":21592,""scratch_allocations"":116,""max_solver_live_bytes"":3072,""max_scratch_live_bytes"":3364,""evidence_import_solver_bytes"":0,""evidence_import_scratch_bytes"":128,""snapshot_copy_bytes"":0,""snapshot_copy_allocations"":0,""principal_copy_buffer_bytes"":0,""principal_copy_buffer_allocations"":0,""frozen_capture_temporary_bytes"":0,""frozen_capture_published_bytes"":0,""frozen_edge_scratch_bytes"":0,""region_scopes"":26,""max_region_scopes"":9,""call_collections_closed"":0,""call_collections_unresolved"":0,""call_memo_hits"":8,""solver_passes"":21,""solver_constraint_visits"":24,""occurs_steps"":0}"
build/bench/cloud-principal-graphs/jobs-sources/wide-8-valid.blot,4852cdb5c1dc7aa488f2e51ab644f6d9f5cbf4c857856ca2fe084bfda1af3827,workers-1,"[723,747,755,787,794,836,888,907,922,941,970,970,1012,1067,1510]","[953,969,979,981,1005,1024,1059,1114,1151,1156,1189,1194,1212,1246,1720]","[252216,252216,252216,252216,252216,252216,252216,252216,252216,252216,252216,252216,252216,252216,252216]","[60044,60044,60044,60044,60044,60044,60044,60044,60044,60044,60044,60044,60044,60044,60044]","{""semantic_component_batches"":1,""semantic_component_jobs"":8,""max_semantic_component_workers"":1,""inference_regions"":18,""canonical_specialization_queries"":0,""canonical_specialization_hits"":0,""solver_requested_bytes"":24240,""solver_allocations"":134,""scratch_requested_bytes"":21592,""scratch_allocations"":116,""max_solver_live_bytes"":3072,""max_scratch_live_bytes"":3364,""evidence_import_solver_bytes"":0,""evidence_import_scratch_bytes"":128,""snapshot_copy_bytes"":0,""snapshot_copy_allocations"":0,""principal_copy_buffer_bytes"":0,""principal_copy_buffer_allocations"":0,""frozen_capture_temporary_bytes"":0,""frozen_capture_published_bytes"":0,""frozen_edge_scratch_bytes"":0,""region_scopes"":26,""max_region_scopes"":9,""call_collections_closed"":0,""call_collections_unresolved"":0,""call_memo_hits"":8,""solver_passes"":21,""solver_constraint_visits"":24,""occurs_steps"":0}"
build/bench/cloud-principal-graphs/jobs-sources/wide-8-valid.blot,4852cdb5c1dc7aa488f2e51ab644f6d9f5cbf4c857856ca2fe084bfda1af3827,workers-2,"[946,948,1012,1092,1100,1149,1152,1153,1198,1198,1218,1275,1277,1376,1405]","[1125,1148,1208,1254,1278,1293,1317,1357,1369,1425,1451,1477,1518,1607,1620]","[252216,290092,290092,290092,290092,290092,290092,290092,290092,290092,290092,290092,290092,290092,290092]","[60044,61336,73226,73226,73226,73226,73226,73226,73226,73226,73226,73226,73346,73346,73482]","{""semantic_component_batches"":1,""semantic_component_jobs"":8,""max_semantic_component_workers"":2,""inference_regions"":18,""canonical_specialization_queries"":0,""canonical_specialization_hits"":0,""solver_requested_bytes"":24240,""solver_allocations"":134,""scratch_requested_bytes"":21592,""scratch_allocations"":116,""max_solver_live_bytes"":3072,""max_scratch_live_bytes"":3364,""evidence_import_solver_bytes"":0,""evidence_import_scratch_bytes"":128,""snapshot_copy_bytes"":0,""snapshot_copy_allocations"":0,""principal_copy_buffer_bytes"":0,""principal_copy_buffer_allocations"":0,""frozen_capture_temporary_bytes"":0,""frozen_capture_published_bytes"":0,""frozen_edge_scratch_bytes"":0,""region_scopes"":26,""max_region_scopes"":9,""call_collections_closed"":0,""call_collections_unresolved"":0,""call_memo_hits"":8,""solver_passes"":21,""solver_constraint_visits"":24,""occurs_steps"":0}"
build/bench/cloud-principal-graphs/jobs-sources/wide-8-valid.blot,4852cdb5c1dc7aa488f2e51ab644f6d9f5cbf4c857856ca2fe084bfda1af3827,workers-4,"[1365,1468,1474,1562,1577,1581,1598,1599,1711,1798,1805,1806,1859,1873,2552]","[1504,1601,1622,1665,1705,1771,1782,1784,1828,1907,2047,2132,2133,2135,2657]","[290092,290092,290092,365844,365844,365844,365844,365844,365844,365844,365844,365844,365844,365844,365844]","[73226,73226,73226,75908,82932,91696,91876,91960,92200,94702,94702,94822,98684,110550,110574]","{""semantic_component_batches"":1,""semantic_component_jobs"":8,""max_semantic_component_workers"":4,""inference_regions"":18,""canonical_specialization_queries"":0,""canonical_specialization_hits"":0,""solver_requested_bytes"":24240,""solver_allocations"":134,""scratch_requested_bytes"":21592,""scratch_allocations"":116,""max_solver_live_bytes"":3072,""max_scratch_live_bytes"":3364,""evidence_import_solver_bytes"":0,""evidence_import_scratch_bytes"":128,""snapshot_copy_bytes"":0,""snapshot_copy_allocations"":0,""principal_copy_buffer_bytes"":0,""principal_copy_buffer_allocations"":0,""frozen_capture_temporary_bytes"":0,""frozen_capture_published_bytes"":0,""frozen_edge_scratch_bytes"":0,""region_scopes"":26,""max_region_scopes"":9,""call_collections_closed"":0,""call_collections_unresolved"":0,""call_memo_hits"":8,""solver_passes"":21,""solver_constraint_visits"":24,""occurs_steps"":0}"
build/bench/cloud-principal-graphs/jobs-sources/wide-8-valid.blot,4852cdb5c1dc7aa488f2e51ab644f6d9f5cbf4c857856ca2fe084bfda1af3827,workers-8,"[1992,2015,2163,2187,2189,2225,2241,2275,2322,2323,2327,2383,2400,2423,2950]","[2026,2037,2123,2326,2339,2355,2393,2406,2413,2415,2462,2509,2668,3028,3425]","[252216,252216,252216,252216,327968,327968,327968,365844,365844,365844,403720,403720,441596,441596,479472]","[60044,60044,60044,60044,76088,79866,80214,91696,91960,93068,94822,97804,117466,129920,130556]","{""semantic_component_batches"":1,""semantic_component_jobs"":8,""max_semantic_component_workers"":8,""inference_regions"":18,""canonical_specialization_queries"":0,""canonical_specialization_hits"":0,""solver_requested_bytes"":24240,""solver_allocations"":134,""scratch_requested_bytes"":21592,""scratch_allocations"":116,""max_solver_live_bytes"":3072,""max_scratch_live_bytes"":3364,""evidence_import_solver_bytes"":0,""evidence_import_scratch_bytes"":128,""snapshot_copy_bytes"":0,""snapshot_copy_allocations"":0,""principal_copy_buffer_bytes"":0,""principal_copy_buffer_allocations"":0,""frozen_capture_temporary_bytes"":0,""frozen_capture_published_bytes"":0,""frozen_edge_scratch_bytes"":0,""region_scopes"":26,""max_region_scopes"":9,""call_collections_closed"":0,""call_collections_unresolved"":0,""call_memo_hits"":8,""solver_passes"":21,""solver_constraint_visits"":24,""occurs_steps"":0}"
