workload,phase,policy,cpu_us,wall_us,requested_bytes,allocations,peak_live_bytes,retained_live_bytes,requested_bytes_distribution,peak_live_bytes_distribution,work_counters
wide8,population,baseline,"[1790,1801,1838,1848,1860,2210,2635]","[1786,1796,1833,1844,1852,2210,2630]",1240826,2933,490923,331202,"[1240826,1240826,1240826,1240826,1240826,1240826,1240826]","[490923,490923,490923,490923,490923,490923,490923]","{""inference_regions"":69,""canonical_specialization_queries"":16,""canonical_specialization_hits"":0,""solver_requested_bytes"":135776,""solver_allocations"":490,""scratch_requested_bytes"":152760,""scratch_allocations"":941,""max_solver_live_bytes"":3264,""max_scratch_live_bytes"":2644,""evidence_import_solver_bytes"":0,""evidence_import_scratch_bytes"":4224,""snapshot_copy_bytes"":13904,""snapshot_copy_allocations"":12,""principal_copy_buffer_bytes"":10048,""principal_copy_buffer_allocations"":144,""frozen_capture_temporary_bytes"":0,""frozen_capture_published_bytes"":512,""frozen_edge_scratch_bytes"":0,""region_scopes"":134,""max_region_scopes"":4,""call_collections_closed"":33,""call_collections_unresolved"":0,""call_memo_hits"":67,""solver_passes"":71,""solver_constraint_visits"":38,""occurs_steps"":0}"
wide8,population,default,"[1472,1611,1699,1714,1776,1866,2091]","[1466,1602,1692,1707,1769,1858,2084]",1240882,2933,490923,331202,"[1240882,1240882,1240882,1240882,1240882,1240882,1240882]","[490923,490923,490923,490923,490923,490923,490923]","{""semantic_component_batches"":0,""semantic_component_jobs"":0,""max_semantic_component_workers"":0,""inference_regions"":69,""canonical_specialization_queries"":16,""canonical_specialization_hits"":0,""solver_requested_bytes"":135776,""solver_allocations"":490,""scratch_requested_bytes"":152760,""scratch_allocations"":941,""max_solver_live_bytes"":3264,""max_scratch_live_bytes"":2644,""evidence_import_solver_bytes"":0,""evidence_import_scratch_bytes"":4224,""snapshot_copy_bytes"":13904,""snapshot_copy_allocations"":12,""principal_copy_buffer_bytes"":10048,""principal_copy_buffer_allocations"":144,""frozen_capture_temporary_bytes"":0,""frozen_capture_published_bytes"":512,""frozen_edge_scratch_bytes"":0,""region_scopes"":134,""max_region_scopes"":4,""call_collections_closed"":33,""call_collections_unresolved"":0,""call_memo_hits"":67,""solver_passes"":71,""solver_constraint_visits"":38,""occurs_steps"":0}"
wide8,population,workers-1,"[1526,1540,1641,1752,1840,1858,1862]","[1520,1533,1634,1726,1832,1851,1855]",1293602,2972,490699,331202,"[1293602,1293602,1293602,1293602,1293602,1293602,1293602]","[490699,490699,490699,490699,490699,490699,490699]","{""semantic_component_batches"":1,""semantic_component_jobs"":2,""max_semantic_component_workers"":1,""inference_regions"":69,""canonical_specialization_queries"":16,""canonical_specialization_hits"":0,""solver_requested_bytes"":135776,""solver_allocations"":490,""scratch_requested_bytes"":152760,""scratch_allocations"":941,""max_solver_live_bytes"":3264,""max_scratch_live_bytes"":2644,""evidence_import_solver_bytes"":0,""evidence_import_scratch_bytes"":4224,""snapshot_copy_bytes"":13904,""snapshot_copy_allocations"":12,""principal_copy_buffer_bytes"":10048,""principal_copy_buffer_allocations"":144,""frozen_capture_temporary_bytes"":0,""frozen_capture_published_bytes"":512,""frozen_edge_scratch_bytes"":0,""region_scopes"":134,""max_region_scopes"":4,""call_collections_closed"":33,""call_collections_unresolved"":0,""call_memo_hits"":67,""solver_passes"":71,""solver_constraint_visits"":38,""occurs_steps"":0}"
wide8,population,workers-2,"[1759,1951,1964,2087,2139,2329,2474]","[1705,1929,1942,2027,2051,2275,2423]",1293602,2972,490699,331202,"[1293602,1293602,1293602,1293602,1345650,1345650,1345650]","[490699,490699,490699,490699,490699,490699,490699]","{""semantic_component_batches"":1,""semantic_component_jobs"":2,""max_semantic_component_workers"":2,""inference_regions"":69,""canonical_specialization_queries"":16,""canonical_specialization_hits"":0,""solver_requested_bytes"":135776,""solver_allocations"":490,""scratch_requested_bytes"":152760,""scratch_allocations"":941,""max_solver_live_bytes"":3264,""max_scratch_live_bytes"":2644,""evidence_import_solver_bytes"":0,""evidence_import_scratch_bytes"":4224,""snapshot_copy_bytes"":13904,""snapshot_copy_allocations"":12,""principal_copy_buffer_bytes"":10048,""principal_copy_buffer_allocations"":144,""frozen_capture_temporary_bytes"":0,""frozen_capture_published_bytes"":512,""frozen_edge_scratch_bytes"":0,""region_scopes"":134,""max_region_scopes"":4,""call_collections_closed"":33,""call_collections_unresolved"":0,""call_memo_hits"":67,""solver_passes"":71,""solver_constraint_visits"":38,""occurs_steps"":0}"
wide8,population,workers-4,"[1783,1861,1902,2138,2213,2377,2693]","[1740,1826,1871,2082,2179,2336,2635]",1345650,2979,490699,331202,"[1293602,1345650,1345650,1345650,1345650,1345650,1345650]","[490699,490699,490699,490699,490699,490699,490699]","{""semantic_component_batches"":1,""semantic_component_jobs"":2,""max_semantic_component_workers"":2,""inference_regions"":69,""canonical_specialization_queries"":16,""canonical_specialization_hits"":0,""solver_requested_bytes"":135776,""solver_allocations"":490,""scratch_requested_bytes"":152760,""scratch_allocations"":941,""max_solver_live_bytes"":3264,""max_scratch_live_bytes"":2644,""evidence_import_solver_bytes"":0,""evidence_import_scratch_bytes"":4224,""snapshot_copy_bytes"":13904,""snapshot_copy_allocations"":12,""principal_copy_buffer_bytes"":10048,""principal_copy_buffer_allocations"":144,""frozen_capture_temporary_bytes"":0,""frozen_capture_published_bytes"":512,""frozen_edge_scratch_bytes"":0,""region_scopes"":134,""max_region_scopes"":4,""call_collections_closed"":33,""call_collections_unresolved"":0,""call_memo_hits"":67,""solver_passes"":71,""solver_constraint_visits"":38,""occurs_steps"":0}"
wide8,population,workers-8,"[1947,1957,1979,1982,2063,2261,2272]","[1915,1931,1951,1951,2028,2228,2235]",1345650,2979,490699,331202,"[1345650,1345650,1345650,1345650,1345650,1345650,1345650]","[490699,490699,490699,490699,490699,490699,490699]","{""semantic_component_batches"":1,""semantic_component_jobs"":2,""max_semantic_component_workers"":2,""inference_regions"":69,""canonical_specialization_queries"":16,""canonical_specialization_hits"":0,""solver_requested_bytes"":135776,""solver_allocations"":490,""scratch_requested_bytes"":152760,""scratch_allocations"":941,""max_solver_live_bytes"":3264,""max_scratch_live_bytes"":2644,""evidence_import_solver_bytes"":0,""evidence_import_scratch_bytes"":4224,""snapshot_copy_bytes"":13904,""snapshot_copy_allocations"":12,""principal_copy_buffer_bytes"":10048,""principal_copy_buffer_allocations"":144,""frozen_capture_temporary_bytes"":0,""frozen_capture_published_bytes"":512,""frozen_edge_scratch_bytes"":0,""region_scopes"":134,""max_region_scopes"":4,""call_collections_closed"":33,""call_collections_unresolved"":0,""call_memo_hits"":67,""solver_passes"":71,""solver_constraint_visits"":38,""occurs_steps"":0}"
wide8,edit,baseline,"[1092,1092,1093,1094,1094,1098,1099,1099,1100,1101,1101,1102,1102,1104,1105,1105,1105,1106,1107,1107,1108,1108,1109,1110,1110,1111,1112,1113,1114,1114,1114,1116,1116,1117,1117,1118,1119,1119,1122,1122,1122,1123,1123,1124,1124,1125,1125,1126,1127,1127,1129,1130,1131,1134,1135,1135,1137,1137,1138,1138,1139,1140,1140,1140,1141,1142,1145,1146,1153,1155,1156,1156,1159,1160,1162,1162,1164,1167,1171,1174,1176,1176,1176,1177,1180,1181,1181,1185,1187,1188,1190,1195,1196,1200,1201,1207,1208,1211,1216,1221,1223,1226,1228,1235,1237,1243,1247,1248,1248,1252,1257,1259,1262,1270,1272,1280,1287,1289,1313,1345,1345,1367,1380,1387,1388,1398,1401,1451,1452,1502,1576,1580,1598,1607,1634,1879,2245,2466,3962,7086]","[1092,1093,1094,1094,1095,1098,1099,1100,1100,1101,1101,1102,1102,1104,1105,1105,1106,1107,1107,1108,1108,1109,1109,1110,1111,1111,1113,1113,1113,1114,1114,1116,1116,1117,1118,1118,1119,1119,1121,1122,1123,1123,1124,1124,1125,1125,1126,1126,1127,1127,1128,1131,1131,1134,1135,1135,1137,1138,1138,1139,1140,1141,1141,1142,1142,1142,1146,1147,1152,1155,1156,1157,1160,1161,1163,1164,1167,1168,1172,1174,1176,1176,1177,1178,1181,1181,1181,1186,1187,1189,1191,1196,1200,1200,1202,1207,1208,1211,1217,1221,1224,1226,1229,1236,1237,1243,1247,1248,1248,1252,1258,1260,1262,1270,1273,1280,1286,1289,1313,1345,1345,1367,1380,1387,1389,1398,1400,1451,1452,1502,1576,1581,1598,1607,1634,1879,2245,2467,3963,7087]",1302754.0,3232.0,833033.0,331198.0,"[1302754,1302754,1302754,1302754,1302754,1302754,1302754,1302754,1302754,1302754,1302754,1302754,1302754,1302754,1302754,1302754,1302754,1302754,1302754,1302754,1302754,1302754,1302754,1302754,1302754,1302754,1302754,1302754,1302754,1302754,1302754,1302754,1302754,1302754,1302754,1302754,1302754,1302754,1302754,1302754,1302754,1302754,1302754,1302754,1302754,1302754,1302754,1302754,1302754,1302754,1302754,1302754,1302754,1302754,1302754,1302754,1302754,1302754,1302754,1302754,1302754,1302754,1302754,1302754,1302754,1302754,1302754,1302754,1302754,1302754,1302754,1302754,1302754,1302754,1302754,1302754,1302754,1302754,1302754,1302754,1302754,1302754,1302754,1302754,1302754,1302754,1302754,1302754,1302754,1302754,1302754,1302754,1302754,1302754,1302754,1302754,1302754,1302754,1302754,1302754,1302754,1302754,1302754,1302754,1302754,1302754,1302754,1302754,1302754,1302754,1302754,1302754,1302754,1302754,1302754,1302754,1302754,1302754,1302754,1302754,1302754,1302754,1302754,1302754,1302754,1302754,1302754,1302754,1302754,1302754,1302754,1302754,1302754,1302754,1302754,1302754,1302754,1302754,1302754,1302754]","[833033,833033,833033,833033,833033,833033,833033,833033,833033,833033,833033,833033,833033,833033,833033,833033,833033,833033,833033,833033,833033,833033,833033,833033,833033,833033,833033,833033,833033,833033,833033,833033,833033,833033,833033,833033,833033,833033,833033,833033,833033,833033,833033,833033,833033,833033,833033,833033,833033,833033,833033,833033,833033,833033,833033,833033,833033,833033,833033,833033,833033,833033,833033,833033,833033,833033,833033,833033,833033,833033,833033,833033,833033,833033,833033,833033,833033,833033,833033,833033,833033,833033,833033,833033,833033,833033,833033,833033,833033,833033,833033,833033,833033,833033,833033,833033,833033,833033,833033,833033,833033,833033,833033,833033,833033,833033,833033,833033,833033,833033,833033,833033,833033,833033,833033,833033,833033,833033,833033,833033,833033,833033,833033,833033,833033,833033,833033,833033,833033,833033,833033,833033,833033,833033,833033,833033,833033,833033,833033,833033]","{""inference_regions"":68,""canonical_specialization_queries"":16,""canonical_specialization_hits"":1,""solver_requested_bytes"":134816,""solver_allocations"":484,""scratch_requested_bytes"":151540,""scratch_allocations"":932,""max_solver_live_bytes"":3264,""max_scratch_live_bytes"":2644,""evidence_import_solver_bytes"":0,""evidence_import_scratch_bytes"":4096,""snapshot_copy_bytes"":13852,""snapshot_copy_allocations"":12,""principal_copy_buffer_bytes"":10048,""principal_copy_buffer_allocations"":144,""frozen_capture_temporary_bytes"":0,""frozen_capture_published_bytes"":480,""frozen_edge_scratch_bytes"":0,""region_scopes"":133,""max_region_scopes"":4,""call_collections_closed"":33,""call_collections_unresolved"":0,""call_memo_hits"":67,""solver_passes"":70,""solver_constraint_visits"":38,""occurs_steps"":0}"
wide8,edit,default,"[1066,1083,1083,1085,1085,1086,1086,1087,1090,1090,1090,1093,1093,1094,1094,1095,1095,1095,1096,1096,1097,1098,1099,1102,1103,1103,1104,1107,1107,1110,1111,1111,1112,1116,1116,1118,1118,1118,1120,1123,1127,1128,1131,1132,1135,1136,1137,1139,1141,1141,1143,1143,1143,1144,1144,1146,1149,1150,1152,1154,1155,1156,1160,1163,1165,1166,1167,1168,1169,1169,1173,1174,1176,1180,1186,1186,1187,1188,1192,1199,1201,1202,1206,1206,1209,1215,1217,1218,1220,1228,1232,1235,1235,1243,1246,1258,1261,1264,1270,1272,1274,1283,1286,1294,1295,1296,1300,1308,1312,1318,1321,1331,1333,1334,1346,1354,1360,1361,1363,1375,1377,1378,1385,1396,1403,1404,1405,1433,1451,1473,1478,1490,1526,1604,1611,1643,1645,1682,1788,1894]","[1067,1084,1084,1086,1086,1086,1088,1090,1090,1090,1091,1093,1094,1094,1094,1095,1095,1095,1096,1097,1097,1099,1099,1102,1103,1104,1104,1107,1108,1110,1111,1112,1113,1117,1117,1118,1118,1119,1120,1124,1127,1128,1132,1133,1135,1137,1138,1140,1141,1142,1142,1143,1144,1145,1146,1149,1150,1152,1154,1155,1155,1160,1163,1165,1166,1168,1168,1168,1169,1173,1174,1176,1176,1186,1186,1186,1186,1187,1192,1200,1202,1204,1206,1206,1209,1218,1218,1220,1220,1228,1233,1235,1236,1243,1246,1258,1262,1264,1270,1272,1275,1283,1286,1294,1295,1296,1300,1308,1312,1318,1321,1332,1333,1335,1346,1355,1360,1361,1363,1375,1377,1378,1385,1396,1403,1404,1406,1433,1451,1473,1478,1490,1527,1604,1611,1644,1646,1682,1788,1894]",1302810.0,3232.0,833033.0,331198.0,"[1302810,1302810,1302810,1302810,1302810,1302810,1302810,1302810,1302810,1302810,1302810,1302810,1302810,1302810,1302810,1302810,1302810,1302810,1302810,1302810,1302810,1302810,1302810,1302810,1302810,1302810,1302810,1302810,1302810,1302810,1302810,1302810,1302810,1302810,1302810,1302810,1302810,1302810,1302810,1302810,1302810,1302810,1302810,1302810,1302810,1302810,1302810,1302810,1302810,1302810,1302810,1302810,1302810,1302810,1302810,1302810,1302810,1302810,1302810,1302810,1302810,1302810,1302810,1302810,1302810,1302810,1302810,1302810,1302810,1302810,1302810,1302810,1302810,1302810,1302810,1302810,1302810,1302810,1302810,1302810,1302810,1302810,1302810,1302810,1302810,1302810,1302810,1302810,1302810,1302810,1302810,1302810,1302810,1302810,1302810,1302810,1302810,1302810,1302810,1302810,1302810,1302810,1302810,1302810,1302810,1302810,1302810,1302810,1302810,1302810,1302810,1302810,1302810,1302810,1302810,1302810,1302810,1302810,1302810,1302810,1302810,1302810,1302810,1302810,1302810,1302810,1302810,1302810,1302810,1302810,1302810,1302810,1302810,1302810,1302810,1302810,1302810,1302810,1302810,1302810]","[833033,833033,833033,833033,833033,833033,833033,833033,833033,833033,833033,833033,833033,833033,833033,833033,833033,833033,833033,833033,833033,833033,833033,833033,833033,833033,833033,833033,833033,833033,833033,833033,833033,833033,833033,833033,833033,833033,833033,833033,833033,833033,833033,833033,833033,833033,833033,833033,833033,833033,833033,833033,833033,833033,833033,833033,833033,833033,833033,833033,833033,833033,833033,833033,833033,833033,833033,833033,833033,833033,833033,833033,833033,833033,833033,833033,833033,833033,833033,833033,833033,833033,833033,833033,833033,833033,833033,833033,833033,833033,833033,833033,833033,833033,833033,833033,833033,833033,833033,833033,833033,833033,833033,833033,833033,833033,833033,833033,833033,833033,833033,833033,833033,833033,833033,833033,833033,833033,833033,833033,833033,833033,833033,833033,833033,833033,833033,833033,833033,833033,833033,833033,833033,833033,833033,833033,833033,833033,833033,833033]","{""semantic_component_batches"":0,""semantic_component_jobs"":0,""max_semantic_component_workers"":0,""inference_regions"":68,""canonical_specialization_queries"":16,""canonical_specialization_hits"":1,""solver_requested_bytes"":134816,""solver_allocations"":484,""scratch_requested_bytes"":151540,""scratch_allocations"":932,""max_solver_live_bytes"":3264,""max_scratch_live_bytes"":2644,""evidence_import_solver_bytes"":0,""evidence_import_scratch_bytes"":4096,""snapshot_copy_bytes"":13852,""snapshot_copy_allocations"":12,""principal_copy_buffer_bytes"":10048,""principal_copy_buffer_allocations"":144,""frozen_capture_temporary_bytes"":0,""frozen_capture_published_bytes"":480,""frozen_edge_scratch_bytes"":0,""region_scopes"":133,""max_region_scopes"":4,""call_collections_closed"":33,""call_collections_unresolved"":0,""call_memo_hits"":67,""solver_passes"":70,""solver_constraint_visits"":38,""occurs_steps"":0}"
wide8,edit,workers-1,"[1077,1080,1081,1082,1083,1084,1085,1085,1087,1088,1089,1090,1092,1092,1095,1096,1097,1098,1098,1099,1099,1100,1101,1102,1103,1105,1105,1105,1106,1108,1109,1110,1112,1113,1115,1116,1117,1118,1118,1119,1119,1122,1124,1125,1125,1126,1126,1127,1127,1127,1128,1128,1129,1129,1131,1132,1133,1134,1139,1141,1143,1144,1144,1144,1146,1148,1149,1150,1151,1151,1154,1155,1155,1159,1163,1164,1164,1166,1166,1167,1169,1172,1177,1178,1178,1179,1180,1181,1185,1186,1186,1191,1193,1204,1205,1205,1206,1209,1214,1214,1215,1220,1222,1233,1238,1243,1244,1250,1251,1259,1270,1274,1278,1291,1294,1304,1312,1316,1318,1333,1344,1364,1367,1368,1373,1434,1436,1446,1446,1449,1455,1455,1463,1466,1504,1504,1516,1518,1803,2995]","[1078,1080,1082,1082,1083,1084,1085,1086,1087,1089,1089,1090,1092,1092,1095,1096,1097,1098,1098,1099,1099,1100,1101,1102,1103,1105,1105,1106,1106,1108,1109,1110,1112,1113,1115,1117,1117,1118,1118,1120,1120,1123,1125,1125,1126,1126,1126,1127,1127,1128,1129,1130,1130,1132,1132,1133,1134,1140,1141,1144,1145,1145,1145,1146,1148,1149,1150,1151,1151,1154,1155,1155,1164,1164,1165,1166,1167,1169,1170,1172,1177,1178,1178,1180,1180,1180,1185,1186,1186,1187,1191,1193,1205,1205,1206,1207,1209,1214,1215,1215,1220,1221,1233,1238,1244,1244,1250,1251,1259,1269,1274,1278,1291,1294,1304,1307,1313,1316,1318,1333,1344,1365,1368,1368,1373,1435,1437,1446,1446,1449,1456,1456,1463,1467,1504,1505,1516,1518,1808,2995]",1355530.0,3271.0,832809.0,331198.0,"[1355530,1355530,1355530,1355530,1355530,1355530,1355530,1355530,1355530,1355530,1355530,1355530,1355530,1355530,1355530,1355530,1355530,1355530,1355530,1355530,1355530,1355530,1355530,1355530,1355530,1355530,1355530,1355530,1355530,1355530,1355530,1355530,1355530,1355530,1355530,1355530,1355530,1355530,1355530,1355530,1355530,1355530,1355530,1355530,1355530,1355530,1355530,1355530,1355530,1355530,1355530,1355530,1355530,1355530,1355530,1355530,1355530,1355530,1355530,1355530,1355530,1355530,1355530,1355530,1355530,1355530,1355530,1355530,1355530,1355530,1355530,1355530,1355530,1355530,1355530,1355530,1355530,1355530,1355530,1355530,1355530,1355530,1355530,1355530,1355530,1355530,1355530,1355530,1355530,1355530,1355530,1355530,1355530,1355530,1355530,1355530,1355530,1355530,1355530,1355530,1355530,1355530,1355530,1355530,1355530,1355530,1355530,1355530,1355530,1355530,1355530,1355530,1355530,1355530,1355530,1355530,1355530,1355530,1355530,1355530,1355530,1355530,1355530,1355530,1355530,1355530,1355530,1355530,1355530,1355530,1355530,1355530,1355530,1355530,1355530,1355530,1355530,1355530,1355530,1355530]","[832809,832809,832809,832809,832809,832809,832809,832809,832809,832809,832809,832809,832809,832809,832809,832809,832809,832809,832809,832809,832809,832809,832809,832809,832809,832809,832809,832809,832809,832809,832809,832809,832809,832809,832809,832809,832809,832809,832809,832809,832809,832809,832809,832809,832809,832809,832809,832809,832809,832809,832809,832809,832809,832809,832809,832809,832809,832809,832809,832809,832809,832809,832809,832809,832809,832809,832809,832809,832809,832809,832809,832809,832809,832809,832809,832809,832809,832809,832809,832809,832809,832809,832809,832809,832809,832809,832809,832809,832809,832809,832809,832809,832809,832809,832809,832809,832809,832809,832809,832809,832809,832809,832809,832809,832809,832809,832809,832809,832809,832809,832809,832809,832809,832809,832809,832809,832809,832809,832809,832809,832809,832809,832809,832809,832809,832809,832809,832809,832809,832809,832809,832809,832809,832809,832809,832809,832809,832809,832809,832809]","{""semantic_component_batches"":1,""semantic_component_jobs"":2,""max_semantic_component_workers"":1,""inference_regions"":68,""canonical_specialization_queries"":16,""canonical_specialization_hits"":1,""solver_requested_bytes"":134816,""solver_allocations"":484,""scratch_requested_bytes"":151540,""scratch_allocations"":932,""max_solver_live_bytes"":3264,""max_scratch_live_bytes"":2644,""evidence_import_solver_bytes"":0,""evidence_import_scratch_bytes"":4096,""snapshot_copy_bytes"":13852,""snapshot_copy_allocations"":12,""principal_copy_buffer_bytes"":10048,""principal_copy_buffer_allocations"":144,""frozen_capture_temporary_bytes"":0,""frozen_capture_published_bytes"":480,""frozen_edge_scratch_bytes"":0,""region_scopes"":133,""max_region_scopes"":4,""call_collections_closed"":33,""call_collections_unresolved"":0,""call_memo_hits"":67,""solver_passes"":70,""solver_constraint_visits"":38,""occurs_steps"":0}"
wide8,edit,workers-2,"[1132,1144,1150,1152,1153,1154,1156,1157,1160,1160,1161,1165,1165,1169,1170,1172,1174,1176,1179,1179,1180,1180,1184,1185,1185,1187,1188,1188,1189,1189,1190,1190,1192,1193,1200,1203,1204,1205,1207,1207,1209,1209,1212,1214,1214,1222,1223,1223,1226,1228,1236,1238,1240,1240,1240,1245,1248,1251,1251,1251,1252,1255,1260,1269,1270,1271,1273,1273,1276,1277,1281,1286,1289,1290,1292,1292,1295,1297,1299,1303,1303,1304,1308,1309,1310,1314,1314,1319,1319,1322,1322,1325,1328,1329,1331,1331,1334,1344,1353,1354,1357,1361,1362,1363,1365,1368,1375,1381,1390,1398,1419,1432,1457,1459,1462,1464,1469,1479,1495,1524,1534,1539,1542,1552,1560,1576,1581,1583,1592,1602,1625,1631,1656,1658,1668,1737,1744,1745,1755,1773]","[1129,1142,1145,1147,1149,1149,1149,1154,1158,1158,1161,1161,1162,1163,1163,1166,1169,1171,1171,1173,1175,1176,1176,1179,1180,1181,1183,1185,1186,1188,1189,1190,1192,1193,1195,1197,1198,1198,1204,1205,1206,1210,1211,1212,1215,1217,1221,1222,1225,1227,1232,1233,1236,1240,1240,1242,1243,1246,1246,1248,1250,1253,1257,1266,1267,1268,1273,1276,1276,1280,1287,1288,1288,1288,1288,1289,1299,1304,1305,1305,1306,1308,1310,1311,1311,1316,1316,1318,1322,1323,1325,1326,1328,1330,1332,1336,1337,1346,1351,1353,1359,1360,1364,1367,1371,1374,1378,1389,1396,1417,1430,1449,1461,1464,1470,1471,1491,1492,1518,1519,1537,1540,1552,1552,1568,1572,1580,1582,1584,1599,1610,1628,1629,1661,1662,1719,1739,1746,1770,1780]",1355530.0,3271.0,832809.0,331198.0,"[1355530,1355530,1355530,1355530,1355530,1355530,1355530,1355530,1355530,1355530,1355530,1355530,1355530,1355530,1355530,1355530,1355530,1355530,1355530,1355530,1355530,1355530,1355530,1355530,1355530,1355530,1355530,1355530,1355530,1355530,1355530,1355530,1355530,1355530,1355530,1355530,1355530,1355530,1355530,1355530,1355530,1355530,1355530,1355530,1355530,1355530,1355530,1355530,1355530,1355530,1355530,1355530,1355530,1355530,1355530,1355530,1355530,1355530,1355530,1355530,1355530,1355530,1355530,1355530,1355530,1355530,1355530,1355530,1355530,1355530,1355530,1355530,1355530,1355530,1407578,1407578,1407578,1407578,1407578,1407578,1407578,1407578,1407578,1407578,1407578,1407578,1407578,1407578,1407578,1407578,1407578,1407578,1407578,1407578,1407578,1407578,1407578,1407578,1407578,1407578,1407578,1407578,1407578,1407578,1407578,1407578,1407578,1407578,1407578,1407578,1407578,1407578,1407578,1407578,1407578,1407578,1407578,1407578,1407578,1407578,1407578,1407578,1407578,1407578,1407578,1407578,1407578,1407578,1407578,1407578,1407578,1407578,1407578,1407578,1407578,1407578,1407578,1407578,1407578,1407578]","[832809,832809,832809,832809,832809,832809,832809,832809,832809,832809,832809,832809,832809,832809,832809,832809,832809,832809,832809,832809,832809,832809,832809,832809,832809,832809,832809,832809,832809,832809,832809,832809,832809,832809,832809,832809,832809,832809,832809,832809,832809,832809,832809,832809,832809,832809,832809,832809,832809,832809,832809,832809,832809,832809,832809,832809,832809,832809,832809,832809,832809,832809,832809,832809,832809,832809,832809,832809,832809,832809,832809,832809,832809,832809,832809,832809,832809,832809,832809,832809,832809,832809,832809,832809,832809,832809,832809,832809,832809,832809,832809,832809,832809,832809,832809,832809,832809,832809,832809,832809,832809,832809,832809,832809,832809,832809,832809,832809,832809,832809,832809,832809,832809,832809,832809,832809,832809,832809,832809,832809,832809,832809,832809,832809,832809,832809,832809,832809,832809,832809,832809,832809,832809,832809,832809,832809,832809,832809,832809,832809]","{""semantic_component_batches"":1,""semantic_component_jobs"":2,""max_semantic_component_workers"":2,""inference_regions"":68,""canonical_specialization_queries"":16,""canonical_specialization_hits"":1,""solver_requested_bytes"":134816,""solver_allocations"":484,""scratch_requested_bytes"":151540,""scratch_allocations"":932,""max_solver_live_bytes"":3264,""max_scratch_live_bytes"":2644,""evidence_import_solver_bytes"":0,""evidence_import_scratch_bytes"":4096,""snapshot_copy_bytes"":13852,""snapshot_copy_allocations"":12,""principal_copy_buffer_bytes"":10048,""principal_copy_buffer_allocations"":144,""frozen_capture_temporary_bytes"":0,""frozen_capture_published_bytes"":480,""frozen_edge_scratch_bytes"":0,""region_scopes"":133,""max_region_scopes"":4,""call_collections_closed"":33,""call_collections_unresolved"":0,""call_memo_hits"":67,""solver_passes"":70,""solver_constraint_visits"":38,""occurs_steps"":0}"
wide8,edit,workers-4,"[1135,1139,1140,1145,1148,1149,1150,1153,1153,1153,1154,1155,1158,1163,1163,1163,1165,1169,1169,1171,1171,1173,1177,1178,1179,1180,1181,1181,1181,1182,1189,1189,1191,1193,1193,1196,1197,1200,1204,1207,1208,1209,1210,1210,1214,1220,1225,1231,1233,1236,1236,1237,1248,1252,1257,1260,1267,1267,1273,1279,1286,1294,1295,1296,1301,1304,1309,1312,1316,1319,1325,1326,1330,1333,1336,1340,1343,1344,1346,1346,1349,1352,1355,1355,1358,1359,1362,1368,1371,1374,1375,1376,1377,1380,1382,1397,1402,1425,1429,1438,1440,1445,1448,1459,1460,1462,1464,1471,1473,1477,1483,1484,1488,1491,1504,1544,1545,1556,1575,1598,1602,1603,1607,1608,1610,1616,1620,1664,1670,1726,1733,1743,1746,1782,1793,1870,1885,1962,1975,2120]","[1132,1136,1138,1142,1143,1146,1148,1150,1150,1151,1152,1153,1155,1158,1159,1161,1163,1164,1164,1167,1167,1167,1170,1174,1176,1178,1179,1179,1183,1183,1186,1187,1189,1191,1191,1193,1194,1200,1200,1204,1206,1207,1210,1215,1218,1226,1228,1229,1230,1233,1233,1235,1248,1249,1253,1258,1259,1262,1269,1275,1279,1290,1290,1291,1295,1302,1302,1305,1314,1316,1323,1323,1327,1328,1332,1339,1340,1341,1343,1343,1343,1344,1350,1354,1357,1363,1366,1367,1368,1370,1370,1371,1375,1379,1380,1397,1420,1423,1432,1438,1438,1442,1452,1463,1465,1466,1471,1475,1476,1478,1483,1484,1486,1492,1501,1539,1541,1555,1569,1588,1592,1601,1602,1603,1604,1609,1614,1670,1675,1720,1739,1743,1765,1780,1789,1868,1875,1946,1964,2113]",1355530.0,3271.0,832809.0,331198.0,"[1355530,1355530,1355530,1355530,1355530,1355530,1355530,1355530,1355530,1355530,1355530,1355530,1355530,1355530,1355530,1355530,1355530,1355530,1355530,1355530,1355530,1355530,1355530,1355530,1355530,1355530,1355530,1355530,1355530,1355530,1355530,1355530,1355530,1355530,1355530,1355530,1355530,1355530,1355530,1355530,1355530,1355530,1355530,1355530,1355530,1355530,1355530,1355530,1355530,1355530,1355530,1355530,1355530,1355530,1355530,1355530,1355530,1355530,1355530,1355530,1355530,1355530,1355530,1355530,1355530,1355530,1355530,1355530,1355530,1355530,1355530,1355530,1355530,1355530,1355530,1355530,1355530,1355530,1355530,1407578,1407578,1407578,1407578,1407578,1407578,1407578,1407578,1407578,1407578,1407578,1407578,1407578,1407578,1407578,1407578,1407578,1407578,1407578,1407578,1407578,1407578,1407578,1407578,1407578,1407578,1407578,1407578,1407578,1407578,1407578,1407578,1407578,1407578,1407578,1407578,1407578,1407578,1407578,1407578,1407578,1407578,1407578,1407578,1407578,1407578,1407578,1407578,1407578,1407578,1407578,1407578,1407578,1407578,1407578,1407578,1407578,1407578,1407578,1407578,1407578]","[832809,832809,832809,832809,832809,832809,832809,832809,832809,832809,832809,832809,832809,832809,832809,832809,832809,832809,832809,832809,832809,832809,832809,832809,832809,832809,832809,832809,832809,832809,832809,832809,832809,832809,832809,832809,832809,832809,832809,832809,832809,832809,832809,832809,832809,832809,832809,832809,832809,832809,832809,832809,832809,832809,832809,832809,832809,832809,832809,832809,832809,832809,832809,832809,832809,832809,832809,832809,832809,832809,832809,832809,832809,832809,832809,832809,832809,832809,832809,832809,832809,832809,832809,832809,832809,832809,832809,832809,832809,832809,832809,832809,832809,832809,832809,832809,832809,832809,832809,832809,832809,832809,832809,832809,832809,832809,832809,832809,832809,832809,832809,832809,832809,832809,832809,832809,832809,832809,832809,832809,832809,832809,832809,832809,832809,832809,832809,832809,832809,832809,832809,832809,832809,832809,832809,832809,832809,832809,832809,832809]","{""semantic_component_batches"":1,""semantic_component_jobs"":2,""max_semantic_component_workers"":2,""inference_regions"":68,""canonical_specialization_queries"":16,""canonical_specialization_hits"":1,""solver_requested_bytes"":134816,""solver_allocations"":484,""scratch_requested_bytes"":151540,""scratch_allocations"":932,""max_solver_live_bytes"":3264,""max_scratch_live_bytes"":2644,""evidence_import_solver_bytes"":0,""evidence_import_scratch_bytes"":4096,""snapshot_copy_bytes"":13852,""snapshot_copy_allocations"":12,""principal_copy_buffer_bytes"":10048,""principal_copy_buffer_allocations"":144,""frozen_capture_temporary_bytes"":0,""frozen_capture_published_bytes"":480,""frozen_edge_scratch_bytes"":0,""region_scopes"":133,""max_region_scopes"":4,""call_collections_closed"":33,""call_collections_unresolved"":0,""call_memo_hits"":67,""solver_passes"":70,""solver_constraint_visits"":38,""occurs_steps"":0}"
wide8,edit,workers-8,"[1133,1154,1157,1159,1165,1166,1167,1169,1169,1171,1177,1179,1182,1183,1185,1186,1191,1193,1193,1195,1195,1196,1197,1201,1202,1204,1204,1207,1212,1212,1217,1218,1223,1231,1234,1235,1238,1239,1239,1241,1242,1242,1245,1245,1245,1246,1255,1256,1261,1275,1277,1279,1280,1283,1284,1285,1287,1289,1290,1290,1294,1294,1296,1299,1300,1302,1305,1307,1308,1308,1311,1313,1315,1318,1332,1334,1335,1339,1344,1349,1354,1359,1360,1362,1363,1363,1373,1381,1383,1384,1386,1392,1417,1422,1426,1428,1437,1437,1438,1442,1443,1443,1453,1465,1465,1468,1473,1474,1474,1478,1480,1513,1513,1517,1522,1523,1554,1561,1565,1566,1575,1600,1618,1621,1622,1632,1643,1643,1671,1703,1778,1841,1866,1965,2092,2174,2450,3311,3476,3680]","[1131,1153,1156,1163,1164,1165,1165,1166,1166,1168,1174,1178,1178,1179,1182,1186,1192,1192,1192,1193,1193,1194,1197,1198,1200,1200,1206,1207,1208,1211,1216,1221,1227,1230,1231,1236,1236,1237,1237,1240,1241,1241,1244,1244,1251,1252,1257,1272,1276,1281,1282,1282,1283,1284,1287,1288,1289,1290,1290,1292,1294,1294,1297,1301,1301,1302,1304,1306,1307,1308,1310,1329,1334,1335,1336,1339,1340,1343,1345,1350,1351,1354,1356,1358,1360,1368,1378,1379,1388,1388,1415,1419,1424,1426,1430,1432,1434,1435,1437,1439,1450,1458,1462,1464,1468,1472,1473,1477,1493,1508,1511,1512,1516,1517,1524,1555,1560,1561,1564,1573,1597,1611,1616,1626,1630,1638,1641,1666,1698,1772,1864,1880,1959,2005,2104,2178,2458,3469,3733,4518]",1355530.0,3271.0,832809.0,331198.0,"[1355530,1355530,1355530,1355530,1355530,1355530,1355530,1355530,1355530,1355530,1355530,1355530,1355530,1355530,1355530,1355530,1355530,1355530,1355530,1355530,1355530,1355530,1355530,1355530,1355530,1355530,1355530,1355530,1355530,1355530,1355530,1355530,1355530,1355530,1355530,1355530,1355530,1355530,1355530,1355530,1355530,1355530,1355530,1355530,1355530,1355530,1355530,1355530,1355530,1355530,1355530,1355530,1355530,1355530,1355530,1355530,1355530,1355530,1355530,1355530,1355530,1355530,1355530,1355530,1355530,1355530,1355530,1355530,1355530,1355530,1355530,1355530,1407578,1407578,1407578,1407578,1407578,1407578,1407578,1407578,1407578,1407578,1407578,1407578,1407578,1407578,1407578,1407578,1407578,1407578,1407578,1407578,1407578,1407578,1407578,1407578,1407578,1407578,1407578,1407578,1407578,1407578,1407578,1407578,1407578,1407578,1407578,1407578,1407578,1407578,1407578,1407578,1407578,1407578,1407578,1407578,1407578,1407578,1407578,1407578,1407578,1407578,1407578,1407578,1407578,1407578,1407578,1407578,1407578,1407578,1407578,1407578,1407578,1407578,1407578,1407578,1407578,1407578,1407578,1407578]","[832809,832809,832809,832809,832809,832809,832809,832809,832809,832809,832809,832809,832809,832809,832809,832809,832809,832809,832809,832809,832809,832809,832809,832809,832809,832809,832809,832809,832809,832809,832809,832809,832809,832809,832809,832809,832809,832809,832809,832809,832809,832809,832809,832809,832809,832809,832809,832809,832809,832809,832809,832809,832809,832809,832809,832809,832809,832809,832809,832809,832809,832809,832809,832809,832809,832809,832809,832809,832809,832809,832809,832809,832809,832809,832809,832809,832809,832809,832809,832809,832809,832809,832809,832809,832809,832809,832809,832809,832809,832809,832809,832809,832809,832809,832809,832809,832809,832809,832809,832809,832809,832809,832809,832809,832809,832809,832809,832809,832809,832809,832809,832809,832809,832809,832809,832809,832809,832809,832809,832809,832809,832809,832809,832809,832809,832809,832809,832809,832809,832809,832809,832809,832809,832809,832809,832809,832809,832809,832809,832809]","{""semantic_component_batches"":1,""semantic_component_jobs"":2,""max_semantic_component_workers"":2,""inference_regions"":68,""canonical_specialization_queries"":16,""canonical_specialization_hits"":1,""solver_requested_bytes"":134816,""solver_allocations"":484,""scratch_requested_bytes"":151540,""scratch_allocations"":932,""max_solver_live_bytes"":3264,""max_scratch_live_bytes"":2644,""evidence_import_solver_bytes"":0,""evidence_import_scratch_bytes"":4096,""snapshot_copy_bytes"":13852,""snapshot_copy_allocations"":12,""principal_copy_buffer_bytes"":10048,""principal_copy_buffer_allocations"":144,""frozen_capture_temporary_bytes"":0,""frozen_capture_published_bytes"":480,""frozen_edge_scratch_bytes"":0,""region_scopes"":133,""max_region_scopes"":4,""call_collections_closed"":33,""call_collections_unresolved"":0,""call_memo_hits"":67,""solver_passes"":70,""solver_constraint_visits"":38,""occurs_steps"":0}"
wide8,revert,baseline,"[1104,1107,1108,1113,1113,1114,1116,1117,1118,1118,1118,1119,1120,1123,1124,1124,1125,1125,1126,1126,1127,1127,1128,1128,1128,1128,1129,1129,1130,1130,1131,1131,1131,1132,1132,1133,1133,1133,1134,1134,1135,1135,1137,1138,1138,1140,1140,1143,1146,1146,1147,1148,1149,1149,1150,1151,1151,1155,1155,1155,1155,1157,1159,1163,1163,1165,1166,1167,1167,1167,1169,1177,1181,1181,1183,1184,1188,1188,1192,1192,1195,1200,1200,1203,1204,1206,1207,1209,1211,1212,1212,1212,1213,1215,1220,1221,1223,1225,1225,1235,1238,1238,1246,1247,1247,1248,1253,1256,1269,1270,1271,1273,1274,1276,1277,1278,1281,1283,1302,1314,1318,1319,1322,1335,1352,1361,1369,1377,1418,1429,1494,1528,1547,1559,1593,1597,1600,1629,1660,2578]","[1105,1108,1108,1113,1113,1115,1116,1116,1118,1118,1118,1119,1121,1123,1124,1124,1125,1125,1126,1126,1127,1127,1128,1128,1129,1129,1129,1130,1131,1131,1131,1132,1132,1132,1133,1133,1134,1134,1135,1135,1136,1137,1138,1138,1140,1141,1143,1146,1147,1148,1148,1149,1149,1150,1151,1151,1155,1156,1156,1156,1156,1157,1159,1163,1166,1166,1166,1167,1167,1169,1171,1177,1181,1182,1183,1185,1188,1188,1193,1195,1198,1201,1201,1203,1203,1206,1208,1209,1211,1212,1212,1212,1213,1215,1221,1222,1223,1225,1225,1235,1239,1239,1246,1246,1247,1249,1254,1256,1269,1270,1271,1273,1275,1276,1277,1279,1282,1283,1301,1314,1317,1318,1322,1334,1353,1361,1369,1377,1418,1429,1501,1528,1547,1559,1594,1598,1601,1629,1659,2578]",1304342.0,3242.0,834969.0,331250.0,"[1304342,1304342,1304342,1304342,1304342,1304342,1304342,1304342,1304342,1304342,1304342,1304342,1304342,1304342,1304342,1304342,1304342,1304342,1304342,1304342,1304342,1304342,1304342,1304342,1304342,1304342,1304342,1304342,1304342,1304342,1304342,1304342,1304342,1304342,1304342,1304342,1304342,1304342,1304342,1304342,1304342,1304342,1304342,1304342,1304342,1304342,1304342,1304342,1304342,1304342,1304342,1304342,1304342,1304342,1304342,1304342,1304342,1304342,1304342,1304342,1304342,1304342,1304342,1304342,1304342,1304342,1304342,1304342,1304342,1304342,1304342,1304342,1304342,1304342,1304342,1304342,1304342,1304342,1304342,1304342,1304342,1304342,1304342,1304342,1304342,1304342,1304342,1304342,1304342,1304342,1304342,1304342,1304342,1304342,1304342,1304342,1304342,1304342,1304342,1304342,1304342,1304342,1304342,1304342,1304342,1304342,1304342,1304342,1304342,1304342,1304342,1304342,1304342,1304342,1304342,1304342,1304342,1304342,1304342,1304342,1304342,1304342,1304342,1304342,1304342,1304342,1304342,1304342,1304342,1304342,1304342,1304342,1304342,1304342,1304342,1304342,1304342,1304342,1304342,1304342]","[834969,834969,834969,834969,834969,834969,834969,834969,834969,834969,834969,834969,834969,834969,834969,834969,834969,834969,834969,834969,834969,834969,834969,834969,834969,834969,834969,834969,834969,834969,834969,834969,834969,834969,834969,834969,834969,834969,834969,834969,834969,834969,834969,834969,834969,834969,834969,834969,834969,834969,834969,834969,834969,834969,834969,834969,834969,834969,834969,834969,834969,834969,834969,834969,834969,834969,834969,834969,834969,834969,834969,834969,834969,834969,834969,834969,834969,834969,834969,834969,834969,834969,834969,834969,834969,834969,834969,834969,834969,834969,834969,834969,834969,834969,834969,834969,834969,834969,834969,834969,834969,834969,834969,834969,834969,834969,834969,834969,834969,834969,834969,834969,834969,834969,834969,834969,834969,834969,834969,834969,834969,834969,834969,834969,834969,834969,834969,834969,834969,834969,834969,834969,834969,834969,834969,834969,834969,834969,834969,834969]","{""inference_regions"":69,""canonical_specialization_queries"":16,""canonical_specialization_hits"":0,""solver_requested_bytes"":135776,""solver_allocations"":490,""scratch_requested_bytes"":152760,""scratch_allocations"":941,""max_solver_live_bytes"":3264,""max_scratch_live_bytes"":2644,""evidence_import_solver_bytes"":0,""evidence_import_scratch_bytes"":4224,""snapshot_copy_bytes"":13904,""snapshot_copy_allocations"":12,""principal_copy_buffer_bytes"":10048,""principal_copy_buffer_allocations"":144,""frozen_capture_temporary_bytes"":0,""frozen_capture_published_bytes"":512,""frozen_edge_scratch_bytes"":0,""region_scopes"":134,""max_region_scopes"":4,""call_collections_closed"":33,""call_collections_unresolved"":0,""call_memo_hits"":67,""solver_passes"":71,""solver_constraint_visits"":38,""occurs_steps"":0}"
wide8,revert,default,"[1093,1093,1100,1102,1102,1105,1108,1108,1110,1110,1110,1111,1112,1113,1118,1118,1120,1120,1121,1121,1122,1122,1123,1124,1125,1125,1126,1127,1130,1132,1133,1133,1135,1137,1137,1138,1139,1139,1141,1141,1141,1142,1145,1145,1146,1150,1150,1151,1151,1151,1153,1154,1155,1156,1161,1170,1171,1172,1176,1176,1180,1189,1190,1193,1199,1203,1203,1204,1206,1211,1214,1217,1217,1217,1223,1224,1224,1232,1236,1239,1239,1243,1249,1252,1257,1258,1267,1268,1276,1277,1289,1296,1297,1297,1298,1307,1313,1321,1328,1333,1337,1345,1365,1373,1377,1384,1386,1400,1410,1411,1437,1443,1467,1471,1475,1484,1501,1503,1504,1509,1522,1523,1536,1551,1573,1580,1620,1627,1633,1663,1689,1749,1759,1770,1838,1873,1916,2231,2380,3997]","[1093,1094,1100,1102,1103,1105,1108,1109,1110,1110,1111,1111,1113,1113,1118,1119,1120,1121,1122,1122,1122,1122,1123,1124,1126,1126,1126,1126,1130,1134,1136,1137,1137,1138,1139,1139,1141,1141,1142,1142,1142,1145,1145,1147,1150,1151,1152,1152,1153,1154,1154,1155,1157,1168,1170,1170,1171,1173,1175,1176,1180,1189,1191,1193,1200,1203,1204,1204,1206,1211,1214,1217,1218,1218,1224,1224,1224,1232,1236,1239,1239,1243,1249,1252,1257,1258,1267,1268,1277,1277,1289,1296,1297,1297,1297,1307,1313,1321,1328,1338,1344,1347,1365,1373,1377,1384,1386,1400,1410,1411,1437,1444,1467,1472,1476,1484,1502,1503,1504,1508,1523,1523,1536,1551,1573,1581,1619,1627,1633,1664,1689,1749,1759,1770,1838,1873,1916,2232,2380,3998]",1304398.0,3242.0,834969.0,331250.0,"[1304398,1304398,1304398,1304398,1304398,1304398,1304398,1304398,1304398,1304398,1304398,1304398,1304398,1304398,1304398,1304398,1304398,1304398,1304398,1304398,1304398,1304398,1304398,1304398,1304398,1304398,1304398,1304398,1304398,1304398,1304398,1304398,1304398,1304398,1304398,1304398,1304398,1304398,1304398,1304398,1304398,1304398,1304398,1304398,1304398,1304398,1304398,1304398,1304398,1304398,1304398,1304398,1304398,1304398,1304398,1304398,1304398,1304398,1304398,1304398,1304398,1304398,1304398,1304398,1304398,1304398,1304398,1304398,1304398,1304398,1304398,1304398,1304398,1304398,1304398,1304398,1304398,1304398,1304398,1304398,1304398,1304398,1304398,1304398,1304398,1304398,1304398,1304398,1304398,1304398,1304398,1304398,1304398,1304398,1304398,1304398,1304398,1304398,1304398,1304398,1304398,1304398,1304398,1304398,1304398,1304398,1304398,1304398,1304398,1304398,1304398,1304398,1304398,1304398,1304398,1304398,1304398,1304398,1304398,1304398,1304398,1304398,1304398,1304398,1304398,1304398,1304398,1304398,1304398,1304398,1304398,1304398,1304398,1304398,1304398,1304398,1304398,1304398,1304398,1304398]","[834969,834969,834969,834969,834969,834969,834969,834969,834969,834969,834969,834969,834969,834969,834969,834969,834969,834969,834969,834969,834969,834969,834969,834969,834969,834969,834969,834969,834969,834969,834969,834969,834969,834969,834969,834969,834969,834969,834969,834969,834969,834969,834969,834969,834969,834969,834969,834969,834969,834969,834969,834969,834969,834969,834969,834969,834969,834969,834969,834969,834969,834969,834969,834969,834969,834969,834969,834969,834969,834969,834969,834969,834969,834969,834969,834969,834969,834969,834969,834969,834969,834969,834969,834969,834969,834969,834969,834969,834969,834969,834969,834969,834969,834969,834969,834969,834969,834969,834969,834969,834969,834969,834969,834969,834969,834969,834969,834969,834969,834969,834969,834969,834969,834969,834969,834969,834969,834969,834969,834969,834969,834969,834969,834969,834969,834969,834969,834969,834969,834969,834969,834969,834969,834969,834969,834969,834969,834969,834969,834969]","{""semantic_component_batches"":0,""semantic_component_jobs"":0,""max_semantic_component_workers"":0,""inference_regions"":69,""canonical_specialization_queries"":16,""canonical_specialization_hits"":0,""solver_requested_bytes"":135776,""solver_allocations"":490,""scratch_requested_bytes"":152760,""scratch_allocations"":941,""max_solver_live_bytes"":3264,""max_scratch_live_bytes"":2644,""evidence_import_solver_bytes"":0,""evidence_import_scratch_bytes"":4224,""snapshot_copy_bytes"":13904,""snapshot_copy_allocations"":12,""principal_copy_buffer_bytes"":10048,""principal_copy_buffer_allocations"":144,""frozen_capture_temporary_bytes"":0,""frozen_capture_published_bytes"":512,""frozen_edge_scratch_bytes"":0,""region_scopes"":134,""max_region_scopes"":4,""call_collections_closed"":33,""call_collections_unresolved"":0,""call_memo_hits"":67,""solver_passes"":71,""solver_constraint_visits"":38,""occurs_steps"":0}"
wide8,revert,workers-1,"[1089,1089,1092,1093,1094,1094,1096,1096,1096,1097,1099,1100,1102,1102,1102,1103,1103,1103,1106,1110,1111,1112,1112,1114,1115,1116,1116,1118,1121,1121,1121,1122,1123,1123,1124,1124,1125,1125,1126,1126,1128,1128,1129,1130,1132,1132,1133,1135,1139,1141,1142,1142,1143,1144,1145,1146,1147,1147,1148,1148,1149,1150,1150,1153,1155,1157,1158,1158,1158,1159,1161,1161,1163,1166,1174,1175,1178,1182,1183,1187,1188,1189,1190,1191,1191,1192,1192,1195,1196,1201,1201,1226,1227,1229,1230,1232,1232,1232,1232,1234,1244,1244,1244,1245,1246,1247,1248,1248,1251,1253,1257,1259,1260,1262,1266,1269,1274,1279,1281,1289,1290,1290,1299,1307,1313,1322,1326,1331,1361,1366,1394,1402,1417,1419,1464,1479,1499,1581,2306,2588]","[1089,1089,1093,1093,1094,1095,1096,1096,1097,1097,1099,1101,1102,1103,1103,1103,1103,1103,1104,1107,1112,1112,1113,1114,1116,1116,1117,1118,1121,1121,1122,1122,1123,1124,1124,1125,1125,1125,1126,1127,1128,1128,1130,1130,1132,1133,1134,1135,1140,1142,1143,1143,1144,1145,1146,1147,1148,1148,1149,1149,1150,1151,1153,1155,1157,1158,1159,1159,1159,1160,1161,1162,1163,1167,1175,1176,1179,1182,1184,1187,1188,1190,1190,1191,1192,1192,1193,1195,1196,1201,1201,1227,1227,1229,1230,1232,1232,1232,1233,1234,1244,1244,1245,1245,1246,1247,1248,1249,1251,1253,1257,1261,1263,1266,1268,1269,1274,1279,1282,1289,1290,1291,1299,1308,1314,1323,1327,1331,1361,1366,1394,1402,1417,1419,1464,1480,1499,1581,2306,2588]",1357118.0,3281.0,834745.0,331250.0,"[1357118,1357118,1357118,1357118,1357118,1357118,1357118,1357118,1357118,1357118,1357118,1357118,1357118,1357118,1357118,1357118,1357118,1357118,1357118,1357118,1357118,1357118,1357118,1357118,1357118,1357118,1357118,1357118,1357118,1357118,1357118,1357118,1357118,1357118,1357118,1357118,1357118,1357118,1357118,1357118,1357118,1357118,1357118,1357118,1357118,1357118,1357118,1357118,1357118,1357118,1357118,1357118,1357118,1357118,1357118,1357118,1357118,1357118,1357118,1357118,1357118,1357118,1357118,1357118,1357118,1357118,1357118,1357118,1357118,1357118,1357118,1357118,1357118,1357118,1357118,1357118,1357118,1357118,1357118,1357118,1357118,1357118,1357118,1357118,1357118,1357118,1357118,1357118,1357118,1357118,1357118,1357118,1357118,1357118,1357118,1357118,1357118,1357118,1357118,1357118,1357118,1357118,1357118,1357118,1357118,1357118,1357118,1357118,1357118,1357118,1357118,1357118,1357118,1357118,1357118,1357118,1357118,1357118,1357118,1357118,1357118,1357118,1357118,1357118,1357118,1357118,1357118,1357118,1357118,1357118,1357118,1357118,1357118,1357118,1357118,1357118,1357118,1357118,1357118,1357118]","[834745,834745,834745,834745,834745,834745,834745,834745,834745,834745,834745,834745,834745,834745,834745,834745,834745,834745,834745,834745,834745,834745,834745,834745,834745,834745,834745,834745,834745,834745,834745,834745,834745,834745,834745,834745,834745,834745,834745,834745,834745,834745,834745,834745,834745,834745,834745,834745,834745,834745,834745,834745,834745,834745,834745,834745,834745,834745,834745,834745,834745,834745,834745,834745,834745,834745,834745,834745,834745,834745,834745,834745,834745,834745,834745,834745,834745,834745,834745,834745,834745,834745,834745,834745,834745,834745,834745,834745,834745,834745,834745,834745,834745,834745,834745,834745,834745,834745,834745,834745,834745,834745,834745,834745,834745,834745,834745,834745,834745,834745,834745,834745,834745,834745,834745,834745,834745,834745,834745,834745,834745,834745,834745,834745,834745,834745,834745,834745,834745,834745,834745,834745,834745,834745,834745,834745,834745,834745,834745,834745]","{""semantic_component_batches"":1,""semantic_component_jobs"":2,""max_semantic_component_workers"":1,""inference_regions"":69,""canonical_specialization_queries"":16,""canonical_specialization_hits"":0,""solver_requested_bytes"":135776,""solver_allocations"":490,""scratch_requested_bytes"":152760,""scratch_allocations"":941,""max_solver_live_bytes"":3264,""max_scratch_live_bytes"":2644,""evidence_import_solver_bytes"":0,""evidence_import_scratch_bytes"":4224,""snapshot_copy_bytes"":13904,""snapshot_copy_allocations"":12,""principal_copy_buffer_bytes"":10048,""principal_copy_buffer_allocations"":144,""frozen_capture_temporary_bytes"":0,""frozen_capture_published_bytes"":512,""frozen_edge_scratch_bytes"":0,""region_scopes"":134,""max_region_scopes"":4,""call_collections_closed"":33,""call_collections_unresolved"":0,""call_memo_hits"":67,""solver_passes"":71,""solver_constraint_visits"":38,""occurs_steps"":0}"
wide8,revert,workers-2,"[1146,1156,1158,1162,1163,1164,1165,1172,1173,1173,1174,1174,1174,1175,1178,1180,1181,1183,1183,1185,1186,1188,1190,1191,1191,1192,1195,1195,1196,1198,1200,1203,1204,1205,1206,1211,1211,1215,1215,1216,1217,1217,1220,1225,1226,1227,1236,1236,1241,1244,1246,1249,1252,1254,1254,1258,1258,1264,1266,1267,1272,1275,1276,1282,1283,1283,1284,1286,1286,1288,1290,1302,1303,1304,1305,1305,1309,1309,1310,1313,1319,1320,1326,1333,1333,1335,1341,1343,1343,1344,1344,1347,1350,1366,1370,1374,1377,1377,1379,1380,1380,1386,1391,1392,1394,1402,1403,1405,1409,1415,1426,1427,1432,1450,1452,1453,1460,1471,1474,1474,1482,1487,1502,1503,1516,1525,1527,1527,1528,1529,1553,1569,1645,1674,1685,1719,1742,1814,2002,2273]","[1143,1148,1157,1160,1161,1162,1169,1169,1170,1170,1170,1170,1171,1171,1172,1176,1179,1179,1180,1181,1184,1184,1185,1187,1189,1190,1192,1193,1193,1196,1199,1200,1203,1203,1204,1206,1209,1210,1214,1215,1215,1216,1219,1222,1222,1223,1224,1233,1237,1245,1247,1247,1249,1252,1254,1257,1258,1259,1262,1263,1267,1269,1271,1277,1277,1278,1280,1281,1282,1282,1286,1291,1297,1299,1299,1303,1303,1307,1310,1312,1313,1316,1316,1329,1329,1334,1336,1337,1340,1343,1345,1348,1350,1363,1366,1369,1371,1377,1379,1379,1380,1388,1393,1397,1398,1402,1402,1405,1413,1424,1425,1427,1428,1440,1447,1448,1451,1455,1468,1472,1477,1482,1498,1502,1515,1521,1523,1523,1525,1537,1549,1574,1639,1654,1669,1716,1742,1804,1995,2271]",1357118.0,3281.0,834745.0,331250.0,"[1357118,1357118,1357118,1357118,1357118,1357118,1357118,1357118,1357118,1357118,1357118,1357118,1357118,1357118,1357118,1357118,1357118,1357118,1357118,1357118,1357118,1357118,1357118,1357118,1357118,1357118,1357118,1357118,1357118,1357118,1357118,1357118,1357118,1357118,1357118,1357118,1357118,1357118,1357118,1357118,1357118,1357118,1357118,1357118,1357118,1357118,1357118,1357118,1357118,1357118,1357118,1357118,1357118,1357118,1357118,1357118,1357118,1357118,1357118,1357118,1357118,1357118,1357118,1357118,1357118,1357118,1357118,1357118,1357118,1357118,1357118,1357118,1357118,1357118,1409166,1409166,1409166,1409166,1409166,1409166,1409166,1409166,1409166,1409166,1409166,1409166,1409166,1409166,1409166,1409166,1409166,1409166,1409166,1409166,1409166,1409166,1409166,1409166,1409166,1409166,1409166,1409166,1409166,1409166,1409166,1409166,1409166,1409166,1409166,1409166,1409166,1409166,1409166,1409166,1409166,1409166,1409166,1409166,1409166,1409166,1409166,1409166,1409166,1409166,1409166,1409166,1409166,1409166,1409166,1409166,1409166,1409166,1409166,1409166,1409166,1409166,1409166,1409166,1409166,1409166]","[834745,834745,834745,834745,834745,834745,834745,834745,834745,834745,834745,834745,834745,834745,834745,834745,834745,834745,834745,834745,834745,834745,834745,834745,834745,834745,834745,834745,834745,834745,834745,834745,834745,834745,834745,834745,834745,834745,834745,834745,834745,834745,834745,834745,834745,834745,834745,834745,834745,834745,834745,834745,834745,834745,834745,834745,834745,834745,834745,834745,834745,834745,834745,834745,834745,834745,834745,834745,834745,834745,834745,834745,834745,834745,834745,834745,834745,834745,834745,834745,834745,834745,834745,834745,834745,834745,834745,834745,834745,834745,834745,834745,834745,834745,834745,834745,834745,834745,834745,834745,834745,834745,834745,834745,834745,834745,834745,834745,834745,834745,834745,834745,834745,834745,834745,834745,834745,834745,834745,834745,834745,834745,834745,834745,834745,834745,834745,834745,834745,834745,834745,834745,834745,834745,834745,834745,834745,834745,834745,834745]","{""semantic_component_batches"":1,""semantic_component_jobs"":2,""max_semantic_component_workers"":2,""inference_regions"":69,""canonical_specialization_queries"":16,""canonical_specialization_hits"":0,""solver_requested_bytes"":135776,""solver_allocations"":490,""scratch_requested_bytes"":152760,""scratch_allocations"":941,""max_solver_live_bytes"":3264,""max_scratch_live_bytes"":2644,""evidence_import_solver_bytes"":0,""evidence_import_scratch_bytes"":4224,""snapshot_copy_bytes"":13904,""snapshot_copy_allocations"":12,""principal_copy_buffer_bytes"":10048,""principal_copy_buffer_allocations"":144,""frozen_capture_temporary_bytes"":0,""frozen_capture_published_bytes"":512,""frozen_edge_scratch_bytes"":0,""region_scopes"":134,""max_region_scopes"":4,""call_collections_closed"":33,""call_collections_unresolved"":0,""call_memo_hits"":67,""solver_passes"":71,""solver_constraint_visits"":38,""occurs_steps"":0}"
wide8,revert,workers-4,"[1154,1156,1159,1162,1164,1165,1167,1167,1169,1171,1172,1174,1175,1175,1177,1181,1186,1188,1189,1193,1194,1194,1201,1202,1204,1205,1210,1214,1215,1218,1221,1222,1226,1229,1238,1241,1248,1249,1249,1250,1250,1256,1258,1261,1266,1268,1269,1273,1278,1278,1283,1285,1288,1296,1298,1310,1311,1320,1321,1324,1331,1333,1333,1337,1337,1338,1341,1343,1344,1345,1346,1348,1358,1360,1361,1362,1364,1364,1365,1366,1369,1369,1370,1372,1375,1382,1386,1388,1394,1401,1403,1405,1419,1420,1420,1422,1425,1430,1430,1433,1448,1455,1459,1470,1472,1473,1474,1479,1488,1491,1493,1493,1498,1504,1510,1548,1573,1573,1588,1631,1635,1661,1664,1674,1679,1685,1699,1714,1728,1731,1745,1745,1756,1779,1783,2047,2064,2096,2794,4085]","[1148,1152,1156,1158,1160,1162,1164,1164,1166,1168,1168,1170,1172,1173,1173,1175,1176,1183,1186,1190,1191,1192,1200,1201,1201,1208,1211,1213,1213,1217,1217,1220,1221,1223,1240,1242,1242,1243,1245,1246,1249,1252,1254,1263,1265,1269,1269,1272,1274,1274,1278,1280,1283,1291,1294,1304,1308,1314,1315,1317,1329,1330,1331,1335,1335,1338,1338,1338,1340,1342,1342,1345,1357,1357,1358,1359,1359,1359,1361,1361,1366,1367,1367,1368,1368,1379,1384,1387,1392,1397,1397,1399,1414,1416,1419,1424,1425,1428,1429,1432,1442,1452,1453,1465,1465,1472,1473,1479,1485,1486,1487,1490,1496,1501,1503,1544,1565,1566,1591,1625,1632,1647,1652,1663,1668,1668,1681,1694,1709,1721,1725,1739,1739,1781,1782,2046,2056,2090,2787,4089]",1357118.0,3281.0,834745.0,331250.0,"[1357118,1357118,1357118,1357118,1357118,1357118,1357118,1357118,1357118,1357118,1357118,1357118,1357118,1357118,1357118,1357118,1357118,1357118,1357118,1357118,1357118,1357118,1357118,1357118,1357118,1357118,1357118,1357118,1357118,1357118,1357118,1357118,1357118,1357118,1357118,1357118,1357118,1357118,1357118,1357118,1357118,1357118,1357118,1357118,1357118,1357118,1357118,1357118,1357118,1357118,1357118,1357118,1357118,1357118,1357118,1357118,1357118,1357118,1357118,1357118,1357118,1357118,1357118,1357118,1357118,1357118,1357118,1357118,1357118,1357118,1357118,1357118,1357118,1357118,1357118,1357118,1357118,1357118,1357118,1357118,1357118,1357118,1357118,1357118,1357118,1357118,1357118,1357118,1357118,1357118,1357118,1409166,1409166,1409166,1409166,1409166,1409166,1409166,1409166,1409166,1409166,1409166,1409166,1409166,1409166,1409166,1409166,1409166,1409166,1409166,1409166,1409166,1409166,1409166,1409166,1409166,1409166,1409166,1409166,1409166,1409166,1409166,1409166,1409166,1409166,1409166,1409166,1409166,1409166,1409166,1409166,1409166,1409166,1409166,1409166,1409166,1409166,1409166,1409166,1409166]","[834745,834745,834745,834745,834745,834745,834745,834745,834745,834745,834745,834745,834745,834745,834745,834745,834745,834745,834745,834745,834745,834745,834745,834745,834745,834745,834745,834745,834745,834745,834745,834745,834745,834745,834745,834745,834745,834745,834745,834745,834745,834745,834745,834745,834745,834745,834745,834745,834745,834745,834745,834745,834745,834745,834745,834745,834745,834745,834745,834745,834745,834745,834745,834745,834745,834745,834745,834745,834745,834745,834745,834745,834745,834745,834745,834745,834745,834745,834745,834745,834745,834745,834745,834745,834745,834745,834745,834745,834745,834745,834745,834745,834745,834745,834745,834745,834745,834745,834745,834745,834745,834745,834745,834745,834745,834745,834745,834745,834745,834745,834745,834745,834745,834745,834745,834745,834745,834745,834745,834745,834745,834745,834745,834745,834745,834745,834745,834745,834745,834745,834745,834745,834745,834745,834745,834745,834745,834745,834745,834745]","{""semantic_component_batches"":1,""semantic_component_jobs"":2,""max_semantic_component_workers"":2,""inference_regions"":69,""canonical_specialization_queries"":16,""canonical_specialization_hits"":0,""solver_requested_bytes"":135776,""solver_allocations"":490,""scratch_requested_bytes"":152760,""scratch_allocations"":941,""max_solver_live_bytes"":3264,""max_scratch_live_bytes"":2644,""evidence_import_solver_bytes"":0,""evidence_import_scratch_bytes"":4224,""snapshot_copy_bytes"":13904,""snapshot_copy_allocations"":12,""principal_copy_buffer_bytes"":10048,""principal_copy_buffer_allocations"":144,""frozen_capture_temporary_bytes"":0,""frozen_capture_published_bytes"":512,""frozen_edge_scratch_bytes"":0,""region_scopes"":134,""max_region_scopes"":4,""call_collections_closed"":33,""call_collections_unresolved"":0,""call_memo_hits"":67,""solver_passes"":71,""solver_constraint_visits"":38,""occurs_steps"":0}"
wide8,revert,workers-8,"[1167,1173,1177,1182,1183,1184,1186,1188,1191,1192,1194,1194,1194,1196,1199,1201,1202,1202,1206,1207,1209,1209,1212,1213,1215,1217,1219,1220,1225,1226,1229,1230,1231,1231,1233,1236,1237,1237,1238,1238,1238,1238,1240,1241,1244,1244,1252,1262,1264,1264,1266,1270,1272,1275,1275,1277,1279,1281,1282,1286,1287,1287,1289,1291,1291,1293,1295,1296,1296,1301,1304,1304,1311,1313,1313,1315,1319,1325,1328,1335,1337,1338,1340,1341,1344,1345,1346,1347,1349,1349,1359,1364,1365,1376,1383,1386,1389,1402,1407,1414,1426,1427,1430,1446,1450,1452,1468,1469,1481,1483,1485,1498,1510,1526,1531,1535,1542,1549,1558,1571,1590,1597,1608,1630,1637,1658,1721,1734,1735,1747,1785,1891,1931,2032,2344,2637,2842,2953,3070,4752]","[1165,1171,1174,1181,1181,1182,1184,1184,1187,1188,1190,1191,1192,1193,1194,1196,1199,1199,1202,1205,1206,1207,1208,1213,1213,1213,1214,1217,1217,1221,1223,1227,1229,1231,1233,1233,1233,1233,1237,1238,1239,1241,1244,1245,1249,1253,1258,1259,1263,1265,1268,1269,1273,1276,1277,1277,1279,1281,1281,1283,1284,1285,1286,1290,1292,1292,1294,1298,1300,1300,1308,1308,1310,1315,1316,1321,1322,1325,1329,1331,1333,1335,1336,1337,1338,1339,1341,1343,1345,1352,1355,1363,1369,1377,1379,1385,1400,1409,1422,1422,1424,1428,1440,1447,1449,1463,1463,1474,1481,1483,1491,1523,1524,1534,1540,1546,1552,1567,1593,1598,1605,1623,1636,1656,1710,1733,1737,1744,1781,1898,1911,1927,2014,2156,2342,2627,2826,2959,3066,5959]",1357118.0,3281.0,834745.0,331250.0,"[1357118,1357118,1357118,1357118,1357118,1357118,1357118,1357118,1357118,1357118,1357118,1357118,1357118,1357118,1357118,1357118,1357118,1357118,1357118,1357118,1357118,1357118,1357118,1357118,1357118,1357118,1357118,1357118,1357118,1357118,1357118,1357118,1357118,1357118,1357118,1357118,1357118,1357118,1357118,1357118,1357118,1357118,1357118,1357118,1357118,1357118,1357118,1357118,1357118,1357118,1357118,1357118,1357118,1357118,1357118,1357118,1357118,1357118,1357118,1357118,1357118,1357118,1357118,1357118,1357118,1357118,1357118,1357118,1357118,1357118,1357118,1409166,1409166,1409166,1409166,1409166,1409166,1409166,1409166,1409166,1409166,1409166,1409166,1409166,1409166,1409166,1409166,1409166,1409166,1409166,1409166,1409166,1409166,1409166,1409166,1409166,1409166,1409166,1409166,1409166,1409166,1409166,1409166,1409166,1409166,1409166,1409166,1409166,1409166,1409166,1409166,1409166,1409166,1409166,1409166,1409166,1409166,1409166,1409166,1409166,1409166,1409166,1409166,1409166,1409166,1409166,1409166,1409166,1409166,1409166,1409166,1409166,1409166,1409166,1409166,1409166,1409166,1409166,1409166,1409166]","[834745,834745,834745,834745,834745,834745,834745,834745,834745,834745,834745,834745,834745,834745,834745,834745,834745,834745,834745,834745,834745,834745,834745,834745,834745,834745,834745,834745,834745,834745,834745,834745,834745,834745,834745,834745,834745,834745,834745,834745,834745,834745,834745,834745,834745,834745,834745,834745,834745,834745,834745,834745,834745,834745,834745,834745,834745,834745,834745,834745,834745,834745,834745,834745,834745,834745,834745,834745,834745,834745,834745,834745,834745,834745,834745,834745,834745,834745,834745,834745,834745,834745,834745,834745,834745,834745,834745,834745,834745,834745,834745,834745,834745,834745,834745,834745,834745,834745,834745,834745,834745,834745,834745,834745,834745,834745,834745,834745,834745,834745,834745,834745,834745,834745,834745,834745,834745,834745,834745,834745,834745,834745,834745,834745,834745,834745,834745,834745,834745,834745,834745,834745,834745,834745,834745,834745,834745,834745,834745,834745]","{""semantic_component_batches"":1,""semantic_component_jobs"":2,""max_semantic_component_workers"":2,""inference_regions"":69,""canonical_specialization_queries"":16,""canonical_specialization_hits"":0,""solver_requested_bytes"":135776,""solver_allocations"":490,""scratch_requested_bytes"":152760,""scratch_allocations"":941,""max_solver_live_bytes"":3264,""max_scratch_live_bytes"":2644,""evidence_import_solver_bytes"":0,""evidence_import_scratch_bytes"":4224,""snapshot_copy_bytes"":13904,""snapshot_copy_allocations"":12,""principal_copy_buffer_bytes"":10048,""principal_copy_buffer_allocations"":144,""frozen_capture_temporary_bytes"":0,""frozen_capture_published_bytes"":512,""frozen_edge_scratch_bytes"":0,""region_scopes"":134,""max_region_scopes"":4,""call_collections_closed"":33,""call_collections_unresolved"":0,""call_memo_hits"":67,""solver_passes"":71,""solver_constraint_visits"":38,""occurs_steps"":0}"
wide8,noop,baseline,"[29,29,29,29,29,30,30,30,30,30,30,30,30,30,30,30,30,30,30,30,30,30,30,30,30,30,30,30,30,30,30,30,30,30,30,30,30,30,30,30,30,30,30,30,30,30,30,30,30,30,31,31,31,31,31,31,31,31,31,31,31,31,31,31,31,31,31,31,31,31,31,31,31,31,31,31,31,31,31,31,31,31,31,31,31,31,31,31,31,31,31,31,31,31,31,31,31,31,31,32,32,32,32,32,32,32,32,32,33,33,35,36,37,37,38,38,38,38,38,38,38,38,39,39,39,39,39,39,39,39,40,40,40,41,47,48,49,57,71,90]","[29,29,29,29,29,29,29,29,29,29,29,29,29,29,29,29,29,29,29,29,29,29,29,29,30,30,30,30,30,30,30,30,30,30,30,30,30,30,30,30,30,30,30,30,30,30,30,30,30,30,30,30,30,30,30,30,30,30,30,30,30,30,30,30,30,30,30,30,30,30,30,30,30,30,30,30,30,30,31,31,31,31,31,31,31,31,31,31,31,31,31,31,31,31,31,31,31,31,31,31,31,31,31,31,31,31,31,31,31,32,35,35,36,37,37,37,37,37,37,37,38,38,38,38,38,38,38,38,39,39,39,39,39,40,46,48,48,56,70,89]",16702.0,19.0,347026.0,331250.0,"[16702,16702,16702,16702,16702,16702,16702,16702,16702,16702,16702,16702,16702,16702,16702,16702,16702,16702,16702,16702,16702,16702,16702,16702,16702,16702,16702,16702,16702,16702,16702,16702,16702,16702,16702,16702,16702,16702,16702,16702,16702,16702,16702,16702,16702,16702,16702,16702,16702,16702,16702,16702,16702,16702,16702,16702,16702,16702,16702,16702,16702,16702,16702,16702,16702,16702,16702,16702,16702,16702,16702,16702,16702,16702,16702,16702,16702,16702,16702,16702,16702,16702,16702,16702,16702,16702,16702,16702,16702,16702,16702,16702,16702,16702,16702,16702,16702,16702,16702,16702,16702,16702,16702,16702,16702,16702,16702,16702,16702,16702,16702,16702,16702,16702,16702,16702,16702,16702,16702,16702,16702,16702,16702,16702,16702,16702,16702,16702,16702,16702,16702,16702,16702,16702,16702,16702,16702,16702,16702,16702]","[347026,347026,347026,347026,347026,347026,347026,347026,347026,347026,347026,347026,347026,347026,347026,347026,347026,347026,347026,347026,347026,347026,347026,347026,347026,347026,347026,347026,347026,347026,347026,347026,347026,347026,347026,347026,347026,347026,347026,347026,347026,347026,347026,347026,347026,347026,347026,347026,347026,347026,347026,347026,347026,347026,347026,347026,347026,347026,347026,347026,347026,347026,347026,347026,347026,347026,347026,347026,347026,347026,347026,347026,347026,347026,347026,347026,347026,347026,347026,347026,347026,347026,347026,347026,347026,347026,347026,347026,347026,347026,347026,347026,347026,347026,347026,347026,347026,347026,347026,347026,347026,347026,347026,347026,347026,347026,347026,347026,347026,347026,347026,347026,347026,347026,347026,347026,347026,347026,347026,347026,347026,347026,347026,347026,347026,347026,347026,347026,347026,347026,347026,347026,347026,347026,347026,347026,347026,347026,347026,347026]","{""inference_regions"":0,""canonical_specialization_queries"":0,""canonical_specialization_hits"":0,""solver_requested_bytes"":0,""solver_allocations"":0,""scratch_requested_bytes"":0,""scratch_allocations"":0,""max_solver_live_bytes"":0,""max_scratch_live_bytes"":0,""evidence_import_solver_bytes"":0,""evidence_import_scratch_bytes"":0,""snapshot_copy_bytes"":0,""snapshot_copy_allocations"":0,""principal_copy_buffer_bytes"":0,""principal_copy_buffer_allocations"":0,""frozen_capture_temporary_bytes"":0,""frozen_capture_published_bytes"":0,""frozen_edge_scratch_bytes"":0,""region_scopes"":0,""max_region_scopes"":0,""call_collections_closed"":0,""call_collections_unresolved"":0,""call_memo_hits"":0,""solver_passes"":0,""solver_constraint_visits"":0,""occurs_steps"":0}"
wide8,noop,default,"[28,29,29,29,29,29,29,29,29,29,29,29,29,29,29,29,29,29,30,30,30,30,30,30,30,30,30,30,30,30,30,30,30,30,30,30,30,30,30,30,30,30,30,30,30,30,30,30,30,30,31,31,31,31,31,31,31,31,31,31,31,31,31,31,31,31,31,31,31,31,31,31,31,31,31,31,31,31,31,32,32,32,32,32,32,32,33,33,33,33,33,33,33,34,34,37,37,37,38,38,38,38,38,38,38,38,38,38,38,39,39,39,39,40,40,40,40,40,40,40,41,41,41,42,42,42,42,43,50,51,51,60,63,63,67,71,79,87,94,280]","[28,28,29,29,29,29,29,29,29,29,29,29,29,29,29,29,29,29,29,29,29,29,29,29,29,29,29,29,29,29,29,30,30,30,30,30,30,30,30,30,30,30,30,30,30,30,30,30,30,30,30,30,30,30,30,30,30,30,30,30,30,30,30,30,30,30,30,30,30,31,31,31,31,31,31,31,31,31,31,31,31,31,31,31,31,31,32,32,32,33,33,33,33,33,33,37,37,37,37,37,37,37,38,38,38,38,38,38,38,38,38,38,38,39,39,39,39,39,40,40,40,40,40,41,41,41,42,42,49,49,50,60,63,63,67,71,79,87,94,280]",16758.0,19.0,347082.0,331250.0,"[16758,16758,16758,16758,16758,16758,16758,16758,16758,16758,16758,16758,16758,16758,16758,16758,16758,16758,16758,16758,16758,16758,16758,16758,16758,16758,16758,16758,16758,16758,16758,16758,16758,16758,16758,16758,16758,16758,16758,16758,16758,16758,16758,16758,16758,16758,16758,16758,16758,16758,16758,16758,16758,16758,16758,16758,16758,16758,16758,16758,16758,16758,16758,16758,16758,16758,16758,16758,16758,16758,16758,16758,16758,16758,16758,16758,16758,16758,16758,16758,16758,16758,16758,16758,16758,16758,16758,16758,16758,16758,16758,16758,16758,16758,16758,16758,16758,16758,16758,16758,16758,16758,16758,16758,16758,16758,16758,16758,16758,16758,16758,16758,16758,16758,16758,16758,16758,16758,16758,16758,16758,16758,16758,16758,16758,16758,16758,16758,16758,16758,16758,16758,16758,16758,16758,16758,16758,16758,16758,16758]","[347082,347082,347082,347082,347082,347082,347082,347082,347082,347082,347082,347082,347082,347082,347082,347082,347082,347082,347082,347082,347082,347082,347082,347082,347082,347082,347082,347082,347082,347082,347082,347082,347082,347082,347082,347082,347082,347082,347082,347082,347082,347082,347082,347082,347082,347082,347082,347082,347082,347082,347082,347082,347082,347082,347082,347082,347082,347082,347082,347082,347082,347082,347082,347082,347082,347082,347082,347082,347082,347082,347082,347082,347082,347082,347082,347082,347082,347082,347082,347082,347082,347082,347082,347082,347082,347082,347082,347082,347082,347082,347082,347082,347082,347082,347082,347082,347082,347082,347082,347082,347082,347082,347082,347082,347082,347082,347082,347082,347082,347082,347082,347082,347082,347082,347082,347082,347082,347082,347082,347082,347082,347082,347082,347082,347082,347082,347082,347082,347082,347082,347082,347082,347082,347082,347082,347082,347082,347082,347082,347082]","{""semantic_component_batches"":0,""semantic_component_jobs"":0,""max_semantic_component_workers"":0,""inference_regions"":0,""canonical_specialization_queries"":0,""canonical_specialization_hits"":0,""solver_requested_bytes"":0,""solver_allocations"":0,""scratch_requested_bytes"":0,""scratch_allocations"":0,""max_solver_live_bytes"":0,""max_scratch_live_bytes"":0,""evidence_import_solver_bytes"":0,""evidence_import_scratch_bytes"":0,""snapshot_copy_bytes"":0,""snapshot_copy_allocations"":0,""principal_copy_buffer_bytes"":0,""principal_copy_buffer_allocations"":0,""frozen_capture_temporary_bytes"":0,""frozen_capture_published_bytes"":0,""frozen_edge_scratch_bytes"":0,""region_scopes"":0,""max_region_scopes"":0,""call_collections_closed"":0,""call_collections_unresolved"":0,""call_memo_hits"":0,""solver_passes"":0,""solver_constraint_visits"":0,""occurs_steps"":0}"
wide8,noop,workers-1,"[29,29,29,29,29,29,29,29,29,29,29,29,29,29,29,29,29,29,29,29,29,29,29,29,29,29,29,29,29,29,29,29,29,29,29,29,30,30,30,30,30,30,30,30,30,30,30,30,30,30,30,30,30,30,30,30,30,30,30,30,30,30,30,30,30,30,30,30,30,30,30,30,30,30,30,30,30,30,30,30,30,30,30,30,30,30,30,30,30,30,30,30,30,30,30,31,31,31,31,31,31,31,31,31,31,31,31,31,31,31,31,31,31,31,31,31,31,31,31,31,31,31,32,32,32,32,33,35,37,37,38,38,39,40,41,45,49,51,61,69]","[28,28,28,28,28,28,28,28,28,29,29,29,29,29,29,29,29,29,29,29,29,29,29,29,29,29,29,29,29,29,29,29,29,29,29,29,29,29,29,29,29,29,29,29,29,29,29,29,29,29,29,29,29,29,29,29,29,29,29,29,29,29,29,29,29,29,30,30,30,30,30,30,30,30,30,30,30,30,30,30,30,30,30,30,30,30,30,30,30,30,30,30,30,30,30,30,30,30,30,30,30,30,30,30,30,30,30,30,30,30,30,30,30,31,31,31,31,31,31,31,31,31,31,31,31,31,32,34,36,37,38,38,38,40,40,45,48,51,61,69]",16758.0,19.0,347082.0,331250.0,"[16758,16758,16758,16758,16758,16758,16758,16758,16758,16758,16758,16758,16758,16758,16758,16758,16758,16758,16758,16758,16758,16758,16758,16758,16758,16758,16758,16758,16758,16758,16758,16758,16758,16758,16758,16758,16758,16758,16758,16758,16758,16758,16758,16758,16758,16758,16758,16758,16758,16758,16758,16758,16758,16758,16758,16758,16758,16758,16758,16758,16758,16758,16758,16758,16758,16758,16758,16758,16758,16758,16758,16758,16758,16758,16758,16758,16758,16758,16758,16758,16758,16758,16758,16758,16758,16758,16758,16758,16758,16758,16758,16758,16758,16758,16758,16758,16758,16758,16758,16758,16758,16758,16758,16758,16758,16758,16758,16758,16758,16758,16758,16758,16758,16758,16758,16758,16758,16758,16758,16758,16758,16758,16758,16758,16758,16758,16758,16758,16758,16758,16758,16758,16758,16758,16758,16758,16758,16758,16758,16758]","[347082,347082,347082,347082,347082,347082,347082,347082,347082,347082,347082,347082,347082,347082,347082,347082,347082,347082,347082,347082,347082,347082,347082,347082,347082,347082,347082,347082,347082,347082,347082,347082,347082,347082,347082,347082,347082,347082,347082,347082,347082,347082,347082,347082,347082,347082,347082,347082,347082,347082,347082,347082,347082,347082,347082,347082,347082,347082,347082,347082,347082,347082,347082,347082,347082,347082,347082,347082,347082,347082,347082,347082,347082,347082,347082,347082,347082,347082,347082,347082,347082,347082,347082,347082,347082,347082,347082,347082,347082,347082,347082,347082,347082,347082,347082,347082,347082,347082,347082,347082,347082,347082,347082,347082,347082,347082,347082,347082,347082,347082,347082,347082,347082,347082,347082,347082,347082,347082,347082,347082,347082,347082,347082,347082,347082,347082,347082,347082,347082,347082,347082,347082,347082,347082,347082,347082,347082,347082,347082,347082]","{""semantic_component_batches"":0,""semantic_component_jobs"":0,""max_semantic_component_workers"":0,""inference_regions"":0,""canonical_specialization_queries"":0,""canonical_specialization_hits"":0,""solver_requested_bytes"":0,""solver_allocations"":0,""scratch_requested_bytes"":0,""scratch_allocations"":0,""max_solver_live_bytes"":0,""max_scratch_live_bytes"":0,""evidence_import_solver_bytes"":0,""evidence_import_scratch_bytes"":0,""snapshot_copy_bytes"":0,""snapshot_copy_allocations"":0,""principal_copy_buffer_bytes"":0,""principal_copy_buffer_allocations"":0,""frozen_capture_temporary_bytes"":0,""frozen_capture_published_bytes"":0,""frozen_edge_scratch_bytes"":0,""region_scopes"":0,""max_region_scopes"":0,""call_collections_closed"":0,""call_collections_unresolved"":0,""call_memo_hits"":0,""solver_passes"":0,""solver_constraint_visits"":0,""occurs_steps"":0}"
wide8,noop,workers-2,"[29,29,29,29,29,29,29,29,29,29,29,30,30,30,30,30,30,30,30,30,30,30,30,30,30,30,30,30,30,30,30,30,30,30,30,30,30,30,30,30,30,30,30,30,30,30,30,30,30,30,30,30,30,30,30,30,30,30,30,30,30,30,30,30,30,31,31,31,31,31,31,31,31,31,31,31,31,31,31,31,31,31,31,31,31,31,31,31,31,31,31,31,31,31,31,31,31,31,31,31,31,31,31,31,32,32,32,32,32,32,32,32,33,33,33,33,34,34,35,35,35,35,38,38,39,39,39,39,40,40,40,51,60,63,76,82,92,92,95,110]","[29,29,29,29,29,29,29,29,29,29,29,29,29,29,29,29,29,29,29,29,29,29,29,29,29,29,29,29,29,29,29,29,29,29,29,29,30,30,30,30,30,30,30,30,30,30,30,30,30,30,30,30,30,30,30,30,30,30,30,30,30,30,30,30,30,30,30,30,30,30,30,30,30,30,30,30,30,30,30,30,30,30,30,30,30,30,30,30,30,31,31,31,31,31,31,31,31,31,31,31,31,31,31,31,31,31,31,31,31,31,31,32,32,33,33,33,33,34,34,35,35,35,38,38,39,39,39,39,39,39,40,50,60,62,77,81,91,92,95,109]",16758.0,19.0,347082.0,331250.0,"[16758,16758,16758,16758,16758,16758,16758,16758,16758,16758,16758,16758,16758,16758,16758,16758,16758,16758,16758,16758,16758,16758,16758,16758,16758,16758,16758,16758,16758,16758,16758,16758,16758,16758,16758,16758,16758,16758,16758,16758,16758,16758,16758,16758,16758,16758,16758,16758,16758,16758,16758,16758,16758,16758,16758,16758,16758,16758,16758,16758,16758,16758,16758,16758,16758,16758,16758,16758,16758,16758,16758,16758,16758,16758,16758,16758,16758,16758,16758,16758,16758,16758,16758,16758,16758,16758,16758,16758,16758,16758,16758,16758,16758,16758,16758,16758,16758,16758,16758,16758,16758,16758,16758,16758,16758,16758,16758,16758,16758,16758,16758,16758,16758,16758,16758,16758,16758,16758,16758,16758,16758,16758,16758,16758,16758,16758,16758,16758,16758,16758,16758,16758,16758,16758,16758,16758,16758,16758,16758,16758]","[347082,347082,347082,347082,347082,347082,347082,347082,347082,347082,347082,347082,347082,347082,347082,347082,347082,347082,347082,347082,347082,347082,347082,347082,347082,347082,347082,347082,347082,347082,347082,347082,347082,347082,347082,347082,347082,347082,347082,347082,347082,347082,347082,347082,347082,347082,347082,347082,347082,347082,347082,347082,347082,347082,347082,347082,347082,347082,347082,347082,347082,347082,347082,347082,347082,347082,347082,347082,347082,347082,347082,347082,347082,347082,347082,347082,347082,347082,347082,347082,347082,347082,347082,347082,347082,347082,347082,347082,347082,347082,347082,347082,347082,347082,347082,347082,347082,347082,347082,347082,347082,347082,347082,347082,347082,347082,347082,347082,347082,347082,347082,347082,347082,347082,347082,347082,347082,347082,347082,347082,347082,347082,347082,347082,347082,347082,347082,347082,347082,347082,347082,347082,347082,347082,347082,347082,347082,347082,347082,347082]","{""semantic_component_batches"":0,""semantic_component_jobs"":0,""max_semantic_component_workers"":0,""inference_regions"":0,""canonical_specialization_queries"":0,""canonical_specialization_hits"":0,""solver_requested_bytes"":0,""solver_allocations"":0,""scratch_requested_bytes"":0,""scratch_allocations"":0,""max_solver_live_bytes"":0,""max_scratch_live_bytes"":0,""evidence_import_solver_bytes"":0,""evidence_import_scratch_bytes"":0,""snapshot_copy_bytes"":0,""snapshot_copy_allocations"":0,""principal_copy_buffer_bytes"":0,""principal_copy_buffer_allocations"":0,""frozen_capture_temporary_bytes"":0,""frozen_capture_published_bytes"":0,""frozen_edge_scratch_bytes"":0,""region_scopes"":0,""max_region_scopes"":0,""call_collections_closed"":0,""call_collections_unresolved"":0,""call_memo_hits"":0,""solver_passes"":0,""solver_constraint_visits"":0,""occurs_steps"":0}"
wide8,noop,workers-4,"[29,29,29,29,29,29,29,29,29,29,29,29,29,29,29,29,29,29,30,30,30,30,30,30,30,30,30,30,30,30,30,30,30,30,30,30,30,30,30,30,30,30,30,30,30,30,30,30,30,30,30,30,30,30,30,30,30,30,31,31,31,31,31,31,31,31,31,31,31,31,31,31,31,31,31,31,31,31,31,31,31,31,32,32,32,32,32,32,32,32,33,33,33,34,34,36,37,38,38,38,38,38,38,38,39,39,39,39,39,40,40,40,40,40,40,41,41,41,42,43,44,44,46,47,47,48,49,60,62,63,63,68,75,75,86,103,119,120,126,244]","[28,29,29,29,29,29,29,29,29,29,29,29,29,29,29,29,29,29,29,29,29,29,29,29,29,29,29,29,29,29,29,29,29,29,30,30,30,30,30,30,30,30,30,30,30,30,30,30,30,30,30,30,30,30,30,30,30,30,30,30,30,30,30,30,30,30,30,30,30,30,30,30,30,30,31,31,31,31,31,31,31,31,31,31,31,31,31,31,31,31,32,32,32,33,34,35,36,37,37,37,37,38,38,38,38,38,38,39,39,39,39,39,39,40,40,40,41,41,41,42,43,44,45,46,46,47,49,59,62,62,63,67,74,74,85,102,119,119,125,244]",16758.0,19.0,347082.0,331250.0,"[16758,16758,16758,16758,16758,16758,16758,16758,16758,16758,16758,16758,16758,16758,16758,16758,16758,16758,16758,16758,16758,16758,16758,16758,16758,16758,16758,16758,16758,16758,16758,16758,16758,16758,16758,16758,16758,16758,16758,16758,16758,16758,16758,16758,16758,16758,16758,16758,16758,16758,16758,16758,16758,16758,16758,16758,16758,16758,16758,16758,16758,16758,16758,16758,16758,16758,16758,16758,16758,16758,16758,16758,16758,16758,16758,16758,16758,16758,16758,16758,16758,16758,16758,16758,16758,16758,16758,16758,16758,16758,16758,16758,16758,16758,16758,16758,16758,16758,16758,16758,16758,16758,16758,16758,16758,16758,16758,16758,16758,16758,16758,16758,16758,16758,16758,16758,16758,16758,16758,16758,16758,16758,16758,16758,16758,16758,16758,16758,16758,16758,16758,16758,16758,16758,16758,16758,16758,16758,16758,16758]","[347082,347082,347082,347082,347082,347082,347082,347082,347082,347082,347082,347082,347082,347082,347082,347082,347082,347082,347082,347082,347082,347082,347082,347082,347082,347082,347082,347082,347082,347082,347082,347082,347082,347082,347082,347082,347082,347082,347082,347082,347082,347082,347082,347082,347082,347082,347082,347082,347082,347082,347082,347082,347082,347082,347082,347082,347082,347082,347082,347082,347082,347082,347082,347082,347082,347082,347082,347082,347082,347082,347082,347082,347082,347082,347082,347082,347082,347082,347082,347082,347082,347082,347082,347082,347082,347082,347082,347082,347082,347082,347082,347082,347082,347082,347082,347082,347082,347082,347082,347082,347082,347082,347082,347082,347082,347082,347082,347082,347082,347082,347082,347082,347082,347082,347082,347082,347082,347082,347082,347082,347082,347082,347082,347082,347082,347082,347082,347082,347082,347082,347082,347082,347082,347082,347082,347082,347082,347082,347082,347082]","{""semantic_component_batches"":0,""semantic_component_jobs"":0,""max_semantic_component_workers"":0,""inference_regions"":0,""canonical_specialization_queries"":0,""canonical_specialization_hits"":0,""solver_requested_bytes"":0,""solver_allocations"":0,""scratch_requested_bytes"":0,""scratch_allocations"":0,""max_solver_live_bytes"":0,""max_scratch_live_bytes"":0,""evidence_import_solver_bytes"":0,""evidence_import_scratch_bytes"":0,""snapshot_copy_bytes"":0,""snapshot_copy_allocations"":0,""principal_copy_buffer_bytes"":0,""principal_copy_buffer_allocations"":0,""frozen_capture_temporary_bytes"":0,""frozen_capture_published_bytes"":0,""frozen_edge_scratch_bytes"":0,""region_scopes"":0,""max_region_scopes"":0,""call_collections_closed"":0,""call_collections_unresolved"":0,""call_memo_hits"":0,""solver_passes"":0,""solver_constraint_visits"":0,""occurs_steps"":0}"
wide8,noop,workers-8,"[28,28,29,29,29,29,30,30,30,30,30,30,30,30,30,30,30,30,30,30,30,30,30,30,30,30,30,30,30,30,30,30,30,30,30,30,30,30,30,30,30,30,30,30,30,30,30,31,31,31,31,31,31,31,31,31,31,31,31,31,31,31,31,31,31,31,31,31,31,31,31,31,31,31,31,31,31,31,31,31,31,31,31,31,31,31,32,32,32,32,32,32,32,32,32,32,32,32,32,32,32,32,32,32,32,33,33,33,33,34,35,36,37,38,39,39,39,39,40,40,40,40,40,41,41,41,41,42,54,57,60,66,66,70,71,91,92,101,104,114]","[28,28,28,28,29,29,29,29,29,29,29,29,29,29,29,29,29,29,29,29,29,29,30,30,30,30,30,30,30,30,30,30,30,30,30,30,30,30,30,30,30,30,30,30,30,30,30,30,30,30,30,30,30,30,30,30,30,30,30,30,30,30,30,30,30,30,30,30,30,30,30,30,31,31,31,31,31,31,31,31,31,31,31,31,31,31,31,31,31,31,31,31,31,31,31,31,31,32,32,32,32,32,32,32,32,32,32,33,33,34,35,36,37,37,38,38,38,39,39,40,40,40,40,40,40,41,41,41,54,56,60,65,66,70,71,91,92,101,104,113]",16758.0,19.0,347082.0,331250.0,"[16758,16758,16758,16758,16758,16758,16758,16758,16758,16758,16758,16758,16758,16758,16758,16758,16758,16758,16758,16758,16758,16758,16758,16758,16758,16758,16758,16758,16758,16758,16758,16758,16758,16758,16758,16758,16758,16758,16758,16758,16758,16758,16758,16758,16758,16758,16758,16758,16758,16758,16758,16758,16758,16758,16758,16758,16758,16758,16758,16758,16758,16758,16758,16758,16758,16758,16758,16758,16758,16758,16758,16758,16758,16758,16758,16758,16758,16758,16758,16758,16758,16758,16758,16758,16758,16758,16758,16758,16758,16758,16758,16758,16758,16758,16758,16758,16758,16758,16758,16758,16758,16758,16758,16758,16758,16758,16758,16758,16758,16758,16758,16758,16758,16758,16758,16758,16758,16758,16758,16758,16758,16758,16758,16758,16758,16758,16758,16758,16758,16758,16758,16758,16758,16758,16758,16758,16758,16758,16758,16758]","[347082,347082,347082,347082,347082,347082,347082,347082,347082,347082,347082,347082,347082,347082,347082,347082,347082,347082,347082,347082,347082,347082,347082,347082,347082,347082,347082,347082,347082,347082,347082,347082,347082,347082,347082,347082,347082,347082,347082,347082,347082,347082,347082,347082,347082,347082,347082,347082,347082,347082,347082,347082,347082,347082,347082,347082,347082,347082,347082,347082,347082,347082,347082,347082,347082,347082,347082,347082,347082,347082,347082,347082,347082,347082,347082,347082,347082,347082,347082,347082,347082,347082,347082,347082,347082,347082,347082,347082,347082,347082,347082,347082,347082,347082,347082,347082,347082,347082,347082,347082,347082,347082,347082,347082,347082,347082,347082,347082,347082,347082,347082,347082,347082,347082,347082,347082,347082,347082,347082,347082,347082,347082,347082,347082,347082,347082,347082,347082,347082,347082,347082,347082,347082,347082,347082,347082,347082,347082,347082,347082]","{""semantic_component_batches"":0,""semantic_component_jobs"":0,""max_semantic_component_workers"":0,""inference_regions"":0,""canonical_specialization_queries"":0,""canonical_specialization_hits"":0,""solver_requested_bytes"":0,""solver_allocations"":0,""scratch_requested_bytes"":0,""scratch_allocations"":0,""max_solver_live_bytes"":0,""max_scratch_live_bytes"":0,""evidence_import_solver_bytes"":0,""evidence_import_scratch_bytes"":0,""snapshot_copy_bytes"":0,""snapshot_copy_allocations"":0,""principal_copy_buffer_bytes"":0,""principal_copy_buffer_allocations"":0,""frozen_capture_temporary_bytes"":0,""frozen_capture_published_bytes"":0,""frozen_edge_scratch_bytes"":0,""region_scopes"":0,""max_region_scopes"":0,""call_collections_closed"":0,""call_collections_unresolved"":0,""call_memo_hits"":0,""solver_passes"":0,""solver_constraint_visits"":0,""occurs_steps"":0}"
wide8,fresh,baseline,"[1923,2012,2039,2106,2162,2191,2231]","[2278,2438,2475,2491,2531,2546,3449]",827377,2586,199521,0,"[827377,827377,827377,827377,827377,827377,827377]","[199521,199521,199521,199521,199521,199521,199521]","{""inference_regions"":69,""canonical_specialization_queries"":16,""canonical_specialization_hits"":0,""solver_requested_bytes"":135776,""solver_allocations"":490,""scratch_requested_bytes"":152760,""scratch_allocations"":941,""max_solver_live_bytes"":3264,""max_scratch_live_bytes"":2644,""evidence_import_solver_bytes"":0,""evidence_import_scratch_bytes"":4224,""snapshot_copy_bytes"":0,""snapshot_copy_allocations"":0,""principal_copy_buffer_bytes"":10048,""principal_copy_buffer_allocations"":144,""frozen_capture_temporary_bytes"":0,""frozen_capture_published_bytes"":512,""frozen_edge_scratch_bytes"":0,""region_scopes"":134,""max_region_scopes"":4,""call_collections_closed"":33,""call_collections_unresolved"":0,""call_memo_hits"":67,""solver_passes"":71,""solver_constraint_visits"":38,""occurs_steps"":0}"
wide8,fresh,default,"[1848,1859,1880,1906,1933,2000,2233]","[2141,2143,2203,2233,2311,2536,3517]",827377,2586,199521,0,"[827377,827377,827377,827377,827377,827377,827377]","[199521,199521,199521,199521,199521,199521,199521]","{""semantic_component_batches"":0,""semantic_component_jobs"":0,""max_semantic_component_workers"":0,""inference_regions"":69,""canonical_specialization_queries"":16,""canonical_specialization_hits"":0,""solver_requested_bytes"":135776,""solver_allocations"":490,""scratch_requested_bytes"":152760,""scratch_allocations"":941,""max_solver_live_bytes"":3264,""max_scratch_live_bytes"":2644,""evidence_import_solver_bytes"":0,""evidence_import_scratch_bytes"":4224,""snapshot_copy_bytes"":0,""snapshot_copy_allocations"":0,""principal_copy_buffer_bytes"":10048,""principal_copy_buffer_allocations"":144,""frozen_capture_temporary_bytes"":0,""frozen_capture_published_bytes"":512,""frozen_edge_scratch_bytes"":0,""region_scopes"":134,""max_region_scopes"":4,""call_collections_closed"":33,""call_collections_unresolved"":0,""call_memo_hits"":67,""solver_passes"":71,""solver_constraint_visits"":38,""occurs_steps"":0}"
wide8,fresh,workers-1,"[1915,1958,2058,2117,2213,2221,2225]","[2251,2259,2429,2444,2553,2568,3555]",880097,2625,199297,0,"[880097,880097,880097,880097,880097,880097,880097]","[199297,199297,199297,199297,199297,199297,199297]","{""semantic_component_batches"":1,""semantic_component_jobs"":2,""max_semantic_component_workers"":1,""inference_regions"":69,""canonical_specialization_queries"":16,""canonical_specialization_hits"":0,""solver_requested_bytes"":135776,""solver_allocations"":490,""scratch_requested_bytes"":152760,""scratch_allocations"":941,""max_solver_live_bytes"":3264,""max_scratch_live_bytes"":2644,""evidence_import_solver_bytes"":0,""evidence_import_scratch_bytes"":4224,""snapshot_copy_bytes"":0,""snapshot_copy_allocations"":0,""principal_copy_buffer_bytes"":10048,""principal_copy_buffer_allocations"":144,""frozen_capture_temporary_bytes"":0,""frozen_capture_published_bytes"":512,""frozen_edge_scratch_bytes"":0,""region_scopes"":134,""max_region_scopes"":4,""call_collections_closed"":33,""call_collections_unresolved"":0,""call_memo_hits"":67,""solver_passes"":71,""solver_constraint_visits"":38,""occurs_steps"":0}"
wide8,fresh,workers-2,"[2100,2221,2269,2282,2331,2520,4190]","[2411,2502,2523,2589,2690,2816,4552]",932145,2632,199297,0,"[880097,880097,880097,932145,932145,932145,932145]","[199297,199297,199297,199297,199297,199297,199297]","{""semantic_component_batches"":1,""semantic_component_jobs"":2,""max_semantic_component_workers"":2,""inference_regions"":69,""canonical_specialization_queries"":16,""canonical_specialization_hits"":0,""solver_requested_bytes"":135776,""solver_allocations"":490,""scratch_requested_bytes"":152760,""scratch_allocations"":941,""max_solver_live_bytes"":3264,""max_scratch_live_bytes"":2644,""evidence_import_solver_bytes"":0,""evidence_import_scratch_bytes"":4224,""snapshot_copy_bytes"":0,""snapshot_copy_allocations"":0,""principal_copy_buffer_bytes"":10048,""principal_copy_buffer_allocations"":144,""frozen_capture_temporary_bytes"":0,""frozen_capture_published_bytes"":512,""frozen_edge_scratch_bytes"":0,""region_scopes"":134,""max_region_scopes"":4,""call_collections_closed"":33,""call_collections_unresolved"":0,""call_memo_hits"":67,""solver_passes"":71,""solver_constraint_visits"":38,""occurs_steps"":0}"
wide8,fresh,workers-4,"[2208,2245,2287,2289,2335,2637,2919]","[2523,2579,2598,2869,2914,2949,3220]",932145,2632,199297,0,"[880097,880097,932145,932145,932145,932145,932145]","[199297,199297,199297,199297,199297,199297,199297]","{""semantic_component_batches"":1,""semantic_component_jobs"":2,""max_semantic_component_workers"":2,""inference_regions"":69,""canonical_specialization_queries"":16,""canonical_specialization_hits"":0,""solver_requested_bytes"":135776,""solver_allocations"":490,""scratch_requested_bytes"":152760,""scratch_allocations"":941,""max_solver_live_bytes"":3264,""max_scratch_live_bytes"":2644,""evidence_import_solver_bytes"":0,""evidence_import_scratch_bytes"":4224,""snapshot_copy_bytes"":0,""snapshot_copy_allocations"":0,""principal_copy_buffer_bytes"":10048,""principal_copy_buffer_allocations"":144,""frozen_capture_temporary_bytes"":0,""frozen_capture_published_bytes"":512,""frozen_edge_scratch_bytes"":0,""region_scopes"":134,""max_region_scopes"":4,""call_collections_closed"":33,""call_collections_unresolved"":0,""call_memo_hits"":67,""solver_passes"":71,""solver_constraint_visits"":38,""occurs_steps"":0}"
wide8,fresh,workers-8,"[2106,2160,2230,2404,2556,2734,2871]","[2403,2520,2598,2640,3163,3241,4144]",932145,2632,199297,0,"[880097,880097,880097,932145,932145,932145,932145]","[199297,199297,199297,199297,199297,199297,199297]","{""semantic_component_batches"":1,""semantic_component_jobs"":2,""max_semantic_component_workers"":2,""inference_regions"":69,""canonical_specialization_queries"":16,""canonical_specialization_hits"":0,""solver_requested_bytes"":135776,""solver_allocations"":490,""scratch_requested_bytes"":152760,""scratch_allocations"":941,""max_solver_live_bytes"":3264,""max_scratch_live_bytes"":2644,""evidence_import_solver_bytes"":0,""evidence_import_scratch_bytes"":4224,""snapshot_copy_bytes"":0,""snapshot_copy_allocations"":0,""principal_copy_buffer_bytes"":10048,""principal_copy_buffer_allocations"":144,""frozen_capture_temporary_bytes"":0,""frozen_capture_published_bytes"":512,""frozen_edge_scratch_bytes"":0,""region_scopes"":134,""max_region_scopes"":4,""call_collections_closed"":33,""call_collections_unresolved"":0,""call_memo_hits"":67,""solver_passes"":71,""solver_constraint_visits"":38,""occurs_steps"":0}"
wide8,cache_population,baseline,"[2243,2287,2325,2370,2450,2703,3128]","[3855,3926,4020,4053,4294,4684,6047]",1303308,2932,489770,0,"[1303308,1303308,1303308,1303308,1303308,1303308,1303308]","[489770,489770,489770,489770,489770,489770,489770]","{""inference_regions"":69,""canonical_specialization_queries"":16,""canonical_specialization_hits"":0,""solver_requested_bytes"":135776,""solver_allocations"":490,""scratch_requested_bytes"":152760,""scratch_allocations"":941,""max_solver_live_bytes"":3264,""max_scratch_live_bytes"":2644,""evidence_import_solver_bytes"":0,""evidence_import_scratch_bytes"":4224,""snapshot_copy_bytes"":13904,""snapshot_copy_allocations"":12,""principal_copy_buffer_bytes"":10048,""principal_copy_buffer_allocations"":144,""frozen_capture_temporary_bytes"":0,""frozen_capture_published_bytes"":512,""frozen_edge_scratch_bytes"":0,""region_scopes"":134,""max_region_scopes"":4,""call_collections_closed"":33,""call_collections_unresolved"":0,""call_memo_hits"":67,""solver_passes"":71,""solver_constraint_visits"":38,""occurs_steps"":0}"
wide8,cache_population,default,"[2291,2318,2372,2388,2416,2877,2948]","[3657,3834,3870,3929,4045,4291,4772]",1303306,2932,489768,0,"[1303306,1303306,1303306,1303306,1303306,1303306,1303306]","[489768,489768,489768,489768,489768,489768,489768]","{""semantic_component_batches"":0,""semantic_component_jobs"":0,""max_semantic_component_workers"":0,""inference_regions"":69,""canonical_specialization_queries"":16,""canonical_specialization_hits"":0,""solver_requested_bytes"":135776,""solver_allocations"":490,""scratch_requested_bytes"":152760,""scratch_allocations"":941,""max_solver_live_bytes"":3264,""max_scratch_live_bytes"":2644,""evidence_import_solver_bytes"":0,""evidence_import_scratch_bytes"":4224,""snapshot_copy_bytes"":13904,""snapshot_copy_allocations"":12,""principal_copy_buffer_bytes"":10048,""principal_copy_buffer_allocations"":144,""frozen_capture_temporary_bytes"":0,""frozen_capture_published_bytes"":512,""frozen_edge_scratch_bytes"":0,""region_scopes"":134,""max_region_scopes"":4,""call_collections_closed"":33,""call_collections_unresolved"":0,""call_memo_hits"":67,""solver_passes"":71,""solver_constraint_visits"":38,""occurs_steps"":0}"
wide8,cache_population,workers-1,"[2176,2307,2374,2473,2477,2741,3391]","[3790,3849,4102,4438,4579,5080,5146]",1356030,2971,489548,0,"[1356030,1356030,1356030,1356030,1356030,1356030,1356030]","[489548,489548,489548,489548,489548,489548,489548]","{""semantic_component_batches"":1,""semantic_component_jobs"":2,""max_semantic_component_workers"":1,""inference_regions"":69,""canonical_specialization_queries"":16,""canonical_specialization_hits"":0,""solver_requested_bytes"":135776,""solver_allocations"":490,""scratch_requested_bytes"":152760,""scratch_allocations"":941,""max_solver_live_bytes"":3264,""max_scratch_live_bytes"":2644,""evidence_import_solver_bytes"":0,""evidence_import_scratch_bytes"":4224,""snapshot_copy_bytes"":13904,""snapshot_copy_allocations"":12,""principal_copy_buffer_bytes"":10048,""principal_copy_buffer_allocations"":144,""frozen_capture_temporary_bytes"":0,""frozen_capture_published_bytes"":512,""frozen_edge_scratch_bytes"":0,""region_scopes"":134,""max_region_scopes"":4,""call_collections_closed"":33,""call_collections_unresolved"":0,""call_memo_hits"":67,""solver_passes"":71,""solver_constraint_visits"":38,""occurs_steps"":0}"
wide8,cache_population,workers-2,"[2571,2627,2669,2681,2797,2890,3013]","[4360,4450,4490,4524,4617,4981,5172]",1408078,2978,489548,0,"[1356030,1356030,1408078,1408078,1408078,1408078,1408078]","[489548,489548,489548,489548,489548,489548,489548]","{""semantic_component_batches"":1,""semantic_component_jobs"":2,""max_semantic_component_workers"":2,""inference_regions"":69,""canonical_specialization_queries"":16,""canonical_specialization_hits"":0,""solver_requested_bytes"":135776,""solver_allocations"":490,""scratch_requested_bytes"":152760,""scratch_allocations"":941,""max_solver_live_bytes"":3264,""max_scratch_live_bytes"":2644,""evidence_import_solver_bytes"":0,""evidence_import_scratch_bytes"":4224,""snapshot_copy_bytes"":13904,""snapshot_copy_allocations"":12,""principal_copy_buffer_bytes"":10048,""principal_copy_buffer_allocations"":144,""frozen_capture_temporary_bytes"":0,""frozen_capture_published_bytes"":512,""frozen_edge_scratch_bytes"":0,""region_scopes"":134,""max_region_scopes"":4,""call_collections_closed"":33,""call_collections_unresolved"":0,""call_memo_hits"":67,""solver_passes"":71,""solver_constraint_visits"":38,""occurs_steps"":0}"
wide8,cache_population,workers-4,"[2547,2720,2738,2882,2885,2979,3506]","[3936,4464,4536,4556,4581,4713,5279]",1408078,2978,489548,0,"[1356030,1356030,1408078,1408078,1408078,1408078,1408078]","[489548,489548,489548,489548,489548,489548,489548]","{""semantic_component_batches"":1,""semantic_component_jobs"":2,""max_semantic_component_workers"":2,""inference_regions"":69,""canonical_specialization_queries"":16,""canonical_specialization_hits"":0,""solver_requested_bytes"":135776,""solver_allocations"":490,""scratch_requested_bytes"":152760,""scratch_allocations"":941,""max_solver_live_bytes"":3264,""max_scratch_live_bytes"":2644,""evidence_import_solver_bytes"":0,""evidence_import_scratch_bytes"":4224,""snapshot_copy_bytes"":13904,""snapshot_copy_allocations"":12,""principal_copy_buffer_bytes"":10048,""principal_copy_buffer_allocations"":144,""frozen_capture_temporary_bytes"":0,""frozen_capture_published_bytes"":512,""frozen_edge_scratch_bytes"":0,""region_scopes"":134,""max_region_scopes"":4,""call_collections_closed"":33,""call_collections_unresolved"":0,""call_memo_hits"":67,""solver_passes"":71,""solver_constraint_visits"":38,""occurs_steps"":0}"
wide8,cache_population,workers-8,"[2592,2664,2736,2787,3144,3180,3347]","[4163,4209,4502,4732,5233,5578,6125]",1408078,2978,489548,0,"[1356030,1356030,1356030,1408078,1408078,1408078,1408078]","[489548,489548,489548,489548,489548,489548,489548]","{""semantic_component_batches"":1,""semantic_component_jobs"":2,""max_semantic_component_workers"":2,""inference_regions"":69,""canonical_specialization_queries"":16,""canonical_specialization_hits"":0,""solver_requested_bytes"":135776,""solver_allocations"":490,""scratch_requested_bytes"":152760,""scratch_allocations"":941,""max_solver_live_bytes"":3264,""max_scratch_live_bytes"":2644,""evidence_import_solver_bytes"":0,""evidence_import_scratch_bytes"":4224,""snapshot_copy_bytes"":13904,""snapshot_copy_allocations"":12,""principal_copy_buffer_bytes"":10048,""principal_copy_buffer_allocations"":144,""frozen_capture_temporary_bytes"":0,""frozen_capture_published_bytes"":512,""frozen_edge_scratch_bytes"":0,""region_scopes"":134,""max_region_scopes"":4,""call_collections_closed"":33,""call_collections_unresolved"":0,""call_memo_hits"":67,""solver_passes"":71,""solver_constraint_visits"":38,""occurs_steps"":0}"
wide8,restart,baseline,"[2199,2217,2321,2328,2350,2467,3267]","[2863,2996,3079,3125,3198,3268,4182]",1375870,3150,511948,0,"[1375870,1375870,1375870,1375870,1375870,1375870,1375870]","[511948,511948,511948,511948,511948,511948,511948]","{""inference_regions"":69,""canonical_specialization_queries"":16,""canonical_specialization_hits"":0,""solver_requested_bytes"":135776,""solver_allocations"":490,""scratch_requested_bytes"":152760,""scratch_allocations"":941,""max_solver_live_bytes"":3264,""max_scratch_live_bytes"":2644,""evidence_import_solver_bytes"":0,""evidence_import_scratch_bytes"":4224,""snapshot_copy_bytes"":13904,""snapshot_copy_allocations"":12,""principal_copy_buffer_bytes"":10048,""principal_copy_buffer_allocations"":144,""frozen_capture_temporary_bytes"":0,""frozen_capture_published_bytes"":512,""frozen_edge_scratch_bytes"":0,""region_scopes"":134,""max_region_scopes"":4,""call_collections_closed"":33,""call_collections_unresolved"":0,""call_memo_hits"":67,""solver_passes"":71,""solver_constraint_visits"":38,""occurs_steps"":0}"
wide8,restart,default,"[2121,2425,2516,2562,2725,2750,3067]","[3005,3197,3296,3395,3422,3544,3747]",1375868,3150,511946,0,"[1375868,1375868,1375868,1375868,1375868,1375868,1375868]","[511946,511946,511946,511946,511946,511946,511946]","{""semantic_component_batches"":0,""semantic_component_jobs"":0,""max_semantic_component_workers"":0,""inference_regions"":69,""canonical_specialization_queries"":16,""canonical_specialization_hits"":0,""solver_requested_bytes"":135776,""solver_allocations"":490,""scratch_requested_bytes"":152760,""scratch_allocations"":941,""max_solver_live_bytes"":3264,""max_scratch_live_bytes"":2644,""evidence_import_solver_bytes"":0,""evidence_import_scratch_bytes"":4224,""snapshot_copy_bytes"":13904,""snapshot_copy_allocations"":12,""principal_copy_buffer_bytes"":10048,""principal_copy_buffer_allocations"":144,""frozen_capture_temporary_bytes"":0,""frozen_capture_published_bytes"":512,""frozen_edge_scratch_bytes"":0,""region_scopes"":134,""max_region_scopes"":4,""call_collections_closed"":33,""call_collections_unresolved"":0,""call_memo_hits"":67,""solver_passes"":71,""solver_constraint_visits"":38,""occurs_steps"":0}"
wide8,restart,workers-1,"[2181,2184,2249,2302,2316,2614,4876]","[2921,2968,2987,3061,3119,3561,5652]",1428592,3189,511726,0,"[1428592,1428592,1428592,1428592,1428592,1428592,1428592]","[511726,511726,511726,511726,511726,511726,511726]","{""semantic_component_batches"":1,""semantic_component_jobs"":2,""max_semantic_component_workers"":1,""inference_regions"":69,""canonical_specialization_queries"":16,""canonical_specialization_hits"":0,""solver_requested_bytes"":135776,""solver_allocations"":490,""scratch_requested_bytes"":152760,""scratch_allocations"":941,""max_solver_live_bytes"":3264,""max_scratch_live_bytes"":2644,""evidence_import_solver_bytes"":0,""evidence_import_scratch_bytes"":4224,""snapshot_copy_bytes"":13904,""snapshot_copy_allocations"":12,""principal_copy_buffer_bytes"":10048,""principal_copy_buffer_allocations"":144,""frozen_capture_temporary_bytes"":0,""frozen_capture_published_bytes"":512,""frozen_edge_scratch_bytes"":0,""region_scopes"":134,""max_region_scopes"":4,""call_collections_closed"":33,""call_collections_unresolved"":0,""call_memo_hits"":67,""solver_passes"":71,""solver_constraint_visits"":38,""occurs_steps"":0}"
wide8,restart,workers-2,"[2470,2533,2616,2631,2666,3049,4043]","[3268,3294,3623,3645,3769,3816,5232]",1480640,3196,511726,0,"[1428592,1428592,1428592,1480640,1480640,1480640,1480640]","[511726,511726,511726,511726,511726,511726,511726]","{""semantic_component_batches"":1,""semantic_component_jobs"":2,""max_semantic_component_workers"":2,""inference_regions"":69,""canonical_specialization_queries"":16,""canonical_specialization_hits"":0,""solver_requested_bytes"":135776,""solver_allocations"":490,""scratch_requested_bytes"":152760,""scratch_allocations"":941,""max_solver_live_bytes"":3264,""max_scratch_live_bytes"":2644,""evidence_import_solver_bytes"":0,""evidence_import_scratch_bytes"":4224,""snapshot_copy_bytes"":13904,""snapshot_copy_allocations"":12,""principal_copy_buffer_bytes"":10048,""principal_copy_buffer_allocations"":144,""frozen_capture_temporary_bytes"":0,""frozen_capture_published_bytes"":512,""frozen_edge_scratch_bytes"":0,""region_scopes"":134,""max_region_scopes"":4,""call_collections_closed"":33,""call_collections_unresolved"":0,""call_memo_hits"":67,""solver_passes"":71,""solver_constraint_visits"":38,""occurs_steps"":0}"
wide8,restart,workers-4,"[2446,2474,2556,2590,2633,2654,2847]","[3198,3239,3370,3380,3701,3823,5270]",1480640,3196,511726,0,"[1428592,1428592,1428592,1480640,1480640,1480640,1480640]","[511726,511726,511726,511726,511726,511726,511726]","{""semantic_component_batches"":1,""semantic_component_jobs"":2,""max_semantic_component_workers"":2,""inference_regions"":69,""canonical_specialization_queries"":16,""canonical_specialization_hits"":0,""solver_requested_bytes"":135776,""solver_allocations"":490,""scratch_requested_bytes"":152760,""scratch_allocations"":941,""max_solver_live_bytes"":3264,""max_scratch_live_bytes"":2644,""evidence_import_solver_bytes"":0,""evidence_import_scratch_bytes"":4224,""snapshot_copy_bytes"":13904,""snapshot_copy_allocations"":12,""principal_copy_buffer_bytes"":10048,""principal_copy_buffer_allocations"":144,""frozen_capture_temporary_bytes"":0,""frozen_capture_published_bytes"":512,""frozen_edge_scratch_bytes"":0,""region_scopes"":134,""max_region_scopes"":4,""call_collections_closed"":33,""call_collections_unresolved"":0,""call_memo_hits"":67,""solver_passes"":71,""solver_constraint_visits"":38,""occurs_steps"":0}"
wide8,restart,workers-8,"[2420,2514,2528,2537,2651,2668,2989]","[3123,3250,3342,3572,3713,3742,4578]",1480640,3196,511726,0,"[1428592,1428592,1428592,1480640,1480640,1480640,1480640]","[511726,511726,511726,511726,511726,511726,511726]","{""semantic_component_batches"":1,""semantic_component_jobs"":2,""max_semantic_component_workers"":2,""inference_regions"":69,""canonical_specialization_queries"":16,""canonical_specialization_hits"":0,""solver_requested_bytes"":135776,""solver_allocations"":490,""scratch_requested_bytes"":152760,""scratch_allocations"":941,""max_solver_live_bytes"":3264,""max_scratch_live_bytes"":2644,""evidence_import_solver_bytes"":0,""evidence_import_scratch_bytes"":4224,""snapshot_copy_bytes"":13904,""snapshot_copy_allocations"":12,""principal_copy_buffer_bytes"":10048,""principal_copy_buffer_allocations"":144,""frozen_capture_temporary_bytes"":0,""frozen_capture_published_bytes"":512,""frozen_edge_scratch_bytes"":0,""region_scopes"":134,""max_region_scopes"":4,""call_collections_closed"":33,""call_collections_unresolved"":0,""call_memo_hits"":67,""solver_passes"":71,""solver_constraint_visits"":38,""occurs_steps"":0}"
wide32,population,baseline,"[2226,2328,2333,2449,2502,2516,2565]","[2222,2324,2329,2441,2496,2512,2561]",1717880,3085,619344,376400,"[1717880,1717880,1717880,1717880,1717880,1717880,1717880]","[619344,619344,619344,619344,619344,619344,619344]","{""inference_regions"":69,""canonical_specialization_queries"":16,""canonical_specialization_hits"":0,""solver_requested_bytes"":135776,""solver_allocations"":490,""scratch_requested_bytes"":177384,""scratch_allocations"":998,""max_solver_live_bytes"":3264,""max_scratch_live_bytes"":2712,""evidence_import_solver_bytes"":0,""evidence_import_scratch_bytes"":4224,""snapshot_copy_bytes"":42320,""snapshot_copy_allocations"":12,""principal_copy_buffer_bytes"":10048,""principal_copy_buffer_allocations"":144,""frozen_capture_temporary_bytes"":0,""frozen_capture_published_bytes"":2048,""frozen_edge_scratch_bytes"":0,""region_scopes"":134,""max_region_scopes"":4,""call_collections_closed"":33,""call_collections_unresolved"":0,""call_memo_hits"":67,""solver_passes"":71,""solver_constraint_visits"":38,""occurs_steps"":0}"
wide32,population,default,"[2037,2114,2213,2239,2243,2278,3378]","[2030,2107,2204,2231,2235,2270,3928]",1717936,3085,619344,376400,"[1717936,1717936,1717936,1717936,1717936,1717936,1717936]","[619344,619344,619344,619344,619344,619344,619344]","{""semantic_component_batches"":0,""semantic_component_jobs"":0,""max_semantic_component_workers"":0,""inference_regions"":69,""canonical_specialization_queries"":16,""canonical_specialization_hits"":0,""solver_requested_bytes"":135776,""solver_allocations"":490,""scratch_requested_bytes"":177384,""scratch_allocations"":998,""max_solver_live_bytes"":3264,""max_scratch_live_bytes"":2712,""evidence_import_solver_bytes"":0,""evidence_import_scratch_bytes"":4224,""snapshot_copy_bytes"":42320,""snapshot_copy_allocations"":12,""principal_copy_buffer_bytes"":10048,""principal_copy_buffer_allocations"":144,""frozen_capture_temporary_bytes"":0,""frozen_capture_published_bytes"":2048,""frozen_edge_scratch_bytes"":0,""region_scopes"":134,""max_region_scopes"":4,""call_collections_closed"":33,""call_collections_unresolved"":0,""call_memo_hits"":67,""solver_passes"":71,""solver_constraint_visits"":38,""occurs_steps"":0}"
wide32,population,workers-1,"[2141,2145,2158,2178,2592,2673,3036]","[2133,2137,2149,2181,2583,2666,3033]",1769196,3123,619120,376400,"[1769196,1769196,1769196,1769196,1769196,1769196,1769196]","[619120,619120,619120,619120,619120,619120,619120]","{""semantic_component_batches"":1,""semantic_component_jobs"":2,""max_semantic_component_workers"":1,""inference_regions"":69,""canonical_specialization_queries"":16,""canonical_specialization_hits"":0,""solver_requested_bytes"":135776,""solver_allocations"":490,""scratch_requested_bytes"":177384,""scratch_allocations"":998,""max_solver_live_bytes"":3264,""max_scratch_live_bytes"":2712,""evidence_import_solver_bytes"":0,""evidence_import_scratch_bytes"":4224,""snapshot_copy_bytes"":42320,""snapshot_copy_allocations"":12,""principal_copy_buffer_bytes"":10048,""principal_copy_buffer_allocations"":144,""frozen_capture_temporary_bytes"":0,""frozen_capture_published_bytes"":2048,""frozen_edge_scratch_bytes"":0,""region_scopes"":134,""max_region_scopes"":4,""call_collections_closed"":33,""call_collections_unresolved"":0,""call_memo_hits"":67,""solver_passes"":71,""solver_constraint_visits"":38,""occurs_steps"":0}"
wide32,population,workers-2,"[2360,2461,2486,2486,2653,2723,2759]","[2302,2413,2426,2438,2621,2672,2712]",1819784,3129,619120,376400,"[1819784,1819784,1819784,1819784,1819784,1819784,1819784]","[619120,619120,619120,619120,619120,619120,619120]","{""semantic_component_batches"":1,""semantic_component_jobs"":2,""max_semantic_component_workers"":2,""inference_regions"":69,""canonical_specialization_queries"":16,""canonical_specialization_hits"":0,""solver_requested_bytes"":135776,""solver_allocations"":490,""scratch_requested_bytes"":177384,""scratch_allocations"":998,""max_solver_live_bytes"":3264,""max_scratch_live_bytes"":2712,""evidence_import_solver_bytes"":0,""evidence_import_scratch_bytes"":4224,""snapshot_copy_bytes"":42320,""snapshot_copy_allocations"":12,""principal_copy_buffer_bytes"":10048,""principal_copy_buffer_allocations"":144,""frozen_capture_temporary_bytes"":0,""frozen_capture_published_bytes"":2048,""frozen_edge_scratch_bytes"":0,""region_scopes"":134,""max_region_scopes"":4,""call_collections_closed"":33,""call_collections_unresolved"":0,""call_memo_hits"":67,""solver_passes"":71,""solver_constraint_visits"":38,""occurs_steps"":0}"
wide32,population,workers-4,"[2290,2408,2426,2562,2585,2658,3052]","[2244,2360,2365,2476,2517,2610,3002]",1819784,3129,619120,376400,"[1769196,1819784,1819784,1819784,1819784,1819784,1819784]","[619120,619120,619120,619120,619120,619120,619120]","{""semantic_component_batches"":1,""semantic_component_jobs"":2,""max_semantic_component_workers"":2,""inference_regions"":69,""canonical_specialization_queries"":16,""canonical_specialization_hits"":0,""solver_requested_bytes"":135776,""solver_allocations"":490,""scratch_requested_bytes"":177384,""scratch_allocations"":998,""max_solver_live_bytes"":3264,""max_scratch_live_bytes"":2712,""evidence_import_solver_bytes"":0,""evidence_import_scratch_bytes"":4224,""snapshot_copy_bytes"":42320,""snapshot_copy_allocations"":12,""principal_copy_buffer_bytes"":10048,""principal_copy_buffer_allocations"":144,""frozen_capture_temporary_bytes"":0,""frozen_capture_published_bytes"":2048,""frozen_edge_scratch_bytes"":0,""region_scopes"":134,""max_region_scopes"":4,""call_collections_closed"":33,""call_collections_unresolved"":0,""call_memo_hits"":67,""solver_passes"":71,""solver_constraint_visits"":38,""occurs_steps"":0}"
wide32,population,workers-8,"[2364,2425,2438,2628,2662,2730,2871]","[2305,2359,2387,2567,2612,2813,2833]",1819784,3129,619120,376400,"[1769196,1769196,1769196,1819784,1819784,1819784,1819784]","[619120,619120,619120,619120,619120,619120,619120]","{""semantic_component_batches"":1,""semantic_component_jobs"":2,""max_semantic_component_workers"":2,""inference_regions"":69,""canonical_specialization_queries"":16,""canonical_specialization_hits"":0,""solver_requested_bytes"":135776,""solver_allocations"":490,""scratch_requested_bytes"":177384,""scratch_allocations"":998,""max_solver_live_bytes"":3264,""max_scratch_live_bytes"":2712,""evidence_import_solver_bytes"":0,""evidence_import_scratch_bytes"":4224,""snapshot_copy_bytes"":42320,""snapshot_copy_allocations"":12,""principal_copy_buffer_bytes"":10048,""principal_copy_buffer_allocations"":144,""frozen_capture_temporary_bytes"":0,""frozen_capture_published_bytes"":2048,""frozen_edge_scratch_bytes"":0,""region_scopes"":134,""max_region_scopes"":4,""call_collections_closed"":33,""call_collections_unresolved"":0,""call_memo_hits"":67,""solver_passes"":71,""solver_constraint_visits"":38,""occurs_steps"":0}"
wide32,edit,baseline,"[1512,1515,1518,1519,1525,1527,1527,1529,1534,1534,1535,1539,1540,1543,1543,1544,1544,1546,1547,1548,1550,1553,1554,1555,1559,1560,1561,1562,1562,1563,1563,1563,1563,1564,1565,1566,1567,1567,1568,1571,1573,1574,1578,1579,1579,1579,1581,1584,1584,1585,1585,1586,1589,1589,1590,1591,1591,1591,1595,1596,1599,1599,1603,1603,1604,1605,1607,1607,1612,1612,1616,1616,1617,1619,1620,1622,1623,1624,1636,1639,1646,1646,1648,1649,1651,1656,1658,1659,1668,1670,1674,1675,1676,1677,1680,1680,1681,1685,1686,1687,1688,1692,1694,1696,1696,1706,1706,1709,1724,1732,1735,1741,1754,1755,1757,1763,1766,1776,1793,1794,1806,1810,1810,1812,1848,1850,1856,1866,1870,1873,1873,1877,1881,1910,1925,1953,1965,1986,2008,2079]","[1512,1516,1518,1520,1525,1527,1527,1529,1534,1535,1535,1539,1540,1544,1544,1544,1545,1546,1548,1552,1553,1554,1555,1557,1560,1560,1561,1561,1562,1562,1563,1564,1564,1565,1565,1567,1567,1568,1571,1573,1574,1575,1578,1579,1580,1580,1581,1586,1586,1588,1589,1590,1590,1591,1591,1591,1592,1594,1596,1599,1600,1603,1604,1604,1606,1606,1607,1608,1613,1616,1616,1617,1617,1620,1620,1622,1624,1636,1640,1644,1647,1647,1649,1649,1656,1657,1658,1659,1669,1671,1674,1675,1675,1677,1681,1681,1685,1687,1688,1689,1690,1693,1694,1696,1701,1706,1709,1710,1724,1731,1735,1741,1755,1756,1757,1764,1766,1776,1793,1794,1806,1810,1811,1813,1848,1851,1857,1866,1873,1873,1874,1877,1882,1911,1925,1953,1965,1986,2007,2079]",1819792.0,3407.0,1005044.0,376396.0,"[1819792,1819792,1819792,1819792,1819792,1819792,1819792,1819792,1819792,1819792,1819792,1819792,1819792,1819792,1819792,1819792,1819792,1819792,1819792,1819792,1819792,1819792,1819792,1819792,1819792,1819792,1819792,1819792,1819792,1819792,1819792,1819792,1819792,1819792,1819792,1819792,1819792,1819792,1819792,1819792,1819792,1819792,1819792,1819792,1819792,1819792,1819792,1819792,1819792,1819792,1819792,1819792,1819792,1819792,1819792,1819792,1819792,1819792,1819792,1819792,1819792,1819792,1819792,1819792,1819792,1819792,1819792,1819792,1819792,1819792,1819792,1819792,1819792,1819792,1819792,1819792,1819792,1819792,1819792,1819792,1819792,1819792,1819792,1819792,1819792,1819792,1819792,1819792,1819792,1819792,1819792,1819792,1819792,1819792,1819792,1819792,1819792,1819792,1819792,1819792,1819792,1819792,1819792,1819792,1819792,1819792,1819792,1819792,1819792,1819792,1819792,1819792,1819792,1819792,1819792,1819792,1819792,1819792,1819792,1819792,1819792,1819792,1819792,1819792,1819792,1819792,1819792,1819792,1819792,1819792,1819792,1819792,1819792,1819792,1819792,1819792,1819792,1819792,1819792,1819792]","[1005044,1005044,1005044,1005044,1005044,1005044,1005044,1005044,1005044,1005044,1005044,1005044,1005044,1005044,1005044,1005044,1005044,1005044,1005044,1005044,1005044,1005044,1005044,1005044,1005044,1005044,1005044,1005044,1005044,1005044,1005044,1005044,1005044,1005044,1005044,1005044,1005044,1005044,1005044,1005044,1005044,1005044,1005044,1005044,1005044,1005044,1005044,1005044,1005044,1005044,1005044,1005044,1005044,1005044,1005044,1005044,1005044,1005044,1005044,1005044,1005044,1005044,1005044,1005044,1005044,1005044,1005044,1005044,1005044,1005044,1005044,1005044,1005044,1005044,1005044,1005044,1005044,1005044,1005044,1005044,1005044,1005044,1005044,1005044,1005044,1005044,1005044,1005044,1005044,1005044,1005044,1005044,1005044,1005044,1005044,1005044,1005044,1005044,1005044,1005044,1005044,1005044,1005044,1005044,1005044,1005044,1005044,1005044,1005044,1005044,1005044,1005044,1005044,1005044,1005044,1005044,1005044,1005044,1005044,1005044,1005044,1005044,1005044,1005044,1005044,1005044,1005044,1005044,1005044,1005044,1005044,1005044,1005044,1005044,1005044,1005044,1005044,1005044,1005044,1005044]","{""inference_regions"":68,""canonical_specialization_queries"":16,""canonical_specialization_hits"":1,""solver_requested_bytes"":134816,""solver_allocations"":484,""scratch_requested_bytes"":174868,""scratch_allocations"":986,""max_solver_live_bytes"":3264,""max_scratch_live_bytes"":2712,""evidence_import_solver_bytes"":0,""evidence_import_scratch_bytes"":4096,""snapshot_copy_bytes"":42268,""snapshot_copy_allocations"":12,""principal_copy_buffer_bytes"":10048,""principal_copy_buffer_allocations"":144,""frozen_capture_temporary_bytes"":0,""frozen_capture_published_bytes"":1920,""frozen_edge_scratch_bytes"":0,""region_scopes"":133,""max_region_scopes"":4,""call_collections_closed"":33,""call_collections_unresolved"":0,""call_memo_hits"":67,""solver_passes"":70,""solver_constraint_visits"":38,""occurs_steps"":0}"
wide32,edit,default,"[1492,1515,1516,1519,1521,1526,1527,1532,1533,1535,1540,1541,1541,1544,1545,1548,1550,1550,1553,1554,1557,1558,1560,1563,1565,1567,1567,1567,1569,1570,1572,1573,1573,1575,1577,1577,1577,1578,1578,1584,1585,1587,1587,1587,1591,1592,1592,1594,1595,1598,1601,1602,1605,1613,1614,1617,1617,1617,1619,1623,1625,1627,1628,1630,1639,1639,1641,1645,1648,1649,1649,1650,1650,1652,1653,1654,1659,1660,1665,1669,1672,1680,1685,1697,1701,1707,1714,1737,1737,1743,1746,1758,1758,1758,1770,1773,1776,1784,1800,1806,1808,1810,1817,1820,1823,1824,1828,1830,1851,1857,1869,1872,1884,1891,1902,1916,1923,1925,1929,1941,1947,1957,1967,2000,2028,2072,2109,2114,2159,2185,2233,2260,2452,2460,2829,3261,3361,3515,3683,3941]","[1492,1516,1516,1519,1521,1526,1527,1532,1533,1535,1541,1541,1542,1545,1545,1547,1550,1552,1553,1555,1557,1559,1561,1563,1565,1567,1567,1567,1569,1570,1572,1573,1574,1575,1576,1577,1582,1582,1584,1585,1586,1587,1587,1587,1592,1592,1595,1595,1596,1598,1602,1603,1605,1613,1615,1617,1617,1617,1619,1623,1625,1627,1628,1631,1640,1641,1643,1645,1648,1649,1649,1651,1651,1653,1655,1657,1659,1660,1666,1672,1677,1681,1686,1697,1701,1713,1715,1737,1737,1743,1747,1758,1759,1759,1771,1773,1776,1783,1800,1806,1808,1810,1816,1820,1823,1825,1831,1835,1851,1857,1869,1872,1885,1891,1902,1916,1923,1925,1930,1941,1947,1957,1967,2022,2028,2073,2109,2115,2160,2185,2233,2260,2452,2460,2830,3261,3361,3519,3684,3941]",1819848.0,3407.0,1005044.0,376396.0,"[1819848,1819848,1819848,1819848,1819848,1819848,1819848,1819848,1819848,1819848,1819848,1819848,1819848,1819848,1819848,1819848,1819848,1819848,1819848,1819848,1819848,1819848,1819848,1819848,1819848,1819848,1819848,1819848,1819848,1819848,1819848,1819848,1819848,1819848,1819848,1819848,1819848,1819848,1819848,1819848,1819848,1819848,1819848,1819848,1819848,1819848,1819848,1819848,1819848,1819848,1819848,1819848,1819848,1819848,1819848,1819848,1819848,1819848,1819848,1819848,1819848,1819848,1819848,1819848,1819848,1819848,1819848,1819848,1819848,1819848,1819848,1819848,1819848,1819848,1819848,1819848,1819848,1819848,1819848,1819848,1819848,1819848,1819848,1819848,1819848,1819848,1819848,1819848,1819848,1819848,1819848,1819848,1819848,1819848,1819848,1819848,1819848,1819848,1819848,1819848,1819848,1819848,1819848,1819848,1819848,1819848,1819848,1819848,1819848,1819848,1819848,1819848,1819848,1819848,1819848,1819848,1819848,1819848,1819848,1819848,1819848,1819848,1819848,1819848,1819848,1819848,1819848,1819848,1819848,1819848,1819848,1819848,1819848,1819848,1819848,1819848,1819848,1819848,1819848,1819848]","[1005044,1005044,1005044,1005044,1005044,1005044,1005044,1005044,1005044,1005044,1005044,1005044,1005044,1005044,1005044,1005044,1005044,1005044,1005044,1005044,1005044,1005044,1005044,1005044,1005044,1005044,1005044,1005044,1005044,1005044,1005044,1005044,1005044,1005044,1005044,1005044,1005044,1005044,1005044,1005044,1005044,1005044,1005044,1005044,1005044,1005044,1005044,1005044,1005044,1005044,1005044,1005044,1005044,1005044,1005044,1005044,1005044,1005044,1005044,1005044,1005044,1005044,1005044,1005044,1005044,1005044,1005044,1005044,1005044,1005044,1005044,1005044,1005044,1005044,1005044,1005044,1005044,1005044,1005044,1005044,1005044,1005044,1005044,1005044,1005044,1005044,1005044,1005044,1005044,1005044,1005044,1005044,1005044,1005044,1005044,1005044,1005044,1005044,1005044,1005044,1005044,1005044,1005044,1005044,1005044,1005044,1005044,1005044,1005044,1005044,1005044,1005044,1005044,1005044,1005044,1005044,1005044,1005044,1005044,1005044,1005044,1005044,1005044,1005044,1005044,1005044,1005044,1005044,1005044,1005044,1005044,1005044,1005044,1005044,1005044,1005044,1005044,1005044,1005044,1005044]","{""semantic_component_batches"":0,""semantic_component_jobs"":0,""max_semantic_component_workers"":0,""inference_regions"":68,""canonical_specialization_queries"":16,""canonical_specialization_hits"":1,""solver_requested_bytes"":134816,""solver_allocations"":484,""scratch_requested_bytes"":174868,""scratch_allocations"":986,""max_solver_live_bytes"":3264,""max_scratch_live_bytes"":2712,""evidence_import_solver_bytes"":0,""evidence_import_scratch_bytes"":4096,""snapshot_copy_bytes"":42268,""snapshot_copy_allocations"":12,""principal_copy_buffer_bytes"":10048,""principal_copy_buffer_allocations"":144,""frozen_capture_temporary_bytes"":0,""frozen_capture_published_bytes"":1920,""frozen_edge_scratch_bytes"":0,""region_scopes"":133,""max_region_scopes"":4,""call_collections_closed"":33,""call_collections_unresolved"":0,""call_memo_hits"":67,""solver_passes"":70,""solver_constraint_visits"":38,""occurs_steps"":0}"
wide32,edit,workers-1,"[1508,1511,1514,1517,1521,1522,1523,1523,1524,1524,1524,1527,1530,1533,1534,1534,1535,1539,1540,1542,1546,1548,1548,1551,1555,1555,1556,1556,1557,1558,1558,1558,1559,1562,1563,1566,1568,1570,1573,1575,1576,1580,1581,1587,1595,1602,1608,1609,1609,1609,1610,1613,1614,1615,1618,1619,1623,1624,1630,1633,1635,1641,1648,1649,1654,1664,1664,1670,1673,1675,1676,1676,1679,1681,1681,1685,1691,1692,1698,1699,1699,1701,1721,1723,1724,1730,1731,1731,1731,1738,1743,1772,1772,1774,1775,1783,1809,1815,1815,1823,1830,1832,1857,1863,1865,1873,1876,1879,1881,1890,1895,1899,1915,1924,1926,1947,1955,1959,1964,1969,1997,2002,2005,2060,2081,2095,2097,2115,2120,2128,2146,2149,2156,2162,2232,2275,2295,2516,3257,3994]","[1510,1512,1514,1517,1522,1523,1523,1523,1524,1525,1527,1530,1533,1534,1534,1535,1539,1541,1543,1547,1548,1552,1556,1556,1556,1557,1558,1558,1559,1559,1559,1561,1563,1564,1568,1571,1571,1573,1575,1576,1580,1581,1587,1593,1595,1603,1608,1609,1609,1610,1611,1613,1614,1618,1619,1619,1623,1625,1628,1630,1633,1635,1642,1649,1654,1664,1664,1670,1673,1675,1676,1677,1682,1682,1685,1692,1692,1696,1698,1700,1702,1706,1721,1724,1724,1730,1731,1731,1732,1738,1748,1772,1773,1774,1776,1782,1809,1816,1821,1823,1830,1832,1857,1863,1866,1876,1877,1879,1881,1890,1896,1905,1916,1924,1925,1960,1960,1965,1969,1970,1998,2002,2006,2060,2095,2097,2115,2121,2128,2140,2146,2150,2156,2163,2232,2275,2301,2516,3257,3994]",1871108.0,3445.0,1004820.0,376396.0,"[1871108,1871108,1871108,1871108,1871108,1871108,1871108,1871108,1871108,1871108,1871108,1871108,1871108,1871108,1871108,1871108,1871108,1871108,1871108,1871108,1871108,1871108,1871108,1871108,1871108,1871108,1871108,1871108,1871108,1871108,1871108,1871108,1871108,1871108,1871108,1871108,1871108,1871108,1871108,1871108,1871108,1871108,1871108,1871108,1871108,1871108,1871108,1871108,1871108,1871108,1871108,1871108,1871108,1871108,1871108,1871108,1871108,1871108,1871108,1871108,1871108,1871108,1871108,1871108,1871108,1871108,1871108,1871108,1871108,1871108,1871108,1871108,1871108,1871108,1871108,1871108,1871108,1871108,1871108,1871108,1871108,1871108,1871108,1871108,1871108,1871108,1871108,1871108,1871108,1871108,1871108,1871108,1871108,1871108,1871108,1871108,1871108,1871108,1871108,1871108,1871108,1871108,1871108,1871108,1871108,1871108,1871108,1871108,1871108,1871108,1871108,1871108,1871108,1871108,1871108,1871108,1871108,1871108,1871108,1871108,1871108,1871108,1871108,1871108,1871108,1871108,1871108,1871108,1871108,1871108,1871108,1871108,1871108,1871108,1871108,1871108,1871108,1871108,1871108,1871108]","[1004820,1004820,1004820,1004820,1004820,1004820,1004820,1004820,1004820,1004820,1004820,1004820,1004820,1004820,1004820,1004820,1004820,1004820,1004820,1004820,1004820,1004820,1004820,1004820,1004820,1004820,1004820,1004820,1004820,1004820,1004820,1004820,1004820,1004820,1004820,1004820,1004820,1004820,1004820,1004820,1004820,1004820,1004820,1004820,1004820,1004820,1004820,1004820,1004820,1004820,1004820,1004820,1004820,1004820,1004820,1004820,1004820,1004820,1004820,1004820,1004820,1004820,1004820,1004820,1004820,1004820,1004820,1004820,1004820,1004820,1004820,1004820,1004820,1004820,1004820,1004820,1004820,1004820,1004820,1004820,1004820,1004820,1004820,1004820,1004820,1004820,1004820,1004820,1004820,1004820,1004820,1004820,1004820,1004820,1004820,1004820,1004820,1004820,1004820,1004820,1004820,1004820,1004820,1004820,1004820,1004820,1004820,1004820,1004820,1004820,1004820,1004820,1004820,1004820,1004820,1004820,1004820,1004820,1004820,1004820,1004820,1004820,1004820,1004820,1004820,1004820,1004820,1004820,1004820,1004820,1004820,1004820,1004820,1004820,1004820,1004820,1004820,1004820,1004820,1004820]","{""semantic_component_batches"":1,""semantic_component_jobs"":2,""max_semantic_component_workers"":1,""inference_regions"":68,""canonical_specialization_queries"":16,""canonical_specialization_hits"":1,""solver_requested_bytes"":134816,""solver_allocations"":484,""scratch_requested_bytes"":174868,""scratch_allocations"":986,""max_solver_live_bytes"":3264,""max_scratch_live_bytes"":2712,""evidence_import_solver_bytes"":0,""evidence_import_scratch_bytes"":4096,""snapshot_copy_bytes"":42268,""snapshot_copy_allocations"":12,""principal_copy_buffer_bytes"":10048,""principal_copy_buffer_allocations"":144,""frozen_capture_temporary_bytes"":0,""frozen_capture_published_bytes"":1920,""frozen_edge_scratch_bytes"":0,""region_scopes"":133,""max_region_scopes"":4,""call_collections_closed"":33,""call_collections_unresolved"":0,""call_memo_hits"":67,""solver_passes"":70,""solver_constraint_visits"":38,""occurs_steps"":0}"
wide32,edit,workers-2,"[1564,1586,1592,1594,1595,1596,1597,1601,1602,1603,1611,1611,1612,1613,1616,1620,1624,1626,1630,1631,1633,1634,1635,1638,1639,1639,1641,1642,1644,1644,1649,1649,1650,1651,1654,1655,1655,1656,1657,1658,1662,1662,1663,1664,1666,1667,1668,1674,1677,1679,1680,1684,1687,1687,1689,1689,1690,1692,1692,1693,1694,1701,1701,1704,1712,1714,1716,1716,1720,1722,1722,1724,1730,1732,1734,1737,1737,1739,1744,1745,1746,1747,1747,1747,1748,1749,1751,1755,1756,1756,1757,1761,1761,1764,1764,1764,1765,1766,1767,1767,1773,1775,1777,1777,1783,1791,1791,1798,1807,1814,1820,1825,1827,1833,1836,1837,1870,1871,1872,1873,1911,1914,1926,1933,1937,1947,1957,1973,1981,1984,2063,2071,2112,2153,2172,2291,2430,2431,3415,15907]","[1571,1577,1578,1580,1582,1584,1589,1592,1596,1597,1597,1598,1599,1600,1602,1605,1609,1612,1614,1617,1620,1621,1624,1626,1626,1627,1628,1629,1633,1634,1636,1638,1639,1642,1643,1645,1649,1649,1650,1651,1652,1653,1655,1655,1656,1659,1660,1665,1666,1668,1669,1669,1672,1674,1678,1679,1682,1682,1683,1684,1692,1694,1696,1697,1702,1704,1705,1706,1708,1709,1714,1715,1718,1718,1719,1724,1726,1730,1731,1731,1733,1734,1734,1736,1736,1737,1738,1739,1743,1747,1747,1748,1749,1749,1750,1752,1755,1755,1756,1756,1762,1764,1767,1773,1776,1777,1778,1786,1798,1809,1812,1814,1820,1822,1825,1855,1858,1860,1875,1885,1890,1899,1917,1923,1925,1933,1943,1958,1969,1970,2051,2061,2103,2142,2147,2305,2417,2447,3401,15894]",1921696.0,3451.0,1004820.0,376396.0,"[1871108,1871108,1871108,1871108,1871108,1871108,1871108,1921696,1921696,1921696,1921696,1921696,1921696,1921696,1921696,1921696,1921696,1921696,1921696,1921696,1921696,1921696,1921696,1921696,1921696,1921696,1921696,1921696,1921696,1921696,1921696,1921696,1921696,1921696,1921696,1921696,1921696,1921696,1921696,1921696,1921696,1921696,1921696,1921696,1921696,1921696,1921696,1921696,1921696,1921696,1921696,1921696,1921696,1921696,1921696,1921696,1921696,1921696,1921696,1921696,1921696,1921696,1921696,1921696,1921696,1921696,1921696,1921696,1921696,1921696,1921696,1921696,1921696,1921696,1921696,1921696,1921696,1921696,1921696,1921696,1921696,1921696,1921696,1921696,1921696,1921696,1921696,1921696,1921696,1921696,1921696,1921696,1921696,1921696,1921696,1921696,1921696,1921696,1921696,1921696,1921696,1921696,1921696,1921696,1921696,1921696,1921696,1921696,1921696,1921696,1921696,1921696,1921696,1921696,1921696,1921696,1921696,1921696,1921696,1921696,1921696,1921696,1921696,1921696,1921696,1921696,1921696,1921696,1921696,1921696,1921696,1921696,1921696,1921696,1921696,1921696,1921696,1921696,1921696,1921696]","[1004820,1004820,1004820,1004820,1004820,1004820,1004820,1004820,1004820,1004820,1004820,1004820,1004820,1004820,1004820,1004820,1004820,1004820,1004820,1004820,1004820,1004820,1004820,1004820,1004820,1004820,1004820,1004820,1004820,1004820,1004820,1004820,1004820,1004820,1004820,1004820,1004820,1004820,1004820,1004820,1004820,1004820,1004820,1004820,1004820,1004820,1004820,1004820,1004820,1004820,1004820,1004820,1004820,1004820,1004820,1004820,1004820,1004820,1004820,1004820,1004820,1004820,1004820,1004820,1004820,1004820,1004820,1004820,1004820,1004820,1004820,1004820,1004820,1004820,1004820,1004820,1004820,1004820,1004820,1004820,1004820,1004820,1004820,1004820,1004820,1004820,1004820,1004820,1004820,1004820,1004820,1004820,1004820,1004820,1004820,1004820,1004820,1004820,1004820,1004820,1004820,1004820,1004820,1004820,1004820,1004820,1004820,1004820,1004820,1004820,1004820,1004820,1004820,1004820,1004820,1004820,1004820,1004820,1004820,1004820,1004820,1004820,1004820,1004820,1004820,1004820,1004820,1004820,1004820,1004820,1004820,1004820,1004820,1004820,1004820,1004820,1004820,1004820,1004820,1004820]","{""semantic_component_batches"":1,""semantic_component_jobs"":2,""max_semantic_component_workers"":2,""inference_regions"":68,""canonical_specialization_queries"":16,""canonical_specialization_hits"":1,""solver_requested_bytes"":134816,""solver_allocations"":484,""scratch_requested_bytes"":174868,""scratch_allocations"":986,""max_solver_live_bytes"":3264,""max_scratch_live_bytes"":2712,""evidence_import_solver_bytes"":0,""evidence_import_scratch_bytes"":4096,""snapshot_copy_bytes"":42268,""snapshot_copy_allocations"":12,""principal_copy_buffer_bytes"":10048,""principal_copy_buffer_allocations"":144,""frozen_capture_temporary_bytes"":0,""frozen_capture_published_bytes"":1920,""frozen_edge_scratch_bytes"":0,""region_scopes"":133,""max_region_scopes"":4,""call_collections_closed"":33,""call_collections_unresolved"":0,""call_memo_hits"":67,""solver_passes"":70,""solver_constraint_visits"":38,""occurs_steps"":0}"
wide32,edit,workers-4,"[1579,1579,1580,1586,1586,1589,1590,1599,1602,1603,1605,1605,1607,1608,1609,1613,1620,1625,1625,1626,1627,1633,1633,1634,1636,1639,1641,1641,1642,1643,1643,1645,1651,1652,1653,1654,1655,1656,1657,1658,1665,1667,1681,1687,1688,1688,1690,1693,1696,1697,1699,1699,1701,1702,1708,1710,1714,1715,1718,1720,1722,1723,1730,1730,1732,1732,1735,1738,1738,1739,1740,1743,1744,1745,1745,1746,1750,1753,1754,1754,1757,1758,1759,1761,1762,1767,1770,1772,1777,1778,1779,1784,1784,1796,1798,1803,1806,1808,1811,1821,1825,1832,1833,1835,1842,1863,1864,1870,1875,1877,1894,1924,1933,1936,1959,1964,1965,1984,1990,1993,1997,1998,2006,2011,2030,2058,2060,2065,2069,2087,2098,2111,2120,2124,2148,2209,2322,2332,2462,2906]","[1564,1564,1564,1573,1576,1576,1582,1587,1590,1591,1593,1593,1595,1595,1597,1597,1606,1609,1611,1613,1617,1618,1622,1623,1624,1626,1629,1630,1630,1631,1633,1636,1639,1639,1641,1642,1643,1643,1644,1652,1653,1654,1669,1674,1683,1684,1684,1687,1688,1689,1689,1690,1690,1698,1703,1708,1709,1709,1711,1711,1715,1717,1722,1723,1723,1724,1725,1725,1726,1727,1731,1732,1736,1737,1737,1737,1740,1741,1741,1744,1745,1749,1751,1754,1754,1758,1759,1766,1766,1768,1770,1772,1774,1783,1784,1793,1798,1799,1802,1814,1820,1821,1827,1828,1832,1848,1859,1863,1864,1865,1894,1896,1910,1913,1922,1950,1958,1971,1975,1983,1985,1991,1991,1997,2011,2020,2044,2057,2061,2075,2087,2104,2106,2121,2144,2197,2310,2316,2457,2901]",1921696.0,3451.0,1004820.0,376396.0,"[1871108,1871108,1871108,1871108,1871108,1871108,1921696,1921696,1921696,1921696,1921696,1921696,1921696,1921696,1921696,1921696,1921696,1921696,1921696,1921696,1921696,1921696,1921696,1921696,1921696,1921696,1921696,1921696,1921696,1921696,1921696,1921696,1921696,1921696,1921696,1921696,1921696,1921696,1921696,1921696,1921696,1921696,1921696,1921696,1921696,1921696,1921696,1921696,1921696,1921696,1921696,1921696,1921696,1921696,1921696,1921696,1921696,1921696,1921696,1921696,1921696,1921696,1921696,1921696,1921696,1921696,1921696,1921696,1921696,1921696,1921696,1921696,1921696,1921696,1921696,1921696,1921696,1921696,1921696,1921696,1921696,1921696,1921696,1921696,1921696,1921696,1921696,1921696,1921696,1921696,1921696,1921696,1921696,1921696,1921696,1921696,1921696,1921696,1921696,1921696,1921696,1921696,1921696,1921696,1921696,1921696,1921696,1921696,1921696,1921696,1921696,1921696,1921696,1921696,1921696,1921696,1921696,1921696,1921696,1921696,1921696,1921696,1921696,1921696,1921696,1921696,1921696,1921696,1921696,1921696,1921696,1921696,1921696,1921696,1921696,1921696,1921696,1921696,1921696,1921696]","[1004820,1004820,1004820,1004820,1004820,1004820,1004820,1004820,1004820,1004820,1004820,1004820,1004820,1004820,1004820,1004820,1004820,1004820,1004820,1004820,1004820,1004820,1004820,1004820,1004820,1004820,1004820,1004820,1004820,1004820,1004820,1004820,1004820,1004820,1004820,1004820,1004820,1004820,1004820,1004820,1004820,1004820,1004820,1004820,1004820,1004820,1004820,1004820,1004820,1004820,1004820,1004820,1004820,1004820,1004820,1004820,1004820,1004820,1004820,1004820,1004820,1004820,1004820,1004820,1004820,1004820,1004820,1004820,1004820,1004820,1004820,1004820,1004820,1004820,1004820,1004820,1004820,1004820,1004820,1004820,1004820,1004820,1004820,1004820,1004820,1004820,1004820,1004820,1004820,1004820,1004820,1004820,1004820,1004820,1004820,1004820,1004820,1004820,1004820,1004820,1004820,1004820,1004820,1004820,1004820,1004820,1004820,1004820,1004820,1004820,1004820,1004820,1004820,1004820,1004820,1004820,1004820,1004820,1004820,1004820,1004820,1004820,1004820,1004820,1004820,1004820,1004820,1004820,1004820,1004820,1004820,1004820,1004820,1004820,1004820,1004820,1004820,1004820,1004820,1004820]","{""semantic_component_batches"":1,""semantic_component_jobs"":2,""max_semantic_component_workers"":2,""inference_regions"":68,""canonical_specialization_queries"":16,""canonical_specialization_hits"":1,""solver_requested_bytes"":134816,""solver_allocations"":484,""scratch_requested_bytes"":174868,""scratch_allocations"":986,""max_solver_live_bytes"":3264,""max_scratch_live_bytes"":2712,""evidence_import_solver_bytes"":0,""evidence_import_scratch_bytes"":4096,""snapshot_copy_bytes"":42268,""snapshot_copy_allocations"":12,""principal_copy_buffer_bytes"":10048,""principal_copy_buffer_allocations"":144,""frozen_capture_temporary_bytes"":0,""frozen_capture_published_bytes"":1920,""frozen_edge_scratch_bytes"":0,""region_scopes"":133,""max_region_scopes"":4,""call_collections_closed"":33,""call_collections_unresolved"":0,""call_memo_hits"":67,""solver_passes"":70,""solver_constraint_visits"":38,""occurs_steps"":0}"
wide32,edit,workers-8,"[1580,1600,1602,1602,1603,1607,1608,1612,1616,1617,1618,1623,1625,1625,1625,1627,1631,1640,1640,1641,1641,1642,1648,1650,1650,1650,1653,1654,1656,1660,1670,1670,1671,1671,1673,1674,1677,1678,1687,1687,1692,1695,1696,1698,1701,1702,1703,1706,1707,1708,1709,1710,1711,1711,1711,1713,1715,1718,1728,1731,1734,1735,1735,1735,1737,1739,1740,1743,1747,1747,1748,1752,1755,1758,1763,1765,1768,1772,1775,1778,1786,1786,1788,1793,1796,1796,1803,1803,1820,1820,1823,1826,1826,1827,1828,1828,1830,1835,1847,1856,1865,1870,1871,1875,1876,1887,1892,1931,1932,1934,1945,1952,1957,1965,1966,1969,1977,1982,1988,1994,2005,2019,2023,2025,2041,2047,2075,2085,2096,2102,2121,2159,2262,2344,2404,2482,2668,2880,4022,4498]","[1567,1585,1587,1588,1598,1598,1599,1600,1602,1603,1605,1606,1611,1612,1613,1613,1613,1615,1626,1626,1629,1633,1634,1634,1634,1639,1640,1643,1645,1646,1662,1663,1663,1663,1664,1664,1664,1664,1667,1675,1675,1678,1684,1687,1689,1690,1693,1694,1695,1696,1697,1697,1698,1700,1703,1705,1705,1709,1710,1717,1721,1725,1727,1728,1729,1729,1730,1733,1733,1733,1733,1737,1746,1747,1752,1753,1758,1763,1764,1773,1773,1778,1779,1780,1780,1784,1789,1791,1795,1807,1810,1811,1813,1814,1815,1818,1820,1822,1835,1841,1851,1855,1860,1869,1875,1882,1886,1895,1918,1925,1940,1942,1946,1950,1961,1963,1966,1970,1989,1991,1997,2005,2010,2016,2026,2041,2073,2073,2093,2115,2147,2267,2276,2388,2471,2661,2866,3532,4005,5693]",1921696.0,3451.0,1004820.0,376396.0,"[1871108,1871108,1871108,1871108,1871108,1871108,1871108,1871108,1871108,1871108,1871108,1871108,1871108,1871108,1871108,1871108,1871108,1871108,1871108,1871108,1871108,1921696,1921696,1921696,1921696,1921696,1921696,1921696,1921696,1921696,1921696,1921696,1921696,1921696,1921696,1921696,1921696,1921696,1921696,1921696,1921696,1921696,1921696,1921696,1921696,1921696,1921696,1921696,1921696,1921696,1921696,1921696,1921696,1921696,1921696,1921696,1921696,1921696,1921696,1921696,1921696,1921696,1921696,1921696,1921696,1921696,1921696,1921696,1921696,1921696,1921696,1921696,1921696,1921696,1921696,1921696,1921696,1921696,1921696,1921696,1921696,1921696,1921696,1921696,1921696,1921696,1921696,1921696,1921696,1921696,1921696,1921696,1921696,1921696,1921696,1921696,1921696,1921696,1921696,1921696,1921696,1921696,1921696,1921696,1921696,1921696,1921696,1921696,1921696,1921696,1921696,1921696,1921696,1921696,1921696,1921696,1921696,1921696,1921696,1921696,1921696,1921696,1921696,1921696,1921696,1921696,1921696,1921696,1921696,1921696,1921696,1921696,1921696,1921696,1921696,1921696,1921696,1921696,1921696,1921696]","[1004820,1004820,1004820,1004820,1004820,1004820,1004820,1004820,1004820,1004820,1004820,1004820,1004820,1004820,1004820,1004820,1004820,1004820,1004820,1004820,1004820,1004820,1004820,1004820,1004820,1004820,1004820,1004820,1004820,1004820,1004820,1004820,1004820,1004820,1004820,1004820,1004820,1004820,1004820,1004820,1004820,1004820,1004820,1004820,1004820,1004820,1004820,1004820,1004820,1004820,1004820,1004820,1004820,1004820,1004820,1004820,1004820,1004820,1004820,1004820,1004820,1004820,1004820,1004820,1004820,1004820,1004820,1004820,1004820,1004820,1004820,1004820,1004820,1004820,1004820,1004820,1004820,1004820,1004820,1004820,1004820,1004820,1004820,1004820,1004820,1004820,1004820,1004820,1004820,1004820,1004820,1004820,1004820,1004820,1004820,1004820,1004820,1004820,1004820,1004820,1004820,1004820,1004820,1004820,1004820,1004820,1004820,1004820,1004820,1004820,1004820,1004820,1004820,1004820,1004820,1004820,1004820,1004820,1004820,1004820,1004820,1004820,1004820,1004820,1004820,1004820,1004820,1004820,1004820,1004820,1004820,1004820,1004820,1004820,1004820,1004820,1004820,1004820,1004820,1004820]","{""semantic_component_batches"":1,""semantic_component_jobs"":2,""max_semantic_component_workers"":2,""inference_regions"":68,""canonical_specialization_queries"":16,""canonical_specialization_hits"":1,""solver_requested_bytes"":134816,""solver_allocations"":484,""scratch_requested_bytes"":174868,""scratch_allocations"":986,""max_solver_live_bytes"":3264,""max_scratch_live_bytes"":2712,""evidence_import_solver_bytes"":0,""evidence_import_scratch_bytes"":4096,""snapshot_copy_bytes"":42268,""snapshot_copy_allocations"":12,""principal_copy_buffer_bytes"":10048,""principal_copy_buffer_allocations"":144,""frozen_capture_temporary_bytes"":0,""frozen_capture_published_bytes"":1920,""frozen_edge_scratch_bytes"":0,""region_scopes"":133,""max_region_scopes"":4,""call_collections_closed"":33,""call_collections_unresolved"":0,""call_memo_hits"":67,""solver_passes"":70,""solver_constraint_visits"":38,""occurs_steps"":0}"
wide32,revert,baseline,"[1535,1543,1546,1547,1548,1550,1550,1552,1553,1553,1554,1555,1558,1559,1560,1561,1563,1563,1563,1563,1564,1566,1567,1568,1569,1572,1576,1577,1579,1580,1581,1581,1586,1590,1592,1592,1592,1594,1594,1595,1596,1597,1598,1599,1599,1600,1605,1605,1605,1606,1606,1607,1608,1609,1609,1612,1613,1614,1615,1616,1617,1618,1622,1624,1627,1629,1629,1631,1634,1635,1636,1638,1639,1640,1641,1641,1642,1645,1649,1653,1654,1654,1659,1661,1663,1668,1671,1671,1673,1673,1674,1676,1677,1682,1683,1684,1684,1685,1688,1696,1697,1704,1709,1710,1710,1711,1722,1726,1726,1730,1731,1734,1744,1754,1758,1762,1787,1808,1812,1817,1820,1821,1824,1836,1847,1853,1856,1929,1945,1947,1952,1958,1962,1963,1967,2030,2034,2064,2096,2321]","[1536,1543,1546,1547,1548,1550,1551,1552,1553,1554,1555,1558,1559,1559,1560,1561,1563,1563,1563,1564,1564,1568,1569,1570,1572,1576,1577,1577,1579,1581,1581,1582,1586,1590,1591,1591,1592,1595,1595,1597,1598,1599,1599,1600,1600,1604,1605,1605,1605,1607,1607,1608,1609,1609,1612,1613,1614,1616,1616,1617,1619,1622,1624,1627,1628,1629,1630,1631,1634,1635,1636,1638,1639,1640,1642,1642,1642,1646,1649,1653,1654,1654,1659,1661,1663,1669,1671,1671,1673,1673,1674,1677,1680,1682,1683,1684,1686,1688,1689,1696,1697,1705,1709,1710,1710,1712,1726,1727,1727,1730,1731,1734,1745,1755,1759,1762,1787,1808,1812,1818,1821,1821,1824,1835,1848,1853,1856,1934,1945,1947,1952,1958,1963,1966,1968,2030,2034,2064,2096,2322]",1820564.0,3415.0,1009380.0,376448.0,"[1820564,1820564,1820564,1820564,1820564,1820564,1820564,1820564,1820564,1820564,1820564,1820564,1820564,1820564,1820564,1820564,1820564,1820564,1820564,1820564,1820564,1820564,1820564,1820564,1820564,1820564,1820564,1820564,1820564,1820564,1820564,1820564,1820564,1820564,1820564,1820564,1820564,1820564,1820564,1820564,1820564,1820564,1820564,1820564,1820564,1820564,1820564,1820564,1820564,1820564,1820564,1820564,1820564,1820564,1820564,1820564,1820564,1820564,1820564,1820564,1820564,1820564,1820564,1820564,1820564,1820564,1820564,1820564,1820564,1820564,1820564,1820564,1820564,1820564,1820564,1820564,1820564,1820564,1820564,1820564,1820564,1820564,1820564,1820564,1820564,1820564,1820564,1820564,1820564,1820564,1820564,1820564,1820564,1820564,1820564,1820564,1820564,1820564,1820564,1820564,1820564,1820564,1820564,1820564,1820564,1820564,1820564,1820564,1820564,1820564,1820564,1820564,1820564,1820564,1820564,1820564,1820564,1820564,1820564,1820564,1820564,1820564,1820564,1820564,1820564,1820564,1820564,1820564,1820564,1820564,1820564,1820564,1820564,1820564,1820564,1820564,1820564,1820564,1820564,1820564]","[1009380,1009380,1009380,1009380,1009380,1009380,1009380,1009380,1009380,1009380,1009380,1009380,1009380,1009380,1009380,1009380,1009380,1009380,1009380,1009380,1009380,1009380,1009380,1009380,1009380,1009380,1009380,1009380,1009380,1009380,1009380,1009380,1009380,1009380,1009380,1009380,1009380,1009380,1009380,1009380,1009380,1009380,1009380,1009380,1009380,1009380,1009380,1009380,1009380,1009380,1009380,1009380,1009380,1009380,1009380,1009380,1009380,1009380,1009380,1009380,1009380,1009380,1009380,1009380,1009380,1009380,1009380,1009380,1009380,1009380,1009380,1009380,1009380,1009380,1009380,1009380,1009380,1009380,1009380,1009380,1009380,1009380,1009380,1009380,1009380,1009380,1009380,1009380,1009380,1009380,1009380,1009380,1009380,1009380,1009380,1009380,1009380,1009380,1009380,1009380,1009380,1009380,1009380,1009380,1009380,1009380,1009380,1009380,1009380,1009380,1009380,1009380,1009380,1009380,1009380,1009380,1009380,1009380,1009380,1009380,1009380,1009380,1009380,1009380,1009380,1009380,1009380,1009380,1009380,1009380,1009380,1009380,1009380,1009380,1009380,1009380,1009380,1009380,1009380,1009380]","{""inference_regions"":69,""canonical_specialization_queries"":16,""canonical_specialization_hits"":0,""solver_requested_bytes"":135776,""solver_allocations"":490,""scratch_requested_bytes"":177384,""scratch_allocations"":998,""max_solver_live_bytes"":3264,""max_scratch_live_bytes"":2712,""evidence_import_solver_bytes"":0,""evidence_import_scratch_bytes"":4224,""snapshot_copy_bytes"":42320,""snapshot_copy_allocations"":12,""principal_copy_buffer_bytes"":10048,""principal_copy_buffer_allocations"":144,""frozen_capture_temporary_bytes"":0,""frozen_capture_published_bytes"":2048,""frozen_edge_scratch_bytes"":0,""region_scopes"":134,""max_region_scopes"":4,""call_collections_closed"":33,""call_collections_unresolved"":0,""call_memo_hits"":67,""solver_passes"":71,""solver_constraint_visits"":38,""occurs_steps"":0}"
wide32,revert,default,"[1526,1531,1537,1540,1544,1548,1553,1560,1561,1563,1565,1567,1567,1568,1568,1569,1570,1572,1572,1577,1577,1577,1578,1579,1581,1581,1581,1581,1582,1582,1582,1585,1585,1587,1587,1588,1590,1590,1592,1594,1595,1599,1600,1600,1604,1604,1605,1606,1607,1612,1613,1618,1619,1623,1629,1630,1633,1634,1634,1643,1645,1649,1650,1652,1662,1667,1670,1674,1674,1679,1680,1682,1689,1690,1698,1698,1698,1701,1710,1712,1715,1718,1718,1719,1719,1733,1733,1734,1737,1739,1748,1753,1753,1755,1764,1764,1768,1772,1774,1777,1793,1796,1801,1817,1827,1838,1843,1844,1858,1870,1896,1896,1907,1910,1913,1921,1925,1942,1945,2045,2087,2157,2209,2249,2280,2297,2306,2449,2477,2513,2520,2533,2680,2711,2870,3055,3092,3430,3735,4043]","[1526,1531,1538,1541,1544,1549,1559,1560,1561,1563,1565,1567,1567,1569,1569,1569,1571,1572,1572,1577,1578,1578,1578,1580,1581,1582,1583,1583,1585,1586,1586,1586,1587,1587,1588,1591,1593,1595,1595,1596,1599,1600,1600,1600,1604,1604,1607,1607,1610,1612,1618,1618,1620,1623,1629,1630,1633,1634,1634,1644,1646,1649,1650,1652,1663,1667,1671,1674,1674,1679,1680,1683,1689,1690,1699,1699,1699,1701,1711,1713,1715,1718,1719,1719,1720,1733,1733,1734,1738,1740,1748,1753,1754,1755,1764,1764,1769,1773,1774,1778,1794,1797,1802,1817,1828,1837,1843,1844,1859,1870,1896,1896,1907,1911,1914,1922,1925,1926,1942,2045,2088,2157,2209,2251,2280,2297,2306,2449,2477,2513,2520,2533,2680,2712,2870,3056,3097,3430,3736,4043]",1820620.0,3415.0,1009380.0,376448.0,"[1820620,1820620,1820620,1820620,1820620,1820620,1820620,1820620,1820620,1820620,1820620,1820620,1820620,1820620,1820620,1820620,1820620,1820620,1820620,1820620,1820620,1820620,1820620,1820620,1820620,1820620,1820620,1820620,1820620,1820620,1820620,1820620,1820620,1820620,1820620,1820620,1820620,1820620,1820620,1820620,1820620,1820620,1820620,1820620,1820620,1820620,1820620,1820620,1820620,1820620,1820620,1820620,1820620,1820620,1820620,1820620,1820620,1820620,1820620,1820620,1820620,1820620,1820620,1820620,1820620,1820620,1820620,1820620,1820620,1820620,1820620,1820620,1820620,1820620,1820620,1820620,1820620,1820620,1820620,1820620,1820620,1820620,1820620,1820620,1820620,1820620,1820620,1820620,1820620,1820620,1820620,1820620,1820620,1820620,1820620,1820620,1820620,1820620,1820620,1820620,1820620,1820620,1820620,1820620,1820620,1820620,1820620,1820620,1820620,1820620,1820620,1820620,1820620,1820620,1820620,1820620,1820620,1820620,1820620,1820620,1820620,1820620,1820620,1820620,1820620,1820620,1820620,1820620,1820620,1820620,1820620,1820620,1820620,1820620,1820620,1820620,1820620,1820620,1820620,1820620]","[1009380,1009380,1009380,1009380,1009380,1009380,1009380,1009380,1009380,1009380,1009380,1009380,1009380,1009380,1009380,1009380,1009380,1009380,1009380,1009380,1009380,1009380,1009380,1009380,1009380,1009380,1009380,1009380,1009380,1009380,1009380,1009380,1009380,1009380,1009380,1009380,1009380,1009380,1009380,1009380,1009380,1009380,1009380,1009380,1009380,1009380,1009380,1009380,1009380,1009380,1009380,1009380,1009380,1009380,1009380,1009380,1009380,1009380,1009380,1009380,1009380,1009380,1009380,1009380,1009380,1009380,1009380,1009380,1009380,1009380,1009380,1009380,1009380,1009380,1009380,1009380,1009380,1009380,1009380,1009380,1009380,1009380,1009380,1009380,1009380,1009380,1009380,1009380,1009380,1009380,1009380,1009380,1009380,1009380,1009380,1009380,1009380,1009380,1009380,1009380,1009380,1009380,1009380,1009380,1009380,1009380,1009380,1009380,1009380,1009380,1009380,1009380,1009380,1009380,1009380,1009380,1009380,1009380,1009380,1009380,1009380,1009380,1009380,1009380,1009380,1009380,1009380,1009380,1009380,1009380,1009380,1009380,1009380,1009380,1009380,1009380,1009380,1009380,1009380,1009380]","{""semantic_component_batches"":0,""semantic_component_jobs"":0,""max_semantic_component_workers"":0,""inference_regions"":69,""canonical_specialization_queries"":16,""canonical_specialization_hits"":0,""solver_requested_bytes"":135776,""solver_allocations"":490,""scratch_requested_bytes"":177384,""scratch_allocations"":998,""max_solver_live_bytes"":3264,""max_scratch_live_bytes"":2712,""evidence_import_solver_bytes"":0,""evidence_import_scratch_bytes"":4224,""snapshot_copy_bytes"":42320,""snapshot_copy_allocations"":12,""principal_copy_buffer_bytes"":10048,""principal_copy_buffer_allocations"":144,""frozen_capture_temporary_bytes"":0,""frozen_capture_published_bytes"":2048,""frozen_edge_scratch_bytes"":0,""region_scopes"":134,""max_region_scopes"":4,""call_collections_closed"":33,""call_collections_unresolved"":0,""call_memo_hits"":67,""solver_passes"":71,""solver_constraint_visits"":38,""occurs_steps"":0}"
wide32,revert,workers-1,"[1521,1524,1527,1533,1538,1540,1544,1548,1550,1551,1551,1551,1552,1554,1555,1555,1555,1556,1559,1559,1563,1563,1563,1564,1571,1571,1571,1573,1574,1575,1576,1577,1577,1581,1584,1585,1586,1589,1590,1591,1594,1601,1603,1606,1607,1607,1613,1615,1620,1621,1623,1623,1633,1637,1641,1642,1645,1654,1654,1658,1659,1662,1668,1668,1668,1676,1679,1680,1692,1697,1712,1714,1717,1722,1732,1733,1737,1740,1743,1743,1749,1754,1758,1760,1765,1770,1777,1791,1793,1803,1803,1810,1811,1818,1832,1837,1842,1859,1863,1871,1880,1882,1882,1885,1887,1901,1902,1902,1904,1905,1912,1916,1932,1936,1959,1976,1981,1983,1984,1986,2001,2030,2037,2041,2049,2055,2064,2190,2225,2235,2332,2338,2369,2406,2480,2527,2580,2812,5709,7107]","[1521,1524,1528,1534,1539,1540,1545,1548,1551,1551,1551,1553,1554,1555,1555,1556,1556,1557,1558,1559,1563,1564,1564,1565,1571,1571,1572,1574,1575,1576,1577,1577,1581,1582,1584,1585,1587,1590,1590,1590,1601,1601,1603,1607,1607,1607,1613,1615,1621,1621,1624,1633,1634,1642,1642,1645,1646,1654,1655,1658,1662,1664,1668,1668,1669,1676,1679,1685,1692,1697,1712,1716,1719,1722,1732,1734,1739,1743,1743,1746,1749,1754,1757,1760,1765,1769,1776,1791,1794,1803,1803,1810,1810,1818,1833,1837,1842,1859,1867,1871,1881,1882,1886,1887,1888,1901,1902,1902,1904,1905,1911,1916,1933,1944,1959,1981,1983,1984,1984,1986,2002,2030,2041,2050,2055,2064,2190,2224,2228,2235,2333,2338,2375,2407,2480,2526,2581,2812,5715,7132]",1871880.0,3453.0,1009156.0,376448.0,"[1871880,1871880,1871880,1871880,1871880,1871880,1871880,1871880,1871880,1871880,1871880,1871880,1871880,1871880,1871880,1871880,1871880,1871880,1871880,1871880,1871880,1871880,1871880,1871880,1871880,1871880,1871880,1871880,1871880,1871880,1871880,1871880,1871880,1871880,1871880,1871880,1871880,1871880,1871880,1871880,1871880,1871880,1871880,1871880,1871880,1871880,1871880,1871880,1871880,1871880,1871880,1871880,1871880,1871880,1871880,1871880,1871880,1871880,1871880,1871880,1871880,1871880,1871880,1871880,1871880,1871880,1871880,1871880,1871880,1871880,1871880,1871880,1871880,1871880,1871880,1871880,1871880,1871880,1871880,1871880,1871880,1871880,1871880,1871880,1871880,1871880,1871880,1871880,1871880,1871880,1871880,1871880,1871880,1871880,1871880,1871880,1871880,1871880,1871880,1871880,1871880,1871880,1871880,1871880,1871880,1871880,1871880,1871880,1871880,1871880,1871880,1871880,1871880,1871880,1871880,1871880,1871880,1871880,1871880,1871880,1871880,1871880,1871880,1871880,1871880,1871880,1871880,1871880,1871880,1871880,1871880,1871880,1871880,1871880,1871880,1871880,1871880,1871880,1871880,1871880]","[1009156,1009156,1009156,1009156,1009156,1009156,1009156,1009156,1009156,1009156,1009156,1009156,1009156,1009156,1009156,1009156,1009156,1009156,1009156,1009156,1009156,1009156,1009156,1009156,1009156,1009156,1009156,1009156,1009156,1009156,1009156,1009156,1009156,1009156,1009156,1009156,1009156,1009156,1009156,1009156,1009156,1009156,1009156,1009156,1009156,1009156,1009156,1009156,1009156,1009156,1009156,1009156,1009156,1009156,1009156,1009156,1009156,1009156,1009156,1009156,1009156,1009156,1009156,1009156,1009156,1009156,1009156,1009156,1009156,1009156,1009156,1009156,1009156,1009156,1009156,1009156,1009156,1009156,1009156,1009156,1009156,1009156,1009156,1009156,1009156,1009156,1009156,1009156,1009156,1009156,1009156,1009156,1009156,1009156,1009156,1009156,1009156,1009156,1009156,1009156,1009156,1009156,1009156,1009156,1009156,1009156,1009156,1009156,1009156,1009156,1009156,1009156,1009156,1009156,1009156,1009156,1009156,1009156,1009156,1009156,1009156,1009156,1009156,1009156,1009156,1009156,1009156,1009156,1009156,1009156,1009156,1009156,1009156,1009156,1009156,1009156,1009156,1009156,1009156,1009156]","{""semantic_component_batches"":1,""semantic_component_jobs"":2,""max_semantic_component_workers"":1,""inference_regions"":69,""canonical_specialization_queries"":16,""canonical_specialization_hits"":0,""solver_requested_bytes"":135776,""solver_allocations"":490,""scratch_requested_bytes"":177384,""scratch_allocations"":998,""max_solver_live_bytes"":3264,""max_scratch_live_bytes"":2712,""evidence_import_solver_bytes"":0,""evidence_import_scratch_bytes"":4224,""snapshot_copy_bytes"":42320,""snapshot_copy_allocations"":12,""principal_copy_buffer_bytes"":10048,""principal_copy_buffer_allocations"":144,""frozen_capture_temporary_bytes"":0,""frozen_capture_published_bytes"":2048,""frozen_edge_scratch_bytes"":0,""region_scopes"":134,""max_region_scopes"":4,""call_collections_closed"":33,""call_collections_unresolved"":0,""call_memo_hits"":67,""solver_passes"":71,""solver_constraint_visits"":38,""occurs_steps"":0}"
wide32,revert,workers-2,"[1598,1600,1611,1612,1616,1617,1618,1621,1623,1625,1627,1628,1628,1632,1634,1638,1639,1640,1641,1641,1641,1645,1645,1645,1647,1647,1651,1652,1655,1656,1657,1657,1657,1657,1658,1663,1663,1667,1668,1669,1673,1675,1676,1677,1679,1679,1680,1683,1686,1686,1687,1687,1688,1689,1691,1691,1692,1697,1697,1697,1697,1703,1703,1705,1707,1710,1712,1719,1723,1723,1725,1733,1738,1738,1742,1742,1743,1744,1745,1747,1753,1755,1756,1758,1760,1766,1766,1772,1773,1780,1782,1788,1789,1795,1799,1803,1805,1812,1814,1815,1818,1819,1827,1827,1832,1842,1848,1851,1879,1884,1897,1897,1899,1903,1903,1913,1925,1932,1940,1952,1953,1954,1956,1984,1994,1997,1998,2004,2056,2063,2066,2074,2097,2101,2176,2178,2217,2726,3901,6091]","[1585,1590,1595,1599,1605,1607,1607,1608,1610,1614,1616,1618,1620,1621,1622,1624,1626,1627,1628,1629,1631,1631,1633,1637,1638,1640,1643,1644,1645,1646,1646,1646,1647,1647,1650,1652,1652,1655,1660,1662,1663,1665,1665,1666,1666,1670,1671,1675,1676,1677,1677,1679,1680,1680,1680,1680,1680,1681,1681,1683,1684,1686,1689,1696,1696,1697,1700,1708,1711,1712,1712,1724,1726,1730,1730,1731,1731,1732,1734,1736,1739,1745,1745,1746,1749,1754,1756,1756,1758,1766,1775,1775,1777,1788,1791,1799,1800,1801,1804,1805,1805,1807,1813,1815,1816,1822,1823,1832,1868,1872,1884,1885,1887,1892,1900,1906,1909,1919,1925,1938,1939,1940,1948,1963,1967,1983,1983,1983,2046,2047,2053,2059,2085,2092,2162,2165,2203,2724,3891,6060]",1922468.0,3459.0,1009156.0,376448.0,"[1871880,1871880,1871880,1871880,1871880,1871880,1871880,1871880,1871880,1871880,1871880,1871880,1922468,1922468,1922468,1922468,1922468,1922468,1922468,1922468,1922468,1922468,1922468,1922468,1922468,1922468,1922468,1922468,1922468,1922468,1922468,1922468,1922468,1922468,1922468,1922468,1922468,1922468,1922468,1922468,1922468,1922468,1922468,1922468,1922468,1922468,1922468,1922468,1922468,1922468,1922468,1922468,1922468,1922468,1922468,1922468,1922468,1922468,1922468,1922468,1922468,1922468,1922468,1922468,1922468,1922468,1922468,1922468,1922468,1922468,1922468,1922468,1922468,1922468,1922468,1922468,1922468,1922468,1922468,1922468,1922468,1922468,1922468,1922468,1922468,1922468,1922468,1922468,1922468,1922468,1922468,1922468,1922468,1922468,1922468,1922468,1922468,1922468,1922468,1922468,1922468,1922468,1922468,1922468,1922468,1922468,1922468,1922468,1922468,1922468,1922468,1922468,1922468,1922468,1922468,1922468,1922468,1922468,1922468,1922468,1922468,1922468,1922468,1922468,1922468,1922468,1922468,1922468,1922468,1922468,1922468,1922468,1922468,1922468,1922468,1922468,1922468,1922468,1922468,1922468]","[1009156,1009156,1009156,1009156,1009156,1009156,1009156,1009156,1009156,1009156,1009156,1009156,1009156,1009156,1009156,1009156,1009156,1009156,1009156,1009156,1009156,1009156,1009156,1009156,1009156,1009156,1009156,1009156,1009156,1009156,1009156,1009156,1009156,1009156,1009156,1009156,1009156,1009156,1009156,1009156,1009156,1009156,1009156,1009156,1009156,1009156,1009156,1009156,1009156,1009156,1009156,1009156,1009156,1009156,1009156,1009156,1009156,1009156,1009156,1009156,1009156,1009156,1009156,1009156,1009156,1009156,1009156,1009156,1009156,1009156,1009156,1009156,1009156,1009156,1009156,1009156,1009156,1009156,1009156,1009156,1009156,1009156,1009156,1009156,1009156,1009156,1009156,1009156,1009156,1009156,1009156,1009156,1009156,1009156,1009156,1009156,1009156,1009156,1009156,1009156,1009156,1009156,1009156,1009156,1009156,1009156,1009156,1009156,1009156,1009156,1009156,1009156,1009156,1009156,1009156,1009156,1009156,1009156,1009156,1009156,1009156,1009156,1009156,1009156,1009156,1009156,1009156,1009156,1009156,1009156,1009156,1009156,1009156,1009156,1009156,1009156,1009156,1009156,1009156,1009156]","{""semantic_component_batches"":1,""semantic_component_jobs"":2,""max_semantic_component_workers"":2,""inference_regions"":69,""canonical_specialization_queries"":16,""canonical_specialization_hits"":0,""solver_requested_bytes"":135776,""solver_allocations"":490,""scratch_requested_bytes"":177384,""scratch_allocations"":998,""max_solver_live_bytes"":3264,""max_scratch_live_bytes"":2712,""evidence_import_solver_bytes"":0,""evidence_import_scratch_bytes"":4224,""snapshot_copy_bytes"":42320,""snapshot_copy_allocations"":12,""principal_copy_buffer_bytes"":10048,""principal_copy_buffer_allocations"":144,""frozen_capture_temporary_bytes"":0,""frozen_capture_published_bytes"":2048,""frozen_edge_scratch_bytes"":0,""region_scopes"":134,""max_region_scopes"":4,""call_collections_closed"":33,""call_collections_unresolved"":0,""call_memo_hits"":67,""solver_passes"":71,""solver_constraint_visits"":38,""occurs_steps"":0}"
wide32,revert,workers-4,"[1584,1587,1594,1609,1611,1614,1619,1624,1626,1627,1627,1629,1629,1632,1634,1636,1637,1639,1640,1640,1640,1644,1644,1645,1646,1649,1649,1651,1653,1654,1654,1655,1656,1657,1657,1660,1662,1665,1673,1673,1674,1675,1677,1681,1683,1685,1687,1695,1700,1703,1713,1715,1719,1721,1726,1730,1735,1738,1744,1745,1746,1749,1751,1755,1761,1765,1767,1768,1769,1770,1770,1773,1773,1775,1776,1776,1776,1776,1780,1784,1785,1787,1787,1791,1791,1792,1793,1808,1809,1813,1816,1823,1824,1832,1840,1844,1846,1846,1852,1852,1862,1870,1873,1888,1893,1904,1933,1937,1946,1965,1967,1972,1977,1977,1982,1984,2010,2012,2027,2041,2048,2049,2059,2069,2072,2073,2077,2085,2121,2151,2223,2258,2268,2282,2383,2395,2471,2570,2590,2641]","[1570,1574,1584,1597,1599,1600,1613,1614,1614,1615,1616,1616,1618,1620,1621,1621,1624,1625,1626,1626,1626,1632,1634,1636,1638,1639,1640,1642,1643,1644,1645,1645,1646,1648,1650,1650,1650,1651,1652,1659,1661,1663,1665,1667,1672,1675,1679,1681,1694,1697,1701,1706,1707,1710,1715,1716,1723,1725,1731,1734,1742,1742,1743,1747,1749,1751,1752,1753,1755,1755,1759,1760,1762,1764,1766,1767,1767,1769,1773,1773,1773,1774,1776,1778,1779,1779,1780,1795,1798,1798,1801,1807,1808,1818,1822,1828,1832,1837,1840,1841,1849,1855,1866,1875,1876,1897,1916,1917,1932,1943,1956,1958,1961,1966,1973,1979,1996,2008,2012,2029,2030,2036,2047,2050,2051,2054,2059,2062,2107,2112,2211,2243,2253,2279,2385,2400,2475,2556,2591,2631]",1922468.0,3459.0,1009156.0,376448.0,"[1871880,1871880,1871880,1871880,1871880,1871880,1871880,1922468,1922468,1922468,1922468,1922468,1922468,1922468,1922468,1922468,1922468,1922468,1922468,1922468,1922468,1922468,1922468,1922468,1922468,1922468,1922468,1922468,1922468,1922468,1922468,1922468,1922468,1922468,1922468,1922468,1922468,1922468,1922468,1922468,1922468,1922468,1922468,1922468,1922468,1922468,1922468,1922468,1922468,1922468,1922468,1922468,1922468,1922468,1922468,1922468,1922468,1922468,1922468,1922468,1922468,1922468,1922468,1922468,1922468,1922468,1922468,1922468,1922468,1922468,1922468,1922468,1922468,1922468,1922468,1922468,1922468,1922468,1922468,1922468,1922468,1922468,1922468,1922468,1922468,1922468,1922468,1922468,1922468,1922468,1922468,1922468,1922468,1922468,1922468,1922468,1922468,1922468,1922468,1922468,1922468,1922468,1922468,1922468,1922468,1922468,1922468,1922468,1922468,1922468,1922468,1922468,1922468,1922468,1922468,1922468,1922468,1922468,1922468,1922468,1922468,1922468,1922468,1922468,1922468,1922468,1922468,1922468,1922468,1922468,1922468,1922468,1922468,1922468,1922468,1922468,1922468,1922468,1922468,1922468]","[1009156,1009156,1009156,1009156,1009156,1009156,1009156,1009156,1009156,1009156,1009156,1009156,1009156,1009156,1009156,1009156,1009156,1009156,1009156,1009156,1009156,1009156,1009156,1009156,1009156,1009156,1009156,1009156,1009156,1009156,1009156,1009156,1009156,1009156,1009156,1009156,1009156,1009156,1009156,1009156,1009156,1009156,1009156,1009156,1009156,1009156,1009156,1009156,1009156,1009156,1009156,1009156,1009156,1009156,1009156,1009156,1009156,1009156,1009156,1009156,1009156,1009156,1009156,1009156,1009156,1009156,1009156,1009156,1009156,1009156,1009156,1009156,1009156,1009156,1009156,1009156,1009156,1009156,1009156,1009156,1009156,1009156,1009156,1009156,1009156,1009156,1009156,1009156,1009156,1009156,1009156,1009156,1009156,1009156,1009156,1009156,1009156,1009156,1009156,1009156,1009156,1009156,1009156,1009156,1009156,1009156,1009156,1009156,1009156,1009156,1009156,1009156,1009156,1009156,1009156,1009156,1009156,1009156,1009156,1009156,1009156,1009156,1009156,1009156,1009156,1009156,1009156,1009156,1009156,1009156,1009156,1009156,1009156,1009156,1009156,1009156,1009156,1009156,1009156,1009156]","{""semantic_component_batches"":1,""semantic_component_jobs"":2,""max_semantic_component_workers"":2,""inference_regions"":69,""canonical_specialization_queries"":16,""canonical_specialization_hits"":0,""solver_requested_bytes"":135776,""solver_allocations"":490,""scratch_requested_bytes"":177384,""scratch_allocations"":998,""max_solver_live_bytes"":3264,""max_scratch_live_bytes"":2712,""evidence_import_solver_bytes"":0,""evidence_import_scratch_bytes"":4224,""snapshot_copy_bytes"":42320,""snapshot_copy_allocations"":12,""principal_copy_buffer_bytes"":10048,""principal_copy_buffer_allocations"":144,""frozen_capture_temporary_bytes"":0,""frozen_capture_published_bytes"":2048,""frozen_edge_scratch_bytes"":0,""region_scopes"":134,""max_region_scopes"":4,""call_collections_closed"":33,""call_collections_unresolved"":0,""call_memo_hits"":67,""solver_passes"":71,""solver_constraint_visits"":38,""occurs_steps"":0}"
wide32,revert,workers-8,"[1596,1605,1610,1612,1612,1616,1628,1629,1630,1631,1632,1633,1634,1637,1644,1644,1647,1651,1651,1651,1651,1652,1652,1653,1655,1658,1659,1660,1664,1664,1665,1667,1668,1668,1672,1674,1677,1680,1680,1683,1688,1689,1693,1694,1711,1714,1719,1720,1721,1722,1726,1727,1730,1731,1731,1735,1737,1743,1745,1746,1750,1752,1754,1755,1756,1760,1761,1775,1775,1776,1785,1785,1790,1794,1796,1800,1802,1802,1805,1806,1810,1815,1815,1820,1821,1824,1829,1837,1840,1841,1843,1845,1847,1849,1852,1852,1854,1855,1868,1870,1872,1878,1885,1890,1913,1917,1923,1941,1957,1960,1976,1994,2003,2013,2029,2057,2063,2067,2078,2082,2103,2107,2113,2130,2162,2167,2173,2183,2213,2213,2243,2348,2369,2436,2453,2455,2471,3220,3510,4164]","[1586,1599,1599,1600,1601,1607,1615,1616,1619,1621,1621,1621,1622,1626,1631,1633,1634,1636,1638,1640,1641,1641,1643,1643,1644,1646,1649,1649,1649,1652,1655,1655,1657,1657,1657,1658,1669,1669,1671,1673,1673,1675,1683,1685,1699,1700,1701,1705,1708,1712,1714,1716,1716,1718,1720,1724,1724,1730,1731,1734,1739,1742,1743,1744,1745,1746,1746,1759,1762,1765,1773,1776,1778,1784,1785,1788,1789,1790,1792,1793,1793,1806,1808,1812,1813,1815,1816,1816,1825,1829,1829,1833,1833,1837,1841,1841,1856,1858,1858,1858,1864,1870,1871,1877,1894,1913,1919,1928,1946,1949,1969,1987,1992,2007,2016,2044,2051,2055,2067,2073,2097,2101,2151,2154,2155,2165,2168,2189,2202,2230,2319,2346,2349,2430,2442,2457,2479,3250,3485,4167]",1922468.0,3459.0,1009156.0,376448.0,"[1871880,1871880,1871880,1871880,1871880,1871880,1871880,1871880,1871880,1871880,1871880,1871880,1871880,1871880,1871880,1871880,1871880,1871880,1922468,1922468,1922468,1922468,1922468,1922468,1922468,1922468,1922468,1922468,1922468,1922468,1922468,1922468,1922468,1922468,1922468,1922468,1922468,1922468,1922468,1922468,1922468,1922468,1922468,1922468,1922468,1922468,1922468,1922468,1922468,1922468,1922468,1922468,1922468,1922468,1922468,1922468,1922468,1922468,1922468,1922468,1922468,1922468,1922468,1922468,1922468,1922468,1922468,1922468,1922468,1922468,1922468,1922468,1922468,1922468,1922468,1922468,1922468,1922468,1922468,1922468,1922468,1922468,1922468,1922468,1922468,1922468,1922468,1922468,1922468,1922468,1922468,1922468,1922468,1922468,1922468,1922468,1922468,1922468,1922468,1922468,1922468,1922468,1922468,1922468,1922468,1922468,1922468,1922468,1922468,1922468,1922468,1922468,1922468,1922468,1922468,1922468,1922468,1922468,1922468,1922468,1922468,1922468,1922468,1922468,1922468,1922468,1922468,1922468,1922468,1922468,1922468,1922468,1922468,1922468,1922468,1922468,1922468,1922468,1922468,1922468]","[1009156,1009156,1009156,1009156,1009156,1009156,1009156,1009156,1009156,1009156,1009156,1009156,1009156,1009156,1009156,1009156,1009156,1009156,1009156,1009156,1009156,1009156,1009156,1009156,1009156,1009156,1009156,1009156,1009156,1009156,1009156,1009156,1009156,1009156,1009156,1009156,1009156,1009156,1009156,1009156,1009156,1009156,1009156,1009156,1009156,1009156,1009156,1009156,1009156,1009156,1009156,1009156,1009156,1009156,1009156,1009156,1009156,1009156,1009156,1009156,1009156,1009156,1009156,1009156,1009156,1009156,1009156,1009156,1009156,1009156,1009156,1009156,1009156,1009156,1009156,1009156,1009156,1009156,1009156,1009156,1009156,1009156,1009156,1009156,1009156,1009156,1009156,1009156,1009156,1009156,1009156,1009156,1009156,1009156,1009156,1009156,1009156,1009156,1009156,1009156,1009156,1009156,1009156,1009156,1009156,1009156,1009156,1009156,1009156,1009156,1009156,1009156,1009156,1009156,1009156,1009156,1009156,1009156,1009156,1009156,1009156,1009156,1009156,1009156,1009156,1009156,1009156,1009156,1009156,1009156,1009156,1009156,1009156,1009156,1009156,1009156,1009156,1009156,1009156,1009156]","{""semantic_component_batches"":1,""semantic_component_jobs"":2,""max_semantic_component_workers"":2,""inference_regions"":69,""canonical_specialization_queries"":16,""canonical_specialization_hits"":0,""solver_requested_bytes"":135776,""solver_allocations"":490,""scratch_requested_bytes"":177384,""scratch_allocations"":998,""max_solver_live_bytes"":3264,""max_scratch_live_bytes"":2712,""evidence_import_solver_bytes"":0,""evidence_import_scratch_bytes"":4224,""snapshot_copy_bytes"":42320,""snapshot_copy_allocations"":12,""principal_copy_buffer_bytes"":10048,""principal_copy_buffer_allocations"":144,""frozen_capture_temporary_bytes"":0,""frozen_capture_published_bytes"":2048,""frozen_edge_scratch_bytes"":0,""region_scopes"":134,""max_region_scopes"":4,""call_collections_closed"":33,""call_collections_unresolved"":0,""call_memo_hits"":67,""solver_passes"":71,""solver_constraint_visits"":38,""occurs_steps"":0}"
wide32,noop,baseline,"[36,36,36,36,36,36,36,36,36,36,36,36,36,36,36,36,37,37,37,37,37,37,37,37,37,37,37,37,37,37,37,37,37,37,37,37,37,37,37,37,37,37,37,37,37,37,37,37,37,37,37,37,37,38,38,38,38,38,38,38,38,38,38,38,38,38,38,38,38,38,38,38,38,38,38,38,38,38,38,38,38,38,38,38,38,38,39,39,39,39,39,39,39,39,39,39,39,39,39,40,40,40,40,40,41,41,45,45,45,45,46,46,46,46,46,47,47,47,47,48,48,48,48,48,48,49,51,53,55,56,66,75,79,83,86,98,115,121,132,231]","[35,35,35,36,36,36,36,36,36,36,36,36,36,36,36,36,36,36,36,36,36,36,36,36,36,36,37,37,37,37,37,37,37,37,37,37,37,37,37,37,37,37,37,37,37,37,37,37,37,37,37,37,37,37,37,37,37,37,37,37,37,37,37,37,37,37,37,37,37,37,37,37,38,38,38,38,38,38,38,38,38,38,38,38,38,38,38,38,38,38,38,38,38,38,39,39,39,39,39,39,39,39,40,40,40,41,44,45,45,45,46,46,46,46,46,47,47,47,47,47,47,48,48,48,48,49,51,52,54,55,66,74,78,82,86,98,114,121,131,231]",20636.0,19.0,396154.0,376448.0,"[20636,20636,20636,20636,20636,20636,20636,20636,20636,20636,20636,20636,20636,20636,20636,20636,20636,20636,20636,20636,20636,20636,20636,20636,20636,20636,20636,20636,20636,20636,20636,20636,20636,20636,20636,20636,20636,20636,20636,20636,20636,20636,20636,20636,20636,20636,20636,20636,20636,20636,20636,20636,20636,20636,20636,20636,20636,20636,20636,20636,20636,20636,20636,20636,20636,20636,20636,20636,20636,20636,20636,20636,20636,20636,20636,20636,20636,20636,20636,20636,20636,20636,20636,20636,20636,20636,20636,20636,20636,20636,20636,20636,20636,20636,20636,20636,20636,20636,20636,20636,20636,20636,20636,20636,20636,20636,20636,20636,20636,20636,20636,20636,20636,20636,20636,20636,20636,20636,20636,20636,20636,20636,20636,20636,20636,20636,20636,20636,20636,20636,20636,20636,20636,20636,20636,20636,20636,20636,20636,20636]","[396154,396154,396154,396154,396154,396154,396154,396154,396154,396154,396154,396154,396154,396154,396154,396154,396154,396154,396154,396154,396154,396154,396154,396154,396154,396154,396154,396154,396154,396154,396154,396154,396154,396154,396154,396154,396154,396154,396154,396154,396154,396154,396154,396154,396154,396154,396154,396154,396154,396154,396154,396154,396154,396154,396154,396154,396154,396154,396154,396154,396154,396154,396154,396154,396154,396154,396154,396154,396154,396154,396154,396154,396154,396154,396154,396154,396154,396154,396154,396154,396154,396154,396154,396154,396154,396154,396154,396154,396154,396154,396154,396154,396154,396154,396154,396154,396154,396154,396154,396154,396154,396154,396154,396154,396154,396154,396154,396154,396154,396154,396154,396154,396154,396154,396154,396154,396154,396154,396154,396154,396154,396154,396154,396154,396154,396154,396154,396154,396154,396154,396154,396154,396154,396154,396154,396154,396154,396154,396154,396154]","{""inference_regions"":0,""canonical_specialization_queries"":0,""canonical_specialization_hits"":0,""solver_requested_bytes"":0,""solver_allocations"":0,""scratch_requested_bytes"":0,""scratch_allocations"":0,""max_solver_live_bytes"":0,""max_scratch_live_bytes"":0,""evidence_import_solver_bytes"":0,""evidence_import_scratch_bytes"":0,""snapshot_copy_bytes"":0,""snapshot_copy_allocations"":0,""principal_copy_buffer_bytes"":0,""principal_copy_buffer_allocations"":0,""frozen_capture_temporary_bytes"":0,""frozen_capture_published_bytes"":0,""frozen_edge_scratch_bytes"":0,""region_scopes"":0,""max_region_scopes"":0,""call_collections_closed"":0,""call_collections_unresolved"":0,""call_memo_hits"":0,""solver_passes"":0,""solver_constraint_visits"":0,""occurs_steps"":0}"
wide32,noop,default,"[36,36,36,36,36,36,36,36,36,36,36,36,36,36,36,36,36,36,36,36,36,36,36,36,36,36,36,36,36,36,36,36,36,37,37,37,37,37,37,37,37,37,37,37,37,37,37,37,37,37,37,37,37,37,37,37,37,37,37,37,37,37,37,37,37,37,37,37,37,37,37,37,37,37,37,37,37,37,38,38,38,38,38,38,38,38,38,38,38,38,38,38,38,39,39,39,39,39,39,39,39,39,39,39,40,40,40,40,40,40,41,41,41,41,41,41,41,41,42,42,43,43,43,44,44,44,46,46,47,53,55,56,60,73,90,96,145,150,224,324]","[35,35,35,35,35,35,35,35,36,36,36,36,36,36,36,36,36,36,36,36,36,36,36,36,36,36,36,36,36,36,36,36,36,36,36,36,36,36,36,36,36,36,36,36,36,36,36,36,36,36,36,36,36,36,37,37,37,37,37,37,37,37,37,37,37,37,37,37,37,37,37,37,37,37,37,37,37,37,37,37,37,37,37,37,37,37,37,37,37,37,37,37,38,38,38,38,38,38,38,39,39,39,39,39,40,40,40,40,40,40,40,40,40,41,41,41,41,41,41,41,42,43,43,43,44,44,45,46,46,52,55,56,60,73,90,95,143,150,224,324]",20692.0,19.0,396210.0,376448.0,"[20692,20692,20692,20692,20692,20692,20692,20692,20692,20692,20692,20692,20692,20692,20692,20692,20692,20692,20692,20692,20692,20692,20692,20692,20692,20692,20692,20692,20692,20692,20692,20692,20692,20692,20692,20692,20692,20692,20692,20692,20692,20692,20692,20692,20692,20692,20692,20692,20692,20692,20692,20692,20692,20692,20692,20692,20692,20692,20692,20692,20692,20692,20692,20692,20692,20692,20692,20692,20692,20692,20692,20692,20692,20692,20692,20692,20692,20692,20692,20692,20692,20692,20692,20692,20692,20692,20692,20692,20692,20692,20692,20692,20692,20692,20692,20692,20692,20692,20692,20692,20692,20692,20692,20692,20692,20692,20692,20692,20692,20692,20692,20692,20692,20692,20692,20692,20692,20692,20692,20692,20692,20692,20692,20692,20692,20692,20692,20692,20692,20692,20692,20692,20692,20692,20692,20692,20692,20692,20692,20692]","[396210,396210,396210,396210,396210,396210,396210,396210,396210,396210,396210,396210,396210,396210,396210,396210,396210,396210,396210,396210,396210,396210,396210,396210,396210,396210,396210,396210,396210,396210,396210,396210,396210,396210,396210,396210,396210,396210,396210,396210,396210,396210,396210,396210,396210,396210,396210,396210,396210,396210,396210,396210,396210,396210,396210,396210,396210,396210,396210,396210,396210,396210,396210,396210,396210,396210,396210,396210,396210,396210,396210,396210,396210,396210,396210,396210,396210,396210,396210,396210,396210,396210,396210,396210,396210,396210,396210,396210,396210,396210,396210,396210,396210,396210,396210,396210,396210,396210,396210,396210,396210,396210,396210,396210,396210,396210,396210,396210,396210,396210,396210,396210,396210,396210,396210,396210,396210,396210,396210,396210,396210,396210,396210,396210,396210,396210,396210,396210,396210,396210,396210,396210,396210,396210,396210,396210,396210,396210,396210,396210]","{""semantic_component_batches"":0,""semantic_component_jobs"":0,""max_semantic_component_workers"":0,""inference_regions"":0,""canonical_specialization_queries"":0,""canonical_specialization_hits"":0,""solver_requested_bytes"":0,""solver_allocations"":0,""scratch_requested_bytes"":0,""scratch_allocations"":0,""max_solver_live_bytes"":0,""max_scratch_live_bytes"":0,""evidence_import_solver_bytes"":0,""evidence_import_scratch_bytes"":0,""snapshot_copy_bytes"":0,""snapshot_copy_allocations"":0,""principal_copy_buffer_bytes"":0,""principal_copy_buffer_allocations"":0,""frozen_capture_temporary_bytes"":0,""frozen_capture_published_bytes"":0,""frozen_edge_scratch_bytes"":0,""region_scopes"":0,""max_region_scopes"":0,""call_collections_closed"":0,""call_collections_unresolved"":0,""call_memo_hits"":0,""solver_passes"":0,""solver_constraint_visits"":0,""occurs_steps"":0}"
wide32,noop,workers-1,"[35,35,36,36,36,36,36,36,36,36,36,36,36,36,36,36,36,36,36,36,36,36,36,36,36,36,36,36,36,36,36,37,37,37,37,37,37,37,37,37,37,37,37,37,37,37,37,37,37,37,37,37,37,37,37,37,37,37,37,37,37,37,37,37,37,37,37,38,38,38,38,38,38,38,38,38,38,38,38,38,38,38,38,38,38,38,38,38,38,38,38,38,38,38,38,39,39,39,39,39,39,39,39,40,40,40,40,40,40,40,40,40,41,42,42,43,45,46,48,50,61,62,65,69,71,72,75,75,81,82,93,96,103,112,115,140,164,202,250,276]","[35,35,35,35,36,36,36,36,36,36,36,36,36,36,36,36,36,36,36,36,36,36,36,36,36,36,36,36,36,36,36,36,36,36,36,36,36,36,36,36,36,36,37,37,37,37,37,37,37,37,37,37,37,37,37,37,37,37,37,37,37,37,37,37,37,37,37,37,37,37,37,37,37,37,37,37,37,37,37,37,37,37,37,37,38,38,38,38,38,38,38,38,38,38,38,38,38,38,38,39,39,39,39,39,39,39,39,39,39,40,40,40,40,41,42,42,45,45,48,50,60,62,65,69,71,71,75,75,81,82,93,95,103,112,115,140,165,202,250,275]",20692.0,19.0,396210.0,376448.0,"[20692,20692,20692,20692,20692,20692,20692,20692,20692,20692,20692,20692,20692,20692,20692,20692,20692,20692,20692,20692,20692,20692,20692,20692,20692,20692,20692,20692,20692,20692,20692,20692,20692,20692,20692,20692,20692,20692,20692,20692,20692,20692,20692,20692,20692,20692,20692,20692,20692,20692,20692,20692,20692,20692,20692,20692,20692,20692,20692,20692,20692,20692,20692,20692,20692,20692,20692,20692,20692,20692,20692,20692,20692,20692,20692,20692,20692,20692,20692,20692,20692,20692,20692,20692,20692,20692,20692,20692,20692,20692,20692,20692,20692,20692,20692,20692,20692,20692,20692,20692,20692,20692,20692,20692,20692,20692,20692,20692,20692,20692,20692,20692,20692,20692,20692,20692,20692,20692,20692,20692,20692,20692,20692,20692,20692,20692,20692,20692,20692,20692,20692,20692,20692,20692,20692,20692,20692,20692,20692,20692]","[396210,396210,396210,396210,396210,396210,396210,396210,396210,396210,396210,396210,396210,396210,396210,396210,396210,396210,396210,396210,396210,396210,396210,396210,396210,396210,396210,396210,396210,396210,396210,396210,396210,396210,396210,396210,396210,396210,396210,396210,396210,396210,396210,396210,396210,396210,396210,396210,396210,396210,396210,396210,396210,396210,396210,396210,396210,396210,396210,396210,396210,396210,396210,396210,396210,396210,396210,396210,396210,396210,396210,396210,396210,396210,396210,396210,396210,396210,396210,396210,396210,396210,396210,396210,396210,396210,396210,396210,396210,396210,396210,396210,396210,396210,396210,396210,396210,396210,396210,396210,396210,396210,396210,396210,396210,396210,396210,396210,396210,396210,396210,396210,396210,396210,396210,396210,396210,396210,396210,396210,396210,396210,396210,396210,396210,396210,396210,396210,396210,396210,396210,396210,396210,396210,396210,396210,396210,396210,396210,396210]","{""semantic_component_batches"":0,""semantic_component_jobs"":0,""max_semantic_component_workers"":0,""inference_regions"":0,""canonical_specialization_queries"":0,""canonical_specialization_hits"":0,""solver_requested_bytes"":0,""solver_allocations"":0,""scratch_requested_bytes"":0,""scratch_allocations"":0,""max_solver_live_bytes"":0,""max_scratch_live_bytes"":0,""evidence_import_solver_bytes"":0,""evidence_import_scratch_bytes"":0,""snapshot_copy_bytes"":0,""snapshot_copy_allocations"":0,""principal_copy_buffer_bytes"":0,""principal_copy_buffer_allocations"":0,""frozen_capture_temporary_bytes"":0,""frozen_capture_published_bytes"":0,""frozen_edge_scratch_bytes"":0,""region_scopes"":0,""max_region_scopes"":0,""call_collections_closed"":0,""call_collections_unresolved"":0,""call_memo_hits"":0,""solver_passes"":0,""solver_constraint_visits"":0,""occurs_steps"":0}"
wide32,noop,workers-2,"[35,36,36,36,36,36,36,36,36,36,36,36,36,36,36,36,36,37,37,37,37,37,37,37,37,37,37,37,37,37,37,37,37,37,37,37,37,37,37,37,37,37,37,37,37,37,37,37,37,37,37,37,37,37,37,37,37,37,37,37,37,38,38,38,38,38,38,38,38,38,38,38,38,38,38,38,38,38,38,38,38,38,38,38,38,38,38,38,38,38,38,38,39,39,39,39,39,39,39,39,39,39,39,40,41,42,42,45,46,46,47,47,47,47,47,47,47,47,47,47,48,48,48,48,48,48,48,49,49,49,50,50,50,52,61,68,107,120,161,654]","[35,35,36,36,36,36,36,36,36,36,36,36,36,36,36,36,36,36,36,36,36,36,36,36,36,36,36,36,36,36,36,36,36,36,36,36,36,36,36,36,37,37,37,37,37,37,37,37,37,37,37,37,37,37,37,37,37,37,37,37,37,37,37,37,37,37,37,37,37,37,37,37,37,37,37,37,37,37,37,37,38,38,38,38,38,38,38,38,38,38,38,38,38,38,38,38,38,38,39,39,39,39,39,40,41,41,41,45,45,45,46,46,46,46,47,47,47,47,47,47,47,47,48,48,48,48,48,48,48,49,49,49,50,52,61,68,107,119,160,653]",20692.0,19.0,396210.0,376448.0,"[20692,20692,20692,20692,20692,20692,20692,20692,20692,20692,20692,20692,20692,20692,20692,20692,20692,20692,20692,20692,20692,20692,20692,20692,20692,20692,20692,20692,20692,20692,20692,20692,20692,20692,20692,20692,20692,20692,20692,20692,20692,20692,20692,20692,20692,20692,20692,20692,20692,20692,20692,20692,20692,20692,20692,20692,20692,20692,20692,20692,20692,20692,20692,20692,20692,20692,20692,20692,20692,20692,20692,20692,20692,20692,20692,20692,20692,20692,20692,20692,20692,20692,20692,20692,20692,20692,20692,20692,20692,20692,20692,20692,20692,20692,20692,20692,20692,20692,20692,20692,20692,20692,20692,20692,20692,20692,20692,20692,20692,20692,20692,20692,20692,20692,20692,20692,20692,20692,20692,20692,20692,20692,20692,20692,20692,20692,20692,20692,20692,20692,20692,20692,20692,20692,20692,20692,20692,20692,20692,20692]","[396210,396210,396210,396210,396210,396210,396210,396210,396210,396210,396210,396210,396210,396210,396210,396210,396210,396210,396210,396210,396210,396210,396210,396210,396210,396210,396210,396210,396210,396210,396210,396210,396210,396210,396210,396210,396210,396210,396210,396210,396210,396210,396210,396210,396210,396210,396210,396210,396210,396210,396210,396210,396210,396210,396210,396210,396210,396210,396210,396210,396210,396210,396210,396210,396210,396210,396210,396210,396210,396210,396210,396210,396210,396210,396210,396210,396210,396210,396210,396210,396210,396210,396210,396210,396210,396210,396210,396210,396210,396210,396210,396210,396210,396210,396210,396210,396210,396210,396210,396210,396210,396210,396210,396210,396210,396210,396210,396210,396210,396210,396210,396210,396210,396210,396210,396210,396210,396210,396210,396210,396210,396210,396210,396210,396210,396210,396210,396210,396210,396210,396210,396210,396210,396210,396210,396210,396210,396210,396210,396210]","{""semantic_component_batches"":0,""semantic_component_jobs"":0,""max_semantic_component_workers"":0,""inference_regions"":0,""canonical_specialization_queries"":0,""canonical_specialization_hits"":0,""solver_requested_bytes"":0,""solver_allocations"":0,""scratch_requested_bytes"":0,""scratch_allocations"":0,""max_solver_live_bytes"":0,""max_scratch_live_bytes"":0,""evidence_import_solver_bytes"":0,""evidence_import_scratch_bytes"":0,""snapshot_copy_bytes"":0,""snapshot_copy_allocations"":0,""principal_copy_buffer_bytes"":0,""principal_copy_buffer_allocations"":0,""frozen_capture_temporary_bytes"":0,""frozen_capture_published_bytes"":0,""frozen_edge_scratch_bytes"":0,""region_scopes"":0,""max_region_scopes"":0,""call_collections_closed"":0,""call_collections_unresolved"":0,""call_memo_hits"":0,""solver_passes"":0,""solver_constraint_visits"":0,""occurs_steps"":0}"
wide32,noop,workers-4,"[36,36,36,36,36,36,36,36,36,36,36,36,36,36,36,36,36,36,36,36,37,37,37,37,37,37,37,37,37,37,37,37,37,37,37,37,37,37,37,37,37,37,37,37,37,37,37,37,37,37,37,37,37,37,37,37,37,37,37,38,38,38,38,38,38,38,38,38,38,38,38,38,38,38,38,38,38,38,38,38,38,38,38,38,38,38,38,38,38,38,38,38,38,38,38,38,38,38,39,39,39,39,39,39,40,40,40,42,45,46,47,47,47,47,48,48,48,48,48,49,49,49,49,50,50,50,52,54,54,55,56,61,74,91,98,103,109,135,148,214]","[35,36,36,36,36,36,36,36,36,36,36,36,36,36,36,36,36,36,36,36,36,36,36,36,36,36,36,36,36,37,37,37,37,37,37,37,37,37,37,37,37,37,37,37,37,37,37,37,37,37,37,37,37,37,37,37,37,37,37,37,37,37,37,37,37,37,37,37,37,37,37,37,37,37,37,37,37,37,37,37,37,37,37,38,38,38,38,38,38,38,38,38,38,38,38,38,38,38,38,38,38,38,39,39,39,39,40,42,44,46,46,46,47,47,47,47,47,48,48,48,48,48,49,49,50,50,52,53,54,55,55,60,73,90,97,103,109,135,148,214]",20692.0,19.0,396210.0,376448.0,"[20692,20692,20692,20692,20692,20692,20692,20692,20692,20692,20692,20692,20692,20692,20692,20692,20692,20692,20692,20692,20692,20692,20692,20692,20692,20692,20692,20692,20692,20692,20692,20692,20692,20692,20692,20692,20692,20692,20692,20692,20692,20692,20692,20692,20692,20692,20692,20692,20692,20692,20692,20692,20692,20692,20692,20692,20692,20692,20692,20692,20692,20692,20692,20692,20692,20692,20692,20692,20692,20692,20692,20692,20692,20692,20692,20692,20692,20692,20692,20692,20692,20692,20692,20692,20692,20692,20692,20692,20692,20692,20692,20692,20692,20692,20692,20692,20692,20692,20692,20692,20692,20692,20692,20692,20692,20692,20692,20692,20692,20692,20692,20692,20692,20692,20692,20692,20692,20692,20692,20692,20692,20692,20692,20692,20692,20692,20692,20692,20692,20692,20692,20692,20692,20692,20692,20692,20692,20692,20692,20692]","[396210,396210,396210,396210,396210,396210,396210,396210,396210,396210,396210,396210,396210,396210,396210,396210,396210,396210,396210,396210,396210,396210,396210,396210,396210,396210,396210,396210,396210,396210,396210,396210,396210,396210,396210,396210,396210,396210,396210,396210,396210,396210,396210,396210,396210,396210,396210,396210,396210,396210,396210,396210,396210,396210,396210,396210,396210,396210,396210,396210,396210,396210,396210,396210,396210,396210,396210,396210,396210,396210,396210,396210,396210,396210,396210,396210,396210,396210,396210,396210,396210,396210,396210,396210,396210,396210,396210,396210,396210,396210,396210,396210,396210,396210,396210,396210,396210,396210,396210,396210,396210,396210,396210,396210,396210,396210,396210,396210,396210,396210,396210,396210,396210,396210,396210,396210,396210,396210,396210,396210,396210,396210,396210,396210,396210,396210,396210,396210,396210,396210,396210,396210,396210,396210,396210,396210,396210,396210,396210,396210]","{""semantic_component_batches"":0,""semantic_component_jobs"":0,""max_semantic_component_workers"":0,""inference_regions"":0,""canonical_specialization_queries"":0,""canonical_specialization_hits"":0,""solver_requested_bytes"":0,""solver_allocations"":0,""scratch_requested_bytes"":0,""scratch_allocations"":0,""max_solver_live_bytes"":0,""max_scratch_live_bytes"":0,""evidence_import_solver_bytes"":0,""evidence_import_scratch_bytes"":0,""snapshot_copy_bytes"":0,""snapshot_copy_allocations"":0,""principal_copy_buffer_bytes"":0,""principal_copy_buffer_allocations"":0,""frozen_capture_temporary_bytes"":0,""frozen_capture_published_bytes"":0,""frozen_edge_scratch_bytes"":0,""region_scopes"":0,""max_region_scopes"":0,""call_collections_closed"":0,""call_collections_unresolved"":0,""call_memo_hits"":0,""solver_passes"":0,""solver_constraint_visits"":0,""occurs_steps"":0}"
wide32,noop,workers-8,"[35,36,36,36,36,36,36,36,36,37,37,37,37,37,37,37,37,37,37,37,37,37,37,37,37,37,37,37,37,37,37,37,37,37,37,37,37,37,37,37,37,37,37,37,37,37,37,37,37,37,37,37,37,37,38,38,38,38,38,38,38,38,38,38,38,38,38,38,38,38,38,38,38,38,38,38,38,38,38,38,38,38,38,38,38,38,38,38,38,38,38,38,38,38,38,38,39,39,39,39,39,39,39,39,39,39,39,39,39,39,39,39,39,40,40,40,41,41,41,41,42,42,44,48,49,53,53,54,55,56,57,57,59,61,65,66,66,100,101,101]","[36,36,36,36,36,36,36,36,36,36,36,36,36,36,36,36,36,36,36,36,36,36,36,37,37,37,37,37,37,37,37,37,37,37,37,37,37,37,37,37,37,37,37,37,37,37,37,37,37,37,37,37,37,37,37,37,37,37,37,37,37,37,37,37,37,37,37,37,37,37,37,37,37,37,37,37,38,38,38,38,38,38,38,38,38,38,38,38,38,38,38,38,38,38,38,38,38,38,38,38,38,38,39,39,39,39,39,39,39,39,39,39,39,39,39,40,40,40,41,41,41,42,43,48,49,52,53,53,55,56,56,58,59,59,65,66,66,98,100,102]",20692.0,19.0,396210.0,376448.0,"[20692,20692,20692,20692,20692,20692,20692,20692,20692,20692,20692,20692,20692,20692,20692,20692,20692,20692,20692,20692,20692,20692,20692,20692,20692,20692,20692,20692,20692,20692,20692,20692,20692,20692,20692,20692,20692,20692,20692,20692,20692,20692,20692,20692,20692,20692,20692,20692,20692,20692,20692,20692,20692,20692,20692,20692,20692,20692,20692,20692,20692,20692,20692,20692,20692,20692,20692,20692,20692,20692,20692,20692,20692,20692,20692,20692,20692,20692,20692,20692,20692,20692,20692,20692,20692,20692,20692,20692,20692,20692,20692,20692,20692,20692,20692,20692,20692,20692,20692,20692,20692,20692,20692,20692,20692,20692,20692,20692,20692,20692,20692,20692,20692,20692,20692,20692,20692,20692,20692,20692,20692,20692,20692,20692,20692,20692,20692,20692,20692,20692,20692,20692,20692,20692,20692,20692,20692,20692,20692,20692]","[396210,396210,396210,396210,396210,396210,396210,396210,396210,396210,396210,396210,396210,396210,396210,396210,396210,396210,396210,396210,396210,396210,396210,396210,396210,396210,396210,396210,396210,396210,396210,396210,396210,396210,396210,396210,396210,396210,396210,396210,396210,396210,396210,396210,396210,396210,396210,396210,396210,396210,396210,396210,396210,396210,396210,396210,396210,396210,396210,396210,396210,396210,396210,396210,396210,396210,396210,396210,396210,396210,396210,396210,396210,396210,396210,396210,396210,396210,396210,396210,396210,396210,396210,396210,396210,396210,396210,396210,396210,396210,396210,396210,396210,396210,396210,396210,396210,396210,396210,396210,396210,396210,396210,396210,396210,396210,396210,396210,396210,396210,396210,396210,396210,396210,396210,396210,396210,396210,396210,396210,396210,396210,396210,396210,396210,396210,396210,396210,396210,396210,396210,396210,396210,396210,396210,396210,396210,396210,396210,396210]","{""semantic_component_batches"":0,""semantic_component_jobs"":0,""max_semantic_component_workers"":0,""inference_regions"":0,""canonical_specialization_queries"":0,""canonical_specialization_hits"":0,""solver_requested_bytes"":0,""solver_allocations"":0,""scratch_requested_bytes"":0,""scratch_allocations"":0,""max_solver_live_bytes"":0,""max_scratch_live_bytes"":0,""evidence_import_solver_bytes"":0,""evidence_import_scratch_bytes"":0,""snapshot_copy_bytes"":0,""snapshot_copy_allocations"":0,""principal_copy_buffer_bytes"":0,""principal_copy_buffer_allocations"":0,""frozen_capture_temporary_bytes"":0,""frozen_capture_published_bytes"":0,""frozen_edge_scratch_bytes"":0,""region_scopes"":0,""max_region_scopes"":0,""call_collections_closed"":0,""call_collections_unresolved"":0,""call_memo_hits"":0,""solver_passes"":0,""solver_constraint_visits"":0,""occurs_steps"":0}"
wide32,fresh,baseline,"[2395,2492,2521,2576,2812,2841,3848]","[2731,2782,2834,2916,3140,3252,4220]",1267852,2737,291610,0,"[1267852,1267852,1267852,1267852,1267852,1267852,1267852]","[291610,291610,291610,291610,291610,291610,291610]","{""inference_regions"":69,""canonical_specialization_queries"":16,""canonical_specialization_hits"":0,""solver_requested_bytes"":135776,""solver_allocations"":490,""scratch_requested_bytes"":177384,""scratch_allocations"":998,""max_solver_live_bytes"":3264,""max_scratch_live_bytes"":2712,""evidence_import_solver_bytes"":0,""evidence_import_scratch_bytes"":4224,""snapshot_copy_bytes"":0,""snapshot_copy_allocations"":0,""principal_copy_buffer_bytes"":10048,""principal_copy_buffer_allocations"":144,""frozen_capture_temporary_bytes"":0,""frozen_capture_published_bytes"":2048,""frozen_edge_scratch_bytes"":0,""region_scopes"":134,""max_region_scopes"":4,""call_collections_closed"":33,""call_collections_unresolved"":0,""call_memo_hits"":67,""solver_passes"":71,""solver_constraint_visits"":38,""occurs_steps"":0}"
wide32,fresh,default,"[2311,2375,2383,2650,2791,4076,4540]","[2596,2704,2940,3166,3757,4393,4917]",1267852,2737,291610,0,"[1267852,1267852,1267852,1267852,1267852,1267852,1267852]","[291610,291610,291610,291610,291610,291610,291610]","{""semantic_component_batches"":0,""semantic_component_jobs"":0,""max_semantic_component_workers"":0,""inference_regions"":69,""canonical_specialization_queries"":16,""canonical_specialization_hits"":0,""solver_requested_bytes"":135776,""solver_allocations"":490,""scratch_requested_bytes"":177384,""scratch_allocations"":998,""max_solver_live_bytes"":3264,""max_scratch_live_bytes"":2712,""evidence_import_solver_bytes"":0,""evidence_import_scratch_bytes"":4224,""snapshot_copy_bytes"":0,""snapshot_copy_allocations"":0,""principal_copy_buffer_bytes"":10048,""principal_copy_buffer_allocations"":144,""frozen_capture_temporary_bytes"":0,""frozen_capture_published_bytes"":2048,""frozen_edge_scratch_bytes"":0,""region_scopes"":134,""max_region_scopes"":4,""call_collections_closed"":33,""call_collections_unresolved"":0,""call_memo_hits"":67,""solver_passes"":71,""solver_constraint_visits"":38,""occurs_steps"":0}"
wide32,fresh,workers-1,"[2395,2514,2570,2583,2597,2780,2829]","[2734,2850,2913,3091,3099,3116,4050]",1319112,2775,291386,0,"[1319112,1319112,1319112,1319112,1319112,1319112,1319112]","[291386,291386,291386,291386,291386,291386,291386]","{""semantic_component_batches"":1,""semantic_component_jobs"":2,""max_semantic_component_workers"":1,""inference_regions"":69,""canonical_specialization_queries"":16,""canonical_specialization_hits"":0,""solver_requested_bytes"":135776,""solver_allocations"":490,""scratch_requested_bytes"":177384,""scratch_allocations"":998,""max_solver_live_bytes"":3264,""max_scratch_live_bytes"":2712,""evidence_import_solver_bytes"":0,""evidence_import_scratch_bytes"":4224,""snapshot_copy_bytes"":0,""snapshot_copy_allocations"":0,""principal_copy_buffer_bytes"":10048,""principal_copy_buffer_allocations"":144,""frozen_capture_temporary_bytes"":0,""frozen_capture_published_bytes"":2048,""frozen_edge_scratch_bytes"":0,""region_scopes"":134,""max_region_scopes"":4,""call_collections_closed"":33,""call_collections_unresolved"":0,""call_memo_hits"":67,""solver_passes"":71,""solver_constraint_visits"":38,""occurs_steps"":0}"
wide32,fresh,workers-2,"[2652,2653,2715,2773,2789,2892,3507]","[2905,2962,3000,3153,3205,3209,3679]",1369700,2781,291386,0,"[1319112,1319112,1319112,1369700,1369700,1369700,1369700]","[291386,291386,291386,291386,291386,291386,291386]","{""semantic_component_batches"":1,""semantic_component_jobs"":2,""max_semantic_component_workers"":2,""inference_regions"":69,""canonical_specialization_queries"":16,""canonical_specialization_hits"":0,""solver_requested_bytes"":135776,""solver_allocations"":490,""scratch_requested_bytes"":177384,""scratch_allocations"":998,""max_solver_live_bytes"":3264,""max_scratch_live_bytes"":2712,""evidence_import_solver_bytes"":0,""evidence_import_scratch_bytes"":4224,""snapshot_copy_bytes"":0,""snapshot_copy_allocations"":0,""principal_copy_buffer_bytes"":10048,""principal_copy_buffer_allocations"":144,""frozen_capture_temporary_bytes"":0,""frozen_capture_published_bytes"":2048,""frozen_edge_scratch_bytes"":0,""region_scopes"":134,""max_region_scopes"":4,""call_collections_closed"":33,""call_collections_unresolved"":0,""call_memo_hits"":67,""solver_passes"":71,""solver_constraint_visits"":38,""occurs_steps"":0}"
wide32,fresh,workers-4,"[2649,2703,2706,2728,2737,3010,4527]","[3008,3028,3038,3085,3086,3300,7257]",1369700,2781,291386,0,"[1319112,1319112,1369700,1369700,1369700,1369700,1369700]","[291386,291386,291386,291386,291386,291386,291386]","{""semantic_component_batches"":1,""semantic_component_jobs"":2,""max_semantic_component_workers"":2,""inference_regions"":69,""canonical_specialization_queries"":16,""canonical_specialization_hits"":0,""solver_requested_bytes"":135776,""solver_allocations"":490,""scratch_requested_bytes"":177384,""scratch_allocations"":998,""max_solver_live_bytes"":3264,""max_scratch_live_bytes"":2712,""evidence_import_solver_bytes"":0,""evidence_import_scratch_bytes"":4224,""snapshot_copy_bytes"":0,""snapshot_copy_allocations"":0,""principal_copy_buffer_bytes"":10048,""principal_copy_buffer_allocations"":144,""frozen_capture_temporary_bytes"":0,""frozen_capture_published_bytes"":2048,""frozen_edge_scratch_bytes"":0,""region_scopes"":134,""max_region_scopes"":4,""call_collections_closed"":33,""call_collections_unresolved"":0,""call_memo_hits"":67,""solver_passes"":71,""solver_constraint_visits"":38,""occurs_steps"":0}"
wide32,fresh,workers-8,"[2510,2564,2693,2695,2716,2717,3069]","[2819,2881,2988,2992,3006,3062,4518]",1369700,2781,291386,0,"[1319112,1319112,1369700,1369700,1369700,1369700,1369700]","[291386,291386,291386,291386,291386,291386,291386]","{""semantic_component_batches"":1,""semantic_component_jobs"":2,""max_semantic_component_workers"":2,""inference_regions"":69,""canonical_specialization_queries"":16,""canonical_specialization_hits"":0,""solver_requested_bytes"":135776,""solver_allocations"":490,""scratch_requested_bytes"":177384,""scratch_allocations"":998,""max_solver_live_bytes"":3264,""max_scratch_live_bytes"":2712,""evidence_import_solver_bytes"":0,""evidence_import_scratch_bytes"":4224,""snapshot_copy_bytes"":0,""snapshot_copy_allocations"":0,""principal_copy_buffer_bytes"":10048,""principal_copy_buffer_allocations"":144,""frozen_capture_temporary_bytes"":0,""frozen_capture_published_bytes"":2048,""frozen_edge_scratch_bytes"":0,""region_scopes"":134,""max_region_scopes"":4,""call_collections_closed"":33,""call_collections_unresolved"":0,""call_memo_hits"":67,""solver_passes"":71,""solver_constraint_visits"":38,""occurs_steps"":0}"
wide32,cache_population,baseline,"[2670,2771,2802,3162,3315,3458,4111]","[4213,4452,4894,4962,5238,5815,6483]",1781659,3084,616599,0,"[1781659,1781659,1781659,1781659,1781659,1781659,1781659]","[616599,616599,616599,616599,616599,616599,616599]","{""inference_regions"":69,""canonical_specialization_queries"":16,""canonical_specialization_hits"":0,""solver_requested_bytes"":135776,""solver_allocations"":490,""scratch_requested_bytes"":177384,""scratch_allocations"":998,""max_solver_live_bytes"":3264,""max_scratch_live_bytes"":2712,""evidence_import_solver_bytes"":0,""evidence_import_scratch_bytes"":4224,""snapshot_copy_bytes"":42320,""snapshot_copy_allocations"":12,""principal_copy_buffer_bytes"":10048,""principal_copy_buffer_allocations"":144,""frozen_capture_temporary_bytes"":0,""frozen_capture_published_bytes"":2048,""frozen_edge_scratch_bytes"":0,""region_scopes"":134,""max_region_scopes"":4,""call_collections_closed"":33,""call_collections_unresolved"":0,""call_memo_hits"":67,""solver_passes"":71,""solver_constraint_visits"":38,""occurs_steps"":0}"
wide32,cache_population,default,"[2681,2731,2739,2741,3225,3260,5874]","[4019,4139,4516,4725,4866,5273,7258]",1781657,3084,616597,0,"[1781657,1781657,1781657,1781657,1781657,1781657,1781657]","[616597,616597,616597,616597,616597,616597,616597]","{""semantic_component_batches"":0,""semantic_component_jobs"":0,""max_semantic_component_workers"":0,""inference_regions"":69,""canonical_specialization_queries"":16,""canonical_specialization_hits"":0,""solver_requested_bytes"":135776,""solver_allocations"":490,""scratch_requested_bytes"":177384,""scratch_allocations"":998,""max_solver_live_bytes"":3264,""max_scratch_live_bytes"":2712,""evidence_import_solver_bytes"":0,""evidence_import_scratch_bytes"":4224,""snapshot_copy_bytes"":42320,""snapshot_copy_allocations"":12,""principal_copy_buffer_bytes"":10048,""principal_copy_buffer_allocations"":144,""frozen_capture_temporary_bytes"":0,""frozen_capture_published_bytes"":2048,""frozen_edge_scratch_bytes"":0,""region_scopes"":134,""max_region_scopes"":4,""call_collections_closed"":33,""call_collections_unresolved"":0,""call_memo_hits"":67,""solver_passes"":71,""solver_constraint_visits"":38,""occurs_steps"":0}"
wide32,cache_population,workers-1,"[2726,3051,3100,3152,3465,3636,5134]","[4403,4790,4827,5108,5137,5222,7444]",1832921,3122,616377,0,"[1832921,1832921,1832921,1832921,1832921,1832921,1832921]","[616377,616377,616377,616377,616377,616377,616377]","{""semantic_component_batches"":1,""semantic_component_jobs"":2,""max_semantic_component_workers"":1,""inference_regions"":69,""canonical_specialization_queries"":16,""canonical_specialization_hits"":0,""solver_requested_bytes"":135776,""solver_allocations"":490,""scratch_requested_bytes"":177384,""scratch_allocations"":998,""max_solver_live_bytes"":3264,""max_scratch_live_bytes"":2712,""evidence_import_solver_bytes"":0,""evidence_import_scratch_bytes"":4224,""snapshot_copy_bytes"":42320,""snapshot_copy_allocations"":12,""principal_copy_buffer_bytes"":10048,""principal_copy_buffer_allocations"":144,""frozen_capture_temporary_bytes"":0,""frozen_capture_published_bytes"":2048,""frozen_edge_scratch_bytes"":0,""region_scopes"":134,""max_region_scopes"":4,""call_collections_closed"":33,""call_collections_unresolved"":0,""call_memo_hits"":67,""solver_passes"":71,""solver_constraint_visits"":38,""occurs_steps"":0}"
wide32,cache_population,workers-2,"[2817,3164,3384,3420,3567,3711,3958]","[4902,5075,5089,5464,5476,5668,11424]",1883509,3128,616377,0,"[1832921,1883509,1883509,1883509,1883509,1883509,1883509]","[616377,616377,616377,616377,616377,616377,616377]","{""semantic_component_batches"":1,""semantic_component_jobs"":2,""max_semantic_component_workers"":2,""inference_regions"":69,""canonical_specialization_queries"":16,""canonical_specialization_hits"":0,""solver_requested_bytes"":135776,""solver_allocations"":490,""scratch_requested_bytes"":177384,""scratch_allocations"":998,""max_solver_live_bytes"":3264,""max_scratch_live_bytes"":2712,""evidence_import_solver_bytes"":0,""evidence_import_scratch_bytes"":4224,""snapshot_copy_bytes"":42320,""snapshot_copy_allocations"":12,""principal_copy_buffer_bytes"":10048,""principal_copy_buffer_allocations"":144,""frozen_capture_temporary_bytes"":0,""frozen_capture_published_bytes"":2048,""frozen_edge_scratch_bytes"":0,""region_scopes"":134,""max_region_scopes"":4,""call_collections_closed"":33,""call_collections_unresolved"":0,""call_memo_hits"":67,""solver_passes"":71,""solver_constraint_visits"":38,""occurs_steps"":0}"
wide32,cache_population,workers-4,"[2858,3119,3240,3332,3373,3540,3564]","[4640,4937,4942,5125,5165,5284,5326]",1883509,3128,616377,0,"[1832921,1832921,1883509,1883509,1883509,1883509,1883509]","[616377,616377,616377,616377,616377,616377,616377]","{""semantic_component_batches"":1,""semantic_component_jobs"":2,""max_semantic_component_workers"":2,""inference_regions"":69,""canonical_specialization_queries"":16,""canonical_specialization_hits"":0,""solver_requested_bytes"":135776,""solver_allocations"":490,""scratch_requested_bytes"":177384,""scratch_allocations"":998,""max_solver_live_bytes"":3264,""max_scratch_live_bytes"":2712,""evidence_import_solver_bytes"":0,""evidence_import_scratch_bytes"":4224,""snapshot_copy_bytes"":42320,""snapshot_copy_allocations"":12,""principal_copy_buffer_bytes"":10048,""principal_copy_buffer_allocations"":144,""frozen_capture_temporary_bytes"":0,""frozen_capture_published_bytes"":2048,""frozen_edge_scratch_bytes"":0,""region_scopes"":134,""max_region_scopes"":4,""call_collections_closed"":33,""call_collections_unresolved"":0,""call_memo_hits"":67,""solver_passes"":71,""solver_constraint_visits"":38,""occurs_steps"":0}"
wide32,cache_population,workers-8,"[2941,2984,3089,3130,3337,3460,3904]","[4509,4593,4780,4931,5135,5517,6888]",1883509,3128,616377,0,"[1832921,1832921,1832921,1883509,1883509,1883509,1883509]","[616377,616377,616377,616377,616377,616377,616377]","{""semantic_component_batches"":1,""semantic_component_jobs"":2,""max_semantic_component_workers"":2,""inference_regions"":69,""canonical_specialization_queries"":16,""canonical_specialization_hits"":0,""solver_requested_bytes"":135776,""solver_allocations"":490,""scratch_requested_bytes"":177384,""scratch_allocations"":998,""max_solver_live_bytes"":3264,""max_scratch_live_bytes"":2712,""evidence_import_solver_bytes"":0,""evidence_import_scratch_bytes"":4224,""snapshot_copy_bytes"":42320,""snapshot_copy_allocations"":12,""principal_copy_buffer_bytes"":10048,""principal_copy_buffer_allocations"":144,""frozen_capture_temporary_bytes"":0,""frozen_capture_published_bytes"":2048,""frozen_edge_scratch_bytes"":0,""region_scopes"":134,""max_region_scopes"":4,""call_collections_closed"":33,""call_collections_unresolved"":0,""call_memo_hits"":67,""solver_passes"":71,""solver_constraint_visits"":38,""occurs_steps"":0}"
wide32,restart,baseline,"[2570,2964,2966,3006,3011,3129,3259]","[3252,3587,3729,3800,3917,3920,4219]",1858901,3302,639761,0,"[1858901,1858901,1858901,1858901,1858901,1858901,1858901]","[639761,639761,639761,639761,639761,639761,639761]","{""inference_regions"":69,""canonical_specialization_queries"":16,""canonical_specialization_hits"":0,""solver_requested_bytes"":135776,""solver_allocations"":490,""scratch_requested_bytes"":177384,""scratch_allocations"":998,""max_solver_live_bytes"":3264,""max_scratch_live_bytes"":2712,""evidence_import_solver_bytes"":0,""evidence_import_scratch_bytes"":4224,""snapshot_copy_bytes"":42320,""snapshot_copy_allocations"":12,""principal_copy_buffer_bytes"":10048,""principal_copy_buffer_allocations"":144,""frozen_capture_temporary_bytes"":0,""frozen_capture_published_bytes"":2048,""frozen_edge_scratch_bytes"":0,""region_scopes"":134,""max_region_scopes"":4,""call_collections_closed"":33,""call_collections_unresolved"":0,""call_memo_hits"":67,""solver_passes"":71,""solver_constraint_visits"":38,""occurs_steps"":0}"
wide32,restart,default,"[2538,2705,2823,3006,3191,3255,3786]","[3303,3354,3459,3811,4193,4396,4823]",1858899,3302,639759,0,"[1858899,1858899,1858899,1858899,1858899,1858899,1858899]","[639759,639759,639759,639759,639759,639759,639759]","{""semantic_component_batches"":0,""semantic_component_jobs"":0,""max_semantic_component_workers"":0,""inference_regions"":69,""canonical_specialization_queries"":16,""canonical_specialization_hits"":0,""solver_requested_bytes"":135776,""solver_allocations"":490,""scratch_requested_bytes"":177384,""scratch_allocations"":998,""max_solver_live_bytes"":3264,""max_scratch_live_bytes"":2712,""evidence_import_solver_bytes"":0,""evidence_import_scratch_bytes"":4224,""snapshot_copy_bytes"":42320,""snapshot_copy_allocations"":12,""principal_copy_buffer_bytes"":10048,""principal_copy_buffer_allocations"":144,""frozen_capture_temporary_bytes"":0,""frozen_capture_published_bytes"":2048,""frozen_edge_scratch_bytes"":0,""region_scopes"":134,""max_region_scopes"":4,""call_collections_closed"":33,""call_collections_unresolved"":0,""call_memo_hits"":67,""solver_passes"":71,""solver_constraint_visits"":38,""occurs_steps"":0}"
wide32,restart,workers-1,"[2650,2693,2841,2911,3343,3581,3613]","[3407,3424,3614,3774,3993,4395,5112]",1910163,3340,639539,0,"[1910163,1910163,1910163,1910163,1910163,1910163,1910163]","[639539,639539,639539,639539,639539,639539,639539]","{""semantic_component_batches"":1,""semantic_component_jobs"":2,""max_semantic_component_workers"":1,""inference_regions"":69,""canonical_specialization_queries"":16,""canonical_specialization_hits"":0,""solver_requested_bytes"":135776,""solver_allocations"":490,""scratch_requested_bytes"":177384,""scratch_allocations"":998,""max_solver_live_bytes"":3264,""max_scratch_live_bytes"":2712,""evidence_import_solver_bytes"":0,""evidence_import_scratch_bytes"":4224,""snapshot_copy_bytes"":42320,""snapshot_copy_allocations"":12,""principal_copy_buffer_bytes"":10048,""principal_copy_buffer_allocations"":144,""frozen_capture_temporary_bytes"":0,""frozen_capture_published_bytes"":2048,""frozen_edge_scratch_bytes"":0,""region_scopes"":134,""max_region_scopes"":4,""call_collections_closed"":33,""call_collections_unresolved"":0,""call_memo_hits"":67,""solver_passes"":71,""solver_constraint_visits"":38,""occurs_steps"":0}"
wide32,restart,workers-2,"[2985,3087,3226,3231,3355,3709,4239]","[3598,3876,3932,3988,4253,4571,5031]",1960751,3346,639539,0,"[1960751,1960751,1960751,1960751,1960751,1960751,1960751]","[639539,639539,639539,639539,639539,639539,639539]","{""semantic_component_batches"":1,""semantic_component_jobs"":2,""max_semantic_component_workers"":2,""inference_regions"":69,""canonical_specialization_queries"":16,""canonical_specialization_hits"":0,""solver_requested_bytes"":135776,""solver_allocations"":490,""scratch_requested_bytes"":177384,""scratch_allocations"":998,""max_solver_live_bytes"":3264,""max_scratch_live_bytes"":2712,""evidence_import_solver_bytes"":0,""evidence_import_scratch_bytes"":4224,""snapshot_copy_bytes"":42320,""snapshot_copy_allocations"":12,""principal_copy_buffer_bytes"":10048,""principal_copy_buffer_allocations"":144,""frozen_capture_temporary_bytes"":0,""frozen_capture_published_bytes"":2048,""frozen_edge_scratch_bytes"":0,""region_scopes"":134,""max_region_scopes"":4,""call_collections_closed"":33,""call_collections_unresolved"":0,""call_memo_hits"":67,""solver_passes"":71,""solver_constraint_visits"":38,""occurs_steps"":0}"
wide32,restart,workers-4,"[2997,3055,3158,3357,3679,3824,12417]","[3696,3878,3911,3931,4468,4590,13463]",1960751,3346,639539,0,"[1910163,1910163,1960751,1960751,1960751,1960751,1960751]","[639539,639539,639539,639539,639539,639539,639539]","{""semantic_component_batches"":1,""semantic_component_jobs"":2,""max_semantic_component_workers"":2,""inference_regions"":69,""canonical_specialization_queries"":16,""canonical_specialization_hits"":0,""solver_requested_bytes"":135776,""solver_allocations"":490,""scratch_requested_bytes"":177384,""scratch_allocations"":998,""max_solver_live_bytes"":3264,""max_scratch_live_bytes"":2712,""evidence_import_solver_bytes"":0,""evidence_import_scratch_bytes"":4224,""snapshot_copy_bytes"":42320,""snapshot_copy_allocations"":12,""principal_copy_buffer_bytes"":10048,""principal_copy_buffer_allocations"":144,""frozen_capture_temporary_bytes"":0,""frozen_capture_published_bytes"":2048,""frozen_edge_scratch_bytes"":0,""region_scopes"":134,""max_region_scopes"":4,""call_collections_closed"":33,""call_collections_unresolved"":0,""call_memo_hits"":67,""solver_passes"":71,""solver_constraint_visits"":38,""occurs_steps"":0}"
wide32,restart,workers-8,"[2850,2915,3095,3162,3197,3401,4725]","[3434,3745,3842,3966,4000,4368,5636]",1960751,3346,639539,0,"[1960751,1960751,1960751,1960751,1960751,1960751,1960751]","[639539,639539,639539,639539,639539,639539,639539]","{""semantic_component_batches"":1,""semantic_component_jobs"":2,""max_semantic_component_workers"":2,""inference_regions"":69,""canonical_specialization_queries"":16,""canonical_specialization_hits"":0,""solver_requested_bytes"":135776,""solver_allocations"":490,""scratch_requested_bytes"":177384,""scratch_allocations"":998,""max_solver_live_bytes"":3264,""max_scratch_live_bytes"":2712,""evidence_import_solver_bytes"":0,""evidence_import_scratch_bytes"":4224,""snapshot_copy_bytes"":42320,""snapshot_copy_allocations"":12,""principal_copy_buffer_bytes"":10048,""principal_copy_buffer_allocations"":144,""frozen_capture_temporary_bytes"":0,""frozen_capture_published_bytes"":2048,""frozen_edge_scratch_bytes"":0,""region_scopes"":134,""max_region_scopes"":4,""call_collections_closed"":33,""call_collections_unresolved"":0,""call_memo_hits"":67,""solver_passes"":71,""solver_constraint_visits"":38,""occurs_steps"":0}"
wide128,population,baseline,"[4126,4202,4220,4266,4859,4958,5454]","[4121,4207,4225,4261,4866,4971,5449]",3562243,3469,1206811,655940,"[3562243,3562243,3562243,3562243,3562243,3562243,3562243]","[1206811,1206811,1206811,1206811,1206811,1206811,1206811]","{""inference_regions"":69,""canonical_specialization_queries"":16,""canonical_specialization_hits"":0,""solver_requested_bytes"":135776,""solver_allocations"":490,""scratch_requested_bytes"":214196,""scratch_allocations"":1001,""max_solver_live_bytes"":3264,""max_scratch_live_bytes"":4628,""evidence_import_solver_bytes"":0,""evidence_import_scratch_bytes"":4224,""snapshot_copy_bytes"":155984,""snapshot_copy_allocations"":12,""principal_copy_buffer_bytes"":10048,""principal_copy_buffer_allocations"":144,""frozen_capture_temporary_bytes"":0,""frozen_capture_published_bytes"":8192,""frozen_edge_scratch_bytes"":0,""region_scopes"":134,""max_region_scopes"":4,""call_collections_closed"":33,""call_collections_unresolved"":0,""call_memo_hits"":67,""solver_passes"":71,""solver_constraint_visits"":38,""occurs_steps"":0}"
wide128,population,default,"[3946,3963,3978,4067,4228,5075,5544]","[3946,3955,3970,4060,4220,5068,5534]",3562299,3469,1206811,655940,"[3562299,3562299,3562299,3562299,3562299,3562299,3562299]","[1206811,1206811,1206811,1206811,1206811,1206811,1206811]","{""semantic_component_batches"":0,""semantic_component_jobs"":0,""max_semantic_component_workers"":0,""inference_regions"":69,""canonical_specialization_queries"":16,""canonical_specialization_hits"":0,""solver_requested_bytes"":135776,""solver_allocations"":490,""scratch_requested_bytes"":214196,""scratch_allocations"":1001,""max_solver_live_bytes"":3264,""max_scratch_live_bytes"":4628,""evidence_import_solver_bytes"":0,""evidence_import_scratch_bytes"":4224,""snapshot_copy_bytes"":155984,""snapshot_copy_allocations"":12,""principal_copy_buffer_bytes"":10048,""principal_copy_buffer_allocations"":144,""frozen_capture_temporary_bytes"":0,""frozen_capture_published_bytes"":8192,""frozen_edge_scratch_bytes"":0,""region_scopes"":134,""max_region_scopes"":4,""call_collections_closed"":33,""call_collections_unresolved"":0,""call_memo_hits"":67,""solver_passes"":71,""solver_constraint_visits"":38,""occurs_steps"":0}"
wide128,population,workers-1,"[4252,4287,4291,4297,4436,4636,10102]","[4245,4280,4290,4290,4430,4820,10094]",3669159,3506,1206587,655940,"[3669159,3669159,3669159,3669159,3669159,3669159,3669159]","[1206587,1206587,1206587,1206587,1206587,1206587,1206587]","{""semantic_component_batches"":1,""semantic_component_jobs"":2,""max_semantic_component_workers"":1,""inference_regions"":69,""canonical_specialization_queries"":16,""canonical_specialization_hits"":0,""solver_requested_bytes"":135776,""solver_allocations"":490,""scratch_requested_bytes"":214196,""scratch_allocations"":1001,""max_solver_live_bytes"":3264,""max_scratch_live_bytes"":4628,""evidence_import_solver_bytes"":0,""evidence_import_scratch_bytes"":4224,""snapshot_copy_bytes"":155984,""snapshot_copy_allocations"":12,""principal_copy_buffer_bytes"":10048,""principal_copy_buffer_allocations"":144,""frozen_capture_temporary_bytes"":0,""frozen_capture_published_bytes"":8192,""frozen_edge_scratch_bytes"":0,""region_scopes"":134,""max_region_scopes"":4,""call_collections_closed"":33,""call_collections_unresolved"":0,""call_memo_hits"":67,""solver_passes"":71,""solver_constraint_visits"":38,""occurs_steps"":0}"
wide128,population,workers-2,"[4258,4515,4569,4863,4899,6114,16118]","[4141,4410,4456,4667,4816,5976,15997]",3783563,3512,1206587,655940,"[3783563,3783563,3783563,3783563,3783563,3783563,3783563]","[1206587,1206587,1206587,1206587,1206587,1206587,1206587]","{""semantic_component_batches"":1,""semantic_component_jobs"":2,""max_semantic_component_workers"":2,""inference_regions"":69,""canonical_specialization_queries"":16,""canonical_specialization_hits"":0,""solver_requested_bytes"":135776,""solver_allocations"":490,""scratch_requested_bytes"":214196,""scratch_allocations"":1001,""max_solver_live_bytes"":3264,""max_scratch_live_bytes"":4628,""evidence_import_solver_bytes"":0,""evidence_import_scratch_bytes"":4224,""snapshot_copy_bytes"":155984,""snapshot_copy_allocations"":12,""principal_copy_buffer_bytes"":10048,""principal_copy_buffer_allocations"":144,""frozen_capture_temporary_bytes"":0,""frozen_capture_published_bytes"":8192,""frozen_edge_scratch_bytes"":0,""region_scopes"":134,""max_region_scopes"":4,""call_collections_closed"":33,""call_collections_unresolved"":0,""call_memo_hits"":67,""solver_passes"":71,""solver_constraint_visits"":38,""occurs_steps"":0}"
wide128,population,workers-4,"[4330,4484,4560,4611,4724,4840,5347]","[4265,4341,4449,4477,4613,4727,5198]",3783563,3512,1206587,655940,"[3783563,3783563,3783563,3783563,3783563,3783563,3783563]","[1206587,1206587,1206587,1206587,1206587,1206587,1206587]","{""semantic_component_batches"":1,""semantic_component_jobs"":2,""max_semantic_component_workers"":2,""inference_regions"":69,""canonical_specialization_queries"":16,""canonical_specialization_hits"":0,""solver_requested_bytes"":135776,""solver_allocations"":490,""scratch_requested_bytes"":214196,""scratch_allocations"":1001,""max_solver_live_bytes"":3264,""max_scratch_live_bytes"":4628,""evidence_import_solver_bytes"":0,""evidence_import_scratch_bytes"":4224,""snapshot_copy_bytes"":155984,""snapshot_copy_allocations"":12,""principal_copy_buffer_bytes"":10048,""principal_copy_buffer_allocations"":144,""frozen_capture_temporary_bytes"":0,""frozen_capture_published_bytes"":8192,""frozen_edge_scratch_bytes"":0,""region_scopes"":134,""max_region_scopes"":4,""call_collections_closed"":33,""call_collections_unresolved"":0,""call_memo_hits"":67,""solver_passes"":71,""solver_constraint_visits"":38,""occurs_steps"":0}"
wide128,population,workers-8,"[4268,4374,4435,4464,4756,4778,5120]","[4148,4176,4303,4317,4627,4671,4851]",3783563,3512,1206587,655940,"[3783563,3783563,3783563,3783563,3783563,3783563,3783563]","[1206587,1206587,1206587,1206587,1206587,1206587,1206587]","{""semantic_component_batches"":1,""semantic_component_jobs"":2,""max_semantic_component_workers"":2,""inference_regions"":69,""canonical_specialization_queries"":16,""canonical_specialization_hits"":0,""solver_requested_bytes"":135776,""solver_allocations"":490,""scratch_requested_bytes"":214196,""scratch_allocations"":1001,""max_solver_live_bytes"":3264,""max_scratch_live_bytes"":4628,""evidence_import_solver_bytes"":0,""evidence_import_scratch_bytes"":4224,""snapshot_copy_bytes"":155984,""snapshot_copy_allocations"":12,""principal_copy_buffer_bytes"":10048,""principal_copy_buffer_allocations"":144,""frozen_capture_temporary_bytes"":0,""frozen_capture_published_bytes"":8192,""frozen_edge_scratch_bytes"":0,""region_scopes"":134,""max_region_scopes"":4,""call_collections_closed"":33,""call_collections_unresolved"":0,""call_memo_hits"":67,""solver_passes"":71,""solver_constraint_visits"":38,""occurs_steps"":0}"
wide128,edit,baseline,"[3153,3199,3201,3211,3214,3226,3234,3248,3253,3255,3256,3256,3261,3265,3268,3268,3271,3272,3276,3279,3283,3289,3293,3301,3314,3315,3316,3318,3323,3325,3326,3332,3335,3337,3343,3346,3346,3346,3353,3356,3357,3359,3361,3361,3363,3363,3373,3376,3377,3377,3382,3383,3387,3390,3399,3405,3413,3415,3421,3421,3439,3440,3440,3443,3445,3447,3458,3459,3468,3469,3471,3475,3479,3479,3484,3485,3486,3487,3496,3500,3505,3510,3512,3512,3517,3520,3528,3537,3547,3559,3562,3566,3575,3584,3592,3593,3597,3610,3620,3626,3629,3631,3632,3633,3646,3654,3655,3661,3665,3665,3678,3682,3699,3711,3720,3720,3732,3736,3741,3811,3819,3820,3954,3972,3979,4001,4048,4145,4146,4155,4163,4210,4214,4218,4430,4453,4627,5206,5275,8294]","[3154,3198,3202,3211,3215,3226,3234,3249,3253,3255,3256,3257,3262,3266,3268,3268,3271,3272,3276,3280,3289,3294,3302,3309,3314,3315,3317,3318,3324,3326,3326,3333,3336,3338,3344,3346,3347,3347,3353,3356,3358,3359,3361,3362,3363,3363,3374,3377,3377,3377,3382,3384,3387,3391,3400,3405,3413,3415,3421,3421,3439,3440,3441,3443,3446,3447,3459,3459,3469,3469,3472,3476,3479,3480,3484,3485,3487,3488,3496,3500,3506,3510,3512,3513,3517,3520,3529,3538,3547,3560,3562,3566,3576,3584,3593,3593,3597,3611,3620,3627,3630,3631,3632,3633,3647,3655,3656,3661,3666,3666,3678,3682,3699,3711,3720,3721,3732,3737,3741,3811,3820,3820,3955,3972,3980,4001,4048,4145,4146,4155,4163,4215,4219,4349,4430,4453,4628,5206,5276,8295]",3807511.0,3817.0,1865679.0,655936.0,"[3807511,3807511,3807511,3807511,3807511,3807511,3807511,3807511,3807511,3807511,3807511,3807511,3807511,3807511,3807511,3807511,3807511,3807511,3807511,3807511,3807511,3807511,3807511,3807511,3807511,3807511,3807511,3807511,3807511,3807511,3807511,3807511,3807511,3807511,3807511,3807511,3807511,3807511,3807511,3807511,3807511,3807511,3807511,3807511,3807511,3807511,3807511,3807511,3807511,3807511,3807511,3807511,3807511,3807511,3807511,3807511,3807511,3807511,3807511,3807511,3807511,3807511,3807511,3807511,3807511,3807511,3807511,3807511,3807511,3807511,3807511,3807511,3807511,3807511,3807511,3807511,3807511,3807511,3807511,3807511,3807511,3807511,3807511,3807511,3807511,3807511,3807511,3807511,3807511,3807511,3807511,3807511,3807511,3807511,3807511,3807511,3807511,3807511,3807511,3807511,3807511,3807511,3807511,3807511,3807511,3807511,3807511,3807511,3807511,3807511,3807511,3807511,3807511,3807511,3807511,3807511,3807511,3807511,3807511,3807511,3807511,3807511,3807511,3807511,3807511,3807511,3807511,3807511,3807511,3807511,3807511,3807511,3807511,3807511,3807511,3807511,3807511,3807511,3807511,3807511]","[1865679,1865679,1865679,1865679,1865679,1865679,1865679,1865679,1865679,1865679,1865679,1865679,1865679,1865679,1865679,1865679,1865679,1865679,1865679,1865679,1865679,1865679,1865679,1865679,1865679,1865679,1865679,1865679,1865679,1865679,1865679,1865679,1865679,1865679,1865679,1865679,1865679,1865679,1865679,1865679,1865679,1865679,1865679,1865679,1865679,1865679,1865679,1865679,1865679,1865679,1865679,1865679,1865679,1865679,1865679,1865679,1865679,1865679,1865679,1865679,1865679,1865679,1865679,1865679,1865679,1865679,1865679,1865679,1865679,1865679,1865679,1865679,1865679,1865679,1865679,1865679,1865679,1865679,1865679,1865679,1865679,1865679,1865679,1865679,1865679,1865679,1865679,1865679,1865679,1865679,1865679,1865679,1865679,1865679,1865679,1865679,1865679,1865679,1865679,1865679,1865679,1865679,1865679,1865679,1865679,1865679,1865679,1865679,1865679,1865679,1865679,1865679,1865679,1865679,1865679,1865679,1865679,1865679,1865679,1865679,1865679,1865679,1865679,1865679,1865679,1865679,1865679,1865679,1865679,1865679,1865679,1865679,1865679,1865679,1865679,1865679,1865679,1865679,1865679,1865679]","{""inference_regions"":68,""canonical_specialization_queries"":16,""canonical_specialization_hits"":1,""solver_requested_bytes"":134816,""solver_allocations"":484,""scratch_requested_bytes"":209764,""scratch_allocations"":989,""max_solver_live_bytes"":3264,""max_scratch_live_bytes"":4628,""evidence_import_solver_bytes"":0,""evidence_import_scratch_bytes"":4096,""snapshot_copy_bytes"":155932,""snapshot_copy_allocations"":12,""principal_copy_buffer_bytes"":10048,""principal_copy_buffer_allocations"":144,""frozen_capture_temporary_bytes"":0,""frozen_capture_published_bytes"":7680,""frozen_edge_scratch_bytes"":0,""region_scopes"":133,""max_region_scopes"":4,""call_collections_closed"":33,""call_collections_unresolved"":0,""call_memo_hits"":67,""solver_passes"":70,""solver_constraint_visits"":38,""occurs_steps"":0}"
wide128,edit,default,"[3152,3156,3163,3171,3173,3179,3181,3181,3183,3187,3192,3193,3194,3195,3199,3201,3202,3203,3206,3207,3211,3216,3216,3217,3229,3230,3231,3232,3235,3243,3243,3246,3248,3261,3277,3277,3279,3282,3283,3286,3293,3294,3295,3297,3305,3318,3322,3323,3325,3334,3336,3340,3344,3346,3348,3348,3348,3355,3359,3359,3361,3363,3366,3366,3367,3368,3371,3372,3396,3399,3402,3403,3406,3408,3408,3423,3433,3439,3454,3460,3463,3473,3491,3500,3506,3513,3523,3525,3531,3539,3571,3573,3585,3586,3587,3607,3608,3622,3622,3626,3632,3644,3654,3657,3668,3681,3686,3695,3705,3707,3709,3712,3725,3727,3733,3740,3744,3751,3759,3771,3778,3803,3841,3852,3879,3891,3892,3892,3942,3956,3978,4023,4150,4214,4394,4584,4748,5019,5233,6734]","[3151,3157,3164,3172,3174,3180,3181,3182,3183,3186,3192,3193,3194,3195,3200,3202,3203,3204,3207,3212,3212,3216,3216,3218,3229,3230,3231,3233,3235,3243,3243,3247,3249,3277,3277,3280,3283,3283,3286,3293,3293,3295,3297,3306,3318,3322,3323,3326,3335,3341,3342,3344,3347,3348,3349,3349,3356,3360,3361,3362,3366,3367,3367,3369,3372,3373,3396,3400,3403,3403,3406,3407,3408,3424,3425,3438,3439,3447,3455,3464,3465,3473,3491,3500,3506,3513,3523,3525,3531,3539,3572,3574,3585,3586,3588,3608,3609,3622,3623,3626,3644,3648,3654,3662,3674,3681,3686,3696,3706,3709,3712,3724,3725,3733,3734,3743,3745,3759,3771,3777,3778,3803,3842,3852,3879,3893,3893,3940,3942,3957,3978,4024,4149,4214,4395,4584,4748,5022,5233,6734]",3807567.0,3817.0,1865679.0,655936.0,"[3807567,3807567,3807567,3807567,3807567,3807567,3807567,3807567,3807567,3807567,3807567,3807567,3807567,3807567,3807567,3807567,3807567,3807567,3807567,3807567,3807567,3807567,3807567,3807567,3807567,3807567,3807567,3807567,3807567,3807567,3807567,3807567,3807567,3807567,3807567,3807567,3807567,3807567,3807567,3807567,3807567,3807567,3807567,3807567,3807567,3807567,3807567,3807567,3807567,3807567,3807567,3807567,3807567,3807567,3807567,3807567,3807567,3807567,3807567,3807567,3807567,3807567,3807567,3807567,3807567,3807567,3807567,3807567,3807567,3807567,3807567,3807567,3807567,3807567,3807567,3807567,3807567,3807567,3807567,3807567,3807567,3807567,3807567,3807567,3807567,3807567,3807567,3807567,3807567,3807567,3807567,3807567,3807567,3807567,3807567,3807567,3807567,3807567,3807567,3807567,3807567,3807567,3807567,3807567,3807567,3807567,3807567,3807567,3807567,3807567,3807567,3807567,3807567,3807567,3807567,3807567,3807567,3807567,3807567,3807567,3807567,3807567,3807567,3807567,3807567,3807567,3807567,3807567,3807567,3807567,3807567,3807567,3807567,3807567,3807567,3807567,3807567,3807567,3807567,3807567]","[1865679,1865679,1865679,1865679,1865679,1865679,1865679,1865679,1865679,1865679,1865679,1865679,1865679,1865679,1865679,1865679,1865679,1865679,1865679,1865679,1865679,1865679,1865679,1865679,1865679,1865679,1865679,1865679,1865679,1865679,1865679,1865679,1865679,1865679,1865679,1865679,1865679,1865679,1865679,1865679,1865679,1865679,1865679,1865679,1865679,1865679,1865679,1865679,1865679,1865679,1865679,1865679,1865679,1865679,1865679,1865679,1865679,1865679,1865679,1865679,1865679,1865679,1865679,1865679,1865679,1865679,1865679,1865679,1865679,1865679,1865679,1865679,1865679,1865679,1865679,1865679,1865679,1865679,1865679,1865679,1865679,1865679,1865679,1865679,1865679,1865679,1865679,1865679,1865679,1865679,1865679,1865679,1865679,1865679,1865679,1865679,1865679,1865679,1865679,1865679,1865679,1865679,1865679,1865679,1865679,1865679,1865679,1865679,1865679,1865679,1865679,1865679,1865679,1865679,1865679,1865679,1865679,1865679,1865679,1865679,1865679,1865679,1865679,1865679,1865679,1865679,1865679,1865679,1865679,1865679,1865679,1865679,1865679,1865679,1865679,1865679,1865679,1865679,1865679,1865679]","{""semantic_component_batches"":0,""semantic_component_jobs"":0,""max_semantic_component_workers"":0,""inference_regions"":68,""canonical_specialization_queries"":16,""canonical_specialization_hits"":1,""solver_requested_bytes"":134816,""solver_allocations"":484,""scratch_requested_bytes"":209764,""scratch_allocations"":989,""max_solver_live_bytes"":3264,""max_scratch_live_bytes"":4628,""evidence_import_solver_bytes"":0,""evidence_import_scratch_bytes"":4096,""snapshot_copy_bytes"":155932,""snapshot_copy_allocations"":12,""principal_copy_buffer_bytes"":10048,""principal_copy_buffer_allocations"":144,""frozen_capture_temporary_bytes"":0,""frozen_capture_published_bytes"":7680,""frozen_edge_scratch_bytes"":0,""region_scopes"":133,""max_region_scopes"":4,""call_collections_closed"":33,""call_collections_unresolved"":0,""call_memo_hits"":67,""solver_passes"":70,""solver_constraint_visits"":38,""occurs_steps"":0}"
wide128,edit,workers-1,"[3255,3255,3262,3268,3271,3271,3283,3285,3288,3293,3294,3297,3321,3322,3323,3327,3331,3333,3336,3340,3357,3368,3368,3369,3372,3374,3376,3378,3380,3384,3384,3385,3399,3400,3404,3408,3409,3413,3418,3419,3420,3420,3430,3434,3435,3435,3440,3441,3452,3457,3461,3462,3464,3465,3473,3479,3482,3485,3490,3496,3499,3507,3508,3508,3518,3519,3519,3520,3524,3526,3530,3532,3540,3551,3552,3556,3561,3573,3574,3577,3581,3591,3593,3603,3619,3631,3632,3636,3637,3639,3641,3645,3645,3668,3671,3673,3674,3683,3699,3715,3735,3737,3738,3746,3765,3795,3801,3803,3828,3837,3838,3871,3876,3877,3888,3891,3905,3911,3951,3981,3999,4004,4006,4067,4108,4113,4156,4161,4176,4234,4239,4291,4292,4322,4419,4536,4707,5421,7536,13513]","[3254,3255,3262,3268,3271,3271,3283,3286,3289,3294,3294,3296,3323,3324,3333,3334,3335,3337,3340,3346,3358,3368,3368,3369,3374,3376,3377,3378,3380,3384,3385,3385,3400,3401,3404,3408,3409,3413,3418,3419,3421,3421,3430,3434,3436,3436,3441,3441,3452,3461,3462,3464,3466,3469,3474,3480,3483,3485,3491,3497,3499,3507,3508,3518,3518,3519,3519,3522,3525,3526,3532,3535,3545,3552,3553,3557,3573,3573,3577,3579,3581,3591,3592,3605,3619,3632,3633,3637,3638,3640,3642,3645,3651,3668,3671,3674,3674,3684,3700,3715,3735,3737,3739,3747,3765,3796,3802,3803,3829,3837,3838,3872,3877,3878,3888,3891,3906,3911,3952,3981,4000,4004,4007,4068,4108,4113,4156,4162,4176,4289,4292,4292,4323,4420,4421,4536,4707,5421,7537,13513]",3914427.0,3854.0,1865455.0,655936.0,"[3914427,3914427,3914427,3914427,3914427,3914427,3914427,3914427,3914427,3914427,3914427,3914427,3914427,3914427,3914427,3914427,3914427,3914427,3914427,3914427,3914427,3914427,3914427,3914427,3914427,3914427,3914427,3914427,3914427,3914427,3914427,3914427,3914427,3914427,3914427,3914427,3914427,3914427,3914427,3914427,3914427,3914427,3914427,3914427,3914427,3914427,3914427,3914427,3914427,3914427,3914427,3914427,3914427,3914427,3914427,3914427,3914427,3914427,3914427,3914427,3914427,3914427,3914427,3914427,3914427,3914427,3914427,3914427,3914427,3914427,3914427,3914427,3914427,3914427,3914427,3914427,3914427,3914427,3914427,3914427,3914427,3914427,3914427,3914427,3914427,3914427,3914427,3914427,3914427,3914427,3914427,3914427,3914427,3914427,3914427,3914427,3914427,3914427,3914427,3914427,3914427,3914427,3914427,3914427,3914427,3914427,3914427,3914427,3914427,3914427,3914427,3914427,3914427,3914427,3914427,3914427,3914427,3914427,3914427,3914427,3914427,3914427,3914427,3914427,3914427,3914427,3914427,3914427,3914427,3914427,3914427,3914427,3914427,3914427,3914427,3914427,3914427,3914427,3914427,3914427]","[1865455,1865455,1865455,1865455,1865455,1865455,1865455,1865455,1865455,1865455,1865455,1865455,1865455,1865455,1865455,1865455,1865455,1865455,1865455,1865455,1865455,1865455,1865455,1865455,1865455,1865455,1865455,1865455,1865455,1865455,1865455,1865455,1865455,1865455,1865455,1865455,1865455,1865455,1865455,1865455,1865455,1865455,1865455,1865455,1865455,1865455,1865455,1865455,1865455,1865455,1865455,1865455,1865455,1865455,1865455,1865455,1865455,1865455,1865455,1865455,1865455,1865455,1865455,1865455,1865455,1865455,1865455,1865455,1865455,1865455,1865455,1865455,1865455,1865455,1865455,1865455,1865455,1865455,1865455,1865455,1865455,1865455,1865455,1865455,1865455,1865455,1865455,1865455,1865455,1865455,1865455,1865455,1865455,1865455,1865455,1865455,1865455,1865455,1865455,1865455,1865455,1865455,1865455,1865455,1865455,1865455,1865455,1865455,1865455,1865455,1865455,1865455,1865455,1865455,1865455,1865455,1865455,1865455,1865455,1865455,1865455,1865455,1865455,1865455,1865455,1865455,1865455,1865455,1865455,1865455,1865455,1865455,1865455,1865455,1865455,1865455,1865455,1865455,1865455,1865455]","{""semantic_component_batches"":1,""semantic_component_jobs"":2,""max_semantic_component_workers"":1,""inference_regions"":68,""canonical_specialization_queries"":16,""canonical_specialization_hits"":1,""solver_requested_bytes"":134816,""solver_allocations"":484,""scratch_requested_bytes"":209764,""scratch_allocations"":989,""max_solver_live_bytes"":3264,""max_scratch_live_bytes"":4628,""evidence_import_solver_bytes"":0,""evidence_import_scratch_bytes"":4096,""snapshot_copy_bytes"":155932,""snapshot_copy_allocations"":12,""principal_copy_buffer_bytes"":10048,""principal_copy_buffer_allocations"":144,""frozen_capture_temporary_bytes"":0,""frozen_capture_published_bytes"":7680,""frozen_edge_scratch_bytes"":0,""region_scopes"":133,""max_region_scopes"":4,""call_collections_closed"":33,""call_collections_unresolved"":0,""call_memo_hits"":67,""solver_passes"":70,""solver_constraint_visits"":38,""occurs_steps"":0}"
wide128,edit,workers-2,"[3356,3361,3374,3379,3386,3389,3394,3397,3403,3405,3409,3411,3412,3412,3414,3417,3419,3424,3425,3438,3442,3449,3450,3466,3471,3473,3473,3481,3491,3496,3497,3499,3502,3504,3518,3519,3520,3521,3522,3522,3524,3528,3538,3538,3541,3541,3542,3543,3559,3562,3562,3568,3568,3573,3574,3578,3578,3579,3582,3583,3587,3587,3588,3596,3599,3607,3608,3611,3612,3617,3617,3634,3634,3636,3644,3647,3654,3655,3655,3661,3661,3664,3669,3671,3671,3679,3688,3690,3701,3721,3721,3734,3747,3751,3751,3753,3754,3768,3785,3794,3806,3833,3834,3850,3867,3907,3914,3936,3940,3948,3951,3967,3968,3971,3974,3994,3995,4007,4018,4023,4027,4042,4083,4184,4197,4216,4216,4260,4326,4330,4367,4370,4393,4527,4711,4768,4810,4981,5204,5930]","[3301,3303,3304,3319,3320,3337,3339,3344,3345,3347,3348,3349,3350,3357,3357,3358,3374,3376,3378,3379,3385,3395,3408,3410,3411,3418,3420,3425,3426,3427,3433,3435,3440,3447,3448,3452,3458,3460,3464,3466,3467,3468,3470,3473,3480,3480,3482,3483,3484,3487,3489,3490,3493,3495,3501,3510,3513,3514,3518,3519,3520,3525,3526,3528,3530,3535,3543,3547,3547,3548,3549,3551,3552,3562,3565,3569,3575,3584,3590,3594,3599,3602,3604,3606,3608,3629,3633,3644,3647,3662,3679,3680,3684,3692,3693,3697,3710,3730,3731,3734,3752,3759,3760,3792,3799,3810,3824,3857,3869,3870,3878,3889,3897,3900,3919,3921,3934,3937,3950,3968,3969,3981,4010,4010,4100,4114,4157,4186,4220,4268,4302,4314,4324,4442,4661,4702,4724,4906,5138,5857]",4028831.0,3860.0,1865455.0,655936.0,"[3914427,4028831,4028831,4028831,4028831,4028831,4028831,4028831,4028831,4028831,4028831,4028831,4028831,4028831,4028831,4028831,4028831,4028831,4028831,4028831,4028831,4028831,4028831,4028831,4028831,4028831,4028831,4028831,4028831,4028831,4028831,4028831,4028831,4028831,4028831,4028831,4028831,4028831,4028831,4028831,4028831,4028831,4028831,4028831,4028831,4028831,4028831,4028831,4028831,4028831,4028831,4028831,4028831,4028831,4028831,4028831,4028831,4028831,4028831,4028831,4028831,4028831,4028831,4028831,4028831,4028831,4028831,4028831,4028831,4028831,4028831,4028831,4028831,4028831,4028831,4028831,4028831,4028831,4028831,4028831,4028831,4028831,4028831,4028831,4028831,4028831,4028831,4028831,4028831,4028831,4028831,4028831,4028831,4028831,4028831,4028831,4028831,4028831,4028831,4028831,4028831,4028831,4028831,4028831,4028831,4028831,4028831,4028831,4028831,4028831,4028831,4028831,4028831,4028831,4028831,4028831,4028831,4028831,4028831,4028831,4028831,4028831,4028831,4028831,4028831,4028831,4028831,4028831,4028831,4028831,4028831,4028831,4028831,4028831,4028831,4028831,4028831,4028831,4028831,4028831]","[1865455,1865455,1865455,1865455,1865455,1865455,1865455,1865455,1865455,1865455,1865455,1865455,1865455,1865455,1865455,1865455,1865455,1865455,1865455,1865455,1865455,1865455,1865455,1865455,1865455,1865455,1865455,1865455,1865455,1865455,1865455,1865455,1865455,1865455,1865455,1865455,1865455,1865455,1865455,1865455,1865455,1865455,1865455,1865455,1865455,1865455,1865455,1865455,1865455,1865455,1865455,1865455,1865455,1865455,1865455,1865455,1865455,1865455,1865455,1865455,1865455,1865455,1865455,1865455,1865455,1865455,1865455,1865455,1865455,1865455,1865455,1865455,1865455,1865455,1865455,1865455,1865455,1865455,1865455,1865455,1865455,1865455,1865455,1865455,1865455,1865455,1865455,1865455,1865455,1865455,1865455,1865455,1865455,1865455,1865455,1865455,1865455,1865455,1865455,1865455,1865455,1865455,1865455,1865455,1865455,1865455,1865455,1865455,1865455,1865455,1865455,1865455,1865455,1865455,1865455,1865455,1865455,1865455,1865455,1865455,1865455,1865455,1865455,1865455,1865455,1865455,1865455,1865455,1865455,1865455,1865455,1865455,1865455,1865455,1865455,1865455,1865455,1865455,1865455,1865455]","{""semantic_component_batches"":1,""semantic_component_jobs"":2,""max_semantic_component_workers"":2,""inference_regions"":68,""canonical_specialization_queries"":16,""canonical_specialization_hits"":1,""solver_requested_bytes"":134816,""solver_allocations"":484,""scratch_requested_bytes"":209764,""scratch_allocations"":989,""max_solver_live_bytes"":3264,""max_scratch_live_bytes"":4628,""evidence_import_solver_bytes"":0,""evidence_import_scratch_bytes"":4096,""snapshot_copy_bytes"":155932,""snapshot_copy_allocations"":12,""principal_copy_buffer_bytes"":10048,""principal_copy_buffer_allocations"":144,""frozen_capture_temporary_bytes"":0,""frozen_capture_published_bytes"":7680,""frozen_edge_scratch_bytes"":0,""region_scopes"":133,""max_region_scopes"":4,""call_collections_closed"":33,""call_collections_unresolved"":0,""call_memo_hits"":67,""solver_passes"":70,""solver_constraint_visits"":38,""occurs_steps"":0}"
wide128,edit,workers-4,"[3363,3377,3379,3382,3384,3399,3405,3406,3410,3425,3427,3428,3429,3431,3445,3454,3455,3456,3456,3459,3472,3481,3483,3486,3498,3499,3505,3509,3515,3518,3523,3523,3527,3530,3535,3553,3558,3559,3562,3563,3570,3573,3573,3574,3581,3583,3583,3585,3590,3599,3603,3606,3611,3611,3612,3618,3620,3621,3622,3627,3641,3641,3647,3650,3652,3653,3662,3668,3668,3668,3669,3674,3674,3678,3693,3702,3705,3722,3723,3731,3736,3738,3739,3751,3758,3759,3761,3762,3767,3768,3768,3770,3773,3780,3785,3789,3797,3800,3802,3806,3809,3809,3824,3827,3831,3833,3847,3850,3887,3889,3893,3894,3905,3907,3913,3928,3940,3940,3955,3965,3981,4002,4009,4022,4034,4036,4054,4058,4108,4186,4193,4213,4216,4256,4351,4394,4505,4593,4605,8173]","[3300,3317,3324,3326,3326,3335,3336,3342,3351,3355,3358,3358,3369,3377,3377,3384,3386,3389,3397,3404,3405,3410,3411,3422,3424,3426,3433,3438,3447,3449,3462,3463,3468,3469,3470,3477,3478,3479,3484,3492,3492,3493,3499,3502,3514,3514,3518,3524,3526,3528,3529,3538,3539,3544,3548,3550,3552,3552,3554,3556,3566,3566,3576,3578,3585,3590,3595,3597,3597,3605,3606,3610,3612,3615,3622,3628,3632,3664,3665,3667,3667,3669,3671,3672,3677,3678,3680,3692,3698,3699,3699,3708,3709,3712,3716,3719,3725,3727,3732,3741,3748,3750,3751,3752,3754,3766,3777,3794,3819,3831,3835,3836,3843,3853,3858,3873,3884,3890,3894,3930,3930,3934,3939,3952,3964,3966,3990,4027,4086,4130,4139,4154,4206,4254,4316,4410,4513,4529,5371,8074]",4028831.0,3860.0,1865455.0,655936.0,"[3914427,3914427,4028831,4028831,4028831,4028831,4028831,4028831,4028831,4028831,4028831,4028831,4028831,4028831,4028831,4028831,4028831,4028831,4028831,4028831,4028831,4028831,4028831,4028831,4028831,4028831,4028831,4028831,4028831,4028831,4028831,4028831,4028831,4028831,4028831,4028831,4028831,4028831,4028831,4028831,4028831,4028831,4028831,4028831,4028831,4028831,4028831,4028831,4028831,4028831,4028831,4028831,4028831,4028831,4028831,4028831,4028831,4028831,4028831,4028831,4028831,4028831,4028831,4028831,4028831,4028831,4028831,4028831,4028831,4028831,4028831,4028831,4028831,4028831,4028831,4028831,4028831,4028831,4028831,4028831,4028831,4028831,4028831,4028831,4028831,4028831,4028831,4028831,4028831,4028831,4028831,4028831,4028831,4028831,4028831,4028831,4028831,4028831,4028831,4028831,4028831,4028831,4028831,4028831,4028831,4028831,4028831,4028831,4028831,4028831,4028831,4028831,4028831,4028831,4028831,4028831,4028831,4028831,4028831,4028831,4028831,4028831,4028831,4028831,4028831,4028831,4028831,4028831,4028831,4028831,4028831,4028831,4028831,4028831,4028831,4028831,4028831,4028831,4028831,4028831]","[1865455,1865455,1865455,1865455,1865455,1865455,1865455,1865455,1865455,1865455,1865455,1865455,1865455,1865455,1865455,1865455,1865455,1865455,1865455,1865455,1865455,1865455,1865455,1865455,1865455,1865455,1865455,1865455,1865455,1865455,1865455,1865455,1865455,1865455,1865455,1865455,1865455,1865455,1865455,1865455,1865455,1865455,1865455,1865455,1865455,1865455,1865455,1865455,1865455,1865455,1865455,1865455,1865455,1865455,1865455,1865455,1865455,1865455,1865455,1865455,1865455,1865455,1865455,1865455,1865455,1865455,1865455,1865455,1865455,1865455,1865455,1865455,1865455,1865455,1865455,1865455,1865455,1865455,1865455,1865455,1865455,1865455,1865455,1865455,1865455,1865455,1865455,1865455,1865455,1865455,1865455,1865455,1865455,1865455,1865455,1865455,1865455,1865455,1865455,1865455,1865455,1865455,1865455,1865455,1865455,1865455,1865455,1865455,1865455,1865455,1865455,1865455,1865455,1865455,1865455,1865455,1865455,1865455,1865455,1865455,1865455,1865455,1865455,1865455,1865455,1865455,1865455,1865455,1865455,1865455,1865455,1865455,1865455,1865455,1865455,1865455,1865455,1865455,1865455,1865455]","{""semantic_component_batches"":1,""semantic_component_jobs"":2,""max_semantic_component_workers"":2,""inference_regions"":68,""canonical_specialization_queries"":16,""canonical_specialization_hits"":1,""solver_requested_bytes"":134816,""solver_allocations"":484,""scratch_requested_bytes"":209764,""scratch_allocations"":989,""max_solver_live_bytes"":3264,""max_scratch_live_bytes"":4628,""evidence_import_solver_bytes"":0,""evidence_import_scratch_bytes"":4096,""snapshot_copy_bytes"":155932,""snapshot_copy_allocations"":12,""principal_copy_buffer_bytes"":10048,""principal_copy_buffer_allocations"":144,""frozen_capture_temporary_bytes"":0,""frozen_capture_published_bytes"":7680,""frozen_edge_scratch_bytes"":0,""region_scopes"":133,""max_region_scopes"":4,""call_collections_closed"":33,""call_collections_unresolved"":0,""call_memo_hits"":67,""solver_passes"":70,""solver_constraint_visits"":38,""occurs_steps"":0}"
wide128,edit,workers-8,"[3394,3408,3409,3425,3438,3459,3463,3469,3471,3471,3475,3483,3485,3489,3491,3496,3497,3499,3499,3501,3502,3511,3512,3514,3529,3540,3541,3544,3549,3550,3550,3551,3553,3557,3558,3558,3560,3560,3563,3569,3573,3575,3576,3577,3580,3580,3586,3588,3589,3589,3589,3590,3593,3594,3604,3606,3608,3608,3609,3612,3613,3614,3616,3616,3619,3622,3624,3626,3626,3628,3634,3638,3638,3641,3641,3642,3642,3651,3659,3661,3665,3673,3675,3679,3679,3682,3684,3687,3691,3691,3698,3700,3700,3709,3711,3711,3720,3736,3738,3751,3761,3772,3786,3788,3789,3798,3800,3808,3823,3834,3844,3849,3856,3859,3863,3866,3880,3885,3898,3903,3929,3938,3950,3960,3965,4001,4052,4070,4076,4112,4144,4147,4151,4232,4233,4238,4272,4275,4885,4916]","[3321,3348,3358,3371,3393,3398,3398,3403,3408,3410,3414,3419,3419,3420,3427,3428,3430,3432,3432,3438,3443,3443,3451,3453,3456,3459,3460,3460,3461,3462,3465,3473,3475,3475,3476,3477,3478,3480,3484,3485,3486,3489,3491,3492,3492,3493,3494,3496,3498,3504,3506,3510,3513,3514,3515,3520,3523,3523,3525,3525,3527,3528,3529,3529,3532,3535,3535,3538,3540,3541,3542,3547,3549,3553,3563,3570,3571,3573,3574,3575,3576,3583,3585,3589,3591,3598,3602,3607,3616,3619,3619,3622,3624,3631,3633,3638,3659,3660,3661,3662,3692,3693,3695,3706,3712,3726,3727,3732,3741,3756,3758,3763,3780,3780,3780,3796,3801,3811,3821,3821,3843,3852,3869,3882,3898,3955,3981,3990,4017,4020,4052,4086,4089,4111,4134,4143,4147,4217,4826,4832]",4028831.0,3860.0,1865455.0,655936.0,"[3914427,4028831,4028831,4028831,4028831,4028831,4028831,4028831,4028831,4028831,4028831,4028831,4028831,4028831,4028831,4028831,4028831,4028831,4028831,4028831,4028831,4028831,4028831,4028831,4028831,4028831,4028831,4028831,4028831,4028831,4028831,4028831,4028831,4028831,4028831,4028831,4028831,4028831,4028831,4028831,4028831,4028831,4028831,4028831,4028831,4028831,4028831,4028831,4028831,4028831,4028831,4028831,4028831,4028831,4028831,4028831,4028831,4028831,4028831,4028831,4028831,4028831,4028831,4028831,4028831,4028831,4028831,4028831,4028831,4028831,4028831,4028831,4028831,4028831,4028831,4028831,4028831,4028831,4028831,4028831,4028831,4028831,4028831,4028831,4028831,4028831,4028831,4028831,4028831,4028831,4028831,4028831,4028831,4028831,4028831,4028831,4028831,4028831,4028831,4028831,4028831,4028831,4028831,4028831,4028831,4028831,4028831,4028831,4028831,4028831,4028831,4028831,4028831,4028831,4028831,4028831,4028831,4028831,4028831,4028831,4028831,4028831,4028831,4028831,4028831,4028831,4028831,4028831,4028831,4028831,4028831,4028831,4028831,4028831,4028831,4028831,4028831,4028831,4028831,4028831]","[1865455,1865455,1865455,1865455,1865455,1865455,1865455,1865455,1865455,1865455,1865455,1865455,1865455,1865455,1865455,1865455,1865455,1865455,1865455,1865455,1865455,1865455,1865455,1865455,1865455,1865455,1865455,1865455,1865455,1865455,1865455,1865455,1865455,1865455,1865455,1865455,1865455,1865455,1865455,1865455,1865455,1865455,1865455,1865455,1865455,1865455,1865455,1865455,1865455,1865455,1865455,1865455,1865455,1865455,1865455,1865455,1865455,1865455,1865455,1865455,1865455,1865455,1865455,1865455,1865455,1865455,1865455,1865455,1865455,1865455,1865455,1865455,1865455,1865455,1865455,1865455,1865455,1865455,1865455,1865455,1865455,1865455,1865455,1865455,1865455,1865455,1865455,1865455,1865455,1865455,1865455,1865455,1865455,1865455,1865455,1865455,1865455,1865455,1865455,1865455,1865455,1865455,1865455,1865455,1865455,1865455,1865455,1865455,1865455,1865455,1865455,1865455,1865455,1865455,1865455,1865455,1865455,1865455,1865455,1865455,1865455,1865455,1865455,1865455,1865455,1865455,1865455,1865455,1865455,1865455,1865455,1865455,1865455,1865455,1865455,1865455,1865455,1865455,1865455,1865455]","{""semantic_component_batches"":1,""semantic_component_jobs"":2,""max_semantic_component_workers"":2,""inference_regions"":68,""canonical_specialization_queries"":16,""canonical_specialization_hits"":1,""solver_requested_bytes"":134816,""solver_allocations"":484,""scratch_requested_bytes"":209764,""scratch_allocations"":989,""max_solver_live_bytes"":3264,""max_scratch_live_bytes"":4628,""evidence_import_solver_bytes"":0,""evidence_import_scratch_bytes"":4096,""snapshot_copy_bytes"":155932,""snapshot_copy_allocations"":12,""principal_copy_buffer_bytes"":10048,""principal_copy_buffer_allocations"":144,""frozen_capture_temporary_bytes"":0,""frozen_capture_published_bytes"":7680,""frozen_edge_scratch_bytes"":0,""region_scopes"":133,""max_region_scopes"":4,""call_collections_closed"":33,""call_collections_unresolved"":0,""call_memo_hits"":67,""solver_passes"":70,""solver_constraint_visits"":38,""occurs_steps"":0}"
wide128,revert,baseline,"[3228,3233,3237,3248,3256,3280,3296,3297,3297,3312,3315,3319,3321,3324,3328,3337,3343,3346,3348,3349,3351,3356,3357,3361,3366,3373,3377,3379,3383,3385,3386,3392,3395,3395,3400,3401,3402,3402,3406,3409,3411,3425,3432,3437,3446,3448,3448,3449,3454,3460,3463,3465,3466,3474,3479,3483,3488,3496,3496,3496,3503,3508,3525,3525,3528,3538,3544,3554,3555,3562,3564,3565,3566,3573,3580,3585,3588,3591,3597,3602,3606,3611,3614,3614,3627,3630,3635,3638,3646,3654,3678,3687,3701,3701,3702,3707,3714,3716,3717,3721,3729,3730,3730,3732,3736,3758,3767,3767,3769,3799,3812,3816,3839,3840,3849,3882,3884,3906,3914,3935,3936,3944,3975,4018,4023,4029,4071,4158,4321,4344,4350,4434,4446,4713,4766,4823,4971,5122,5640,6715]","[3228,3234,3238,3248,3257,3280,3296,3297,3297,3313,3317,3319,3322,3325,3328,3337,3343,3346,3348,3349,3351,3356,3357,3361,3367,3372,3376,3379,3384,3385,3386,3395,3395,3400,3402,3402,3402,3405,3409,3411,3426,3433,3437,3447,3450,3455,3455,3460,3463,3464,3465,3466,3474,3479,3483,3488,3495,3496,3497,3497,3504,3508,3524,3525,3528,3540,3544,3554,3556,3562,3564,3565,3567,3574,3580,3585,3588,3591,3597,3606,3607,3611,3614,3615,3627,3629,3635,3638,3647,3655,3678,3688,3700,3701,3702,3707,3713,3716,3717,3721,3729,3730,3731,3733,3736,3763,3767,3768,3769,3799,3811,3817,3839,3840,3850,3882,3885,3905,3914,3935,3937,3945,3975,4018,4023,4029,4071,4159,4321,4344,4349,4434,4446,4713,4765,4828,4971,5122,5640,6715]",3805163.0,3823.0,1879615.0,655988.0,"[3805163,3805163,3805163,3805163,3805163,3805163,3805163,3805163,3805163,3805163,3805163,3805163,3805163,3805163,3805163,3805163,3805163,3805163,3805163,3805163,3805163,3805163,3805163,3805163,3805163,3805163,3805163,3805163,3805163,3805163,3805163,3805163,3805163,3805163,3805163,3805163,3805163,3805163,3805163,3805163,3805163,3805163,3805163,3805163,3805163,3805163,3805163,3805163,3805163,3805163,3805163,3805163,3805163,3805163,3805163,3805163,3805163,3805163,3805163,3805163,3805163,3805163,3805163,3805163,3805163,3805163,3805163,3805163,3805163,3805163,3805163,3805163,3805163,3805163,3805163,3805163,3805163,3805163,3805163,3805163,3805163,3805163,3805163,3805163,3805163,3805163,3805163,3805163,3805163,3805163,3805163,3805163,3805163,3805163,3805163,3805163,3805163,3805163,3805163,3805163,3805163,3805163,3805163,3805163,3805163,3805163,3805163,3805163,3805163,3805163,3805163,3805163,3805163,3805163,3805163,3805163,3805163,3805163,3805163,3805163,3805163,3805163,3805163,3805163,3805163,3805163,3805163,3805163,3805163,3805163,3805163,3805163,3805163,3805163,3805163,3805163,3805163,3805163,3805163,3805163]","[1879615,1879615,1879615,1879615,1879615,1879615,1879615,1879615,1879615,1879615,1879615,1879615,1879615,1879615,1879615,1879615,1879615,1879615,1879615,1879615,1879615,1879615,1879615,1879615,1879615,1879615,1879615,1879615,1879615,1879615,1879615,1879615,1879615,1879615,1879615,1879615,1879615,1879615,1879615,1879615,1879615,1879615,1879615,1879615,1879615,1879615,1879615,1879615,1879615,1879615,1879615,1879615,1879615,1879615,1879615,1879615,1879615,1879615,1879615,1879615,1879615,1879615,1879615,1879615,1879615,1879615,1879615,1879615,1879615,1879615,1879615,1879615,1879615,1879615,1879615,1879615,1879615,1879615,1879615,1879615,1879615,1879615,1879615,1879615,1879615,1879615,1879615,1879615,1879615,1879615,1879615,1879615,1879615,1879615,1879615,1879615,1879615,1879615,1879615,1879615,1879615,1879615,1879615,1879615,1879615,1879615,1879615,1879615,1879615,1879615,1879615,1879615,1879615,1879615,1879615,1879615,1879615,1879615,1879615,1879615,1879615,1879615,1879615,1879615,1879615,1879615,1879615,1879615,1879615,1879615,1879615,1879615,1879615,1879615,1879615,1879615,1879615,1879615,1879615,1879615]","{""inference_regions"":69,""canonical_specialization_queries"":16,""canonical_specialization_hits"":0,""solver_requested_bytes"":135776,""solver_allocations"":490,""scratch_requested_bytes"":214196,""scratch_allocations"":1001,""max_solver_live_bytes"":3264,""max_scratch_live_bytes"":4628,""evidence_import_solver_bytes"":0,""evidence_import_scratch_bytes"":4224,""snapshot_copy_bytes"":155984,""snapshot_copy_allocations"":12,""principal_copy_buffer_bytes"":10048,""principal_copy_buffer_allocations"":144,""frozen_capture_temporary_bytes"":0,""frozen_capture_published_bytes"":8192,""frozen_edge_scratch_bytes"":0,""region_scopes"":134,""max_region_scopes"":4,""call_collections_closed"":33,""call_collections_unresolved"":0,""call_memo_hits"":67,""solver_passes"":71,""solver_constraint_visits"":38,""occurs_steps"":0}"
wide128,revert,default,"[3183,3193,3198,3227,3233,3237,3243,3246,3248,3249,3252,3254,3260,3264,3266,3271,3272,3272,3287,3295,3296,3299,3303,3308,3317,3319,3323,3333,3339,3339,3339,3340,3341,3341,3345,3346,3346,3353,3356,3359,3362,3365,3366,3367,3369,3372,3375,3381,3384,3388,3390,3398,3401,3404,3409,3414,3422,3426,3429,3432,3437,3437,3454,3458,3480,3482,3483,3488,3492,3495,3503,3504,3505,3513,3513,3514,3514,3526,3530,3532,3532,3534,3539,3541,3541,3550,3566,3572,3602,3604,3622,3629,3641,3652,3655,3671,3671,3676,3682,3696,3699,3703,3721,3732,3736,3744,3750,3762,3773,3794,3801,3817,3840,3844,3857,3870,3872,3884,3909,3911,3945,3955,3967,3994,4005,4008,4015,4030,4036,4042,4056,4061,4095,4211,4303,4344,4348,4352,5063,5560]","[3183,3198,3198,3228,3235,3237,3248,3249,3249,3251,3254,3254,3259,3265,3266,3272,3272,3272,3286,3297,3299,3301,3303,3308,3317,3319,3323,3339,3339,3339,3339,3341,3341,3342,3345,3346,3347,3353,3359,3362,3363,3366,3366,3368,3369,3373,3375,3381,3384,3389,3391,3398,3401,3405,3409,3414,3422,3426,3429,3432,3437,3438,3454,3459,3480,3482,3484,3488,3495,3500,3504,3504,3513,3513,3514,3527,3530,3532,3532,3534,3539,3541,3542,3550,3566,3572,3573,3578,3607,3622,3629,3631,3641,3653,3656,3671,3672,3676,3681,3696,3699,3704,3722,3732,3737,3743,3763,3771,3780,3794,3801,3817,3840,3848,3857,3869,3871,3884,3910,3911,3946,3962,3967,3994,4009,4010,4016,4029,4036,4042,4056,4061,4095,4211,4304,4345,4348,4352,5061,5559]",3805219.0,3823.0,1879615.0,655988.0,"[3805219,3805219,3805219,3805219,3805219,3805219,3805219,3805219,3805219,3805219,3805219,3805219,3805219,3805219,3805219,3805219,3805219,3805219,3805219,3805219,3805219,3805219,3805219,3805219,3805219,3805219,3805219,3805219,3805219,3805219,3805219,3805219,3805219,3805219,3805219,3805219,3805219,3805219,3805219,3805219,3805219,3805219,3805219,3805219,3805219,3805219,3805219,3805219,3805219,3805219,3805219,3805219,3805219,3805219,3805219,3805219,3805219,3805219,3805219,3805219,3805219,3805219,3805219,3805219,3805219,3805219,3805219,3805219,3805219,3805219,3805219,3805219,3805219,3805219,3805219,3805219,3805219,3805219,3805219,3805219,3805219,3805219,3805219,3805219,3805219,3805219,3805219,3805219,3805219,3805219,3805219,3805219,3805219,3805219,3805219,3805219,3805219,3805219,3805219,3805219,3805219,3805219,3805219,3805219,3805219,3805219,3805219,3805219,3805219,3805219,3805219,3805219,3805219,3805219,3805219,3805219,3805219,3805219,3805219,3805219,3805219,3805219,3805219,3805219,3805219,3805219,3805219,3805219,3805219,3805219,3805219,3805219,3805219,3805219,3805219,3805219,3805219,3805219,3805219,3805219]","[1879615,1879615,1879615,1879615,1879615,1879615,1879615,1879615,1879615,1879615,1879615,1879615,1879615,1879615,1879615,1879615,1879615,1879615,1879615,1879615,1879615,1879615,1879615,1879615,1879615,1879615,1879615,1879615,1879615,1879615,1879615,1879615,1879615,1879615,1879615,1879615,1879615,1879615,1879615,1879615,1879615,1879615,1879615,1879615,1879615,1879615,1879615,1879615,1879615,1879615,1879615,1879615,1879615,1879615,1879615,1879615,1879615,1879615,1879615,1879615,1879615,1879615,1879615,1879615,1879615,1879615,1879615,1879615,1879615,1879615,1879615,1879615,1879615,1879615,1879615,1879615,1879615,1879615,1879615,1879615,1879615,1879615,1879615,1879615,1879615,1879615,1879615,1879615,1879615,1879615,1879615,1879615,1879615,1879615,1879615,1879615,1879615,1879615,1879615,1879615,1879615,1879615,1879615,1879615,1879615,1879615,1879615,1879615,1879615,1879615,1879615,1879615,1879615,1879615,1879615,1879615,1879615,1879615,1879615,1879615,1879615,1879615,1879615,1879615,1879615,1879615,1879615,1879615,1879615,1879615,1879615,1879615,1879615,1879615,1879615,1879615,1879615,1879615,1879615,1879615]","{""semantic_component_batches"":0,""semantic_component_jobs"":0,""max_semantic_component_workers"":0,""inference_regions"":69,""canonical_specialization_queries"":16,""canonical_specialization_hits"":0,""solver_requested_bytes"":135776,""solver_allocations"":490,""scratch_requested_bytes"":214196,""scratch_allocations"":1001,""max_solver_live_bytes"":3264,""max_scratch_live_bytes"":4628,""evidence_import_solver_bytes"":0,""evidence_import_scratch_bytes"":4224,""snapshot_copy_bytes"":155984,""snapshot_copy_allocations"":12,""principal_copy_buffer_bytes"":10048,""principal_copy_buffer_allocations"":144,""frozen_capture_temporary_bytes"":0,""frozen_capture_published_bytes"":8192,""frozen_edge_scratch_bytes"":0,""region_scopes"":134,""max_region_scopes"":4,""call_collections_closed"":33,""call_collections_unresolved"":0,""call_memo_hits"":67,""solver_passes"":71,""solver_constraint_visits"":38,""occurs_steps"":0}"
wide128,revert,workers-1,"[3263,3265,3275,3282,3284,3286,3287,3299,3303,3308,3315,3315,3317,3317,3321,3323,3326,3327,3328,3330,3332,3343,3346,3347,3348,3350,3355,3360,3377,3378,3381,3395,3397,3409,3426,3437,3439,3442,3442,3446,3446,3449,3449,3459,3460,3464,3466,3466,3470,3472,3476,3477,3482,3505,3506,3506,3518,3519,3521,3525,3526,3531,3531,3542,3543,3543,3548,3552,3552,3557,3569,3577,3587,3591,3593,3613,3617,3617,3627,3631,3633,3638,3640,3653,3655,3658,3658,3665,3668,3676,3681,3697,3700,3719,3719,3730,3732,3734,3745,3759,3762,3789,3808,3809,3813,3820,3828,3832,3850,3875,3876,3878,3889,3900,3904,3916,3921,3932,3937,3939,3942,3943,3990,3995,4012,4038,4045,4148,4176,4200,4224,4612,4656,4760,4998,5075,5574,7382,7878,11538]","[3263,3265,3276,3283,3285,3287,3289,3300,3304,3309,3315,3316,3317,3317,3321,3323,3327,3327,3328,3330,3332,3343,3347,3348,3350,3355,3360,3378,3378,3381,3396,3397,3417,3427,3437,3439,3443,3446,3446,3447,3449,3449,3461,3464,3465,3466,3467,3470,3473,3477,3477,3483,3505,3506,3507,3518,3520,3521,3525,3526,3531,3531,3542,3543,3543,3548,3551,3552,3557,3569,3577,3587,3591,3593,3613,3617,3622,3627,3633,3634,3636,3640,3653,3656,3658,3662,3666,3668,3675,3681,3698,3700,3719,3733,3733,3735,3745,3759,3762,3769,3790,3808,3809,3813,3819,3828,3833,3851,3875,3876,3880,3896,3901,3904,3916,3922,3936,3937,3939,3943,3944,3990,3995,4012,4037,4042,4045,4149,4177,4200,4224,4612,4657,4760,4998,5075,5574,7383,7879,11538]",3912079.0,3860.0,1879391.0,655988.0,"[3912079,3912079,3912079,3912079,3912079,3912079,3912079,3912079,3912079,3912079,3912079,3912079,3912079,3912079,3912079,3912079,3912079,3912079,3912079,3912079,3912079,3912079,3912079,3912079,3912079,3912079,3912079,3912079,3912079,3912079,3912079,3912079,3912079,3912079,3912079,3912079,3912079,3912079,3912079,3912079,3912079,3912079,3912079,3912079,3912079,3912079,3912079,3912079,3912079,3912079,3912079,3912079,3912079,3912079,3912079,3912079,3912079,3912079,3912079,3912079,3912079,3912079,3912079,3912079,3912079,3912079,3912079,3912079,3912079,3912079,3912079,3912079,3912079,3912079,3912079,3912079,3912079,3912079,3912079,3912079,3912079,3912079,3912079,3912079,3912079,3912079,3912079,3912079,3912079,3912079,3912079,3912079,3912079,3912079,3912079,3912079,3912079,3912079,3912079,3912079,3912079,3912079,3912079,3912079,3912079,3912079,3912079,3912079,3912079,3912079,3912079,3912079,3912079,3912079,3912079,3912079,3912079,3912079,3912079,3912079,3912079,3912079,3912079,3912079,3912079,3912079,3912079,3912079,3912079,3912079,3912079,3912079,3912079,3912079,3912079,3912079,3912079,3912079,3912079,3912079]","[1879391,1879391,1879391,1879391,1879391,1879391,1879391,1879391,1879391,1879391,1879391,1879391,1879391,1879391,1879391,1879391,1879391,1879391,1879391,1879391,1879391,1879391,1879391,1879391,1879391,1879391,1879391,1879391,1879391,1879391,1879391,1879391,1879391,1879391,1879391,1879391,1879391,1879391,1879391,1879391,1879391,1879391,1879391,1879391,1879391,1879391,1879391,1879391,1879391,1879391,1879391,1879391,1879391,1879391,1879391,1879391,1879391,1879391,1879391,1879391,1879391,1879391,1879391,1879391,1879391,1879391,1879391,1879391,1879391,1879391,1879391,1879391,1879391,1879391,1879391,1879391,1879391,1879391,1879391,1879391,1879391,1879391,1879391,1879391,1879391,1879391,1879391,1879391,1879391,1879391,1879391,1879391,1879391,1879391,1879391,1879391,1879391,1879391,1879391,1879391,1879391,1879391,1879391,1879391,1879391,1879391,1879391,1879391,1879391,1879391,1879391,1879391,1879391,1879391,1879391,1879391,1879391,1879391,1879391,1879391,1879391,1879391,1879391,1879391,1879391,1879391,1879391,1879391,1879391,1879391,1879391,1879391,1879391,1879391,1879391,1879391,1879391,1879391,1879391,1879391]","{""semantic_component_batches"":1,""semantic_component_jobs"":2,""max_semantic_component_workers"":1,""inference_regions"":69,""canonical_specialization_queries"":16,""canonical_specialization_hits"":0,""solver_requested_bytes"":135776,""solver_allocations"":490,""scratch_requested_bytes"":214196,""scratch_allocations"":1001,""max_solver_live_bytes"":3264,""max_scratch_live_bytes"":4628,""evidence_import_solver_bytes"":0,""evidence_import_scratch_bytes"":4224,""snapshot_copy_bytes"":155984,""snapshot_copy_allocations"":12,""principal_copy_buffer_bytes"":10048,""principal_copy_buffer_allocations"":144,""frozen_capture_temporary_bytes"":0,""frozen_capture_published_bytes"":8192,""frozen_edge_scratch_bytes"":0,""region_scopes"":134,""max_region_scopes"":4,""call_collections_closed"":33,""call_collections_unresolved"":0,""call_memo_hits"":67,""solver_passes"":71,""solver_constraint_visits"":38,""occurs_steps"":0}"
wide128,revert,workers-2,"[3415,3421,3424,3429,3444,3465,3468,3470,3470,3477,3483,3488,3488,3492,3492,3494,3495,3504,3511,3519,3521,3521,3523,3524,3528,3529,3530,3530,3533,3536,3539,3541,3545,3546,3548,3553,3554,3557,3558,3559,3564,3569,3570,3571,3571,3573,3581,3581,3582,3590,3590,3593,3599,3600,3605,3609,3611,3614,3617,3624,3626,3630,3632,3640,3650,3653,3657,3659,3663,3670,3670,3677,3679,3684,3684,3687,3688,3691,3695,3702,3703,3707,3708,3709,3714,3717,3726,3733,3738,3738,3739,3743,3749,3750,3757,3759,3763,3776,3778,3792,3800,3803,3816,3818,3820,3828,3829,3831,3839,3850,3871,3873,3902,3907,3908,3917,3919,3931,3936,3950,3958,3980,4009,4041,4048,4068,4081,4086,4103,4155,4180,4228,4290,4357,4462,4495,4652,4662,4868,5052]","[3338,3347,3355,3372,3395,3395,3405,3408,3411,3414,3415,3420,3420,3422,3435,3437,3437,3440,3446,3452,3453,3460,3460,3462,3463,3465,3467,3469,3469,3471,3472,3478,3479,3479,3479,3483,3483,3488,3488,3488,3489,3497,3499,3506,3508,3511,3512,3512,3515,3516,3520,3520,3521,3526,3534,3534,3538,3538,3544,3545,3555,3559,3561,3571,3579,3581,3585,3586,3591,3603,3608,3609,3611,3619,3626,3637,3643,3649,3649,3649,3652,3656,3657,3658,3660,3661,3664,3669,3671,3675,3675,3679,3680,3686,3690,3696,3705,3706,3722,3729,3739,3740,3749,3761,3761,3768,3773,3777,3781,3802,3804,3808,3818,3831,3833,3840,3842,3858,3863,3882,3893,3894,3937,3949,3970,4006,4008,4010,4022,4068,4084,4170,4239,4305,4393,4394,4543,4599,4791,4989]",4026483.0,3866.0,1879391.0,655988.0,"[3912079,4026483,4026483,4026483,4026483,4026483,4026483,4026483,4026483,4026483,4026483,4026483,4026483,4026483,4026483,4026483,4026483,4026483,4026483,4026483,4026483,4026483,4026483,4026483,4026483,4026483,4026483,4026483,4026483,4026483,4026483,4026483,4026483,4026483,4026483,4026483,4026483,4026483,4026483,4026483,4026483,4026483,4026483,4026483,4026483,4026483,4026483,4026483,4026483,4026483,4026483,4026483,4026483,4026483,4026483,4026483,4026483,4026483,4026483,4026483,4026483,4026483,4026483,4026483,4026483,4026483,4026483,4026483,4026483,4026483,4026483,4026483,4026483,4026483,4026483,4026483,4026483,4026483,4026483,4026483,4026483,4026483,4026483,4026483,4026483,4026483,4026483,4026483,4026483,4026483,4026483,4026483,4026483,4026483,4026483,4026483,4026483,4026483,4026483,4026483,4026483,4026483,4026483,4026483,4026483,4026483,4026483,4026483,4026483,4026483,4026483,4026483,4026483,4026483,4026483,4026483,4026483,4026483,4026483,4026483,4026483,4026483,4026483,4026483,4026483,4026483,4026483,4026483,4026483,4026483,4026483,4026483,4026483,4026483,4026483,4026483,4026483,4026483,4026483,4026483]","[1879391,1879391,1879391,1879391,1879391,1879391,1879391,1879391,1879391,1879391,1879391,1879391,1879391,1879391,1879391,1879391,1879391,1879391,1879391,1879391,1879391,1879391,1879391,1879391,1879391,1879391,1879391,1879391,1879391,1879391,1879391,1879391,1879391,1879391,1879391,1879391,1879391,1879391,1879391,1879391,1879391,1879391,1879391,1879391,1879391,1879391,1879391,1879391,1879391,1879391,1879391,1879391,1879391,1879391,1879391,1879391,1879391,1879391,1879391,1879391,1879391,1879391,1879391,1879391,1879391,1879391,1879391,1879391,1879391,1879391,1879391,1879391,1879391,1879391,1879391,1879391,1879391,1879391,1879391,1879391,1879391,1879391,1879391,1879391,1879391,1879391,1879391,1879391,1879391,1879391,1879391,1879391,1879391,1879391,1879391,1879391,1879391,1879391,1879391,1879391,1879391,1879391,1879391,1879391,1879391,1879391,1879391,1879391,1879391,1879391,1879391,1879391,1879391,1879391,1879391,1879391,1879391,1879391,1879391,1879391,1879391,1879391,1879391,1879391,1879391,1879391,1879391,1879391,1879391,1879391,1879391,1879391,1879391,1879391,1879391,1879391,1879391,1879391,1879391,1879391]","{""semantic_component_batches"":1,""semantic_component_jobs"":2,""max_semantic_component_workers"":2,""inference_regions"":69,""canonical_specialization_queries"":16,""canonical_specialization_hits"":0,""solver_requested_bytes"":135776,""solver_allocations"":490,""scratch_requested_bytes"":214196,""scratch_allocations"":1001,""max_solver_live_bytes"":3264,""max_scratch_live_bytes"":4628,""evidence_import_solver_bytes"":0,""evidence_import_scratch_bytes"":4224,""snapshot_copy_bytes"":155984,""snapshot_copy_allocations"":12,""principal_copy_buffer_bytes"":10048,""principal_copy_buffer_allocations"":144,""frozen_capture_temporary_bytes"":0,""frozen_capture_published_bytes"":8192,""frozen_edge_scratch_bytes"":0,""region_scopes"":134,""max_region_scopes"":4,""call_collections_closed"":33,""call_collections_unresolved"":0,""call_memo_hits"":67,""solver_passes"":71,""solver_constraint_visits"":38,""occurs_steps"":0}"
wide128,revert,workers-4,"[3335,3384,3387,3393,3393,3396,3408,3408,3414,3419,3428,3437,3441,3447,3448,3456,3466,3469,3474,3480,3482,3483,3493,3493,3501,3505,3506,3508,3508,3515,3516,3517,3527,3529,3531,3534,3552,3567,3568,3568,3583,3586,3590,3597,3602,3603,3604,3613,3618,3621,3624,3625,3626,3626,3632,3634,3642,3646,3647,3649,3653,3662,3665,3666,3678,3679,3688,3689,3695,3699,3702,3704,3713,3714,3721,3726,3737,3742,3747,3748,3757,3761,3764,3765,3766,3768,3774,3774,3776,3781,3790,3792,3792,3800,3808,3821,3827,3834,3838,3842,3846,3854,3860,3862,3870,3873,3876,3881,3898,3898,3911,3926,3929,3938,3938,3944,3966,3970,3971,3981,3999,4003,4003,4005,4025,4027,4034,4071,4074,4081,4118,4177,4395,4426,4497,4613,4680,5145,5738,7516]","[3280,3322,3327,3332,3334,3338,3341,3348,3366,3371,3379,3380,3385,3390,3391,3391,3397,3402,3405,3409,3417,3419,3426,3426,3429,3431,3434,3435,3443,3443,3459,3462,3465,3465,3466,3479,3498,3499,3510,3510,3519,3520,3521,3522,3526,3527,3527,3534,3543,3548,3550,3550,3556,3561,3567,3570,3572,3584,3585,3587,3591,3594,3600,3601,3602,3604,3609,3610,3613,3622,3623,3626,3641,3655,3668,3678,3678,3680,3682,3687,3690,3691,3695,3701,3707,3709,3712,3713,3713,3717,3727,3727,3729,3731,3736,3744,3752,3754,3766,3771,3781,3782,3783,3783,3784,3788,3798,3807,3809,3815,3823,3826,3834,3858,3867,3873,3880,3887,3901,3902,3902,3916,3931,3935,3968,3974,3986,4001,4002,4010,4011,4105,4322,4358,4432,4508,4606,5092,5668,7443]",4026483.0,3866.0,1879391.0,655988.0,"[3912079,3912079,4026483,4026483,4026483,4026483,4026483,4026483,4026483,4026483,4026483,4026483,4026483,4026483,4026483,4026483,4026483,4026483,4026483,4026483,4026483,4026483,4026483,4026483,4026483,4026483,4026483,4026483,4026483,4026483,4026483,4026483,4026483,4026483,4026483,4026483,4026483,4026483,4026483,4026483,4026483,4026483,4026483,4026483,4026483,4026483,4026483,4026483,4026483,4026483,4026483,4026483,4026483,4026483,4026483,4026483,4026483,4026483,4026483,4026483,4026483,4026483,4026483,4026483,4026483,4026483,4026483,4026483,4026483,4026483,4026483,4026483,4026483,4026483,4026483,4026483,4026483,4026483,4026483,4026483,4026483,4026483,4026483,4026483,4026483,4026483,4026483,4026483,4026483,4026483,4026483,4026483,4026483,4026483,4026483,4026483,4026483,4026483,4026483,4026483,4026483,4026483,4026483,4026483,4026483,4026483,4026483,4026483,4026483,4026483,4026483,4026483,4026483,4026483,4026483,4026483,4026483,4026483,4026483,4026483,4026483,4026483,4026483,4026483,4026483,4026483,4026483,4026483,4026483,4026483,4026483,4026483,4026483,4026483,4026483,4026483,4026483,4026483,4026483,4026483]","[1879391,1879391,1879391,1879391,1879391,1879391,1879391,1879391,1879391,1879391,1879391,1879391,1879391,1879391,1879391,1879391,1879391,1879391,1879391,1879391,1879391,1879391,1879391,1879391,1879391,1879391,1879391,1879391,1879391,1879391,1879391,1879391,1879391,1879391,1879391,1879391,1879391,1879391,1879391,1879391,1879391,1879391,1879391,1879391,1879391,1879391,1879391,1879391,1879391,1879391,1879391,1879391,1879391,1879391,1879391,1879391,1879391,1879391,1879391,1879391,1879391,1879391,1879391,1879391,1879391,1879391,1879391,1879391,1879391,1879391,1879391,1879391,1879391,1879391,1879391,1879391,1879391,1879391,1879391,1879391,1879391,1879391,1879391,1879391,1879391,1879391,1879391,1879391,1879391,1879391,1879391,1879391,1879391,1879391,1879391,1879391,1879391,1879391,1879391,1879391,1879391,1879391,1879391,1879391,1879391,1879391,1879391,1879391,1879391,1879391,1879391,1879391,1879391,1879391,1879391,1879391,1879391,1879391,1879391,1879391,1879391,1879391,1879391,1879391,1879391,1879391,1879391,1879391,1879391,1879391,1879391,1879391,1879391,1879391,1879391,1879391,1879391,1879391,1879391,1879391]","{""semantic_component_batches"":1,""semantic_component_jobs"":2,""max_semantic_component_workers"":2,""inference_regions"":69,""canonical_specialization_queries"":16,""canonical_specialization_hits"":0,""solver_requested_bytes"":135776,""solver_allocations"":490,""scratch_requested_bytes"":214196,""scratch_allocations"":1001,""max_solver_live_bytes"":3264,""max_scratch_live_bytes"":4628,""evidence_import_solver_bytes"":0,""evidence_import_scratch_bytes"":4224,""snapshot_copy_bytes"":155984,""snapshot_copy_allocations"":12,""principal_copy_buffer_bytes"":10048,""principal_copy_buffer_allocations"":144,""frozen_capture_temporary_bytes"":0,""frozen_capture_published_bytes"":8192,""frozen_edge_scratch_bytes"":0,""region_scopes"":134,""max_region_scopes"":4,""call_collections_closed"":33,""call_collections_unresolved"":0,""call_memo_hits"":67,""solver_passes"":71,""solver_constraint_visits"":38,""occurs_steps"":0}"
wide128,revert,workers-8,"[3395,3429,3438,3447,3451,3456,3482,3491,3492,3494,3501,3507,3515,3516,3516,3518,3532,3533,3538,3539,3545,3552,3562,3564,3568,3579,3581,3586,3589,3590,3591,3591,3594,3601,3605,3610,3613,3616,3618,3620,3621,3621,3622,3623,3625,3627,3629,3635,3636,3636,3637,3640,3644,3647,3648,3648,3650,3652,3656,3656,3660,3662,3663,3673,3673,3674,3678,3684,3694,3694,3697,3702,3710,3716,3722,3736,3743,3749,3750,3757,3758,3763,3768,3770,3783,3783,3794,3799,3804,3806,3808,3811,3815,3821,3822,3829,3831,3832,3836,3845,3848,3854,3862,3865,3865,3868,3903,3919,3931,3938,3945,3967,3974,3990,3995,4016,4040,4053,4082,4089,4117,4126,4134,4158,4177,4184,4206,4249,4265,4334,4348,4361,4392,4473,4495,4612,4668,4963,5877,6685]","[3341,3377,3378,3379,3379,3402,3407,3426,3436,3438,3441,3446,3448,3451,3452,3453,3460,3463,3463,3471,3474,3477,3482,3482,3489,3490,3491,3496,3498,3498,3502,3504,3507,3509,3511,3516,3518,3519,3524,3525,3525,3527,3531,3532,3532,3532,3536,3542,3543,3548,3549,3550,3556,3557,3559,3567,3567,3569,3575,3580,3582,3583,3590,3592,3597,3598,3600,3605,3606,3607,3610,3612,3616,3618,3631,3644,3647,3656,3664,3666,3666,3668,3673,3688,3688,3696,3710,3715,3717,3729,3732,3735,3736,3737,3738,3744,3746,3753,3754,3757,3759,3763,3764,3783,3787,3795,3831,3843,3851,3857,3875,3878,3884,3895,3914,3956,3976,3986,3990,4034,4039,4059,4061,4080,4102,4102,4121,4183,4185,4237,4254,4279,4308,4352,4410,4503,4601,4879,5805,6581]",4026483.0,3866.0,1879391.0,655988.0,"[4026483,4026483,4026483,4026483,4026483,4026483,4026483,4026483,4026483,4026483,4026483,4026483,4026483,4026483,4026483,4026483,4026483,4026483,4026483,4026483,4026483,4026483,4026483,4026483,4026483,4026483,4026483,4026483,4026483,4026483,4026483,4026483,4026483,4026483,4026483,4026483,4026483,4026483,4026483,4026483,4026483,4026483,4026483,4026483,4026483,4026483,4026483,4026483,4026483,4026483,4026483,4026483,4026483,4026483,4026483,4026483,4026483,4026483,4026483,4026483,4026483,4026483,4026483,4026483,4026483,4026483,4026483,4026483,4026483,4026483,4026483,4026483,4026483,4026483,4026483,4026483,4026483,4026483,4026483,4026483,4026483,4026483,4026483,4026483,4026483,4026483,4026483,4026483,4026483,4026483,4026483,4026483,4026483,4026483,4026483,4026483,4026483,4026483,4026483,4026483,4026483,4026483,4026483,4026483,4026483,4026483,4026483,4026483,4026483,4026483,4026483,4026483,4026483,4026483,4026483,4026483,4026483,4026483,4026483,4026483,4026483,4026483,4026483,4026483,4026483,4026483,4026483,4026483,4026483,4026483,4026483,4026483,4026483,4026483,4026483,4026483,4026483,4026483,4026483,4026483]","[1879391,1879391,1879391,1879391,1879391,1879391,1879391,1879391,1879391,1879391,1879391,1879391,1879391,1879391,1879391,1879391,1879391,1879391,1879391,1879391,1879391,1879391,1879391,1879391,1879391,1879391,1879391,1879391,1879391,1879391,1879391,1879391,1879391,1879391,1879391,1879391,1879391,1879391,1879391,1879391,1879391,1879391,1879391,1879391,1879391,1879391,1879391,1879391,1879391,1879391,1879391,1879391,1879391,1879391,1879391,1879391,1879391,1879391,1879391,1879391,1879391,1879391,1879391,1879391,1879391,1879391,1879391,1879391,1879391,1879391,1879391,1879391,1879391,1879391,1879391,1879391,1879391,1879391,1879391,1879391,1879391,1879391,1879391,1879391,1879391,1879391,1879391,1879391,1879391,1879391,1879391,1879391,1879391,1879391,1879391,1879391,1879391,1879391,1879391,1879391,1879391,1879391,1879391,1879391,1879391,1879391,1879391,1879391,1879391,1879391,1879391,1879391,1879391,1879391,1879391,1879391,1879391,1879391,1879391,1879391,1879391,1879391,1879391,1879391,1879391,1879391,1879391,1879391,1879391,1879391,1879391,1879391,1879391,1879391,1879391,1879391,1879391,1879391,1879391,1879391]","{""semantic_component_batches"":1,""semantic_component_jobs"":2,""max_semantic_component_workers"":2,""inference_regions"":69,""canonical_specialization_queries"":16,""canonical_specialization_hits"":0,""solver_requested_bytes"":135776,""solver_allocations"":490,""scratch_requested_bytes"":214196,""scratch_allocations"":1001,""max_solver_live_bytes"":3264,""max_scratch_live_bytes"":4628,""evidence_import_solver_bytes"":0,""evidence_import_scratch_bytes"":4224,""snapshot_copy_bytes"":155984,""snapshot_copy_allocations"":12,""principal_copy_buffer_bytes"":10048,""principal_copy_buffer_allocations"":144,""frozen_capture_temporary_bytes"":0,""frozen_capture_published_bytes"":8192,""frozen_edge_scratch_bytes"":0,""region_scopes"":134,""max_region_scopes"":4,""call_collections_closed"":33,""call_collections_unresolved"":0,""call_memo_hits"":67,""solver_passes"":71,""solver_constraint_visits"":38,""occurs_steps"":0}"
wide128,noop,baseline,"[63,63,63,64,64,64,64,64,64,64,64,64,64,64,64,64,64,64,64,65,65,65,65,65,65,65,65,65,65,65,65,65,65,65,65,65,65,66,66,66,66,66,66,66,66,66,66,66,66,66,66,66,66,66,66,66,67,67,67,67,67,67,67,67,67,67,67,67,68,68,68,68,68,69,69,69,69,69,69,70,70,70,70,72,72,72,73,74,75,76,76,76,76,76,77,77,77,77,78,78,78,78,79,79,79,79,79,79,80,80,80,80,80,80,80,81,81,81,81,83,83,83,83,83,83,84,84,85,89,91,104,105,105,110,152,166,170,178,187,190]","[63,63,63,63,63,63,64,64,64,64,64,64,64,64,64,64,64,64,64,64,64,64,64,64,64,65,65,65,65,65,65,65,65,65,65,65,65,65,65,65,65,65,65,65,65,65,65,65,66,66,66,66,66,66,66,66,66,66,66,66,66,66,66,67,67,67,67,67,67,68,68,68,68,69,69,69,69,69,69,69,69,70,70,70,71,72,73,74,75,75,75,75,76,76,76,76,76,77,77,77,77,77,78,78,78,79,79,79,79,79,79,79,79,80,80,80,80,80,81,82,82,82,82,82,83,83,83,84,88,90,104,104,105,109,152,166,170,178,187,195]",36664.0,19.0,691718.0,655988.0,"[36664,36664,36664,36664,36664,36664,36664,36664,36664,36664,36664,36664,36664,36664,36664,36664,36664,36664,36664,36664,36664,36664,36664,36664,36664,36664,36664,36664,36664,36664,36664,36664,36664,36664,36664,36664,36664,36664,36664,36664,36664,36664,36664,36664,36664,36664,36664,36664,36664,36664,36664,36664,36664,36664,36664,36664,36664,36664,36664,36664,36664,36664,36664,36664,36664,36664,36664,36664,36664,36664,36664,36664,36664,36664,36664,36664,36664,36664,36664,36664,36664,36664,36664,36664,36664,36664,36664,36664,36664,36664,36664,36664,36664,36664,36664,36664,36664,36664,36664,36664,36664,36664,36664,36664,36664,36664,36664,36664,36664,36664,36664,36664,36664,36664,36664,36664,36664,36664,36664,36664,36664,36664,36664,36664,36664,36664,36664,36664,36664,36664,36664,36664,36664,36664,36664,36664,36664,36664,36664,36664]","[691718,691718,691718,691718,691718,691718,691718,691718,691718,691718,691718,691718,691718,691718,691718,691718,691718,691718,691718,691718,691718,691718,691718,691718,691718,691718,691718,691718,691718,691718,691718,691718,691718,691718,691718,691718,691718,691718,691718,691718,691718,691718,691718,691718,691718,691718,691718,691718,691718,691718,691718,691718,691718,691718,691718,691718,691718,691718,691718,691718,691718,691718,691718,691718,691718,691718,691718,691718,691718,691718,691718,691718,691718,691718,691718,691718,691718,691718,691718,691718,691718,691718,691718,691718,691718,691718,691718,691718,691718,691718,691718,691718,691718,691718,691718,691718,691718,691718,691718,691718,691718,691718,691718,691718,691718,691718,691718,691718,691718,691718,691718,691718,691718,691718,691718,691718,691718,691718,691718,691718,691718,691718,691718,691718,691718,691718,691718,691718,691718,691718,691718,691718,691718,691718,691718,691718,691718,691718,691718,691718]","{""inference_regions"":0,""canonical_specialization_queries"":0,""canonical_specialization_hits"":0,""solver_requested_bytes"":0,""solver_allocations"":0,""scratch_requested_bytes"":0,""scratch_allocations"":0,""max_solver_live_bytes"":0,""max_scratch_live_bytes"":0,""evidence_import_solver_bytes"":0,""evidence_import_scratch_bytes"":0,""snapshot_copy_bytes"":0,""snapshot_copy_allocations"":0,""principal_copy_buffer_bytes"":0,""principal_copy_buffer_allocations"":0,""frozen_capture_temporary_bytes"":0,""frozen_capture_published_bytes"":0,""frozen_edge_scratch_bytes"":0,""region_scopes"":0,""max_region_scopes"":0,""call_collections_closed"":0,""call_collections_unresolved"":0,""call_memo_hits"":0,""solver_passes"":0,""solver_constraint_visits"":0,""occurs_steps"":0}"
wide128,noop,default,"[62,62,62,62,63,63,63,63,63,63,63,63,63,63,63,63,63,63,63,64,64,64,64,64,64,64,64,64,64,64,64,64,64,64,64,64,64,64,64,64,64,64,64,64,64,64,65,65,65,65,65,65,65,65,65,65,65,65,65,65,65,65,65,65,65,65,65,65,65,65,65,65,65,65,65,65,65,66,66,66,66,66,66,66,66,66,66,66,67,67,67,67,67,67,68,68,68,69,69,69,69,69,69,70,71,71,72,73,73,73,74,77,77,79,79,79,80,80,81,81,82,82,83,84,86,94,95,100,100,103,103,115,125,128,137,137,139,164,222,265]","[62,62,62,62,62,62,63,63,63,63,63,63,63,63,63,63,63,63,63,63,63,63,63,63,63,63,63,63,63,63,63,64,64,64,64,64,64,64,64,64,64,64,64,64,64,64,64,64,64,64,64,64,64,64,64,64,64,64,64,65,65,65,65,65,65,65,65,65,65,65,65,65,65,65,65,65,65,65,65,65,65,65,65,65,66,66,66,66,66,66,66,66,67,67,67,68,68,68,68,68,69,69,69,69,70,71,71,72,73,73,74,77,77,78,78,79,79,79,80,81,81,82,82,83,86,94,95,100,100,101,102,115,123,125,137,137,139,164,221,264]",36720.0,19.0,691774.0,655988.0,"[36720,36720,36720,36720,36720,36720,36720,36720,36720,36720,36720,36720,36720,36720,36720,36720,36720,36720,36720,36720,36720,36720,36720,36720,36720,36720,36720,36720,36720,36720,36720,36720,36720,36720,36720,36720,36720,36720,36720,36720,36720,36720,36720,36720,36720,36720,36720,36720,36720,36720,36720,36720,36720,36720,36720,36720,36720,36720,36720,36720,36720,36720,36720,36720,36720,36720,36720,36720,36720,36720,36720,36720,36720,36720,36720,36720,36720,36720,36720,36720,36720,36720,36720,36720,36720,36720,36720,36720,36720,36720,36720,36720,36720,36720,36720,36720,36720,36720,36720,36720,36720,36720,36720,36720,36720,36720,36720,36720,36720,36720,36720,36720,36720,36720,36720,36720,36720,36720,36720,36720,36720,36720,36720,36720,36720,36720,36720,36720,36720,36720,36720,36720,36720,36720,36720,36720,36720,36720,36720,36720]","[691774,691774,691774,691774,691774,691774,691774,691774,691774,691774,691774,691774,691774,691774,691774,691774,691774,691774,691774,691774,691774,691774,691774,691774,691774,691774,691774,691774,691774,691774,691774,691774,691774,691774,691774,691774,691774,691774,691774,691774,691774,691774,691774,691774,691774,691774,691774,691774,691774,691774,691774,691774,691774,691774,691774,691774,691774,691774,691774,691774,691774,691774,691774,691774,691774,691774,691774,691774,691774,691774,691774,691774,691774,691774,691774,691774,691774,691774,691774,691774,691774,691774,691774,691774,691774,691774,691774,691774,691774,691774,691774,691774,691774,691774,691774,691774,691774,691774,691774,691774,691774,691774,691774,691774,691774,691774,691774,691774,691774,691774,691774,691774,691774,691774,691774,691774,691774,691774,691774,691774,691774,691774,691774,691774,691774,691774,691774,691774,691774,691774,691774,691774,691774,691774,691774,691774,691774,691774,691774,691774]","{""semantic_component_batches"":0,""semantic_component_jobs"":0,""max_semantic_component_workers"":0,""inference_regions"":0,""canonical_specialization_queries"":0,""canonical_specialization_hits"":0,""solver_requested_bytes"":0,""solver_allocations"":0,""scratch_requested_bytes"":0,""scratch_allocations"":0,""max_solver_live_bytes"":0,""max_scratch_live_bytes"":0,""evidence_import_solver_bytes"":0,""evidence_import_scratch_bytes"":0,""snapshot_copy_bytes"":0,""snapshot_copy_allocations"":0,""principal_copy_buffer_bytes"":0,""principal_copy_buffer_allocations"":0,""frozen_capture_temporary_bytes"":0,""frozen_capture_published_bytes"":0,""frozen_edge_scratch_bytes"":0,""region_scopes"":0,""max_region_scopes"":0,""call_collections_closed"":0,""call_collections_unresolved"":0,""call_memo_hits"":0,""solver_passes"":0,""solver_constraint_visits"":0,""occurs_steps"":0}"
wide128,noop,workers-1,"[63,63,63,63,63,63,63,63,63,63,64,64,64,64,64,64,64,64,64,64,64,64,64,64,64,64,64,64,64,64,64,65,65,65,65,65,65,65,65,65,65,65,65,65,65,65,65,65,65,65,66,66,66,66,66,66,66,66,66,66,66,66,66,66,66,66,67,67,67,67,67,67,67,68,69,69,69,69,69,70,70,70,71,71,71,71,72,73,73,73,74,74,75,76,77,77,77,77,78,78,78,78,78,79,79,79,79,79,79,79,79,80,81,82,82,83,83,83,83,84,84,84,84,84,88,88,88,91,94,94,95,97,103,105,106,113,119,138,312,329]","[62,62,62,63,63,63,63,63,63,63,63,63,63,63,63,63,63,63,63,64,64,64,64,64,64,64,64,64,64,64,64,64,64,64,64,64,64,64,64,65,65,65,65,65,65,65,65,65,65,65,65,65,65,65,65,65,65,65,66,66,66,66,66,66,66,66,66,66,66,66,66,67,67,67,68,68,68,69,69,69,70,70,71,71,71,71,71,72,72,73,73,74,75,76,76,76,76,77,77,77,77,78,78,78,78,78,78,79,79,79,79,80,81,82,82,82,82,82,83,83,83,84,84,84,88,88,88,90,93,94,95,97,104,106,107,112,119,138,311,328]",36720.0,19.0,691774.0,655988.0,"[36720,36720,36720,36720,36720,36720,36720,36720,36720,36720,36720,36720,36720,36720,36720,36720,36720,36720,36720,36720,36720,36720,36720,36720,36720,36720,36720,36720,36720,36720,36720,36720,36720,36720,36720,36720,36720,36720,36720,36720,36720,36720,36720,36720,36720,36720,36720,36720,36720,36720,36720,36720,36720,36720,36720,36720,36720,36720,36720,36720,36720,36720,36720,36720,36720,36720,36720,36720,36720,36720,36720,36720,36720,36720,36720,36720,36720,36720,36720,36720,36720,36720,36720,36720,36720,36720,36720,36720,36720,36720,36720,36720,36720,36720,36720,36720,36720,36720,36720,36720,36720,36720,36720,36720,36720,36720,36720,36720,36720,36720,36720,36720,36720,36720,36720,36720,36720,36720,36720,36720,36720,36720,36720,36720,36720,36720,36720,36720,36720,36720,36720,36720,36720,36720,36720,36720,36720,36720,36720,36720]","[691774,691774,691774,691774,691774,691774,691774,691774,691774,691774,691774,691774,691774,691774,691774,691774,691774,691774,691774,691774,691774,691774,691774,691774,691774,691774,691774,691774,691774,691774,691774,691774,691774,691774,691774,691774,691774,691774,691774,691774,691774,691774,691774,691774,691774,691774,691774,691774,691774,691774,691774,691774,691774,691774,691774,691774,691774,691774,691774,691774,691774,691774,691774,691774,691774,691774,691774,691774,691774,691774,691774,691774,691774,691774,691774,691774,691774,691774,691774,691774,691774,691774,691774,691774,691774,691774,691774,691774,691774,691774,691774,691774,691774,691774,691774,691774,691774,691774,691774,691774,691774,691774,691774,691774,691774,691774,691774,691774,691774,691774,691774,691774,691774,691774,691774,691774,691774,691774,691774,691774,691774,691774,691774,691774,691774,691774,691774,691774,691774,691774,691774,691774,691774,691774,691774,691774,691774,691774,691774,691774]","{""semantic_component_batches"":0,""semantic_component_jobs"":0,""max_semantic_component_workers"":0,""inference_regions"":0,""canonical_specialization_queries"":0,""canonical_specialization_hits"":0,""solver_requested_bytes"":0,""solver_allocations"":0,""scratch_requested_bytes"":0,""scratch_allocations"":0,""max_solver_live_bytes"":0,""max_scratch_live_bytes"":0,""evidence_import_solver_bytes"":0,""evidence_import_scratch_bytes"":0,""snapshot_copy_bytes"":0,""snapshot_copy_allocations"":0,""principal_copy_buffer_bytes"":0,""principal_copy_buffer_allocations"":0,""frozen_capture_temporary_bytes"":0,""frozen_capture_published_bytes"":0,""frozen_edge_scratch_bytes"":0,""region_scopes"":0,""max_region_scopes"":0,""call_collections_closed"":0,""call_collections_unresolved"":0,""call_memo_hits"":0,""solver_passes"":0,""solver_constraint_visits"":0,""occurs_steps"":0}"
wide128,noop,workers-2,"[62,62,63,63,63,63,63,63,63,63,63,63,63,63,63,63,64,64,64,64,64,64,64,64,64,64,64,64,64,64,64,64,64,64,64,64,64,64,64,65,65,65,65,65,65,65,65,65,65,65,65,65,65,65,65,65,65,65,65,65,66,66,66,66,66,66,66,66,66,66,66,66,66,66,66,66,66,66,67,67,67,67,67,67,67,67,67,68,68,68,68,68,68,68,69,69,70,70,70,70,72,72,73,74,75,76,77,77,77,77,78,78,78,79,79,80,80,80,81,81,81,82,82,82,83,83,83,85,85,86,90,95,104,106,122,124,131,144,146,252]","[62,62,62,62,63,63,63,63,63,63,63,63,63,63,63,63,63,63,63,63,63,63,63,64,64,64,64,64,64,64,64,64,64,64,64,64,64,64,64,64,64,64,64,64,64,64,64,64,64,64,65,65,65,65,65,65,65,65,65,65,65,65,65,65,65,65,65,65,65,66,66,66,66,66,66,66,66,66,66,67,67,67,67,67,67,67,67,67,67,67,68,68,68,69,69,69,69,70,71,72,72,73,74,75,77,77,77,77,77,78,78,78,78,79,80,80,80,80,80,80,81,82,82,82,82,83,85,86,87,89,90,95,104,105,122,124,131,146,152,252]",36720.0,19.0,691774.0,655988.0,"[36720,36720,36720,36720,36720,36720,36720,36720,36720,36720,36720,36720,36720,36720,36720,36720,36720,36720,36720,36720,36720,36720,36720,36720,36720,36720,36720,36720,36720,36720,36720,36720,36720,36720,36720,36720,36720,36720,36720,36720,36720,36720,36720,36720,36720,36720,36720,36720,36720,36720,36720,36720,36720,36720,36720,36720,36720,36720,36720,36720,36720,36720,36720,36720,36720,36720,36720,36720,36720,36720,36720,36720,36720,36720,36720,36720,36720,36720,36720,36720,36720,36720,36720,36720,36720,36720,36720,36720,36720,36720,36720,36720,36720,36720,36720,36720,36720,36720,36720,36720,36720,36720,36720,36720,36720,36720,36720,36720,36720,36720,36720,36720,36720,36720,36720,36720,36720,36720,36720,36720,36720,36720,36720,36720,36720,36720,36720,36720,36720,36720,36720,36720,36720,36720,36720,36720,36720,36720,36720,36720]","[691774,691774,691774,691774,691774,691774,691774,691774,691774,691774,691774,691774,691774,691774,691774,691774,691774,691774,691774,691774,691774,691774,691774,691774,691774,691774,691774,691774,691774,691774,691774,691774,691774,691774,691774,691774,691774,691774,691774,691774,691774,691774,691774,691774,691774,691774,691774,691774,691774,691774,691774,691774,691774,691774,691774,691774,691774,691774,691774,691774,691774,691774,691774,691774,691774,691774,691774,691774,691774,691774,691774,691774,691774,691774,691774,691774,691774,691774,691774,691774,691774,691774,691774,691774,691774,691774,691774,691774,691774,691774,691774,691774,691774,691774,691774,691774,691774,691774,691774,691774,691774,691774,691774,691774,691774,691774,691774,691774,691774,691774,691774,691774,691774,691774,691774,691774,691774,691774,691774,691774,691774,691774,691774,691774,691774,691774,691774,691774,691774,691774,691774,691774,691774,691774,691774,691774,691774,691774,691774,691774]","{""semantic_component_batches"":0,""semantic_component_jobs"":0,""max_semantic_component_workers"":0,""inference_regions"":0,""canonical_specialization_queries"":0,""canonical_specialization_hits"":0,""solver_requested_bytes"":0,""solver_allocations"":0,""scratch_requested_bytes"":0,""scratch_allocations"":0,""max_solver_live_bytes"":0,""max_scratch_live_bytes"":0,""evidence_import_solver_bytes"":0,""evidence_import_scratch_bytes"":0,""snapshot_copy_bytes"":0,""snapshot_copy_allocations"":0,""principal_copy_buffer_bytes"":0,""principal_copy_buffer_allocations"":0,""frozen_capture_temporary_bytes"":0,""frozen_capture_published_bytes"":0,""frozen_edge_scratch_bytes"":0,""region_scopes"":0,""max_region_scopes"":0,""call_collections_closed"":0,""call_collections_unresolved"":0,""call_memo_hits"":0,""solver_passes"":0,""solver_constraint_visits"":0,""occurs_steps"":0}"
wide128,noop,workers-4,"[63,63,63,63,63,63,63,63,63,63,63,63,63,63,63,63,63,63,63,63,64,64,64,64,64,64,64,64,64,64,64,64,64,64,64,64,64,64,64,64,64,64,64,64,64,64,64,65,65,65,65,65,65,65,65,65,65,65,65,65,65,65,65,65,65,65,65,65,65,65,65,65,65,65,65,65,65,65,65,65,65,66,66,66,66,66,66,66,66,66,66,66,66,66,66,66,66,67,67,67,67,67,67,67,67,67,67,67,67,67,67,68,68,68,68,69,69,69,71,71,73,76,79,83,86,87,87,88,90,92,98,106,111,121,128,135,141,143,163,191]","[62,62,62,62,62,63,63,63,63,63,63,63,63,63,63,63,63,63,63,63,63,63,63,63,64,64,64,64,64,64,64,64,64,64,64,64,64,64,64,64,64,64,64,64,64,64,64,64,64,64,64,64,64,64,64,64,64,64,64,65,65,65,65,65,65,65,65,65,65,65,65,65,65,65,65,65,65,65,65,65,65,65,65,66,66,66,66,66,66,66,66,66,66,66,66,66,66,66,66,66,66,66,66,67,67,67,67,67,67,67,67,67,68,68,68,69,69,70,71,73,76,80,83,86,87,87,88,90,92,97,106,108,110,121,127,135,141,143,163,190]",36720.0,19.0,691774.0,655988.0,"[36720,36720,36720,36720,36720,36720,36720,36720,36720,36720,36720,36720,36720,36720,36720,36720,36720,36720,36720,36720,36720,36720,36720,36720,36720,36720,36720,36720,36720,36720,36720,36720,36720,36720,36720,36720,36720,36720,36720,36720,36720,36720,36720,36720,36720,36720,36720,36720,36720,36720,36720,36720,36720,36720,36720,36720,36720,36720,36720,36720,36720,36720,36720,36720,36720,36720,36720,36720,36720,36720,36720,36720,36720,36720,36720,36720,36720,36720,36720,36720,36720,36720,36720,36720,36720,36720,36720,36720,36720,36720,36720,36720,36720,36720,36720,36720,36720,36720,36720,36720,36720,36720,36720,36720,36720,36720,36720,36720,36720,36720,36720,36720,36720,36720,36720,36720,36720,36720,36720,36720,36720,36720,36720,36720,36720,36720,36720,36720,36720,36720,36720,36720,36720,36720,36720,36720,36720,36720,36720,36720]","[691774,691774,691774,691774,691774,691774,691774,691774,691774,691774,691774,691774,691774,691774,691774,691774,691774,691774,691774,691774,691774,691774,691774,691774,691774,691774,691774,691774,691774,691774,691774,691774,691774,691774,691774,691774,691774,691774,691774,691774,691774,691774,691774,691774,691774,691774,691774,691774,691774,691774,691774,691774,691774,691774,691774,691774,691774,691774,691774,691774,691774,691774,691774,691774,691774,691774,691774,691774,691774,691774,691774,691774,691774,691774,691774,691774,691774,691774,691774,691774,691774,691774,691774,691774,691774,691774,691774,691774,691774,691774,691774,691774,691774,691774,691774,691774,691774,691774,691774,691774,691774,691774,691774,691774,691774,691774,691774,691774,691774,691774,691774,691774,691774,691774,691774,691774,691774,691774,691774,691774,691774,691774,691774,691774,691774,691774,691774,691774,691774,691774,691774,691774,691774,691774,691774,691774,691774,691774,691774,691774]","{""semantic_component_batches"":0,""semantic_component_jobs"":0,""max_semantic_component_workers"":0,""inference_regions"":0,""canonical_specialization_queries"":0,""canonical_specialization_hits"":0,""solver_requested_bytes"":0,""solver_allocations"":0,""scratch_requested_bytes"":0,""scratch_allocations"":0,""max_solver_live_bytes"":0,""max_scratch_live_bytes"":0,""evidence_import_solver_bytes"":0,""evidence_import_scratch_bytes"":0,""snapshot_copy_bytes"":0,""snapshot_copy_allocations"":0,""principal_copy_buffer_bytes"":0,""principal_copy_buffer_allocations"":0,""frozen_capture_temporary_bytes"":0,""frozen_capture_published_bytes"":0,""frozen_edge_scratch_bytes"":0,""region_scopes"":0,""max_region_scopes"":0,""call_collections_closed"":0,""call_collections_unresolved"":0,""call_memo_hits"":0,""solver_passes"":0,""solver_constraint_visits"":0,""occurs_steps"":0}"
wide128,noop,workers-8,"[62,62,62,62,63,63,63,63,63,63,63,63,63,63,63,63,63,63,63,64,64,64,64,64,64,64,64,64,64,64,64,64,64,64,64,64,64,64,64,64,64,64,64,64,64,64,64,64,64,64,65,65,65,65,65,65,65,65,65,65,65,65,65,65,65,65,65,65,65,65,65,65,65,65,65,66,66,66,66,66,66,66,66,66,66,66,67,67,67,67,67,67,67,67,67,67,67,68,68,68,68,69,69,69,70,70,70,71,71,71,72,72,78,79,79,80,80,80,81,82,82,82,83,83,84,85,85,85,85,86,98,98,100,104,104,109,116,143,170,195]","[62,62,62,62,62,63,63,63,63,63,63,63,63,63,63,63,63,63,63,63,63,63,63,63,63,63,63,64,64,64,64,64,64,64,64,64,64,64,64,64,64,64,64,64,64,64,64,64,64,64,64,64,64,64,64,64,64,64,64,64,64,65,65,65,65,65,65,65,65,65,65,65,65,65,65,65,65,65,65,65,65,66,66,66,66,66,66,66,66,66,66,66,66,66,67,67,67,67,67,68,68,68,69,69,69,69,69,70,70,71,72,72,78,78,79,79,80,80,81,81,82,82,82,82,83,84,85,85,85,85,98,98,100,103,104,109,115,142,169,195]",36720.0,19.0,691774.0,655988.0,"[36720,36720,36720,36720,36720,36720,36720,36720,36720,36720,36720,36720,36720,36720,36720,36720,36720,36720,36720,36720,36720,36720,36720,36720,36720,36720,36720,36720,36720,36720,36720,36720,36720,36720,36720,36720,36720,36720,36720,36720,36720,36720,36720,36720,36720,36720,36720,36720,36720,36720,36720,36720,36720,36720,36720,36720,36720,36720,36720,36720,36720,36720,36720,36720,36720,36720,36720,36720,36720,36720,36720,36720,36720,36720,36720,36720,36720,36720,36720,36720,36720,36720,36720,36720,36720,36720,36720,36720,36720,36720,36720,36720,36720,36720,36720,36720,36720,36720,36720,36720,36720,36720,36720,36720,36720,36720,36720,36720,36720,36720,36720,36720,36720,36720,36720,36720,36720,36720,36720,36720,36720,36720,36720,36720,36720,36720,36720,36720,36720,36720,36720,36720,36720,36720,36720,36720,36720,36720,36720,36720]","[691774,691774,691774,691774,691774,691774,691774,691774,691774,691774,691774,691774,691774,691774,691774,691774,691774,691774,691774,691774,691774,691774,691774,691774,691774,691774,691774,691774,691774,691774,691774,691774,691774,691774,691774,691774,691774,691774,691774,691774,691774,691774,691774,691774,691774,691774,691774,691774,691774,691774,691774,691774,691774,691774,691774,691774,691774,691774,691774,691774,691774,691774,691774,691774,691774,691774,691774,691774,691774,691774,691774,691774,691774,691774,691774,691774,691774,691774,691774,691774,691774,691774,691774,691774,691774,691774,691774,691774,691774,691774,691774,691774,691774,691774,691774,691774,691774,691774,691774,691774,691774,691774,691774,691774,691774,691774,691774,691774,691774,691774,691774,691774,691774,691774,691774,691774,691774,691774,691774,691774,691774,691774,691774,691774,691774,691774,691774,691774,691774,691774,691774,691774,691774,691774,691774,691774,691774,691774,691774,691774]","{""semantic_component_batches"":0,""semantic_component_jobs"":0,""max_semantic_component_workers"":0,""inference_regions"":0,""canonical_specialization_queries"":0,""canonical_specialization_hits"":0,""solver_requested_bytes"":0,""solver_allocations"":0,""scratch_requested_bytes"":0,""scratch_allocations"":0,""max_solver_live_bytes"":0,""max_scratch_live_bytes"":0,""evidence_import_solver_bytes"":0,""evidence_import_scratch_bytes"":0,""snapshot_copy_bytes"":0,""snapshot_copy_allocations"":0,""principal_copy_buffer_bytes"":0,""principal_copy_buffer_allocations"":0,""frozen_capture_temporary_bytes"":0,""frozen_capture_published_bytes"":0,""frozen_edge_scratch_bytes"":0,""region_scopes"":0,""max_region_scopes"":0,""call_collections_closed"":0,""call_collections_unresolved"":0,""call_memo_hits"":0,""solver_passes"":0,""solver_constraint_visits"":0,""occurs_steps"":0}"
wide128,fresh,baseline,"[3850,4066,4151,4637,4685,4816,5603]","[4152,4430,4494,5016,5133,5916,6266]",2865159,3120,676698,0,"[2865159,2865159,2865159,2865159,2865159,2865159,2865159]","[676698,676698,676698,676698,676698,676698,676698]","{""inference_regions"":69,""canonical_specialization_queries"":16,""canonical_specialization_hits"":0,""solver_requested_bytes"":135776,""solver_allocations"":490,""scratch_requested_bytes"":214196,""scratch_allocations"":1001,""max_solver_live_bytes"":3264,""max_scratch_live_bytes"":4628,""evidence_import_solver_bytes"":0,""evidence_import_scratch_bytes"":4224,""snapshot_copy_bytes"":0,""snapshot_copy_allocations"":0,""principal_copy_buffer_bytes"":10048,""principal_copy_buffer_allocations"":144,""frozen_capture_temporary_bytes"":0,""frozen_capture_published_bytes"":8192,""frozen_edge_scratch_bytes"":0,""region_scopes"":134,""max_region_scopes"":4,""call_collections_closed"":33,""call_collections_unresolved"":0,""call_memo_hits"":67,""solver_passes"":71,""solver_constraint_visits"":38,""occurs_steps"":0}"
wide128,fresh,default,"[3929,4027,4052,4245,4327,4398,4725]","[4213,4405,4431,4574,4629,4768,5027]",2865159,3120,676698,0,"[2865159,2865159,2865159,2865159,2865159,2865159,2865159]","[676698,676698,676698,676698,676698,676698,676698]","{""semantic_component_batches"":0,""semantic_component_jobs"":0,""max_semantic_component_workers"":0,""inference_regions"":69,""canonical_specialization_queries"":16,""canonical_specialization_hits"":0,""solver_requested_bytes"":135776,""solver_allocations"":490,""scratch_requested_bytes"":214196,""scratch_allocations"":1001,""max_solver_live_bytes"":3264,""max_scratch_live_bytes"":4628,""evidence_import_solver_bytes"":0,""evidence_import_scratch_bytes"":4224,""snapshot_copy_bytes"":0,""snapshot_copy_allocations"":0,""principal_copy_buffer_bytes"":10048,""principal_copy_buffer_allocations"":144,""frozen_capture_temporary_bytes"":0,""frozen_capture_published_bytes"":8192,""frozen_edge_scratch_bytes"":0,""region_scopes"":134,""max_region_scopes"":4,""call_collections_closed"":33,""call_collections_unresolved"":0,""call_memo_hits"":67,""solver_passes"":71,""solver_constraint_visits"":38,""occurs_steps"":0}"
wide128,fresh,workers-1,"[3967,4027,4086,4153,4180,4203,5187]","[4259,4328,4468,4471,4534,5554,5756]",2972019,3157,676698,0,"[2972019,2972019,2972019,2972019,2972019,2972019,2972019]","[676698,676698,676698,676698,676698,676698,676698]","{""semantic_component_batches"":1,""semantic_component_jobs"":2,""max_semantic_component_workers"":1,""inference_regions"":69,""canonical_specialization_queries"":16,""canonical_specialization_hits"":0,""solver_requested_bytes"":135776,""solver_allocations"":490,""scratch_requested_bytes"":214196,""scratch_allocations"":1001,""max_solver_live_bytes"":3264,""max_scratch_live_bytes"":4628,""evidence_import_solver_bytes"":0,""evidence_import_scratch_bytes"":4224,""snapshot_copy_bytes"":0,""snapshot_copy_allocations"":0,""principal_copy_buffer_bytes"":10048,""principal_copy_buffer_allocations"":144,""frozen_capture_temporary_bytes"":0,""frozen_capture_published_bytes"":8192,""frozen_edge_scratch_bytes"":0,""region_scopes"":134,""max_region_scopes"":4,""call_collections_closed"":33,""call_collections_unresolved"":0,""call_memo_hits"":67,""solver_passes"":71,""solver_constraint_visits"":38,""occurs_steps"":0}"
wide128,fresh,workers-2,"[4577,4739,4783,4818,5209,5210,5531]","[4888,5032,5044,5140,5496,5596,5773]",3086423,3163,676698,0,"[3086423,3086423,3086423,3086423,3086423,3086423,3086423]","[676698,676698,676698,676698,676698,676698,676698]","{""semantic_component_batches"":1,""semantic_component_jobs"":2,""max_semantic_component_workers"":2,""inference_regions"":69,""canonical_specialization_queries"":16,""canonical_specialization_hits"":0,""solver_requested_bytes"":135776,""solver_allocations"":490,""scratch_requested_bytes"":214196,""scratch_allocations"":1001,""max_solver_live_bytes"":3264,""max_scratch_live_bytes"":4628,""evidence_import_solver_bytes"":0,""evidence_import_scratch_bytes"":4224,""snapshot_copy_bytes"":0,""snapshot_copy_allocations"":0,""principal_copy_buffer_bytes"":10048,""principal_copy_buffer_allocations"":144,""frozen_capture_temporary_bytes"":0,""frozen_capture_published_bytes"":8192,""frozen_edge_scratch_bytes"":0,""region_scopes"":134,""max_region_scopes"":4,""call_collections_closed"":33,""call_collections_unresolved"":0,""call_memo_hits"":67,""solver_passes"":71,""solver_constraint_visits"":38,""occurs_steps"":0}"
wide128,fresh,workers-4,"[4420,4434,4579,4639,5249,5274,5377]","[4696,4716,4839,4928,5405,5422,5598]",3086423,3163,676698,0,"[3086423,3086423,3086423,3086423,3086423,3086423,3086423]","[676698,676698,676698,676698,676698,676698,676698]","{""semantic_component_batches"":1,""semantic_component_jobs"":2,""max_semantic_component_workers"":2,""inference_regions"":69,""canonical_specialization_queries"":16,""canonical_specialization_hits"":0,""solver_requested_bytes"":135776,""solver_allocations"":490,""scratch_requested_bytes"":214196,""scratch_allocations"":1001,""max_solver_live_bytes"":3264,""max_scratch_live_bytes"":4628,""evidence_import_solver_bytes"":0,""evidence_import_scratch_bytes"":4224,""snapshot_copy_bytes"":0,""snapshot_copy_allocations"":0,""principal_copy_buffer_bytes"":10048,""principal_copy_buffer_allocations"":144,""frozen_capture_temporary_bytes"":0,""frozen_capture_published_bytes"":8192,""frozen_edge_scratch_bytes"":0,""region_scopes"":134,""max_region_scopes"":4,""call_collections_closed"":33,""call_collections_unresolved"":0,""call_memo_hits"":67,""solver_passes"":71,""solver_constraint_visits"":38,""occurs_steps"":0}"
wide128,fresh,workers-8,"[4356,4437,4529,4547,4555,4699,4712]","[4636,4651,4729,4820,4843,4937,5012]",3086423,3163,676698,0,"[3086423,3086423,3086423,3086423,3086423,3086423,3086423]","[676698,676698,676698,676698,676698,676698,676698]","{""semantic_component_batches"":1,""semantic_component_jobs"":2,""max_semantic_component_workers"":2,""inference_regions"":69,""canonical_specialization_queries"":16,""canonical_specialization_hits"":0,""solver_requested_bytes"":135776,""solver_allocations"":490,""scratch_requested_bytes"":214196,""scratch_allocations"":1001,""max_solver_live_bytes"":3264,""max_scratch_live_bytes"":4628,""evidence_import_solver_bytes"":0,""evidence_import_scratch_bytes"":4224,""snapshot_copy_bytes"":0,""snapshot_copy_allocations"":0,""principal_copy_buffer_bytes"":10048,""principal_copy_buffer_allocations"":144,""frozen_capture_temporary_bytes"":0,""frozen_capture_published_bytes"":8192,""frozen_edge_scratch_bytes"":0,""region_scopes"":134,""max_region_scopes"":4,""call_collections_closed"":33,""call_collections_unresolved"":0,""call_memo_hits"":67,""solver_passes"":71,""solver_constraint_visits"":38,""occurs_steps"":0}"
wide128,cache_population,baseline,"[4434,4500,4686,4958,5066,5374,6460]","[6162,6192,6587,6819,7394,8734,9477]",3653896,3469,1198743,0,"[3653896,3653896,3653896,3653896,3653896,3653896,3653896]","[1198743,1198743,1198743,1198743,1198743,1198743,1198743]","{""inference_regions"":69,""canonical_specialization_queries"":16,""canonical_specialization_hits"":0,""solver_requested_bytes"":135776,""solver_allocations"":490,""scratch_requested_bytes"":214196,""scratch_allocations"":1001,""max_solver_live_bytes"":3264,""max_scratch_live_bytes"":4628,""evidence_import_solver_bytes"":0,""evidence_import_scratch_bytes"":4224,""snapshot_copy_bytes"":155984,""snapshot_copy_allocations"":12,""principal_copy_buffer_bytes"":10048,""principal_copy_buffer_allocations"":144,""frozen_capture_temporary_bytes"":0,""frozen_capture_published_bytes"":8192,""frozen_edge_scratch_bytes"":0,""region_scopes"":134,""max_region_scopes"":4,""call_collections_closed"":33,""call_collections_unresolved"":0,""call_memo_hits"":67,""solver_passes"":71,""solver_constraint_visits"":38,""occurs_steps"":0}"
wide128,cache_population,default,"[4395,4556,4561,4655,5431,5574,5947]","[5556,6043,6055,6420,7006,7305,7864]",3653894,3469,1198741,0,"[3653894,3653894,3653894,3653894,3653894,3653894,3653894]","[1198741,1198741,1198741,1198741,1198741,1198741,1198741]","{""semantic_component_batches"":0,""semantic_component_jobs"":0,""max_semantic_component_workers"":0,""inference_regions"":69,""canonical_specialization_queries"":16,""canonical_specialization_hits"":0,""solver_requested_bytes"":135776,""solver_allocations"":490,""scratch_requested_bytes"":214196,""scratch_allocations"":1001,""max_solver_live_bytes"":3264,""max_scratch_live_bytes"":4628,""evidence_import_solver_bytes"":0,""evidence_import_scratch_bytes"":4224,""snapshot_copy_bytes"":155984,""snapshot_copy_allocations"":12,""principal_copy_buffer_bytes"":10048,""principal_copy_buffer_allocations"":144,""frozen_capture_temporary_bytes"":0,""frozen_capture_published_bytes"":8192,""frozen_edge_scratch_bytes"":0,""region_scopes"":134,""max_region_scopes"":4,""call_collections_closed"":33,""call_collections_unresolved"":0,""call_memo_hits"":67,""solver_passes"":71,""solver_constraint_visits"":38,""occurs_steps"":0}"
wide128,cache_population,workers-1,"[4582,4648,4669,4669,4942,5003,5051]","[6159,6297,6414,6690,6755,6778,6791]",3760758,3506,1198521,0,"[3760758,3760758,3760758,3760758,3760758,3760758,3760758]","[1198521,1198521,1198521,1198521,1198521,1198521,1198521]","{""semantic_component_batches"":1,""semantic_component_jobs"":2,""max_semantic_component_workers"":1,""inference_regions"":69,""canonical_specialization_queries"":16,""canonical_specialization_hits"":0,""solver_requested_bytes"":135776,""solver_allocations"":490,""scratch_requested_bytes"":214196,""scratch_allocations"":1001,""max_solver_live_bytes"":3264,""max_scratch_live_bytes"":4628,""evidence_import_solver_bytes"":0,""evidence_import_scratch_bytes"":4224,""snapshot_copy_bytes"":155984,""snapshot_copy_allocations"":12,""principal_copy_buffer_bytes"":10048,""principal_copy_buffer_allocations"":144,""frozen_capture_temporary_bytes"":0,""frozen_capture_published_bytes"":8192,""frozen_edge_scratch_bytes"":0,""region_scopes"":134,""max_region_scopes"":4,""call_collections_closed"":33,""call_collections_unresolved"":0,""call_memo_hits"":67,""solver_passes"":71,""solver_constraint_visits"":38,""occurs_steps"":0}"
wide128,cache_population,workers-2,"[4980,5045,5147,5436,5438,5796,6171]","[6581,6598,6804,6888,7276,7663,7843]",3875162,3512,1198521,0,"[3875162,3875162,3875162,3875162,3875162,3875162,3875162]","[1198521,1198521,1198521,1198521,1198521,1198521,1198521]","{""semantic_component_batches"":1,""semantic_component_jobs"":2,""max_semantic_component_workers"":2,""inference_regions"":69,""canonical_specialization_queries"":16,""canonical_specialization_hits"":0,""solver_requested_bytes"":135776,""solver_allocations"":490,""scratch_requested_bytes"":214196,""scratch_allocations"":1001,""max_solver_live_bytes"":3264,""max_scratch_live_bytes"":4628,""evidence_import_solver_bytes"":0,""evidence_import_scratch_bytes"":4224,""snapshot_copy_bytes"":155984,""snapshot_copy_allocations"":12,""principal_copy_buffer_bytes"":10048,""principal_copy_buffer_allocations"":144,""frozen_capture_temporary_bytes"":0,""frozen_capture_published_bytes"":8192,""frozen_edge_scratch_bytes"":0,""region_scopes"":134,""max_region_scopes"":4,""call_collections_closed"":33,""call_collections_unresolved"":0,""call_memo_hits"":67,""solver_passes"":71,""solver_constraint_visits"":38,""occurs_steps"":0}"
wide128,cache_population,workers-4,"[4833,5001,5238,5441,5526,5683,6579]","[6386,6515,6914,7163,7316,8138,10575]",3875162,3512,1198521,0,"[3875162,3875162,3875162,3875162,3875162,3875162,3875162]","[1198521,1198521,1198521,1198521,1198521,1198521,1198521]","{""semantic_component_batches"":1,""semantic_component_jobs"":2,""max_semantic_component_workers"":2,""inference_regions"":69,""canonical_specialization_queries"":16,""canonical_specialization_hits"":0,""solver_requested_bytes"":135776,""solver_allocations"":490,""scratch_requested_bytes"":214196,""scratch_allocations"":1001,""max_solver_live_bytes"":3264,""max_scratch_live_bytes"":4628,""evidence_import_solver_bytes"":0,""evidence_import_scratch_bytes"":4224,""snapshot_copy_bytes"":155984,""snapshot_copy_allocations"":12,""principal_copy_buffer_bytes"":10048,""principal_copy_buffer_allocations"":144,""frozen_capture_temporary_bytes"":0,""frozen_capture_published_bytes"":8192,""frozen_edge_scratch_bytes"":0,""region_scopes"":134,""max_region_scopes"":4,""call_collections_closed"":33,""call_collections_unresolved"":0,""call_memo_hits"":67,""solver_passes"":71,""solver_constraint_visits"":38,""occurs_steps"":0}"
wide128,cache_population,workers-8,"[4732,5050,5078,5151,5483,5629,5688]","[6315,6557,6580,6819,7010,7188,7651]",3875162,3512,1198521,0,"[3875162,3875162,3875162,3875162,3875162,3875162,3875162]","[1198521,1198521,1198521,1198521,1198521,1198521,1198521]","{""semantic_component_batches"":1,""semantic_component_jobs"":2,""max_semantic_component_workers"":2,""inference_regions"":69,""canonical_specialization_queries"":16,""canonical_specialization_hits"":0,""solver_requested_bytes"":135776,""solver_allocations"":490,""scratch_requested_bytes"":214196,""scratch_allocations"":1001,""max_solver_live_bytes"":3264,""max_scratch_live_bytes"":4628,""evidence_import_solver_bytes"":0,""evidence_import_scratch_bytes"":4224,""snapshot_copy_bytes"":155984,""snapshot_copy_allocations"":12,""principal_copy_buffer_bytes"":10048,""principal_copy_buffer_allocations"":144,""frozen_capture_temporary_bytes"":0,""frozen_capture_published_bytes"":8192,""frozen_edge_scratch_bytes"":0,""region_scopes"":134,""max_region_scopes"":4,""call_collections_closed"":33,""call_collections_unresolved"":0,""call_memo_hits"":67,""solver_passes"":71,""solver_constraint_visits"":38,""occurs_steps"":0}"
wide128,restart,baseline,"[4466,4504,4639,4879,4921,5066,5699]","[5196,5405,5519,5771,5827,6204,6684]",3733216,3686,1225841,0,"[3733216,3733216,3733216,3733216,3733216,3733216,3733216]","[1225841,1225841,1225841,1225841,1225841,1225841,1225841]","{""inference_regions"":69,""canonical_specialization_queries"":16,""canonical_specialization_hits"":0,""solver_requested_bytes"":135776,""solver_allocations"":490,""scratch_requested_bytes"":214196,""scratch_allocations"":1001,""max_solver_live_bytes"":3264,""max_scratch_live_bytes"":4628,""evidence_import_solver_bytes"":0,""evidence_import_scratch_bytes"":4224,""snapshot_copy_bytes"":155984,""snapshot_copy_allocations"":12,""principal_copy_buffer_bytes"":10048,""principal_copy_buffer_allocations"":144,""frozen_capture_temporary_bytes"":0,""frozen_capture_published_bytes"":8192,""frozen_edge_scratch_bytes"":0,""region_scopes"":134,""max_region_scopes"":4,""call_collections_closed"":33,""call_collections_unresolved"":0,""call_memo_hits"":67,""solver_passes"":71,""solver_constraint_visits"":38,""occurs_steps"":0}"
wide128,restart,default,"[4360,4376,4757,4759,4792,5030,5298]","[5127,5132,5614,5855,5886,5987,6180]",3733214,3686,1225839,0,"[3733214,3733214,3733214,3733214,3733214,3733214,3733214]","[1225839,1225839,1225839,1225839,1225839,1225839,1225839]","{""semantic_component_batches"":0,""semantic_component_jobs"":0,""max_semantic_component_workers"":0,""inference_regions"":69,""canonical_specialization_queries"":16,""canonical_specialization_hits"":0,""solver_requested_bytes"":135776,""solver_allocations"":490,""scratch_requested_bytes"":214196,""scratch_allocations"":1001,""max_solver_live_bytes"":3264,""max_scratch_live_bytes"":4628,""evidence_import_solver_bytes"":0,""evidence_import_scratch_bytes"":4224,""snapshot_copy_bytes"":155984,""snapshot_copy_allocations"":12,""principal_copy_buffer_bytes"":10048,""principal_copy_buffer_allocations"":144,""frozen_capture_temporary_bytes"":0,""frozen_capture_published_bytes"":8192,""frozen_edge_scratch_bytes"":0,""region_scopes"":134,""max_region_scopes"":4,""call_collections_closed"":33,""call_collections_unresolved"":0,""call_memo_hits"":67,""solver_passes"":71,""solver_constraint_visits"":38,""occurs_steps"":0}"
wide128,restart,workers-1,"[4545,4651,4687,4739,4976,5022,5353]","[5414,5426,5542,5547,5620,5814,6134]",3840078,3723,1225619,0,"[3840078,3840078,3840078,3840078,3840078,3840078,3840078]","[1225619,1225619,1225619,1225619,1225619,1225619,1225619]","{""semantic_component_batches"":1,""semantic_component_jobs"":2,""max_semantic_component_workers"":1,""inference_regions"":69,""canonical_specialization_queries"":16,""canonical_specialization_hits"":0,""solver_requested_bytes"":135776,""solver_allocations"":490,""scratch_requested_bytes"":214196,""scratch_allocations"":1001,""max_solver_live_bytes"":3264,""max_scratch_live_bytes"":4628,""evidence_import_solver_bytes"":0,""evidence_import_scratch_bytes"":4224,""snapshot_copy_bytes"":155984,""snapshot_copy_allocations"":12,""principal_copy_buffer_bytes"":10048,""principal_copy_buffer_allocations"":144,""frozen_capture_temporary_bytes"":0,""frozen_capture_published_bytes"":8192,""frozen_edge_scratch_bytes"":0,""region_scopes"":134,""max_region_scopes"":4,""call_collections_closed"":33,""call_collections_unresolved"":0,""call_memo_hits"":67,""solver_passes"":71,""solver_constraint_visits"":38,""occurs_steps"":0}"
wide128,restart,workers-2,"[4717,4963,5153,5172,5341,6064,9348]","[5473,5653,5781,5825,6062,7052,11106]",3954482,3729,1225619,0,"[3954482,3954482,3954482,3954482,3954482,3954482,3954482]","[1225619,1225619,1225619,1225619,1225619,1225619,1225619]","{""semantic_component_batches"":1,""semantic_component_jobs"":2,""max_semantic_component_workers"":2,""inference_regions"":69,""canonical_specialization_queries"":16,""canonical_specialization_hits"":0,""solver_requested_bytes"":135776,""solver_allocations"":490,""scratch_requested_bytes"":214196,""scratch_allocations"":1001,""max_solver_live_bytes"":3264,""max_scratch_live_bytes"":4628,""evidence_import_solver_bytes"":0,""evidence_import_scratch_bytes"":4224,""snapshot_copy_bytes"":155984,""snapshot_copy_allocations"":12,""principal_copy_buffer_bytes"":10048,""principal_copy_buffer_allocations"":144,""frozen_capture_temporary_bytes"":0,""frozen_capture_published_bytes"":8192,""frozen_edge_scratch_bytes"":0,""region_scopes"":134,""max_region_scopes"":4,""call_collections_closed"":33,""call_collections_unresolved"":0,""call_memo_hits"":67,""solver_passes"":71,""solver_constraint_visits"":38,""occurs_steps"":0}"
wide128,restart,workers-4,"[4868,4989,5027,5144,5358,5467,5868]","[5766,5801,6013,6230,6345,7129,7258]",3954482,3729,1225619,0,"[3954482,3954482,3954482,3954482,3954482,3954482,3954482]","[1225619,1225619,1225619,1225619,1225619,1225619,1225619]","{""semantic_component_batches"":1,""semantic_component_jobs"":2,""max_semantic_component_workers"":2,""inference_regions"":69,""canonical_specialization_queries"":16,""canonical_specialization_hits"":0,""solver_requested_bytes"":135776,""solver_allocations"":490,""scratch_requested_bytes"":214196,""scratch_allocations"":1001,""max_solver_live_bytes"":3264,""max_scratch_live_bytes"":4628,""evidence_import_solver_bytes"":0,""evidence_import_scratch_bytes"":4224,""snapshot_copy_bytes"":155984,""snapshot_copy_allocations"":12,""principal_copy_buffer_bytes"":10048,""principal_copy_buffer_allocations"":144,""frozen_capture_temporary_bytes"":0,""frozen_capture_published_bytes"":8192,""frozen_edge_scratch_bytes"":0,""region_scopes"":134,""max_region_scopes"":4,""call_collections_closed"":33,""call_collections_unresolved"":0,""call_memo_hits"":67,""solver_passes"":71,""solver_constraint_visits"":38,""occurs_steps"":0}"
wide128,restart,workers-8,"[4755,4902,5125,5130,5409,5594,5968]","[5665,5714,5892,5892,6254,6307,6706]",3954482,3729,1225619,0,"[3954482,3954482,3954482,3954482,3954482,3954482,3954482]","[1225619,1225619,1225619,1225619,1225619,1225619,1225619]","{""semantic_component_batches"":1,""semantic_component_jobs"":2,""max_semantic_component_workers"":2,""inference_regions"":69,""canonical_specialization_queries"":16,""canonical_specialization_hits"":0,""solver_requested_bytes"":135776,""solver_allocations"":490,""scratch_requested_bytes"":214196,""scratch_allocations"":1001,""max_solver_live_bytes"":3264,""max_scratch_live_bytes"":4628,""evidence_import_solver_bytes"":0,""evidence_import_scratch_bytes"":4224,""snapshot_copy_bytes"":155984,""snapshot_copy_allocations"":12,""principal_copy_buffer_bytes"":10048,""principal_copy_buffer_allocations"":144,""frozen_capture_temporary_bytes"":0,""frozen_capture_published_bytes"":8192,""frozen_edge_scratch_bytes"":0,""region_scopes"":134,""max_region_scopes"":4,""call_collections_closed"":33,""call_collections_unresolved"":0,""call_memo_hits"":67,""solver_passes"":71,""solver_constraint_visits"":38,""occurs_steps"":0}"
dependency32,population,baseline,"[1682,1725,1728,1739,1762,2170,2676]","[1678,1715,1720,1734,1777,2165,2671]",1150599,1821,307188,217496,"[1150599,1150599,1150599,1150599,1150599,1150599,1150599]","[307188,307188,307188,307188,307188,307188,307188]","{""inference_regions"":8,""canonical_specialization_queries"":1,""canonical_specialization_hits"":0,""solver_requested_bytes"":13120,""solver_allocations"":58,""scratch_requested_bytes"":17636,""scratch_allocations"":91,""max_solver_live_bytes"":3264,""max_scratch_live_bytes"":2712,""evidence_import_solver_bytes"":0,""evidence_import_scratch_bytes"":384,""snapshot_copy_bytes"":2864,""snapshot_copy_allocations"":12,""principal_copy_buffer_bytes"":0,""principal_copy_buffer_allocations"":0,""frozen_capture_temporary_bytes"":0,""frozen_capture_published_bytes"":128,""frozen_edge_scratch_bytes"":0,""region_scopes"":13,""max_region_scopes"":4,""call_collections_closed"":2,""call_collections_unresolved"":0,""call_memo_hits"":5,""solver_passes"":14,""solver_constraint_visits"":9,""occurs_steps"":0}"
dependency32,population,default,"[1583,1587,1600,1611,1769,1834,1888]","[1576,1579,1593,1604,1762,1827,1880]",1150655,1821,307188,217496,"[1150655,1150655,1150655,1150655,1150655,1150655,1150655]","[307188,307188,307188,307188,307188,307188,307188]","{""semantic_component_batches"":0,""semantic_component_jobs"":0,""max_semantic_component_workers"":0,""inference_regions"":8,""canonical_specialization_queries"":1,""canonical_specialization_hits"":0,""solver_requested_bytes"":13120,""solver_allocations"":58,""scratch_requested_bytes"":17636,""scratch_allocations"":91,""max_solver_live_bytes"":3264,""max_scratch_live_bytes"":2712,""evidence_import_solver_bytes"":0,""evidence_import_scratch_bytes"":384,""snapshot_copy_bytes"":2864,""snapshot_copy_allocations"":12,""principal_copy_buffer_bytes"":0,""principal_copy_buffer_allocations"":0,""frozen_capture_temporary_bytes"":0,""frozen_capture_published_bytes"":128,""frozen_edge_scratch_bytes"":0,""region_scopes"":13,""max_region_scopes"":4,""call_collections_closed"":2,""call_collections_unresolved"":0,""call_memo_hits"":5,""solver_passes"":14,""solver_constraint_visits"":9,""occurs_steps"":0}"
dependency32,population,workers-1,"[1498,1513,1518,1531,1623,2004,4079]","[1490,1506,1511,1523,1614,1997,4072]",1195463,1849,307188,217496,"[1195463,1195463,1195463,1195463,1195463,1195463,1195463]","[307188,307188,307188,307188,307188,307188,307188]","{""semantic_component_batches"":1,""semantic_component_jobs"":2,""max_semantic_component_workers"":1,""inference_regions"":8,""canonical_specialization_queries"":1,""canonical_specialization_hits"":0,""solver_requested_bytes"":13120,""solver_allocations"":58,""scratch_requested_bytes"":17636,""scratch_allocations"":91,""max_solver_live_bytes"":3264,""max_scratch_live_bytes"":2712,""evidence_import_solver_bytes"":0,""evidence_import_scratch_bytes"":384,""snapshot_copy_bytes"":2864,""snapshot_copy_allocations"":12,""principal_copy_buffer_bytes"":0,""principal_copy_buffer_allocations"":0,""frozen_capture_temporary_bytes"":0,""frozen_capture_published_bytes"":128,""frozen_edge_scratch_bytes"":0,""region_scopes"":13,""max_region_scopes"":4,""call_collections_closed"":2,""call_collections_unresolved"":0,""call_memo_hits"":5,""solver_passes"":14,""solver_constraint_visits"":9,""occurs_steps"":0}"
dependency32,population,workers-2,"[1658,1802,1860,1867,2027,2138,3605]","[1616,1751,1799,1818,1946,2223,3520]",1247955,1855,307188,217496,"[1195463,1247955,1247955,1247955,1247955,1247955,1247955]","[307188,307188,307188,307188,307188,307188,307188]","{""semantic_component_batches"":1,""semantic_component_jobs"":2,""max_semantic_component_workers"":2,""inference_regions"":8,""canonical_specialization_queries"":1,""canonical_specialization_hits"":0,""solver_requested_bytes"":13120,""solver_allocations"":58,""scratch_requested_bytes"":17636,""scratch_allocations"":91,""max_solver_live_bytes"":3264,""max_scratch_live_bytes"":2712,""evidence_import_solver_bytes"":0,""evidence_import_scratch_bytes"":384,""snapshot_copy_bytes"":2864,""snapshot_copy_allocations"":12,""principal_copy_buffer_bytes"":0,""principal_copy_buffer_allocations"":0,""frozen_capture_temporary_bytes"":0,""frozen_capture_published_bytes"":128,""frozen_edge_scratch_bytes"":0,""region_scopes"":13,""max_region_scopes"":4,""call_collections_closed"":2,""call_collections_unresolved"":0,""call_memo_hits"":5,""solver_passes"":14,""solver_constraint_visits"":9,""occurs_steps"":0}"
dependency32,population,workers-4,"[1755,1787,1819,1836,1867,1906,2101]","[1697,1745,1776,1779,1821,1863,2069]",1247955,1855,307188,217496,"[1247955,1247955,1247955,1247955,1247955,1247955,1247955]","[307188,307188,307188,307188,307188,307188,307188]","{""semantic_component_batches"":1,""semantic_component_jobs"":2,""max_semantic_component_workers"":2,""inference_regions"":8,""canonical_specialization_queries"":1,""canonical_specialization_hits"":0,""solver_requested_bytes"":13120,""solver_allocations"":58,""scratch_requested_bytes"":17636,""scratch_allocations"":91,""max_solver_live_bytes"":3264,""max_scratch_live_bytes"":2712,""evidence_import_solver_bytes"":0,""evidence_import_scratch_bytes"":384,""snapshot_copy_bytes"":2864,""snapshot_copy_allocations"":12,""principal_copy_buffer_bytes"":0,""principal_copy_buffer_allocations"":0,""frozen_capture_temporary_bytes"":0,""frozen_capture_published_bytes"":128,""frozen_edge_scratch_bytes"":0,""region_scopes"":13,""max_region_scopes"":4,""call_collections_closed"":2,""call_collections_unresolved"":0,""call_memo_hits"":5,""solver_passes"":14,""solver_constraint_visits"":9,""occurs_steps"":0}"
dependency32,population,workers-8,"[1735,1747,1870,1920,2062,2120,2526]","[1663,1687,1824,1871,1979,2076,2460]",1247955,1855,307188,217496,"[1247955,1247955,1247955,1247955,1247955,1247955,1247955]","[307188,307188,307188,307188,307188,307188,307188]","{""semantic_component_batches"":1,""semantic_component_jobs"":2,""max_semantic_component_workers"":2,""inference_regions"":8,""canonical_specialization_queries"":1,""canonical_specialization_hits"":0,""solver_requested_bytes"":13120,""solver_allocations"":58,""scratch_requested_bytes"":17636,""scratch_allocations"":91,""max_solver_live_bytes"":3264,""max_scratch_live_bytes"":2712,""evidence_import_solver_bytes"":0,""evidence_import_scratch_bytes"":384,""snapshot_copy_bytes"":2864,""snapshot_copy_allocations"":12,""principal_copy_buffer_bytes"":0,""principal_copy_buffer_allocations"":0,""frozen_capture_temporary_bytes"":0,""frozen_capture_published_bytes"":128,""frozen_edge_scratch_bytes"":0,""region_scopes"":13,""max_region_scopes"":4,""call_collections_closed"":2,""call_collections_unresolved"":0,""call_memo_hits"":5,""solver_passes"":14,""solver_constraint_visits"":9,""occurs_steps"":0}"
dependency32,edit,baseline,"[886,890,897,911,913,913,913,914,915,919,919,919,920,922,922,923,923,924,925,927,928,929,929,929,930,930,930,931,931,932,933,933,933,934,934,934,935,935,937,938,940,940,941,941,942,942,946,946,947,950,951,952,954,954,955,957,958,960,962,963,964,965,966,967,968,971,973,975,980,981,982,983,984,984,987,989,989,990,994,998,999,1003,1004,1006,1008,1010,1013,1017,1018,1021,1022,1023,1028,1032,1032,1035,1038,1049,1052,1053,1056,1060,1062,1067,1068,1069,1070,1074,1084,1094,1098,1102,1115,1117,1119,1122,1128,1131,1138,1142,1163,1165,1177,1187,1192,1198,1200,1212,1235,1249,1260,1271,1278,1279,1302,1334,1513,1571,1876,2563]","[886,890,897,911,912,913,914,914,915,919,919,920,920,922,923,923,924,924,925,927,927,929,929,930,930,930,930,931,932,932,933,933,933,934,934,935,935,935,937,940,941,942,942,943,943,946,946,947,947,950,952,952,954,954,955,957,958,959,963,965,965,966,968,968,969,970,973,976,981,981,982,983,984,984,989,990,990,993,995,998,999,1003,1004,1006,1008,1011,1013,1018,1018,1022,1022,1027,1032,1032,1034,1035,1037,1049,1052,1053,1056,1060,1062,1067,1068,1069,1070,1074,1084,1094,1099,1103,1112,1116,1117,1119,1121,1128,1139,1142,1164,1164,1177,1187,1192,1200,1203,1213,1235,1261,1261,1271,1278,1299,1302,1334,1514,1581,1875,2563]",1149240.0,1945.0,524628.0,217592.0,"[1149240,1149240,1149240,1149240,1149240,1149240,1149240,1149240,1149240,1149240,1149240,1149240,1149240,1149240,1149240,1149240,1149240,1149240,1149240,1149240,1149240,1149240,1149240,1149240,1149240,1149240,1149240,1149240,1149240,1149240,1149240,1149240,1149240,1149240,1149240,1149240,1149240,1149240,1149240,1149240,1149240,1149240,1149240,1149240,1149240,1149240,1149240,1149240,1149240,1149240,1149240,1149240,1149240,1149240,1149240,1149240,1149240,1149240,1149240,1149240,1149240,1149240,1149240,1149240,1149240,1149240,1149240,1149240,1149240,1149240,1149240,1149240,1149240,1149240,1149240,1149240,1149240,1149240,1149240,1149240,1149240,1149240,1149240,1149240,1149240,1149240,1149240,1149240,1149240,1149240,1149240,1149240,1149240,1149240,1149240,1149240,1149240,1149240,1149240,1149240,1149240,1149240,1149240,1149240,1149240,1149240,1149240,1149240,1149240,1149240,1149240,1149240,1149240,1149240,1149240,1149240,1149240,1149240,1149240,1149240,1149240,1149240,1149240,1149240,1149240,1149240,1149240,1149240,1149240,1149240,1149240,1149240,1149240,1149240,1149240,1149240,1149240,1149240,1149240,1149240]","[524628,524628,524628,524628,524628,524628,524628,524628,524628,524628,524628,524628,524628,524628,524628,524628,524628,524628,524628,524628,524628,524628,524628,524628,524628,524628,524628,524628,524628,524628,524628,524628,524628,524628,524628,524628,524628,524628,524628,524628,524628,524628,524628,524628,524628,524628,524628,524628,524628,524628,524628,524628,524628,524628,524628,524628,524628,524628,524628,524628,524628,524628,524628,524628,524628,524628,524628,524628,524628,524628,524628,524628,524628,524628,524628,524628,524628,524628,524628,524628,524628,524628,524628,524628,524628,524628,524628,524628,524628,524628,524628,524628,524628,524628,524628,524628,524628,524628,524628,524628,524628,524628,524628,524628,524628,524628,524628,524628,524628,524628,524628,524628,524628,524628,524628,524628,524628,524628,524628,524628,524628,524628,524628,524628,524628,524628,524628,524628,524628,524628,524628,524628,524628,524628,524628,524628,524628,524628,524628,524628]","{""inference_regions"":7,""canonical_specialization_queries"":1,""canonical_specialization_hits"":0,""solver_requested_bytes"":11800,""solver_allocations"":51,""scratch_requested_bytes"":16612,""scratch_allocations"":85,""max_solver_live_bytes"":3264,""max_scratch_live_bytes"":2712,""evidence_import_solver_bytes"":0,""evidence_import_scratch_bytes"":384,""snapshot_copy_bytes"":2864,""snapshot_copy_allocations"":12,""principal_copy_buffer_bytes"":0,""principal_copy_buffer_allocations"":0,""frozen_capture_temporary_bytes"":0,""frozen_capture_published_bytes"":128,""frozen_edge_scratch_bytes"":0,""region_scopes"":11,""max_region_scopes"":4,""call_collections_closed"":2,""call_collections_unresolved"":0,""call_memo_hits"":5,""solver_passes"":13,""solver_constraint_visits"":9,""occurs_steps"":0}"
dependency32,edit,default,"[887,889,890,891,895,897,897,900,901,902,906,906,910,910,910,911,911,911,913,914,914,915,915,915,917,917,917,918,918,918,918,919,921,924,925,927,927,928,928,930,931,933,933,934,935,935,936,936,937,937,938,939,941,944,945,947,950,950,951,952,953,960,960,960,962,969,971,974,976,978,978,983,984,989,989,992,993,997,998,1000,1004,1005,1005,1009,1010,1018,1023,1025,1028,1031,1031,1033,1037,1043,1047,1052,1056,1059,1063,1072,1072,1074,1077,1078,1079,1083,1100,1102,1127,1136,1136,1148,1148,1150,1152,1156,1161,1174,1182,1190,1190,1201,1208,1215,1219,1232,1305,1312,1360,1408,1585,1616,1681,1716,1763,2456,2662,2944,3906,5480]","[887,889,890,892,896,897,897,900,901,903,906,906,910,911,911,911,911,912,913,914,914,915,915,915,917,917,917,918,919,919,919,919,921,924,925,927,927,928,928,930,931,932,933,933,935,935,937,937,938,938,939,939,941,945,947,949,951,951,951,952,959,960,960,960,963,969,971,974,977,978,983,984,990,991,992,992,993,997,999,1000,1005,1005,1005,1009,1010,1017,1023,1025,1029,1031,1031,1033,1038,1042,1047,1052,1056,1059,1063,1072,1073,1074,1078,1078,1079,1084,1100,1103,1126,1137,1137,1148,1149,1150,1152,1156,1161,1175,1182,1190,1190,1202,1208,1216,1220,1231,1306,1313,1360,1408,1585,1622,1682,1716,1770,2456,2666,2944,3906,5487]",1149296.0,1945.0,524628.0,217592.0,"[1149296,1149296,1149296,1149296,1149296,1149296,1149296,1149296,1149296,1149296,1149296,1149296,1149296,1149296,1149296,1149296,1149296,1149296,1149296,1149296,1149296,1149296,1149296,1149296,1149296,1149296,1149296,1149296,1149296,1149296,1149296,1149296,1149296,1149296,1149296,1149296,1149296,1149296,1149296,1149296,1149296,1149296,1149296,1149296,1149296,1149296,1149296,1149296,1149296,1149296,1149296,1149296,1149296,1149296,1149296,1149296,1149296,1149296,1149296,1149296,1149296,1149296,1149296,1149296,1149296,1149296,1149296,1149296,1149296,1149296,1149296,1149296,1149296,1149296,1149296,1149296,1149296,1149296,1149296,1149296,1149296,1149296,1149296,1149296,1149296,1149296,1149296,1149296,1149296,1149296,1149296,1149296,1149296,1149296,1149296,1149296,1149296,1149296,1149296,1149296,1149296,1149296,1149296,1149296,1149296,1149296,1149296,1149296,1149296,1149296,1149296,1149296,1149296,1149296,1149296,1149296,1149296,1149296,1149296,1149296,1149296,1149296,1149296,1149296,1149296,1149296,1149296,1149296,1149296,1149296,1149296,1149296,1149296,1149296,1149296,1149296,1149296,1149296,1149296,1149296]","[524628,524628,524628,524628,524628,524628,524628,524628,524628,524628,524628,524628,524628,524628,524628,524628,524628,524628,524628,524628,524628,524628,524628,524628,524628,524628,524628,524628,524628,524628,524628,524628,524628,524628,524628,524628,524628,524628,524628,524628,524628,524628,524628,524628,524628,524628,524628,524628,524628,524628,524628,524628,524628,524628,524628,524628,524628,524628,524628,524628,524628,524628,524628,524628,524628,524628,524628,524628,524628,524628,524628,524628,524628,524628,524628,524628,524628,524628,524628,524628,524628,524628,524628,524628,524628,524628,524628,524628,524628,524628,524628,524628,524628,524628,524628,524628,524628,524628,524628,524628,524628,524628,524628,524628,524628,524628,524628,524628,524628,524628,524628,524628,524628,524628,524628,524628,524628,524628,524628,524628,524628,524628,524628,524628,524628,524628,524628,524628,524628,524628,524628,524628,524628,524628,524628,524628,524628,524628,524628,524628]","{""semantic_component_batches"":0,""semantic_component_jobs"":0,""max_semantic_component_workers"":0,""inference_regions"":7,""canonical_specialization_queries"":1,""canonical_specialization_hits"":0,""solver_requested_bytes"":11800,""solver_allocations"":51,""scratch_requested_bytes"":16612,""scratch_allocations"":85,""max_solver_live_bytes"":3264,""max_scratch_live_bytes"":2712,""evidence_import_solver_bytes"":0,""evidence_import_scratch_bytes"":384,""snapshot_copy_bytes"":2864,""snapshot_copy_allocations"":12,""principal_copy_buffer_bytes"":0,""principal_copy_buffer_allocations"":0,""frozen_capture_temporary_bytes"":0,""frozen_capture_published_bytes"":128,""frozen_edge_scratch_bytes"":0,""region_scopes"":11,""max_region_scopes"":4,""call_collections_closed"":2,""call_collections_unresolved"":0,""call_memo_hits"":5,""solver_passes"":13,""solver_constraint_visits"":9,""occurs_steps"":0}"
dependency32,edit,workers-1,"[897,898,909,910,911,913,917,918,918,918,920,924,925,927,931,931,931,931,932,933,933,933,934,935,936,937,938,938,938,940,942,942,942,943,943,944,944,944,946,946,948,949,950,950,951,952,953,953,954,954,957,958,959,960,961,961,961,961,962,962,963,965,966,967,967,968,968,968,968,969,971,972,975,977,977,977,979,980,980,980,981,982,983,986,987,989,990,992,1004,1006,1012,1014,1014,1015,1019,1021,1021,1024,1027,1031,1032,1038,1038,1039,1039,1042,1044,1044,1044,1046,1049,1052,1052,1057,1063,1069,1069,1078,1079,1098,1104,1125,1128,1132,1144,1170,1176,1203,1207,1208,1209,1211,1238,1264,1387,1556,1643,1677,1748,6268]","[896,898,909,910,912,913,918,918,918,918,921,924,925,927,931,932,932,932,932,933,933,934,934,935,937,938,938,939,940,942,942,942,943,943,943,944,944,944,946,946,948,949,950,951,953,954,954,954,957,958,958,959,959,960,961,961,962,962,962,962,963,965,966,967,968,968,968,968,969,971,972,974,975,976,977,977,979,980,981,981,981,982,985,988,989,990,993,999,1006,1009,1011,1014,1015,1016,1019,1020,1021,1025,1027,1031,1032,1038,1038,1040,1041,1044,1045,1045,1046,1048,1052,1052,1057,1064,1064,1069,1069,1079,1079,1098,1104,1126,1129,1132,1144,1170,1176,1203,1207,1208,1212,1227,1238,1268,1387,1555,1643,1677,1748,6268]",1194448.0,1974.0,524628.0,217592.0,"[1194448,1194448,1194448,1194448,1194448,1194448,1194448,1194448,1194448,1194448,1194448,1194448,1194448,1194448,1194448,1194448,1194448,1194448,1194448,1194448,1194448,1194448,1194448,1194448,1194448,1194448,1194448,1194448,1194448,1194448,1194448,1194448,1194448,1194448,1194448,1194448,1194448,1194448,1194448,1194448,1194448,1194448,1194448,1194448,1194448,1194448,1194448,1194448,1194448,1194448,1194448,1194448,1194448,1194448,1194448,1194448,1194448,1194448,1194448,1194448,1194448,1194448,1194448,1194448,1194448,1194448,1194448,1194448,1194448,1194448,1194448,1194448,1194448,1194448,1194448,1194448,1194448,1194448,1194448,1194448,1194448,1194448,1194448,1194448,1194448,1194448,1194448,1194448,1194448,1194448,1194448,1194448,1194448,1194448,1194448,1194448,1194448,1194448,1194448,1194448,1194448,1194448,1194448,1194448,1194448,1194448,1194448,1194448,1194448,1194448,1194448,1194448,1194448,1194448,1194448,1194448,1194448,1194448,1194448,1194448,1194448,1194448,1194448,1194448,1194448,1194448,1194448,1194448,1194448,1194448,1194448,1194448,1194448,1194448,1194448,1194448,1194448,1194448,1194448,1194448]","[524628,524628,524628,524628,524628,524628,524628,524628,524628,524628,524628,524628,524628,524628,524628,524628,524628,524628,524628,524628,524628,524628,524628,524628,524628,524628,524628,524628,524628,524628,524628,524628,524628,524628,524628,524628,524628,524628,524628,524628,524628,524628,524628,524628,524628,524628,524628,524628,524628,524628,524628,524628,524628,524628,524628,524628,524628,524628,524628,524628,524628,524628,524628,524628,524628,524628,524628,524628,524628,524628,524628,524628,524628,524628,524628,524628,524628,524628,524628,524628,524628,524628,524628,524628,524628,524628,524628,524628,524628,524628,524628,524628,524628,524628,524628,524628,524628,524628,524628,524628,524628,524628,524628,524628,524628,524628,524628,524628,524628,524628,524628,524628,524628,524628,524628,524628,524628,524628,524628,524628,524628,524628,524628,524628,524628,524628,524628,524628,524628,524628,524628,524628,524628,524628,524628,524628,524628,524628,524628,524628]","{""semantic_component_batches"":1,""semantic_component_jobs"":2,""max_semantic_component_workers"":1,""inference_regions"":7,""canonical_specialization_queries"":1,""canonical_specialization_hits"":0,""solver_requested_bytes"":11800,""solver_allocations"":51,""scratch_requested_bytes"":16612,""scratch_allocations"":85,""max_solver_live_bytes"":3264,""max_scratch_live_bytes"":2712,""evidence_import_solver_bytes"":0,""evidence_import_scratch_bytes"":384,""snapshot_copy_bytes"":2864,""snapshot_copy_allocations"":12,""principal_copy_buffer_bytes"":0,""principal_copy_buffer_allocations"":0,""frozen_capture_temporary_bytes"":0,""frozen_capture_published_bytes"":128,""frozen_edge_scratch_bytes"":0,""region_scopes"":11,""max_region_scopes"":4,""call_collections_closed"":2,""call_collections_unresolved"":0,""call_memo_hits"":5,""solver_passes"":13,""solver_constraint_visits"":9,""occurs_steps"":0}"
dependency32,edit,workers-2,"[969,979,981,986,987,988,990,991,994,995,997,997,997,998,998,999,1001,1001,1002,1003,1003,1003,1005,1005,1006,1006,1007,1008,1008,1009,1009,1009,1009,1010,1010,1012,1012,1013,1018,1020,1023,1023,1024,1025,1026,1029,1031,1031,1033,1036,1036,1036,1037,1038,1038,1038,1039,1040,1041,1041,1042,1043,1044,1046,1049,1050,1050,1050,1053,1054,1054,1055,1056,1057,1059,1060,1066,1067,1070,1074,1076,1076,1077,1079,1081,1083,1085,1085,1086,1087,1091,1091,1091,1092,1097,1098,1099,1101,1102,1102,1104,1106,1115,1117,1118,1119,1134,1138,1140,1148,1158,1199,1214,1224,1234,1241,1242,1245,1254,1256,1258,1260,1263,1267,1268,1293,1309,1320,1388,1400,1405,1405,1464,1495,1508,1508,1639,1644,2116,2301]","[956,964,971,972,973,973,974,974,975,975,982,982,983,985,986,987,987,990,990,990,990,991,992,992,993,993,995,996,996,996,997,997,997,998,999,1000,1001,1002,1003,1007,1008,1010,1011,1012,1012,1015,1018,1018,1018,1018,1022,1022,1024,1024,1025,1026,1026,1026,1027,1032,1032,1032,1034,1034,1035,1036,1036,1037,1038,1038,1039,1040,1040,1041,1045,1046,1052,1052,1052,1054,1056,1060,1062,1063,1064,1065,1066,1067,1071,1075,1076,1076,1077,1079,1080,1084,1086,1087,1088,1091,1093,1106,1108,1109,1112,1114,1121,1125,1136,1144,1144,1187,1210,1211,1223,1225,1231,1231,1233,1238,1248,1249,1256,1256,1273,1273,1291,1337,1346,1365,1370,1392,1399,1451,1486,1497,1606,1624,2102,2287]",1246940.0,1980.0,524628.0,217592.0,"[1194448,1194448,1194448,1194448,1194448,1194448,1194448,1194448,1194448,1194448,1246940,1246940,1246940,1246940,1246940,1246940,1246940,1246940,1246940,1246940,1246940,1246940,1246940,1246940,1246940,1246940,1246940,1246940,1246940,1246940,1246940,1246940,1246940,1246940,1246940,1246940,1246940,1246940,1246940,1246940,1246940,1246940,1246940,1246940,1246940,1246940,1246940,1246940,1246940,1246940,1246940,1246940,1246940,1246940,1246940,1246940,1246940,1246940,1246940,1246940,1246940,1246940,1246940,1246940,1246940,1246940,1246940,1246940,1246940,1246940,1246940,1246940,1246940,1246940,1246940,1246940,1246940,1246940,1246940,1246940,1246940,1246940,1246940,1246940,1246940,1246940,1246940,1246940,1246940,1246940,1246940,1246940,1246940,1246940,1246940,1246940,1246940,1246940,1246940,1246940,1246940,1246940,1246940,1246940,1246940,1246940,1246940,1246940,1246940,1246940,1246940,1246940,1246940,1246940,1246940,1246940,1246940,1246940,1246940,1246940,1246940,1246940,1246940,1246940,1246940,1246940,1246940,1246940,1246940,1246940,1246940,1246940,1246940,1246940,1246940,1246940,1246940,1246940,1246940,1246940]","[524628,524628,524628,524628,524628,524628,524628,524628,524628,524628,524628,524628,524628,524628,524628,524628,524628,524628,524628,524628,524628,524628,524628,524628,524628,524628,524628,524628,524628,524628,524628,524628,524628,524628,524628,524628,524628,524628,524628,524628,524628,524628,524628,524628,524628,524628,524628,524628,524628,524628,524628,524628,524628,524628,524628,524628,524628,524628,524628,524628,524628,524628,524628,524628,524628,524628,524628,524628,524628,524628,524628,524628,524628,524628,524628,524628,524628,524628,524628,524628,524628,524628,524628,524628,524628,524628,524628,524628,524628,524628,524628,524628,524628,524628,524628,524628,524628,524628,524628,524628,524628,524628,524628,524628,524628,524628,524628,524628,524628,524628,524628,524628,524628,524628,524628,524628,524628,524628,524628,524628,524628,524628,524628,524628,524628,524628,524628,524628,524628,524628,524628,524628,524628,524628,524628,524628,524628,524628,524628,524628]","{""semantic_component_batches"":1,""semantic_component_jobs"":2,""max_semantic_component_workers"":2,""inference_regions"":7,""canonical_specialization_queries"":1,""canonical_specialization_hits"":0,""solver_requested_bytes"":11800,""solver_allocations"":51,""scratch_requested_bytes"":16612,""scratch_allocations"":85,""max_solver_live_bytes"":3264,""max_scratch_live_bytes"":2712,""evidence_import_solver_bytes"":0,""evidence_import_scratch_bytes"":384,""snapshot_copy_bytes"":2864,""snapshot_copy_allocations"":12,""principal_copy_buffer_bytes"":0,""principal_copy_buffer_allocations"":0,""frozen_capture_temporary_bytes"":0,""frozen_capture_published_bytes"":128,""frozen_edge_scratch_bytes"":0,""region_scopes"":11,""max_region_scopes"":4,""call_collections_closed"":2,""call_collections_unresolved"":0,""call_memo_hits"":5,""solver_passes"":13,""solver_constraint_visits"":9,""occurs_steps"":0}"
dependency32,edit,workers-4,"[968,969,971,982,983,984,984,985,986,987,987,988,988,990,991,991,992,992,993,994,994,995,998,999,999,999,999,1001,1001,1003,1003,1005,1005,1006,1007,1007,1008,1009,1011,1013,1013,1014,1015,1015,1015,1016,1016,1017,1017,1017,1019,1019,1020,1020,1021,1023,1026,1026,1027,1028,1029,1029,1030,1032,1032,1033,1034,1036,1041,1041,1043,1043,1043,1044,1044,1045,1045,1047,1047,1053,1054,1055,1056,1056,1062,1064,1065,1068,1074,1076,1078,1080,1080,1081,1082,1083,1085,1088,1089,1090,1090,1091,1092,1097,1097,1097,1103,1103,1106,1114,1116,1121,1122,1126,1132,1137,1144,1148,1149,1154,1156,1172,1175,1190,1199,1203,1230,1253,1290,1313,1320,1332,1335,1339,1371,1391,1405,1515,2414,2772]","[958,961,963,965,969,969,972,973,973,974,974,977,977,978,978,978,979,981,982,983,984,985,986,988,990,990,990,990,991,992,992,993,993,994,994,994,995,997,997,999,999,1001,1001,1001,1002,1003,1003,1005,1005,1007,1007,1008,1010,1010,1011,1013,1014,1014,1015,1015,1017,1017,1017,1020,1021,1022,1024,1025,1025,1028,1028,1031,1031,1032,1032,1037,1039,1040,1041,1043,1049,1050,1050,1055,1058,1061,1061,1063,1063,1064,1064,1065,1066,1067,1067,1071,1072,1073,1074,1076,1077,1079,1080,1081,1082,1085,1091,1092,1098,1101,1103,1103,1107,1110,1119,1123,1138,1139,1142,1147,1155,1164,1170,1176,1200,1211,1216,1242,1278,1304,1305,1321,1322,1327,1333,1385,1429,1513,2408,2769]",1246940.0,1980.0,524628.0,217592.0,"[1194448,1194448,1194448,1194448,1194448,1194448,1246940,1246940,1246940,1246940,1246940,1246940,1246940,1246940,1246940,1246940,1246940,1246940,1246940,1246940,1246940,1246940,1246940,1246940,1246940,1246940,1246940,1246940,1246940,1246940,1246940,1246940,1246940,1246940,1246940,1246940,1246940,1246940,1246940,1246940,1246940,1246940,1246940,1246940,1246940,1246940,1246940,1246940,1246940,1246940,1246940,1246940,1246940,1246940,1246940,1246940,1246940,1246940,1246940,1246940,1246940,1246940,1246940,1246940,1246940,1246940,1246940,1246940,1246940,1246940,1246940,1246940,1246940,1246940,1246940,1246940,1246940,1246940,1246940,1246940,1246940,1246940,1246940,1246940,1246940,1246940,1246940,1246940,1246940,1246940,1246940,1246940,1246940,1246940,1246940,1246940,1246940,1246940,1246940,1246940,1246940,1246940,1246940,1246940,1246940,1246940,1246940,1246940,1246940,1246940,1246940,1246940,1246940,1246940,1246940,1246940,1246940,1246940,1246940,1246940,1246940,1246940,1246940,1246940,1246940,1246940,1246940,1246940,1246940,1246940,1246940,1246940,1246940,1246940,1246940,1246940,1246940,1246940,1246940,1246940]","[524628,524628,524628,524628,524628,524628,524628,524628,524628,524628,524628,524628,524628,524628,524628,524628,524628,524628,524628,524628,524628,524628,524628,524628,524628,524628,524628,524628,524628,524628,524628,524628,524628,524628,524628,524628,524628,524628,524628,524628,524628,524628,524628,524628,524628,524628,524628,524628,524628,524628,524628,524628,524628,524628,524628,524628,524628,524628,524628,524628,524628,524628,524628,524628,524628,524628,524628,524628,524628,524628,524628,524628,524628,524628,524628,524628,524628,524628,524628,524628,524628,524628,524628,524628,524628,524628,524628,524628,524628,524628,524628,524628,524628,524628,524628,524628,524628,524628,524628,524628,524628,524628,524628,524628,524628,524628,524628,524628,524628,524628,524628,524628,524628,524628,524628,524628,524628,524628,524628,524628,524628,524628,524628,524628,524628,524628,524628,524628,524628,524628,524628,524628,524628,524628,524628,524628,524628,524628,524628,524628]","{""semantic_component_batches"":1,""semantic_component_jobs"":2,""max_semantic_component_workers"":2,""inference_regions"":7,""canonical_specialization_queries"":1,""canonical_specialization_hits"":0,""solver_requested_bytes"":11800,""solver_allocations"":51,""scratch_requested_bytes"":16612,""scratch_allocations"":85,""max_solver_live_bytes"":3264,""max_scratch_live_bytes"":2712,""evidence_import_solver_bytes"":0,""evidence_import_scratch_bytes"":384,""snapshot_copy_bytes"":2864,""snapshot_copy_allocations"":12,""principal_copy_buffer_bytes"":0,""principal_copy_buffer_allocations"":0,""frozen_capture_temporary_bytes"":0,""frozen_capture_published_bytes"":128,""frozen_edge_scratch_bytes"":0,""region_scopes"":11,""max_region_scopes"":4,""call_collections_closed"":2,""call_collections_unresolved"":0,""call_memo_hits"":5,""solver_passes"":13,""solver_constraint_visits"":9,""occurs_steps"":0}"
dependency32,edit,workers-8,"[961,962,969,971,976,979,986,991,992,994,994,995,998,998,999,1001,1001,1002,1003,1003,1003,1005,1006,1006,1006,1007,1007,1007,1008,1009,1010,1012,1012,1013,1015,1015,1016,1017,1018,1019,1021,1022,1023,1024,1025,1026,1028,1029,1029,1029,1030,1030,1031,1031,1032,1033,1036,1039,1041,1041,1043,1043,1044,1048,1048,1055,1058,1059,1060,1063,1063,1065,1070,1070,1071,1074,1074,1084,1086,1088,1088,1089,1092,1093,1096,1098,1099,1103,1105,1106,1108,1124,1124,1124,1125,1126,1128,1131,1132,1133,1133,1145,1157,1161,1161,1169,1169,1181,1182,1185,1185,1186,1189,1191,1203,1204,1227,1230,1232,1237,1237,1243,1254,1272,1277,1283,1290,1298,1307,1320,1331,1343,1349,1356,1357,1414,1415,1472,1489,1533]","[948,954,955,958,960,961,977,978,980,981,982,982,983,987,987,989,989,990,991,991,991,993,994,994,995,996,996,997,997,998,999,999,1000,1001,1003,1004,1004,1008,1009,1009,1011,1011,1012,1014,1014,1016,1017,1017,1017,1018,1019,1019,1020,1021,1021,1023,1025,1026,1028,1029,1029,1029,1032,1034,1035,1038,1044,1048,1050,1055,1055,1056,1059,1060,1060,1062,1066,1067,1073,1076,1077,1082,1082,1083,1087,1087,1088,1089,1093,1095,1102,1110,1113,1115,1116,1116,1119,1121,1123,1129,1131,1135,1145,1148,1149,1152,1155,1168,1170,1174,1174,1177,1179,1181,1185,1196,1198,1217,1218,1218,1226,1229,1237,1237,1241,1262,1273,1280,1295,1306,1326,1335,1343,1345,1348,1403,1420,1458,1476,1521]",1246940.0,1980.0,524628.0,217592.0,"[1194448,1194448,1246940,1246940,1246940,1246940,1246940,1246940,1246940,1246940,1246940,1246940,1246940,1246940,1246940,1246940,1246940,1246940,1246940,1246940,1246940,1246940,1246940,1246940,1246940,1246940,1246940,1246940,1246940,1246940,1246940,1246940,1246940,1246940,1246940,1246940,1246940,1246940,1246940,1246940,1246940,1246940,1246940,1246940,1246940,1246940,1246940,1246940,1246940,1246940,1246940,1246940,1246940,1246940,1246940,1246940,1246940,1246940,1246940,1246940,1246940,1246940,1246940,1246940,1246940,1246940,1246940,1246940,1246940,1246940,1246940,1246940,1246940,1246940,1246940,1246940,1246940,1246940,1246940,1246940,1246940,1246940,1246940,1246940,1246940,1246940,1246940,1246940,1246940,1246940,1246940,1246940,1246940,1246940,1246940,1246940,1246940,1246940,1246940,1246940,1246940,1246940,1246940,1246940,1246940,1246940,1246940,1246940,1246940,1246940,1246940,1246940,1246940,1246940,1246940,1246940,1246940,1246940,1246940,1246940,1246940,1246940,1246940,1246940,1246940,1246940,1246940,1246940,1246940,1246940,1246940,1246940,1246940,1246940,1246940,1246940,1246940,1246940,1246940,1246940]","[524628,524628,524628,524628,524628,524628,524628,524628,524628,524628,524628,524628,524628,524628,524628,524628,524628,524628,524628,524628,524628,524628,524628,524628,524628,524628,524628,524628,524628,524628,524628,524628,524628,524628,524628,524628,524628,524628,524628,524628,524628,524628,524628,524628,524628,524628,524628,524628,524628,524628,524628,524628,524628,524628,524628,524628,524628,524628,524628,524628,524628,524628,524628,524628,524628,524628,524628,524628,524628,524628,524628,524628,524628,524628,524628,524628,524628,524628,524628,524628,524628,524628,524628,524628,524628,524628,524628,524628,524628,524628,524628,524628,524628,524628,524628,524628,524628,524628,524628,524628,524628,524628,524628,524628,524628,524628,524628,524628,524628,524628,524628,524628,524628,524628,524628,524628,524628,524628,524628,524628,524628,524628,524628,524628,524628,524628,524628,524628,524628,524628,524628,524628,524628,524628,524628,524628,524628,524628,524628,524628]","{""semantic_component_batches"":1,""semantic_component_jobs"":2,""max_semantic_component_workers"":2,""inference_regions"":7,""canonical_specialization_queries"":1,""canonical_specialization_hits"":0,""solver_requested_bytes"":11800,""solver_allocations"":51,""scratch_requested_bytes"":16612,""scratch_allocations"":85,""max_solver_live_bytes"":3264,""max_scratch_live_bytes"":2712,""evidence_import_solver_bytes"":0,""evidence_import_scratch_bytes"":384,""snapshot_copy_bytes"":2864,""snapshot_copy_allocations"":12,""principal_copy_buffer_bytes"":0,""principal_copy_buffer_allocations"":0,""frozen_capture_temporary_bytes"":0,""frozen_capture_published_bytes"":128,""frozen_edge_scratch_bytes"":0,""region_scopes"":11,""max_region_scopes"":4,""call_collections_closed"":2,""call_collections_unresolved"":0,""call_memo_hits"":5,""solver_passes"":13,""solver_constraint_visits"":9,""occurs_steps"":0}"
dependency32,revert,baseline,"[899,900,917,920,929,929,930,931,935,935,936,936,937,939,940,940,942,942,943,943,944,944,945,945,946,946,949,949,950,951,951,952,953,954,954,955,956,957,957,959,959,963,965,966,966,967,967,969,970,971,972,974,974,977,978,978,982,983,984,984,987,987,988,988,989,990,995,995,998,1000,1003,1004,1005,1006,1006,1007,1008,1010,1016,1020,1021,1021,1024,1027,1030,1032,1036,1038,1040,1042,1044,1061,1066,1069,1069,1091,1094,1097,1099,1099,1117,1127,1129,1135,1140,1148,1153,1156,1156,1171,1178,1181,1189,1197,1208,1210,1220,1220,1225,1227,1237,1239,1249,1256,1259,1269,1294,1295,1299,1301,1305,1327,1360,1409,1441,1464,1516,1604,1753,1941]","[899,900,917,920,929,929,930,931,935,936,936,937,938,939,940,940,941,942,942,943,944,944,944,945,945,946,949,949,950,951,952,953,954,954,955,957,957,959,960,963,964,966,966,967,968,969,969,970,971,972,972,974,975,977,978,982,984,984,984,987,987,988,989,989,990,990,995,995,997,1001,1003,1004,1005,1006,1007,1007,1007,1011,1017,1020,1021,1021,1024,1027,1030,1033,1035,1038,1042,1044,1045,1062,1066,1068,1069,1091,1094,1097,1099,1100,1117,1127,1129,1135,1140,1148,1153,1156,1156,1171,1178,1181,1198,1202,1210,1220,1221,1226,1227,1228,1237,1239,1249,1256,1259,1270,1294,1295,1299,1301,1305,1327,1360,1408,1441,1463,1517,1604,1753,1940]",1149240.0,1945.0,524628.0,217592.0,"[1149240,1149240,1149240,1149240,1149240,1149240,1149240,1149240,1149240,1149240,1149240,1149240,1149240,1149240,1149240,1149240,1149240,1149240,1149240,1149240,1149240,1149240,1149240,1149240,1149240,1149240,1149240,1149240,1149240,1149240,1149240,1149240,1149240,1149240,1149240,1149240,1149240,1149240,1149240,1149240,1149240,1149240,1149240,1149240,1149240,1149240,1149240,1149240,1149240,1149240,1149240,1149240,1149240,1149240,1149240,1149240,1149240,1149240,1149240,1149240,1149240,1149240,1149240,1149240,1149240,1149240,1149240,1149240,1149240,1149240,1149240,1149240,1149240,1149240,1149240,1149240,1149240,1149240,1149240,1149240,1149240,1149240,1149240,1149240,1149240,1149240,1149240,1149240,1149240,1149240,1149240,1149240,1149240,1149240,1149240,1149240,1149240,1149240,1149240,1149240,1149240,1149240,1149240,1149240,1149240,1149240,1149240,1149240,1149240,1149240,1149240,1149240,1149240,1149240,1149240,1149240,1149240,1149240,1149240,1149240,1149240,1149240,1149240,1149240,1149240,1149240,1149240,1149240,1149240,1149240,1149240,1149240,1149240,1149240,1149240,1149240,1149240,1149240,1149240,1149240]","[524628,524628,524628,524628,524628,524628,524628,524628,524628,524628,524628,524628,524628,524628,524628,524628,524628,524628,524628,524628,524628,524628,524628,524628,524628,524628,524628,524628,524628,524628,524628,524628,524628,524628,524628,524628,524628,524628,524628,524628,524628,524628,524628,524628,524628,524628,524628,524628,524628,524628,524628,524628,524628,524628,524628,524628,524628,524628,524628,524628,524628,524628,524628,524628,524628,524628,524628,524628,524628,524628,524628,524628,524628,524628,524628,524628,524628,524628,524628,524628,524628,524628,524628,524628,524628,524628,524628,524628,524628,524628,524628,524628,524628,524628,524628,524628,524628,524628,524628,524628,524628,524628,524628,524628,524628,524628,524628,524628,524628,524628,524628,524628,524628,524628,524628,524628,524628,524628,524628,524628,524628,524628,524628,524628,524628,524628,524628,524628,524628,524628,524628,524628,524628,524628,524628,524628,524628,524628,524628,524628]","{""inference_regions"":7,""canonical_specialization_queries"":1,""canonical_specialization_hits"":0,""solver_requested_bytes"":11800,""solver_allocations"":51,""scratch_requested_bytes"":16612,""scratch_allocations"":85,""max_solver_live_bytes"":3264,""max_scratch_live_bytes"":2712,""evidence_import_solver_bytes"":0,""evidence_import_scratch_bytes"":384,""snapshot_copy_bytes"":2864,""snapshot_copy_allocations"":12,""principal_copy_buffer_bytes"":0,""principal_copy_buffer_allocations"":0,""frozen_capture_temporary_bytes"":0,""frozen_capture_published_bytes"":128,""frozen_edge_scratch_bytes"":0,""region_scopes"":11,""max_region_scopes"":4,""call_collections_closed"":2,""call_collections_unresolved"":0,""call_memo_hits"":5,""solver_passes"":13,""solver_constraint_visits"":9,""occurs_steps"":0}"
dependency32,revert,default,"[892,898,899,914,915,915,916,916,916,916,917,918,922,922,922,923,924,925,925,925,927,927,928,929,931,931,931,932,932,932,933,934,935,936,937,937,939,939,939,939,940,940,941,944,948,948,949,950,950,951,951,952,952,953,954,955,955,957,957,958,959,959,960,961,963,964,964,966,967,967,968,968,969,972,980,981,984,986,987,990,992,993,1000,1002,1003,1005,1011,1012,1016,1017,1018,1021,1022,1022,1027,1030,1032,1035,1036,1045,1050,1054,1056,1056,1061,1062,1068,1069,1069,1071,1075,1081,1081,1082,1105,1108,1114,1120,1136,1146,1198,1201,1206,1207,1215,1223,1237,1238,1239,1242,1285,1317,1325,1416,1593,1620,1808,1860,2226,2387]","[892,899,899,914,915,915,916,916,916,917,917,919,921,922,922,923,924,925,925,925,928,928,929,930,931,931,931,931,932,933,934,934,935,936,937,937,939,939,939,939,940,940,941,944,948,948,949,950,951,951,951,952,953,953,954,955,956,957,958,958,959,959,959,962,963,964,964,967,967,968,968,968,969,973,980,981,984,986,987,990,992,993,1000,1002,1003,1005,1012,1013,1016,1017,1017,1021,1022,1022,1027,1030,1032,1035,1037,1045,1050,1054,1056,1056,1060,1062,1068,1068,1069,1071,1076,1081,1081,1082,1105,1108,1113,1119,1146,1156,1199,1201,1206,1208,1213,1224,1237,1239,1239,1243,1285,1318,1325,1416,1599,1620,1808,1861,2226,2388]",1149296.0,1945.0,524628.0,217592.0,"[1149296,1149296,1149296,1149296,1149296,1149296,1149296,1149296,1149296,1149296,1149296,1149296,1149296,1149296,1149296,1149296,1149296,1149296,1149296,1149296,1149296,1149296,1149296,1149296,1149296,1149296,1149296,1149296,1149296,1149296,1149296,1149296,1149296,1149296,1149296,1149296,1149296,1149296,1149296,1149296,1149296,1149296,1149296,1149296,1149296,1149296,1149296,1149296,1149296,1149296,1149296,1149296,1149296,1149296,1149296,1149296,1149296,1149296,1149296,1149296,1149296,1149296,1149296,1149296,1149296,1149296,1149296,1149296,1149296,1149296,1149296,1149296,1149296,1149296,1149296,1149296,1149296,1149296,1149296,1149296,1149296,1149296,1149296,1149296,1149296,1149296,1149296,1149296,1149296,1149296,1149296,1149296,1149296,1149296,1149296,1149296,1149296,1149296,1149296,1149296,1149296,1149296,1149296,1149296,1149296,1149296,1149296,1149296,1149296,1149296,1149296,1149296,1149296,1149296,1149296,1149296,1149296,1149296,1149296,1149296,1149296,1149296,1149296,1149296,1149296,1149296,1149296,1149296,1149296,1149296,1149296,1149296,1149296,1149296,1149296,1149296,1149296,1149296,1149296,1149296]","[524628,524628,524628,524628,524628,524628,524628,524628,524628,524628,524628,524628,524628,524628,524628,524628,524628,524628,524628,524628,524628,524628,524628,524628,524628,524628,524628,524628,524628,524628,524628,524628,524628,524628,524628,524628,524628,524628,524628,524628,524628,524628,524628,524628,524628,524628,524628,524628,524628,524628,524628,524628,524628,524628,524628,524628,524628,524628,524628,524628,524628,524628,524628,524628,524628,524628,524628,524628,524628,524628,524628,524628,524628,524628,524628,524628,524628,524628,524628,524628,524628,524628,524628,524628,524628,524628,524628,524628,524628,524628,524628,524628,524628,524628,524628,524628,524628,524628,524628,524628,524628,524628,524628,524628,524628,524628,524628,524628,524628,524628,524628,524628,524628,524628,524628,524628,524628,524628,524628,524628,524628,524628,524628,524628,524628,524628,524628,524628,524628,524628,524628,524628,524628,524628,524628,524628,524628,524628,524628,524628]","{""semantic_component_batches"":0,""semantic_component_jobs"":0,""max_semantic_component_workers"":0,""inference_regions"":7,""canonical_specialization_queries"":1,""canonical_specialization_hits"":0,""solver_requested_bytes"":11800,""solver_allocations"":51,""scratch_requested_bytes"":16612,""scratch_allocations"":85,""max_solver_live_bytes"":3264,""max_scratch_live_bytes"":2712,""evidence_import_solver_bytes"":0,""evidence_import_scratch_bytes"":384,""snapshot_copy_bytes"":2864,""snapshot_copy_allocations"":12,""principal_copy_buffer_bytes"":0,""principal_copy_buffer_allocations"":0,""frozen_capture_temporary_bytes"":0,""frozen_capture_published_bytes"":128,""frozen_edge_scratch_bytes"":0,""region_scopes"":11,""max_region_scopes"":4,""call_collections_closed"":2,""call_collections_unresolved"":0,""call_memo_hits"":5,""solver_passes"":13,""solver_constraint_visits"":9,""occurs_steps"":0}"
dependency32,revert,workers-1,"[901,904,905,909,909,911,912,915,928,929,929,930,933,934,934,935,936,937,939,940,941,943,944,945,945,945,946,947,947,948,948,948,948,949,949,952,953,953,953,953,955,955,956,957,957,959,959,959,960,963,963,963,964,965,966,967,967,968,969,970,970,971,971,972,972,974,975,975,977,977,978,980,983,985,987,989,990,990,993,993,994,996,998,1000,1002,1007,1007,1008,1010,1014,1015,1016,1017,1018,1022,1023,1024,1025,1032,1033,1035,1035,1035,1038,1041,1046,1051,1052,1056,1060,1062,1065,1072,1074,1076,1082,1093,1095,1107,1107,1107,1114,1130,1157,1158,1159,1164,1165,1199,1209,1210,1225,1226,1227,1228,1240,1262,1287,1291,1532]","[901,904,906,909,909,912,912,915,928,929,930,930,933,935,935,935,937,937,939,940,940,942,944,945,945,946,946,947,947,948,948,948,949,949,950,953,953,953,953,954,954,955,956,957,957,958,959,959,963,963,963,964,965,966,967,967,968,969,970,970,971,971,971,972,975,977,978,978,978,979,979,983,986,989,990,991,991,993,993,998,999,1000,1001,1001,1002,1007,1007,1007,1010,1014,1014,1019,1021,1023,1024,1024,1026,1031,1032,1032,1035,1035,1036,1038,1041,1046,1052,1053,1056,1062,1065,1066,1072,1074,1076,1082,1093,1095,1107,1107,1108,1114,1130,1157,1158,1159,1164,1166,1198,1210,1210,1226,1227,1228,1239,1261,1286,1291,1429,1531]",1194448.0,1974.0,524628.0,217592.0,"[1194448,1194448,1194448,1194448,1194448,1194448,1194448,1194448,1194448,1194448,1194448,1194448,1194448,1194448,1194448,1194448,1194448,1194448,1194448,1194448,1194448,1194448,1194448,1194448,1194448,1194448,1194448,1194448,1194448,1194448,1194448,1194448,1194448,1194448,1194448,1194448,1194448,1194448,1194448,1194448,1194448,1194448,1194448,1194448,1194448,1194448,1194448,1194448,1194448,1194448,1194448,1194448,1194448,1194448,1194448,1194448,1194448,1194448,1194448,1194448,1194448,1194448,1194448,1194448,1194448,1194448,1194448,1194448,1194448,1194448,1194448,1194448,1194448,1194448,1194448,1194448,1194448,1194448,1194448,1194448,1194448,1194448,1194448,1194448,1194448,1194448,1194448,1194448,1194448,1194448,1194448,1194448,1194448,1194448,1194448,1194448,1194448,1194448,1194448,1194448,1194448,1194448,1194448,1194448,1194448,1194448,1194448,1194448,1194448,1194448,1194448,1194448,1194448,1194448,1194448,1194448,1194448,1194448,1194448,1194448,1194448,1194448,1194448,1194448,1194448,1194448,1194448,1194448,1194448,1194448,1194448,1194448,1194448,1194448,1194448,1194448,1194448,1194448,1194448,1194448]","[524628,524628,524628,524628,524628,524628,524628,524628,524628,524628,524628,524628,524628,524628,524628,524628,524628,524628,524628,524628,524628,524628,524628,524628,524628,524628,524628,524628,524628,524628,524628,524628,524628,524628,524628,524628,524628,524628,524628,524628,524628,524628,524628,524628,524628,524628,524628,524628,524628,524628,524628,524628,524628,524628,524628,524628,524628,524628,524628,524628,524628,524628,524628,524628,524628,524628,524628,524628,524628,524628,524628,524628,524628,524628,524628,524628,524628,524628,524628,524628,524628,524628,524628,524628,524628,524628,524628,524628,524628,524628,524628,524628,524628,524628,524628,524628,524628,524628,524628,524628,524628,524628,524628,524628,524628,524628,524628,524628,524628,524628,524628,524628,524628,524628,524628,524628,524628,524628,524628,524628,524628,524628,524628,524628,524628,524628,524628,524628,524628,524628,524628,524628,524628,524628,524628,524628,524628,524628,524628,524628]","{""semantic_component_batches"":1,""semantic_component_jobs"":2,""max_semantic_component_workers"":1,""inference_regions"":7,""canonical_specialization_queries"":1,""canonical_specialization_hits"":0,""solver_requested_bytes"":11800,""solver_allocations"":51,""scratch_requested_bytes"":16612,""scratch_allocations"":85,""max_solver_live_bytes"":3264,""max_scratch_live_bytes"":2712,""evidence_import_solver_bytes"":0,""evidence_import_scratch_bytes"":384,""snapshot_copy_bytes"":2864,""snapshot_copy_allocations"":12,""principal_copy_buffer_bytes"":0,""principal_copy_buffer_allocations"":0,""frozen_capture_temporary_bytes"":0,""frozen_capture_published_bytes"":128,""frozen_edge_scratch_bytes"":0,""region_scopes"":11,""max_region_scopes"":4,""call_collections_closed"":2,""call_collections_unresolved"":0,""call_memo_hits"":5,""solver_passes"":13,""solver_constraint_visits"":9,""occurs_steps"":0}"
dependency32,revert,workers-2,"[994,999,1002,1002,1005,1006,1007,1008,1009,1009,1010,1010,1011,1018,1019,1019,1020,1022,1022,1023,1024,1029,1030,1031,1033,1035,1036,1036,1037,1037,1037,1037,1038,1038,1038,1039,1040,1041,1042,1042,1043,1043,1043,1043,1043,1046,1046,1047,1048,1049,1049,1050,1052,1053,1053,1054,1054,1055,1056,1058,1059,1063,1064,1064,1066,1068,1068,1070,1070,1072,1072,1073,1073,1074,1074,1076,1077,1078,1080,1081,1084,1085,1085,1090,1090,1091,1092,1097,1099,1103,1103,1103,1103,1103,1113,1117,1126,1130,1130,1133,1135,1140,1144,1144,1146,1150,1153,1157,1158,1163,1172,1173,1174,1180,1181,1182,1187,1189,1199,1199,1200,1204,1211,1229,1231,1245,1265,1275,1295,1299,1304,1307,1372,1377,1387,1404,1439,1440,1458,2853]","[979,986,990,990,992,993,994,994,995,996,996,998,998,999,1004,1004,1005,1006,1007,1008,1009,1010,1012,1015,1017,1019,1020,1022,1023,1023,1024,1025,1025,1026,1027,1027,1027,1027,1028,1028,1028,1028,1029,1030,1031,1032,1034,1036,1036,1037,1038,1038,1039,1039,1040,1041,1044,1045,1046,1046,1047,1048,1049,1053,1056,1056,1057,1057,1058,1058,1059,1060,1060,1062,1065,1067,1068,1068,1071,1072,1074,1076,1077,1078,1083,1083,1085,1086,1086,1087,1090,1092,1097,1099,1101,1103,1108,1109,1113,1117,1120,1130,1130,1133,1134,1135,1135,1146,1146,1146,1149,1158,1158,1161,1165,1167,1175,1175,1177,1184,1186,1192,1197,1219,1223,1232,1256,1267,1279,1287,1288,1355,1356,1362,1379,1392,1426,1434,1852,2844]",1246940.0,1980.0,524628.0,217592.0,"[1194448,1194448,1194448,1194448,1194448,1194448,1194448,1246940,1246940,1246940,1246940,1246940,1246940,1246940,1246940,1246940,1246940,1246940,1246940,1246940,1246940,1246940,1246940,1246940,1246940,1246940,1246940,1246940,1246940,1246940,1246940,1246940,1246940,1246940,1246940,1246940,1246940,1246940,1246940,1246940,1246940,1246940,1246940,1246940,1246940,1246940,1246940,1246940,1246940,1246940,1246940,1246940,1246940,1246940,1246940,1246940,1246940,1246940,1246940,1246940,1246940,1246940,1246940,1246940,1246940,1246940,1246940,1246940,1246940,1246940,1246940,1246940,1246940,1246940,1246940,1246940,1246940,1246940,1246940,1246940,1246940,1246940,1246940,1246940,1246940,1246940,1246940,1246940,1246940,1246940,1246940,1246940,1246940,1246940,1246940,1246940,1246940,1246940,1246940,1246940,1246940,1246940,1246940,1246940,1246940,1246940,1246940,1246940,1246940,1246940,1246940,1246940,1246940,1246940,1246940,1246940,1246940,1246940,1246940,1246940,1246940,1246940,1246940,1246940,1246940,1246940,1246940,1246940,1246940,1246940,1246940,1246940,1246940,1246940,1246940,1246940,1246940,1246940,1246940,1246940]","[524628,524628,524628,524628,524628,524628,524628,524628,524628,524628,524628,524628,524628,524628,524628,524628,524628,524628,524628,524628,524628,524628,524628,524628,524628,524628,524628,524628,524628,524628,524628,524628,524628,524628,524628,524628,524628,524628,524628,524628,524628,524628,524628,524628,524628,524628,524628,524628,524628,524628,524628,524628,524628,524628,524628,524628,524628,524628,524628,524628,524628,524628,524628,524628,524628,524628,524628,524628,524628,524628,524628,524628,524628,524628,524628,524628,524628,524628,524628,524628,524628,524628,524628,524628,524628,524628,524628,524628,524628,524628,524628,524628,524628,524628,524628,524628,524628,524628,524628,524628,524628,524628,524628,524628,524628,524628,524628,524628,524628,524628,524628,524628,524628,524628,524628,524628,524628,524628,524628,524628,524628,524628,524628,524628,524628,524628,524628,524628,524628,524628,524628,524628,524628,524628,524628,524628,524628,524628,524628,524628]","{""semantic_component_batches"":1,""semantic_component_jobs"":2,""max_semantic_component_workers"":2,""inference_regions"":7,""canonical_specialization_queries"":1,""canonical_specialization_hits"":0,""solver_requested_bytes"":11800,""solver_allocations"":51,""scratch_requested_bytes"":16612,""scratch_allocations"":85,""max_solver_live_bytes"":3264,""max_scratch_live_bytes"":2712,""evidence_import_solver_bytes"":0,""evidence_import_scratch_bytes"":384,""snapshot_copy_bytes"":2864,""snapshot_copy_allocations"":12,""principal_copy_buffer_bytes"":0,""principal_copy_buffer_allocations"":0,""frozen_capture_temporary_bytes"":0,""frozen_capture_published_bytes"":128,""frozen_edge_scratch_bytes"":0,""region_scopes"":11,""max_region_scopes"":4,""call_collections_closed"":2,""call_collections_unresolved"":0,""call_memo_hits"":5,""solver_passes"":13,""solver_constraint_visits"":9,""occurs_steps"":0}"
dependency32,revert,workers-4,"[993,995,997,999,1000,1002,1004,1004,1004,1005,1005,1006,1008,1008,1009,1010,1010,1012,1013,1013,1013,1013,1015,1015,1015,1016,1017,1018,1019,1019,1019,1021,1021,1024,1025,1025,1026,1026,1027,1027,1028,1029,1029,1029,1032,1032,1032,1034,1035,1036,1036,1038,1040,1041,1043,1044,1044,1044,1044,1045,1046,1046,1046,1047,1051,1051,1051,1058,1059,1060,1061,1063,1063,1065,1067,1067,1067,1068,1072,1072,1073,1077,1078,1079,1084,1086,1087,1087,1095,1099,1099,1101,1101,1105,1107,1108,1111,1112,1118,1118,1129,1133,1133,1135,1137,1142,1147,1149,1152,1155,1159,1160,1161,1162,1164,1167,1167,1169,1183,1192,1195,1204,1210,1217,1217,1220,1241,1253,1253,1271,1284,1305,1309,1312,1320,1325,1361,1369,1452,2184]","[979,981,985,986,987,988,988,989,989,991,991,993,994,997,997,999,999,1000,1000,1000,1002,1002,1003,1003,1003,1003,1004,1005,1006,1007,1008,1009,1009,1011,1012,1013,1014,1014,1014,1014,1015,1015,1019,1021,1022,1022,1022,1024,1025,1025,1026,1029,1030,1030,1031,1032,1034,1034,1035,1036,1040,1043,1043,1046,1047,1048,1048,1048,1048,1049,1051,1051,1052,1052,1053,1057,1058,1058,1059,1060,1062,1064,1065,1067,1069,1074,1078,1082,1083,1083,1085,1086,1087,1089,1091,1091,1098,1102,1109,1109,1122,1122,1123,1128,1132,1134,1136,1138,1140,1145,1146,1148,1149,1150,1153,1157,1158,1166,1179,1192,1200,1200,1206,1206,1208,1227,1239,1248,1270,1287,1291,1292,1294,1307,1312,1346,1359,1439,1511,2171]",1246940.0,1980.0,524628.0,217592.0,"[1194448,1194448,1194448,1246940,1246940,1246940,1246940,1246940,1246940,1246940,1246940,1246940,1246940,1246940,1246940,1246940,1246940,1246940,1246940,1246940,1246940,1246940,1246940,1246940,1246940,1246940,1246940,1246940,1246940,1246940,1246940,1246940,1246940,1246940,1246940,1246940,1246940,1246940,1246940,1246940,1246940,1246940,1246940,1246940,1246940,1246940,1246940,1246940,1246940,1246940,1246940,1246940,1246940,1246940,1246940,1246940,1246940,1246940,1246940,1246940,1246940,1246940,1246940,1246940,1246940,1246940,1246940,1246940,1246940,1246940,1246940,1246940,1246940,1246940,1246940,1246940,1246940,1246940,1246940,1246940,1246940,1246940,1246940,1246940,1246940,1246940,1246940,1246940,1246940,1246940,1246940,1246940,1246940,1246940,1246940,1246940,1246940,1246940,1246940,1246940,1246940,1246940,1246940,1246940,1246940,1246940,1246940,1246940,1246940,1246940,1246940,1246940,1246940,1246940,1246940,1246940,1246940,1246940,1246940,1246940,1246940,1246940,1246940,1246940,1246940,1246940,1246940,1246940,1246940,1246940,1246940,1246940,1246940,1246940,1246940,1246940,1246940,1246940,1246940,1246940]","[524628,524628,524628,524628,524628,524628,524628,524628,524628,524628,524628,524628,524628,524628,524628,524628,524628,524628,524628,524628,524628,524628,524628,524628,524628,524628,524628,524628,524628,524628,524628,524628,524628,524628,524628,524628,524628,524628,524628,524628,524628,524628,524628,524628,524628,524628,524628,524628,524628,524628,524628,524628,524628,524628,524628,524628,524628,524628,524628,524628,524628,524628,524628,524628,524628,524628,524628,524628,524628,524628,524628,524628,524628,524628,524628,524628,524628,524628,524628,524628,524628,524628,524628,524628,524628,524628,524628,524628,524628,524628,524628,524628,524628,524628,524628,524628,524628,524628,524628,524628,524628,524628,524628,524628,524628,524628,524628,524628,524628,524628,524628,524628,524628,524628,524628,524628,524628,524628,524628,524628,524628,524628,524628,524628,524628,524628,524628,524628,524628,524628,524628,524628,524628,524628,524628,524628,524628,524628,524628,524628]","{""semantic_component_batches"":1,""semantic_component_jobs"":2,""max_semantic_component_workers"":2,""inference_regions"":7,""canonical_specialization_queries"":1,""canonical_specialization_hits"":0,""solver_requested_bytes"":11800,""solver_allocations"":51,""scratch_requested_bytes"":16612,""scratch_allocations"":85,""max_solver_live_bytes"":3264,""max_scratch_live_bytes"":2712,""evidence_import_solver_bytes"":0,""evidence_import_scratch_bytes"":384,""snapshot_copy_bytes"":2864,""snapshot_copy_allocations"":12,""principal_copy_buffer_bytes"":0,""principal_copy_buffer_allocations"":0,""frozen_capture_temporary_bytes"":0,""frozen_capture_published_bytes"":128,""frozen_edge_scratch_bytes"":0,""region_scopes"":11,""max_region_scopes"":4,""call_collections_closed"":2,""call_collections_unresolved"":0,""call_memo_hits"":5,""solver_passes"":13,""solver_constraint_visits"":9,""occurs_steps"":0}"
dependency32,revert,workers-8,"[1001,1002,1007,1009,1015,1015,1017,1019,1020,1021,1023,1024,1025,1025,1028,1030,1030,1032,1033,1033,1034,1035,1035,1035,1036,1039,1040,1041,1041,1042,1044,1046,1046,1046,1048,1049,1050,1050,1051,1053,1053,1057,1059,1060,1062,1062,1063,1064,1065,1066,1067,1070,1072,1073,1074,1077,1079,1083,1087,1089,1094,1095,1097,1098,1098,1102,1102,1102,1104,1107,1107,1107,1108,1108,1109,1117,1117,1117,1119,1122,1123,1125,1130,1131,1131,1131,1133,1134,1134,1136,1137,1140,1147,1148,1148,1150,1165,1168,1169,1174,1180,1181,1189,1191,1195,1198,1208,1208,1212,1216,1216,1229,1230,1253,1265,1271,1281,1288,1290,1294,1296,1308,1327,1328,1333,1344,1347,1361,1383,1393,1418,1420,1458,1459,1549,1570,1573,1589,2419,2439]","[987,993,996,998,1002,1003,1005,1006,1008,1009,1009,1012,1012,1015,1016,1019,1019,1020,1021,1022,1022,1022,1023,1024,1025,1026,1028,1029,1031,1032,1032,1033,1035,1035,1035,1036,1037,1038,1040,1040,1041,1047,1048,1048,1048,1048,1051,1055,1058,1058,1061,1062,1063,1064,1065,1066,1068,1073,1073,1078,1079,1083,1085,1085,1087,1088,1088,1089,1089,1091,1093,1095,1096,1098,1099,1101,1105,1109,1111,1112,1115,1115,1119,1119,1120,1121,1122,1122,1122,1123,1124,1126,1127,1128,1132,1134,1136,1138,1155,1158,1158,1165,1175,1179,1181,1184,1193,1196,1201,1204,1207,1218,1218,1232,1238,1257,1272,1277,1277,1278,1280,1280,1285,1315,1326,1332,1333,1347,1348,1372,1406,1408,1444,1464,1536,1555,1561,1566,2384,2426]",1246940.0,1980.0,524628.0,217592.0,"[1194448,1194448,1194448,1194448,1194448,1246940,1246940,1246940,1246940,1246940,1246940,1246940,1246940,1246940,1246940,1246940,1246940,1246940,1246940,1246940,1246940,1246940,1246940,1246940,1246940,1246940,1246940,1246940,1246940,1246940,1246940,1246940,1246940,1246940,1246940,1246940,1246940,1246940,1246940,1246940,1246940,1246940,1246940,1246940,1246940,1246940,1246940,1246940,1246940,1246940,1246940,1246940,1246940,1246940,1246940,1246940,1246940,1246940,1246940,1246940,1246940,1246940,1246940,1246940,1246940,1246940,1246940,1246940,1246940,1246940,1246940,1246940,1246940,1246940,1246940,1246940,1246940,1246940,1246940,1246940,1246940,1246940,1246940,1246940,1246940,1246940,1246940,1246940,1246940,1246940,1246940,1246940,1246940,1246940,1246940,1246940,1246940,1246940,1246940,1246940,1246940,1246940,1246940,1246940,1246940,1246940,1246940,1246940,1246940,1246940,1246940,1246940,1246940,1246940,1246940,1246940,1246940,1246940,1246940,1246940,1246940,1246940,1246940,1246940,1246940,1246940,1246940,1246940,1246940,1246940,1246940,1246940,1246940,1246940,1246940,1246940,1246940,1246940,1246940,1246940]","[524628,524628,524628,524628,524628,524628,524628,524628,524628,524628,524628,524628,524628,524628,524628,524628,524628,524628,524628,524628,524628,524628,524628,524628,524628,524628,524628,524628,524628,524628,524628,524628,524628,524628,524628,524628,524628,524628,524628,524628,524628,524628,524628,524628,524628,524628,524628,524628,524628,524628,524628,524628,524628,524628,524628,524628,524628,524628,524628,524628,524628,524628,524628,524628,524628,524628,524628,524628,524628,524628,524628,524628,524628,524628,524628,524628,524628,524628,524628,524628,524628,524628,524628,524628,524628,524628,524628,524628,524628,524628,524628,524628,524628,524628,524628,524628,524628,524628,524628,524628,524628,524628,524628,524628,524628,524628,524628,524628,524628,524628,524628,524628,524628,524628,524628,524628,524628,524628,524628,524628,524628,524628,524628,524628,524628,524628,524628,524628,524628,524628,524628,524628,524628,524628,524628,524628,524628,524628,524628,524628]","{""semantic_component_batches"":1,""semantic_component_jobs"":2,""max_semantic_component_workers"":2,""inference_regions"":7,""canonical_specialization_queries"":1,""canonical_specialization_hits"":0,""solver_requested_bytes"":11800,""solver_allocations"":51,""scratch_requested_bytes"":16612,""scratch_allocations"":85,""max_solver_live_bytes"":3264,""max_scratch_live_bytes"":2712,""evidence_import_solver_bytes"":0,""evidence_import_scratch_bytes"":384,""snapshot_copy_bytes"":2864,""snapshot_copy_allocations"":12,""principal_copy_buffer_bytes"":0,""principal_copy_buffer_allocations"":0,""frozen_capture_temporary_bytes"":0,""frozen_capture_published_bytes"":128,""frozen_edge_scratch_bytes"":0,""region_scopes"":11,""max_region_scopes"":4,""call_collections_closed"":2,""call_collections_unresolved"":0,""call_memo_hits"":5,""solver_passes"":13,""solver_constraint_visits"":9,""occurs_steps"":0}"
dependency32,noop,baseline,"[40,40,40,40,40,40,40,40,40,40,41,41,41,41,41,41,41,41,41,41,41,41,41,41,41,41,41,41,41,41,41,41,41,41,41,41,41,41,41,41,41,41,41,41,41,41,42,42,42,42,42,42,42,42,42,42,42,42,42,42,42,42,42,42,42,42,42,42,42,42,42,42,42,42,42,42,42,42,42,42,42,42,42,43,43,43,43,43,43,43,43,43,43,43,43,44,44,44,44,44,44,48,53,55,55,55,55,55,56,56,56,57,57,57,57,57,57,57,57,57,57,57,57,57,57,58,58,58,59,59,61,69,75,77,82,105,107,109,149,194]","[40,40,40,40,40,40,40,40,40,40,40,40,40,40,40,40,40,40,40,40,40,40,40,40,40,40,40,41,41,41,41,41,41,41,41,41,41,41,41,41,41,41,41,41,41,41,41,41,41,41,41,41,41,41,41,41,41,41,41,41,41,41,41,41,41,41,41,42,42,42,42,42,42,42,42,42,42,42,42,42,42,42,42,42,42,42,42,42,42,42,42,43,43,43,43,43,43,43,43,44,44,47,54,54,55,55,55,55,55,56,56,56,56,56,56,56,56,57,57,57,57,57,57,57,57,57,57,58,59,59,60,69,75,77,81,105,106,109,148,194]",19077.0,38.0,234520.0,217592.0,"[19077,19077,19077,19077,19077,19077,19077,19077,19077,19077,19077,19077,19077,19077,19077,19077,19077,19077,19077,19077,19077,19077,19077,19077,19077,19077,19077,19077,19077,19077,19077,19077,19077,19077,19077,19077,19077,19077,19077,19077,19077,19077,19077,19077,19077,19077,19077,19077,19077,19077,19077,19077,19077,19077,19077,19077,19077,19077,19077,19077,19077,19077,19077,19077,19077,19077,19077,19077,19077,19077,19077,19077,19077,19077,19077,19077,19077,19077,19077,19077,19077,19077,19077,19077,19077,19077,19077,19077,19077,19077,19077,19077,19077,19077,19077,19077,19077,19077,19077,19077,19077,19077,19077,19077,19077,19077,19077,19077,19077,19077,19077,19077,19077,19077,19077,19077,19077,19077,19077,19077,19077,19077,19077,19077,19077,19077,19077,19077,19077,19077,19077,19077,19077,19077,19077,19077,19077,19077,19077,19077]","[234520,234520,234520,234520,234520,234520,234520,234520,234520,234520,234520,234520,234520,234520,234520,234520,234520,234520,234520,234520,234520,234520,234520,234520,234520,234520,234520,234520,234520,234520,234520,234520,234520,234520,234520,234520,234520,234520,234520,234520,234520,234520,234520,234520,234520,234520,234520,234520,234520,234520,234520,234520,234520,234520,234520,234520,234520,234520,234520,234520,234520,234520,234520,234520,234520,234520,234520,234520,234520,234520,234520,234520,234520,234520,234520,234520,234520,234520,234520,234520,234520,234520,234520,234520,234520,234520,234520,234520,234520,234520,234520,234520,234520,234520,234520,234520,234520,234520,234520,234520,234520,234520,234520,234520,234520,234520,234520,234520,234520,234520,234520,234520,234520,234520,234520,234520,234520,234520,234520,234520,234520,234520,234520,234520,234520,234520,234520,234520,234520,234520,234520,234520,234520,234520,234520,234520,234520,234520,234520,234520]","{""inference_regions"":0,""canonical_specialization_queries"":0,""canonical_specialization_hits"":0,""solver_requested_bytes"":0,""solver_allocations"":0,""scratch_requested_bytes"":0,""scratch_allocations"":0,""max_solver_live_bytes"":0,""max_scratch_live_bytes"":0,""evidence_import_solver_bytes"":0,""evidence_import_scratch_bytes"":0,""snapshot_copy_bytes"":0,""snapshot_copy_allocations"":0,""principal_copy_buffer_bytes"":0,""principal_copy_buffer_allocations"":0,""frozen_capture_temporary_bytes"":0,""frozen_capture_published_bytes"":0,""frozen_edge_scratch_bytes"":0,""region_scopes"":0,""max_region_scopes"":0,""call_collections_closed"":0,""call_collections_unresolved"":0,""call_memo_hits"":0,""solver_passes"":0,""solver_constraint_visits"":0,""occurs_steps"":0}"
dependency32,noop,default,"[39,39,39,39,39,39,39,40,40,40,40,40,40,40,40,40,40,40,40,40,40,40,40,40,40,40,40,40,40,40,40,40,40,40,40,40,40,40,40,40,40,40,40,40,40,40,41,41,41,41,41,41,41,41,41,41,41,41,41,41,41,41,41,41,41,41,41,41,41,41,41,41,41,41,41,41,41,41,41,41,41,41,41,41,41,41,41,41,41,41,42,42,42,42,42,42,42,42,42,42,42,42,42,42,42,42,42,42,42,42,42,42,42,42,42,42,42,42,42,42,43,43,43,43,43,43,45,46,47,49,57,58,58,59,60,61,71,82,97,141]","[39,39,39,39,39,39,39,39,39,39,39,39,39,39,39,39,40,40,40,40,40,40,40,40,40,40,40,40,40,40,40,40,40,40,40,40,40,40,40,40,40,40,40,40,40,40,40,40,40,40,40,40,40,40,40,40,40,40,40,40,40,40,40,40,40,40,40,40,40,40,40,41,41,41,41,41,41,41,41,41,41,41,41,41,41,41,41,41,41,41,41,41,41,41,41,41,41,41,41,41,41,41,41,41,41,41,41,41,41,42,42,42,42,42,42,42,42,42,42,42,42,42,42,42,43,43,44,46,46,48,57,58,58,58,60,60,70,82,96,141]",19133.0,38.0,234576.0,217592.0,"[19133,19133,19133,19133,19133,19133,19133,19133,19133,19133,19133,19133,19133,19133,19133,19133,19133,19133,19133,19133,19133,19133,19133,19133,19133,19133,19133,19133,19133,19133,19133,19133,19133,19133,19133,19133,19133,19133,19133,19133,19133,19133,19133,19133,19133,19133,19133,19133,19133,19133,19133,19133,19133,19133,19133,19133,19133,19133,19133,19133,19133,19133,19133,19133,19133,19133,19133,19133,19133,19133,19133,19133,19133,19133,19133,19133,19133,19133,19133,19133,19133,19133,19133,19133,19133,19133,19133,19133,19133,19133,19133,19133,19133,19133,19133,19133,19133,19133,19133,19133,19133,19133,19133,19133,19133,19133,19133,19133,19133,19133,19133,19133,19133,19133,19133,19133,19133,19133,19133,19133,19133,19133,19133,19133,19133,19133,19133,19133,19133,19133,19133,19133,19133,19133,19133,19133,19133,19133,19133,19133]","[234576,234576,234576,234576,234576,234576,234576,234576,234576,234576,234576,234576,234576,234576,234576,234576,234576,234576,234576,234576,234576,234576,234576,234576,234576,234576,234576,234576,234576,234576,234576,234576,234576,234576,234576,234576,234576,234576,234576,234576,234576,234576,234576,234576,234576,234576,234576,234576,234576,234576,234576,234576,234576,234576,234576,234576,234576,234576,234576,234576,234576,234576,234576,234576,234576,234576,234576,234576,234576,234576,234576,234576,234576,234576,234576,234576,234576,234576,234576,234576,234576,234576,234576,234576,234576,234576,234576,234576,234576,234576,234576,234576,234576,234576,234576,234576,234576,234576,234576,234576,234576,234576,234576,234576,234576,234576,234576,234576,234576,234576,234576,234576,234576,234576,234576,234576,234576,234576,234576,234576,234576,234576,234576,234576,234576,234576,234576,234576,234576,234576,234576,234576,234576,234576,234576,234576,234576,234576,234576,234576]","{""semantic_component_batches"":0,""semantic_component_jobs"":0,""max_semantic_component_workers"":0,""inference_regions"":0,""canonical_specialization_queries"":0,""canonical_specialization_hits"":0,""solver_requested_bytes"":0,""solver_allocations"":0,""scratch_requested_bytes"":0,""scratch_allocations"":0,""max_solver_live_bytes"":0,""max_scratch_live_bytes"":0,""evidence_import_solver_bytes"":0,""evidence_import_scratch_bytes"":0,""snapshot_copy_bytes"":0,""snapshot_copy_allocations"":0,""principal_copy_buffer_bytes"":0,""principal_copy_buffer_allocations"":0,""frozen_capture_temporary_bytes"":0,""frozen_capture_published_bytes"":0,""frozen_edge_scratch_bytes"":0,""region_scopes"":0,""max_region_scopes"":0,""call_collections_closed"":0,""call_collections_unresolved"":0,""call_memo_hits"":0,""solver_passes"":0,""solver_constraint_visits"":0,""occurs_steps"":0}"
dependency32,noop,workers-1,"[39,39,39,39,39,40,40,40,40,40,40,40,40,40,40,40,40,40,40,40,40,40,40,40,40,40,40,40,40,41,41,41,41,41,41,41,41,41,41,41,41,41,41,41,41,41,41,41,41,41,41,41,41,41,41,41,41,41,41,41,41,41,41,41,41,41,41,41,41,41,41,41,41,41,41,41,41,41,41,42,42,42,42,42,42,42,42,42,42,42,42,42,42,42,42,42,42,42,42,42,42,43,43,43,43,43,43,43,43,43,43,44,44,44,44,45,46,46,49,50,58,58,58,59,59,59,60,60,60,61,66,66,72,75,75,91,134,162,224,259]","[39,39,39,39,39,39,39,39,39,39,39,39,40,40,40,40,40,40,40,40,40,40,40,40,40,40,40,40,40,40,40,40,40,40,40,40,40,40,40,40,40,40,40,40,40,40,40,40,40,40,40,40,40,40,40,41,41,41,41,41,41,41,41,41,41,41,41,41,41,41,41,41,41,41,41,41,41,41,41,41,41,41,41,41,41,41,41,41,41,41,41,41,41,41,41,41,41,42,42,42,42,42,42,42,42,42,42,42,42,43,43,43,43,43,43,44,46,46,49,49,57,58,58,58,59,59,59,60,60,61,66,66,72,74,75,91,133,161,223,259]",19133.0,38.0,234576.0,217592.0,"[19133,19133,19133,19133,19133,19133,19133,19133,19133,19133,19133,19133,19133,19133,19133,19133,19133,19133,19133,19133,19133,19133,19133,19133,19133,19133,19133,19133,19133,19133,19133,19133,19133,19133,19133,19133,19133,19133,19133,19133,19133,19133,19133,19133,19133,19133,19133,19133,19133,19133,19133,19133,19133,19133,19133,19133,19133,19133,19133,19133,19133,19133,19133,19133,19133,19133,19133,19133,19133,19133,19133,19133,19133,19133,19133,19133,19133,19133,19133,19133,19133,19133,19133,19133,19133,19133,19133,19133,19133,19133,19133,19133,19133,19133,19133,19133,19133,19133,19133,19133,19133,19133,19133,19133,19133,19133,19133,19133,19133,19133,19133,19133,19133,19133,19133,19133,19133,19133,19133,19133,19133,19133,19133,19133,19133,19133,19133,19133,19133,19133,19133,19133,19133,19133,19133,19133,19133,19133,19133,19133]","[234576,234576,234576,234576,234576,234576,234576,234576,234576,234576,234576,234576,234576,234576,234576,234576,234576,234576,234576,234576,234576,234576,234576,234576,234576,234576,234576,234576,234576,234576,234576,234576,234576,234576,234576,234576,234576,234576,234576,234576,234576,234576,234576,234576,234576,234576,234576,234576,234576,234576,234576,234576,234576,234576,234576,234576,234576,234576,234576,234576,234576,234576,234576,234576,234576,234576,234576,234576,234576,234576,234576,234576,234576,234576,234576,234576,234576,234576,234576,234576,234576,234576,234576,234576,234576,234576,234576,234576,234576,234576,234576,234576,234576,234576,234576,234576,234576,234576,234576,234576,234576,234576,234576,234576,234576,234576,234576,234576,234576,234576,234576,234576,234576,234576,234576,234576,234576,234576,234576,234576,234576,234576,234576,234576,234576,234576,234576,234576,234576,234576,234576,234576,234576,234576,234576,234576,234576,234576,234576,234576]","{""semantic_component_batches"":0,""semantic_component_jobs"":0,""max_semantic_component_workers"":0,""inference_regions"":0,""canonical_specialization_queries"":0,""canonical_specialization_hits"":0,""solver_requested_bytes"":0,""solver_allocations"":0,""scratch_requested_bytes"":0,""scratch_allocations"":0,""max_solver_live_bytes"":0,""max_scratch_live_bytes"":0,""evidence_import_solver_bytes"":0,""evidence_import_scratch_bytes"":0,""snapshot_copy_bytes"":0,""snapshot_copy_allocations"":0,""principal_copy_buffer_bytes"":0,""principal_copy_buffer_allocations"":0,""frozen_capture_temporary_bytes"":0,""frozen_capture_published_bytes"":0,""frozen_edge_scratch_bytes"":0,""region_scopes"":0,""max_region_scopes"":0,""call_collections_closed"":0,""call_collections_unresolved"":0,""call_memo_hits"":0,""solver_passes"":0,""solver_constraint_visits"":0,""occurs_steps"":0}"
dependency32,noop,workers-2,"[39,40,40,40,40,40,40,40,40,40,40,40,40,40,40,40,40,40,40,40,40,40,40,40,40,41,41,41,41,41,41,41,41,41,41,41,41,41,41,41,41,41,41,41,41,41,41,41,41,41,41,41,41,41,41,41,41,41,41,41,41,41,41,41,41,41,41,41,42,42,42,42,42,42,42,42,42,42,42,42,42,42,42,42,42,42,42,42,42,42,42,42,43,43,43,43,43,43,43,43,43,44,44,47,53,54,55,55,55,55,55,55,55,56,56,56,56,56,56,56,56,56,56,57,57,57,57,57,57,58,58,59,60,61,63,66,96,112,138,256]","[39,39,39,39,39,39,40,40,40,40,40,40,40,40,40,40,40,40,40,40,40,40,40,40,40,40,40,40,40,40,40,40,40,40,40,40,40,40,40,40,40,40,40,40,40,40,40,40,40,41,41,41,41,41,41,41,41,41,41,41,41,41,41,41,41,41,41,41,41,41,41,41,41,41,41,41,41,41,41,41,41,41,41,41,41,41,42,42,42,42,42,42,42,42,42,42,42,42,43,43,43,43,44,47,54,54,54,54,55,55,55,55,55,55,55,55,55,55,55,55,55,56,56,56,56,56,57,57,57,57,58,59,59,61,63,66,96,112,138,256]",19133.0,38.0,234576.0,217592.0,"[19133,19133,19133,19133,19133,19133,19133,19133,19133,19133,19133,19133,19133,19133,19133,19133,19133,19133,19133,19133,19133,19133,19133,19133,19133,19133,19133,19133,19133,19133,19133,19133,19133,19133,19133,19133,19133,19133,19133,19133,19133,19133,19133,19133,19133,19133,19133,19133,19133,19133,19133,19133,19133,19133,19133,19133,19133,19133,19133,19133,19133,19133,19133,19133,19133,19133,19133,19133,19133,19133,19133,19133,19133,19133,19133,19133,19133,19133,19133,19133,19133,19133,19133,19133,19133,19133,19133,19133,19133,19133,19133,19133,19133,19133,19133,19133,19133,19133,19133,19133,19133,19133,19133,19133,19133,19133,19133,19133,19133,19133,19133,19133,19133,19133,19133,19133,19133,19133,19133,19133,19133,19133,19133,19133,19133,19133,19133,19133,19133,19133,19133,19133,19133,19133,19133,19133,19133,19133,19133,19133]","[234576,234576,234576,234576,234576,234576,234576,234576,234576,234576,234576,234576,234576,234576,234576,234576,234576,234576,234576,234576,234576,234576,234576,234576,234576,234576,234576,234576,234576,234576,234576,234576,234576,234576,234576,234576,234576,234576,234576,234576,234576,234576,234576,234576,234576,234576,234576,234576,234576,234576,234576,234576,234576,234576,234576,234576,234576,234576,234576,234576,234576,234576,234576,234576,234576,234576,234576,234576,234576,234576,234576,234576,234576,234576,234576,234576,234576,234576,234576,234576,234576,234576,234576,234576,234576,234576,234576,234576,234576,234576,234576,234576,234576,234576,234576,234576,234576,234576,234576,234576,234576,234576,234576,234576,234576,234576,234576,234576,234576,234576,234576,234576,234576,234576,234576,234576,234576,234576,234576,234576,234576,234576,234576,234576,234576,234576,234576,234576,234576,234576,234576,234576,234576,234576,234576,234576,234576,234576,234576,234576]","{""semantic_component_batches"":0,""semantic_component_jobs"":0,""max_semantic_component_workers"":0,""inference_regions"":0,""canonical_specialization_queries"":0,""canonical_specialization_hits"":0,""solver_requested_bytes"":0,""solver_allocations"":0,""scratch_requested_bytes"":0,""scratch_allocations"":0,""max_solver_live_bytes"":0,""max_scratch_live_bytes"":0,""evidence_import_solver_bytes"":0,""evidence_import_scratch_bytes"":0,""snapshot_copy_bytes"":0,""snapshot_copy_allocations"":0,""principal_copy_buffer_bytes"":0,""principal_copy_buffer_allocations"":0,""frozen_capture_temporary_bytes"":0,""frozen_capture_published_bytes"":0,""frozen_edge_scratch_bytes"":0,""region_scopes"":0,""max_region_scopes"":0,""call_collections_closed"":0,""call_collections_unresolved"":0,""call_memo_hits"":0,""solver_passes"":0,""solver_constraint_visits"":0,""occurs_steps"":0}"
dependency32,noop,workers-4,"[39,39,39,40,40,40,40,40,40,40,40,40,40,40,40,40,40,40,40,40,40,40,40,40,40,40,40,40,40,40,41,41,41,41,41,41,41,41,41,41,41,41,41,41,41,41,41,41,41,41,41,41,41,41,41,41,41,41,41,41,41,41,41,41,41,41,41,41,41,41,41,41,41,41,41,41,41,41,41,41,41,41,41,41,41,41,41,42,42,42,42,42,42,42,42,42,42,42,42,42,42,42,42,42,42,42,42,42,42,42,42,42,42,42,42,42,42,42,42,43,43,43,43,44,44,44,45,45,52,55,56,59,67,79,81,84,93,94,110,161]","[39,39,39,39,39,39,39,39,39,39,39,39,39,39,39,40,40,40,40,40,40,40,40,40,40,40,40,40,40,40,40,40,40,40,40,40,40,40,40,40,40,40,40,40,40,40,40,40,40,40,40,40,40,40,40,40,40,40,40,40,41,41,41,41,41,41,41,41,41,41,41,41,41,41,41,41,41,41,41,41,41,41,41,41,41,41,41,41,41,41,41,41,41,41,41,41,41,41,41,41,41,41,41,41,41,41,41,41,41,42,42,42,42,42,42,42,42,42,42,42,42,43,43,43,43,44,44,44,51,54,55,58,67,78,80,84,93,94,109,161]",19133.0,38.0,234576.0,217592.0,"[19133,19133,19133,19133,19133,19133,19133,19133,19133,19133,19133,19133,19133,19133,19133,19133,19133,19133,19133,19133,19133,19133,19133,19133,19133,19133,19133,19133,19133,19133,19133,19133,19133,19133,19133,19133,19133,19133,19133,19133,19133,19133,19133,19133,19133,19133,19133,19133,19133,19133,19133,19133,19133,19133,19133,19133,19133,19133,19133,19133,19133,19133,19133,19133,19133,19133,19133,19133,19133,19133,19133,19133,19133,19133,19133,19133,19133,19133,19133,19133,19133,19133,19133,19133,19133,19133,19133,19133,19133,19133,19133,19133,19133,19133,19133,19133,19133,19133,19133,19133,19133,19133,19133,19133,19133,19133,19133,19133,19133,19133,19133,19133,19133,19133,19133,19133,19133,19133,19133,19133,19133,19133,19133,19133,19133,19133,19133,19133,19133,19133,19133,19133,19133,19133,19133,19133,19133,19133,19133,19133]","[234576,234576,234576,234576,234576,234576,234576,234576,234576,234576,234576,234576,234576,234576,234576,234576,234576,234576,234576,234576,234576,234576,234576,234576,234576,234576,234576,234576,234576,234576,234576,234576,234576,234576,234576,234576,234576,234576,234576,234576,234576,234576,234576,234576,234576,234576,234576,234576,234576,234576,234576,234576,234576,234576,234576,234576,234576,234576,234576,234576,234576,234576,234576,234576,234576,234576,234576,234576,234576,234576,234576,234576,234576,234576,234576,234576,234576,234576,234576,234576,234576,234576,234576,234576,234576,234576,234576,234576,234576,234576,234576,234576,234576,234576,234576,234576,234576,234576,234576,234576,234576,234576,234576,234576,234576,234576,234576,234576,234576,234576,234576,234576,234576,234576,234576,234576,234576,234576,234576,234576,234576,234576,234576,234576,234576,234576,234576,234576,234576,234576,234576,234576,234576,234576,234576,234576,234576,234576,234576,234576]","{""semantic_component_batches"":0,""semantic_component_jobs"":0,""max_semantic_component_workers"":0,""inference_regions"":0,""canonical_specialization_queries"":0,""canonical_specialization_hits"":0,""solver_requested_bytes"":0,""solver_allocations"":0,""scratch_requested_bytes"":0,""scratch_allocations"":0,""max_solver_live_bytes"":0,""max_scratch_live_bytes"":0,""evidence_import_solver_bytes"":0,""evidence_import_scratch_bytes"":0,""snapshot_copy_bytes"":0,""snapshot_copy_allocations"":0,""principal_copy_buffer_bytes"":0,""principal_copy_buffer_allocations"":0,""frozen_capture_temporary_bytes"":0,""frozen_capture_published_bytes"":0,""frozen_edge_scratch_bytes"":0,""region_scopes"":0,""max_region_scopes"":0,""call_collections_closed"":0,""call_collections_unresolved"":0,""call_memo_hits"":0,""solver_passes"":0,""solver_constraint_visits"":0,""occurs_steps"":0}"
dependency32,noop,workers-8,"[39,40,40,40,40,40,40,40,40,40,40,40,40,40,40,40,40,41,41,41,41,41,41,41,41,41,41,41,41,41,41,41,41,41,41,41,41,41,41,41,41,41,41,41,41,41,41,41,41,41,41,41,41,41,41,41,41,42,42,42,42,42,42,42,42,42,42,42,42,42,42,42,42,42,42,42,42,42,42,42,42,42,42,42,42,42,42,42,43,43,43,43,43,43,43,43,43,43,43,44,44,44,44,44,46,47,47,47,52,53,53,53,53,54,54,54,54,54,54,54,55,55,55,55,55,55,56,67,77,78,80,82,95,107,109,119,127,139,151,256]","[39,39,39,40,40,40,40,40,40,40,40,40,40,40,40,40,40,40,40,40,40,40,40,40,40,40,40,40,40,40,40,40,40,40,40,40,40,41,41,41,41,41,41,41,41,41,41,41,41,41,41,41,41,41,41,41,41,41,41,41,41,41,41,41,41,41,41,41,41,41,41,41,41,41,41,41,41,41,41,41,41,41,41,41,42,42,42,42,42,42,42,42,42,42,42,43,43,43,43,43,43,44,44,44,46,47,47,47,51,52,53,53,53,53,53,53,54,54,54,54,54,54,54,54,55,55,55,66,76,77,79,82,94,107,108,118,127,139,151,256]",19133.0,38.0,234576.0,217592.0,"[19133,19133,19133,19133,19133,19133,19133,19133,19133,19133,19133,19133,19133,19133,19133,19133,19133,19133,19133,19133,19133,19133,19133,19133,19133,19133,19133,19133,19133,19133,19133,19133,19133,19133,19133,19133,19133,19133,19133,19133,19133,19133,19133,19133,19133,19133,19133,19133,19133,19133,19133,19133,19133,19133,19133,19133,19133,19133,19133,19133,19133,19133,19133,19133,19133,19133,19133,19133,19133,19133,19133,19133,19133,19133,19133,19133,19133,19133,19133,19133,19133,19133,19133,19133,19133,19133,19133,19133,19133,19133,19133,19133,19133,19133,19133,19133,19133,19133,19133,19133,19133,19133,19133,19133,19133,19133,19133,19133,19133,19133,19133,19133,19133,19133,19133,19133,19133,19133,19133,19133,19133,19133,19133,19133,19133,19133,19133,19133,19133,19133,19133,19133,19133,19133,19133,19133,19133,19133,19133,19133]","[234576,234576,234576,234576,234576,234576,234576,234576,234576,234576,234576,234576,234576,234576,234576,234576,234576,234576,234576,234576,234576,234576,234576,234576,234576,234576,234576,234576,234576,234576,234576,234576,234576,234576,234576,234576,234576,234576,234576,234576,234576,234576,234576,234576,234576,234576,234576,234576,234576,234576,234576,234576,234576,234576,234576,234576,234576,234576,234576,234576,234576,234576,234576,234576,234576,234576,234576,234576,234576,234576,234576,234576,234576,234576,234576,234576,234576,234576,234576,234576,234576,234576,234576,234576,234576,234576,234576,234576,234576,234576,234576,234576,234576,234576,234576,234576,234576,234576,234576,234576,234576,234576,234576,234576,234576,234576,234576,234576,234576,234576,234576,234576,234576,234576,234576,234576,234576,234576,234576,234576,234576,234576,234576,234576,234576,234576,234576,234576,234576,234576,234576,234576,234576,234576,234576,234576,234576,234576,234576,234576]","{""semantic_component_batches"":0,""semantic_component_jobs"":0,""max_semantic_component_workers"":0,""inference_regions"":0,""canonical_specialization_queries"":0,""canonical_specialization_hits"":0,""solver_requested_bytes"":0,""solver_allocations"":0,""scratch_requested_bytes"":0,""scratch_allocations"":0,""max_solver_live_bytes"":0,""max_scratch_live_bytes"":0,""evidence_import_solver_bytes"":0,""evidence_import_scratch_bytes"":0,""snapshot_copy_bytes"":0,""snapshot_copy_allocations"":0,""principal_copy_buffer_bytes"":0,""principal_copy_buffer_allocations"":0,""frozen_capture_temporary_bytes"":0,""frozen_capture_published_bytes"":0,""frozen_edge_scratch_bytes"":0,""region_scopes"":0,""max_region_scopes"":0,""call_collections_closed"":0,""call_collections_unresolved"":0,""call_memo_hits"":0,""solver_passes"":0,""solver_constraint_visits"":0,""occurs_steps"":0}"
dependency32,fresh,baseline,"[1617,1635,1677,1731,1787,1802,2136]","[1972,1993,2058,2082,2160,2394,2476]",694219,1204,274576,0,"[694219,694219,694219,694219,694219,694219,694219]","[274576,274576,274576,274576,274576,274576,274576]","{""inference_regions"":8,""canonical_specialization_queries"":1,""canonical_specialization_hits"":0,""solver_requested_bytes"":13120,""solver_allocations"":58,""scratch_requested_bytes"":17636,""scratch_allocations"":91,""max_solver_live_bytes"":3264,""max_scratch_live_bytes"":2712,""evidence_import_solver_bytes"":0,""evidence_import_scratch_bytes"":384,""snapshot_copy_bytes"":0,""snapshot_copy_allocations"":0,""principal_copy_buffer_bytes"":0,""principal_copy_buffer_allocations"":0,""frozen_capture_temporary_bytes"":0,""frozen_capture_published_bytes"":128,""frozen_edge_scratch_bytes"":0,""region_scopes"":13,""max_region_scopes"":4,""call_collections_closed"":2,""call_collections_unresolved"":0,""call_memo_hits"":5,""solver_passes"":14,""solver_constraint_visits"":9,""occurs_steps"":0}"
dependency32,fresh,default,"[1602,1633,1673,1798,1946,2079,2784]","[1904,1982,2003,2103,2374,2377,3239]",694219,1204,274576,0,"[694219,694219,694219,694219,694219,694219,694219]","[274576,274576,274576,274576,274576,274576,274576]","{""semantic_component_batches"":0,""semantic_component_jobs"":0,""max_semantic_component_workers"":0,""inference_regions"":8,""canonical_specialization_queries"":1,""canonical_specialization_hits"":0,""solver_requested_bytes"":13120,""solver_allocations"":58,""scratch_requested_bytes"":17636,""scratch_allocations"":91,""max_solver_live_bytes"":3264,""max_scratch_live_bytes"":2712,""evidence_import_solver_bytes"":0,""evidence_import_scratch_bytes"":384,""snapshot_copy_bytes"":0,""snapshot_copy_allocations"":0,""principal_copy_buffer_bytes"":0,""principal_copy_buffer_allocations"":0,""frozen_capture_temporary_bytes"":0,""frozen_capture_published_bytes"":128,""frozen_edge_scratch_bytes"":0,""region_scopes"":13,""max_region_scopes"":4,""call_collections_closed"":2,""call_collections_unresolved"":0,""call_memo_hits"":5,""solver_passes"":14,""solver_constraint_visits"":9,""occurs_steps"":0}"
dependency32,fresh,workers-1,"[1647,1685,1696,1706,1733,1742,1967]","[1961,1998,2023,2244,2877,3132,3162]",739027,1232,274576,0,"[739027,739027,739027,739027,739027,739027,739027]","[274576,274576,274576,274576,274576,274576,274576]","{""semantic_component_batches"":1,""semantic_component_jobs"":2,""max_semantic_component_workers"":1,""inference_regions"":8,""canonical_specialization_queries"":1,""canonical_specialization_hits"":0,""solver_requested_bytes"":13120,""solver_allocations"":58,""scratch_requested_bytes"":17636,""scratch_allocations"":91,""max_solver_live_bytes"":3264,""max_scratch_live_bytes"":2712,""evidence_import_solver_bytes"":0,""evidence_import_scratch_bytes"":384,""snapshot_copy_bytes"":0,""snapshot_copy_allocations"":0,""principal_copy_buffer_bytes"":0,""principal_copy_buffer_allocations"":0,""frozen_capture_temporary_bytes"":0,""frozen_capture_published_bytes"":128,""frozen_edge_scratch_bytes"":0,""region_scopes"":13,""max_region_scopes"":4,""call_collections_closed"":2,""call_collections_unresolved"":0,""call_memo_hits"":5,""solver_passes"":14,""solver_constraint_visits"":9,""occurs_steps"":0}"
dependency32,fresh,workers-2,"[1817,2028,2060,2073,2118,2263,2322]","[2121,2330,2394,2552,2733,3404,3927]",791519,1238,274576,0,"[739027,791519,791519,791519,791519,791519,791519]","[274576,274576,274576,274576,274576,274576,274576]","{""semantic_component_batches"":1,""semantic_component_jobs"":2,""max_semantic_component_workers"":2,""inference_regions"":8,""canonical_specialization_queries"":1,""canonical_specialization_hits"":0,""solver_requested_bytes"":13120,""solver_allocations"":58,""scratch_requested_bytes"":17636,""scratch_allocations"":91,""max_solver_live_bytes"":3264,""max_scratch_live_bytes"":2712,""evidence_import_solver_bytes"":0,""evidence_import_scratch_bytes"":384,""snapshot_copy_bytes"":0,""snapshot_copy_allocations"":0,""principal_copy_buffer_bytes"":0,""principal_copy_buffer_allocations"":0,""frozen_capture_temporary_bytes"":0,""frozen_capture_published_bytes"":128,""frozen_edge_scratch_bytes"":0,""region_scopes"":13,""max_region_scopes"":4,""call_collections_closed"":2,""call_collections_unresolved"":0,""call_memo_hits"":5,""solver_passes"":14,""solver_constraint_visits"":9,""occurs_steps"":0}"
dependency32,fresh,workers-4,"[1901,1918,1990,2037,2040,2086,2119]","[2187,2219,2367,2381,2387,2418,2463]",791519,1238,274576,0,"[791519,791519,791519,791519,791519,791519,791519]","[274576,274576,274576,274576,274576,274576,274576]","{""semantic_component_batches"":1,""semantic_component_jobs"":2,""max_semantic_component_workers"":2,""inference_regions"":8,""canonical_specialization_queries"":1,""canonical_specialization_hits"":0,""solver_requested_bytes"":13120,""solver_allocations"":58,""scratch_requested_bytes"":17636,""scratch_allocations"":91,""max_solver_live_bytes"":3264,""max_scratch_live_bytes"":2712,""evidence_import_solver_bytes"":0,""evidence_import_scratch_bytes"":384,""snapshot_copy_bytes"":0,""snapshot_copy_allocations"":0,""principal_copy_buffer_bytes"":0,""principal_copy_buffer_allocations"":0,""frozen_capture_temporary_bytes"":0,""frozen_capture_published_bytes"":128,""frozen_edge_scratch_bytes"":0,""region_scopes"":13,""max_region_scopes"":4,""call_collections_closed"":2,""call_collections_unresolved"":0,""call_memo_hits"":5,""solver_passes"":14,""solver_constraint_visits"":9,""occurs_steps"":0}"
dependency32,fresh,workers-8,"[1723,1924,1924,1933,1959,2163,2317]","[1950,2166,2252,2308,2399,2576,2641]",791519,1238,274576,0,"[791519,791519,791519,791519,791519,791519,791519]","[274576,274576,274576,274576,274576,274576,274576]","{""semantic_component_batches"":1,""semantic_component_jobs"":2,""max_semantic_component_workers"":2,""inference_regions"":8,""canonical_specialization_queries"":1,""canonical_specialization_hits"":0,""solver_requested_bytes"":13120,""solver_allocations"":58,""scratch_requested_bytes"":17636,""scratch_allocations"":91,""max_solver_live_bytes"":3264,""max_scratch_live_bytes"":2712,""evidence_import_solver_bytes"":0,""evidence_import_scratch_bytes"":384,""snapshot_copy_bytes"":0,""snapshot_copy_allocations"":0,""principal_copy_buffer_bytes"":0,""principal_copy_buffer_allocations"":0,""frozen_capture_temporary_bytes"":0,""frozen_capture_published_bytes"":128,""frozen_edge_scratch_bytes"":0,""region_scopes"":13,""max_region_scopes"":4,""call_collections_closed"":2,""call_collections_unresolved"":0,""call_memo_hits"":5,""solver_passes"":14,""solver_constraint_visits"":9,""occurs_steps"":0}"
dependency32,cache_population,baseline,"[1916,1948,1994,2095,2151,2176,2233]","[3424,3463,3497,3682,3735,4109,8009]",967664,1342,274576,0,"[967664,967664,967664,967664,967664,967664,967664]","[274576,274576,274576,274576,274576,274576,274576]","{""inference_regions"":8,""canonical_specialization_queries"":1,""canonical_specialization_hits"":0,""solver_requested_bytes"":13120,""solver_allocations"":58,""scratch_requested_bytes"":17636,""scratch_allocations"":91,""max_solver_live_bytes"":3264,""max_scratch_live_bytes"":2712,""evidence_import_solver_bytes"":0,""evidence_import_scratch_bytes"":384,""snapshot_copy_bytes"":2864,""snapshot_copy_allocations"":12,""principal_copy_buffer_bytes"":0,""principal_copy_buffer_allocations"":0,""frozen_capture_temporary_bytes"":0,""frozen_capture_published_bytes"":128,""frozen_edge_scratch_bytes"":0,""region_scopes"":13,""max_region_scopes"":4,""call_collections_closed"":2,""call_collections_unresolved"":0,""call_memo_hits"":5,""solver_passes"":14,""solver_constraint_visits"":9,""occurs_steps"":0}"
dependency32,cache_population,default,"[1900,1963,1983,2195,2839,3555,3878]","[3149,3468,3553,4520,4581,5415,6930]",967662,1342,274576,0,"[967662,967662,967662,967662,967662,967662,967662]","[274576,274576,274576,274576,274576,274576,274576]","{""semantic_component_batches"":0,""semantic_component_jobs"":0,""max_semantic_component_workers"":0,""inference_regions"":8,""canonical_specialization_queries"":1,""canonical_specialization_hits"":0,""solver_requested_bytes"":13120,""solver_allocations"":58,""scratch_requested_bytes"":17636,""scratch_allocations"":91,""max_solver_live_bytes"":3264,""max_scratch_live_bytes"":2712,""evidence_import_solver_bytes"":0,""evidence_import_scratch_bytes"":384,""snapshot_copy_bytes"":2864,""snapshot_copy_allocations"":12,""principal_copy_buffer_bytes"":0,""principal_copy_buffer_allocations"":0,""frozen_capture_temporary_bytes"":0,""frozen_capture_published_bytes"":128,""frozen_edge_scratch_bytes"":0,""region_scopes"":13,""max_region_scopes"":4,""call_collections_closed"":2,""call_collections_unresolved"":0,""call_memo_hits"":5,""solver_passes"":14,""solver_constraint_visits"":9,""occurs_steps"":0}"
dependency32,cache_population,workers-1,"[1982,1992,2003,2021,2169,2258,2814]","[3264,3390,3496,3984,4029,5536,9653]",1012474,1370,274576,0,"[1012474,1012474,1012474,1012474,1012474,1012474,1012474]","[274576,274576,274576,274576,274576,274576,274576]","{""semantic_component_batches"":1,""semantic_component_jobs"":2,""max_semantic_component_workers"":1,""inference_regions"":8,""canonical_specialization_queries"":1,""canonical_specialization_hits"":0,""solver_requested_bytes"":13120,""solver_allocations"":58,""scratch_requested_bytes"":17636,""scratch_allocations"":91,""max_solver_live_bytes"":3264,""max_scratch_live_bytes"":2712,""evidence_import_solver_bytes"":0,""evidence_import_scratch_bytes"":384,""snapshot_copy_bytes"":2864,""snapshot_copy_allocations"":12,""principal_copy_buffer_bytes"":0,""principal_copy_buffer_allocations"":0,""frozen_capture_temporary_bytes"":0,""frozen_capture_published_bytes"":128,""frozen_edge_scratch_bytes"":0,""region_scopes"":13,""max_region_scopes"":4,""call_collections_closed"":2,""call_collections_unresolved"":0,""call_memo_hits"":5,""solver_passes"":14,""solver_constraint_visits"":9,""occurs_steps"":0}"
dependency32,cache_population,workers-2,"[2085,2224,2283,2526,2572,2585,5701]","[3611,3881,4013,4210,4284,4350,7258]",1064966,1376,274576,0,"[1064966,1064966,1064966,1064966,1064966,1064966,1064966]","[274576,274576,274576,274576,274576,274576,274576]","{""semantic_component_batches"":1,""semantic_component_jobs"":2,""max_semantic_component_workers"":2,""inference_regions"":8,""canonical_specialization_queries"":1,""canonical_specialization_hits"":0,""solver_requested_bytes"":13120,""solver_allocations"":58,""scratch_requested_bytes"":17636,""scratch_allocations"":91,""max_solver_live_bytes"":3264,""max_scratch_live_bytes"":2712,""evidence_import_solver_bytes"":0,""evidence_import_scratch_bytes"":384,""snapshot_copy_bytes"":2864,""snapshot_copy_allocations"":12,""principal_copy_buffer_bytes"":0,""principal_copy_buffer_allocations"":0,""frozen_capture_temporary_bytes"":0,""frozen_capture_published_bytes"":128,""frozen_edge_scratch_bytes"":0,""region_scopes"":13,""max_region_scopes"":4,""call_collections_closed"":2,""call_collections_unresolved"":0,""call_memo_hits"":5,""solver_passes"":14,""solver_constraint_visits"":9,""occurs_steps"":0}"
dependency32,cache_population,workers-4,"[2274,2318,2318,2324,2335,2482,2804]","[3761,3880,3955,4096,4428,5599,7362]",1064966,1376,274576,0,"[1064966,1064966,1064966,1064966,1064966,1064966,1064966]","[274576,274576,274576,274576,274576,274576,274576]","{""semantic_component_batches"":1,""semantic_component_jobs"":2,""max_semantic_component_workers"":2,""inference_regions"":8,""canonical_specialization_queries"":1,""canonical_specialization_hits"":0,""solver_requested_bytes"":13120,""solver_allocations"":58,""scratch_requested_bytes"":17636,""scratch_allocations"":91,""max_solver_live_bytes"":3264,""max_scratch_live_bytes"":2712,""evidence_import_solver_bytes"":0,""evidence_import_scratch_bytes"":384,""snapshot_copy_bytes"":2864,""snapshot_copy_allocations"":12,""principal_copy_buffer_bytes"":0,""principal_copy_buffer_allocations"":0,""frozen_capture_temporary_bytes"":0,""frozen_capture_published_bytes"":128,""frozen_edge_scratch_bytes"":0,""region_scopes"":13,""max_region_scopes"":4,""call_collections_closed"":2,""call_collections_unresolved"":0,""call_memo_hits"":5,""solver_passes"":14,""solver_constraint_visits"":9,""occurs_steps"":0}"
dependency32,cache_population,workers-8,"[2123,2196,2212,2232,2234,2254,2522]","[3750,3845,3923,4002,4049,4094,4122]",1064966,1376,274576,0,"[1064966,1064966,1064966,1064966,1064966,1064966,1064966]","[274576,274576,274576,274576,274576,274576,274576]","{""semantic_component_batches"":1,""semantic_component_jobs"":2,""max_semantic_component_workers"":2,""inference_regions"":8,""canonical_specialization_queries"":1,""canonical_specialization_hits"":0,""solver_requested_bytes"":13120,""solver_allocations"":58,""scratch_requested_bytes"":17636,""scratch_allocations"":91,""max_solver_live_bytes"":3264,""max_scratch_live_bytes"":2712,""evidence_import_solver_bytes"":0,""evidence_import_scratch_bytes"":384,""snapshot_copy_bytes"":2864,""snapshot_copy_allocations"":12,""principal_copy_buffer_bytes"":0,""principal_copy_buffer_allocations"":0,""frozen_capture_temporary_bytes"":0,""frozen_capture_published_bytes"":128,""frozen_edge_scratch_bytes"":0,""region_scopes"":13,""max_region_scopes"":4,""call_collections_closed"":2,""call_collections_unresolved"":0,""call_memo_hits"":5,""solver_passes"":14,""solver_constraint_visits"":9,""occurs_steps"":0}"
dependency32,restart,baseline,"[1711,1782,1829,1882,1972,2132,2325]","[2281,2386,2540,2562,2665,2977,3261]",1005512,1395,274576,0,"[1005512,1005512,1005512,1005512,1005512,1005512,1005512]","[274576,274576,274576,274576,274576,274576,274576]","{""inference_regions"":8,""canonical_specialization_queries"":1,""canonical_specialization_hits"":0,""solver_requested_bytes"":13120,""solver_allocations"":58,""scratch_requested_bytes"":17636,""scratch_allocations"":91,""max_solver_live_bytes"":3264,""max_scratch_live_bytes"":2712,""evidence_import_solver_bytes"":0,""evidence_import_scratch_bytes"":384,""snapshot_copy_bytes"":2864,""snapshot_copy_allocations"":12,""principal_copy_buffer_bytes"":0,""principal_copy_buffer_allocations"":0,""frozen_capture_temporary_bytes"":0,""frozen_capture_published_bytes"":128,""frozen_edge_scratch_bytes"":0,""region_scopes"":13,""max_region_scopes"":4,""call_collections_closed"":2,""call_collections_unresolved"":0,""call_memo_hits"":5,""solver_passes"":14,""solver_constraint_visits"":9,""occurs_steps"":0}"
dependency32,restart,default,"[1856,1900,1945,1965,2022,2060,2563]","[2638,2715,2735,2812,2814,2852,3944]",1005510,1395,274576,0,"[1005510,1005510,1005510,1005510,1005510,1005510,1005510]","[274576,274576,274576,274576,274576,274576,274576]","{""semantic_component_batches"":0,""semantic_component_jobs"":0,""max_semantic_component_workers"":0,""inference_regions"":8,""canonical_specialization_queries"":1,""canonical_specialization_hits"":0,""solver_requested_bytes"":13120,""solver_allocations"":58,""scratch_requested_bytes"":17636,""scratch_allocations"":91,""max_solver_live_bytes"":3264,""max_scratch_live_bytes"":2712,""evidence_import_solver_bytes"":0,""evidence_import_scratch_bytes"":384,""snapshot_copy_bytes"":2864,""snapshot_copy_allocations"":12,""principal_copy_buffer_bytes"":0,""principal_copy_buffer_allocations"":0,""frozen_capture_temporary_bytes"":0,""frozen_capture_published_bytes"":128,""frozen_edge_scratch_bytes"":0,""region_scopes"":13,""max_region_scopes"":4,""call_collections_closed"":2,""call_collections_unresolved"":0,""call_memo_hits"":5,""solver_passes"":14,""solver_constraint_visits"":9,""occurs_steps"":0}"
dependency32,restart,workers-1,"[1795,1913,1993,2004,2044,2056,2644]","[2530,2571,2696,2721,2729,2928,3365]",1050322,1423,274576,0,"[1050322,1050322,1050322,1050322,1050322,1050322,1050322]","[274576,274576,274576,274576,274576,274576,274576]","{""semantic_component_batches"":1,""semantic_component_jobs"":2,""max_semantic_component_workers"":1,""inference_regions"":8,""canonical_specialization_queries"":1,""canonical_specialization_hits"":0,""solver_requested_bytes"":13120,""solver_allocations"":58,""scratch_requested_bytes"":17636,""scratch_allocations"":91,""max_solver_live_bytes"":3264,""max_scratch_live_bytes"":2712,""evidence_import_solver_bytes"":0,""evidence_import_scratch_bytes"":384,""snapshot_copy_bytes"":2864,""snapshot_copy_allocations"":12,""principal_copy_buffer_bytes"":0,""principal_copy_buffer_allocations"":0,""frozen_capture_temporary_bytes"":0,""frozen_capture_published_bytes"":128,""frozen_edge_scratch_bytes"":0,""region_scopes"":13,""max_region_scopes"":4,""call_collections_closed"":2,""call_collections_unresolved"":0,""call_memo_hits"":5,""solver_passes"":14,""solver_constraint_visits"":9,""occurs_steps"":0}"
dependency32,restart,workers-2,"[2038,2098,2106,2269,2378,2513,2567]","[2728,2801,2814,3049,3076,3262,7480]",1102814,1429,274576,0,"[1050322,1102814,1102814,1102814,1102814,1102814,1102814]","[274576,274576,274576,274576,274576,274576,274576]","{""semantic_component_batches"":1,""semantic_component_jobs"":2,""max_semantic_component_workers"":2,""inference_regions"":8,""canonical_specialization_queries"":1,""canonical_specialization_hits"":0,""solver_requested_bytes"":13120,""solver_allocations"":58,""scratch_requested_bytes"":17636,""scratch_allocations"":91,""max_solver_live_bytes"":3264,""max_scratch_live_bytes"":2712,""evidence_import_solver_bytes"":0,""evidence_import_scratch_bytes"":384,""snapshot_copy_bytes"":2864,""snapshot_copy_allocations"":12,""principal_copy_buffer_bytes"":0,""principal_copy_buffer_allocations"":0,""frozen_capture_temporary_bytes"":0,""frozen_capture_published_bytes"":128,""frozen_edge_scratch_bytes"":0,""region_scopes"":13,""max_region_scopes"":4,""call_collections_closed"":2,""call_collections_unresolved"":0,""call_memo_hits"":5,""solver_passes"":14,""solver_constraint_visits"":9,""occurs_steps"":0}"
dependency32,restart,workers-4,"[2053,2127,2142,2178,2198,2251,2298]","[2764,2880,2903,3082,3761,3971,5097]",1102814,1429,274576,0,"[1102814,1102814,1102814,1102814,1102814,1102814,1102814]","[274576,274576,274576,274576,274576,274576,274576]","{""semantic_component_batches"":1,""semantic_component_jobs"":2,""max_semantic_component_workers"":2,""inference_regions"":8,""canonical_specialization_queries"":1,""canonical_specialization_hits"":0,""solver_requested_bytes"":13120,""solver_allocations"":58,""scratch_requested_bytes"":17636,""scratch_allocations"":91,""max_solver_live_bytes"":3264,""max_scratch_live_bytes"":2712,""evidence_import_solver_bytes"":0,""evidence_import_scratch_bytes"":384,""snapshot_copy_bytes"":2864,""snapshot_copy_allocations"":12,""principal_copy_buffer_bytes"":0,""principal_copy_buffer_allocations"":0,""frozen_capture_temporary_bytes"":0,""frozen_capture_published_bytes"":128,""frozen_edge_scratch_bytes"":0,""region_scopes"":13,""max_region_scopes"":4,""call_collections_closed"":2,""call_collections_unresolved"":0,""call_memo_hits"":5,""solver_passes"":14,""solver_constraint_visits"":9,""occurs_steps"":0}"
dependency32,restart,workers-8,"[2063,2100,2106,2226,2278,2355,2491]","[2624,2700,2714,2898,2921,3180,3321]",1102814,1429,274576,0,"[1102814,1102814,1102814,1102814,1102814,1102814,1102814]","[274576,274576,274576,274576,274576,274576,274576]","{""semantic_component_batches"":1,""semantic_component_jobs"":2,""max_semantic_component_workers"":2,""inference_regions"":8,""canonical_specialization_queries"":1,""canonical_specialization_hits"":0,""solver_requested_bytes"":13120,""solver_allocations"":58,""scratch_requested_bytes"":17636,""scratch_allocations"":91,""max_solver_live_bytes"":3264,""max_scratch_live_bytes"":2712,""evidence_import_solver_bytes"":0,""evidence_import_scratch_bytes"":384,""snapshot_copy_bytes"":2864,""snapshot_copy_allocations"":12,""principal_copy_buffer_bytes"":0,""principal_copy_buffer_allocations"":0,""frozen_capture_temporary_bytes"":0,""frozen_capture_published_bytes"":128,""frozen_edge_scratch_bytes"":0,""region_scopes"":13,""max_region_scopes"":4,""call_collections_closed"":2,""call_collections_unresolved"":0,""call_memo_hits"":5,""solver_passes"":14,""solver_constraint_visits"":9,""occurs_steps"":0}"
dependency128,population,baseline,"[2788,2924,2997,3073,3120,3174,3362]","[2783,2919,2992,3068,3126,3170,3357]",2380074,2213,741662,354332,"[2380074,2380074,2380074,2380074,2380074,2380074,2380074]","[741662,741662,741662,741662,741662,741662,741662]","{""inference_regions"":8,""canonical_specialization_queries"":1,""canonical_specialization_hits"":0,""solver_requested_bytes"":13120,""solver_allocations"":58,""scratch_requested_bytes"":25708,""scratch_allocations"":94,""max_solver_live_bytes"":3264,""max_scratch_live_bytes"":4628,""evidence_import_solver_bytes"":0,""evidence_import_scratch_bytes"":384,""snapshot_copy_bytes"":9776,""snapshot_copy_allocations"":12,""principal_copy_buffer_bytes"":0,""principal_copy_buffer_allocations"":0,""frozen_capture_temporary_bytes"":0,""frozen_capture_published_bytes"":512,""frozen_edge_scratch_bytes"":0,""region_scopes"":13,""max_region_scopes"":4,""call_collections_closed"":2,""call_collections_unresolved"":0,""call_memo_hits"":5,""solver_passes"":14,""solver_constraint_visits"":9,""occurs_steps"":0}"
dependency128,population,default,"[2631,2646,2832,2864,3105,3334,3409]","[2623,2639,2824,2858,3097,3328,3406]",2380130,2213,741662,354332,"[2380130,2380130,2380130,2380130,2380130,2380130,2380130]","[741662,741662,741662,741662,741662,741662,741662]","{""semantic_component_batches"":0,""semantic_component_jobs"":0,""max_semantic_component_workers"":0,""inference_regions"":8,""canonical_specialization_queries"":1,""canonical_specialization_hits"":0,""solver_requested_bytes"":13120,""solver_allocations"":58,""scratch_requested_bytes"":25708,""scratch_allocations"":94,""max_solver_live_bytes"":3264,""max_scratch_live_bytes"":4628,""evidence_import_solver_bytes"":0,""evidence_import_scratch_bytes"":384,""snapshot_copy_bytes"":9776,""snapshot_copy_allocations"":12,""principal_copy_buffer_bytes"":0,""principal_copy_buffer_allocations"":0,""frozen_capture_temporary_bytes"":0,""frozen_capture_published_bytes"":512,""frozen_edge_scratch_bytes"":0,""region_scopes"":13,""max_region_scopes"":4,""call_collections_closed"":2,""call_collections_unresolved"":0,""call_memo_hits"":5,""solver_passes"":14,""solver_constraint_visits"":9,""occurs_steps"":0}"
dependency128,population,workers-1,"[2667,2710,2843,2859,2937,2984,5384]","[2687,2703,2836,2852,2929,2977,5345]",2465390,2235,741662,354332,"[2465390,2465390,2465390,2465390,2465390,2465390,2465390]","[741662,741662,741662,741662,741662,741662,741662]","{""semantic_component_batches"":1,""semantic_component_jobs"":2,""max_semantic_component_workers"":1,""inference_regions"":8,""canonical_specialization_queries"":1,""canonical_specialization_hits"":0,""solver_requested_bytes"":13120,""solver_allocations"":58,""scratch_requested_bytes"":25708,""scratch_allocations"":94,""max_solver_live_bytes"":3264,""max_scratch_live_bytes"":4628,""evidence_import_solver_bytes"":0,""evidence_import_scratch_bytes"":384,""snapshot_copy_bytes"":9776,""snapshot_copy_allocations"":12,""principal_copy_buffer_bytes"":0,""principal_copy_buffer_allocations"":0,""frozen_capture_temporary_bytes"":0,""frozen_capture_published_bytes"":512,""frozen_edge_scratch_bytes"":0,""region_scopes"":13,""max_region_scopes"":4,""call_collections_closed"":2,""call_collections_unresolved"":0,""call_memo_hits"":5,""solver_passes"":14,""solver_constraint_visits"":9,""occurs_steps"":0}"
dependency128,population,workers-2,"[2986,3130,3133,3167,3267,3334,3560]","[2865,3019,3027,3061,3155,3219,3453]",2579690,2241,741662,354332,"[2579690,2579690,2579690,2579690,2579690,2579690,2579690]","[741662,741662,741662,741662,741662,741662,741662]","{""semantic_component_batches"":1,""semantic_component_jobs"":2,""max_semantic_component_workers"":2,""inference_regions"":8,""canonical_specialization_queries"":1,""canonical_specialization_hits"":0,""solver_requested_bytes"":13120,""solver_allocations"":58,""scratch_requested_bytes"":25708,""scratch_allocations"":94,""max_solver_live_bytes"":3264,""max_scratch_live_bytes"":4628,""evidence_import_solver_bytes"":0,""evidence_import_scratch_bytes"":384,""snapshot_copy_bytes"":9776,""snapshot_copy_allocations"":12,""principal_copy_buffer_bytes"":0,""principal_copy_buffer_allocations"":0,""frozen_capture_temporary_bytes"":0,""frozen_capture_published_bytes"":512,""frozen_edge_scratch_bytes"":0,""region_scopes"":13,""max_region_scopes"":4,""call_collections_closed"":2,""call_collections_unresolved"":0,""call_memo_hits"":5,""solver_passes"":14,""solver_constraint_visits"":9,""occurs_steps"":0}"
dependency128,population,workers-4,"[2897,2967,3004,3055,3276,3290,3360]","[2767,2814,2897,2905,3168,3185,3230]",2579690,2241,741662,354332,"[2579690,2579690,2579690,2579690,2579690,2579690,2579690]","[741662,741662,741662,741662,741662,741662,741662]","{""semantic_component_batches"":1,""semantic_component_jobs"":2,""max_semantic_component_workers"":2,""inference_regions"":8,""canonical_specialization_queries"":1,""canonical_specialization_hits"":0,""solver_requested_bytes"":13120,""solver_allocations"":58,""scratch_requested_bytes"":25708,""scratch_allocations"":94,""max_solver_live_bytes"":3264,""max_scratch_live_bytes"":4628,""evidence_import_solver_bytes"":0,""evidence_import_scratch_bytes"":384,""snapshot_copy_bytes"":9776,""snapshot_copy_allocations"":12,""principal_copy_buffer_bytes"":0,""principal_copy_buffer_allocations"":0,""frozen_capture_temporary_bytes"":0,""frozen_capture_published_bytes"":512,""frozen_edge_scratch_bytes"":0,""region_scopes"":13,""max_region_scopes"":4,""call_collections_closed"":2,""call_collections_unresolved"":0,""call_memo_hits"":5,""solver_passes"":14,""solver_constraint_visits"":9,""occurs_steps"":0}"
dependency128,population,workers-8,"[3013,3059,3071,3133,3305,3516,3741]","[2907,2947,2948,3011,3150,3404,3463]",2579690,2241,741662,354332,"[2579690,2579690,2579690,2579690,2579690,2579690,2579690]","[741662,741662,741662,741662,741662,741662,741662]","{""semantic_component_batches"":1,""semantic_component_jobs"":2,""max_semantic_component_workers"":2,""inference_regions"":8,""canonical_specialization_queries"":1,""canonical_specialization_hits"":0,""solver_requested_bytes"":13120,""solver_allocations"":58,""scratch_requested_bytes"":25708,""scratch_allocations"":94,""max_solver_live_bytes"":3264,""max_scratch_live_bytes"":4628,""evidence_import_solver_bytes"":0,""evidence_import_scratch_bytes"":384,""snapshot_copy_bytes"":9776,""snapshot_copy_allocations"":12,""principal_copy_buffer_bytes"":0,""principal_copy_buffer_allocations"":0,""frozen_capture_temporary_bytes"":0,""frozen_capture_published_bytes"":512,""frozen_edge_scratch_bytes"":0,""region_scopes"":13,""max_region_scopes"":4,""call_collections_closed"":2,""call_collections_unresolved"":0,""call_memo_hits"":5,""solver_passes"":14,""solver_constraint_visits"":9,""occurs_steps"":0}"
dependency128,edit,baseline,"[1934,1943,1952,1953,1956,1956,1958,1958,1959,1961,1962,1964,1964,1964,1966,1966,1970,1970,1971,1972,1974,1979,1979,1983,1985,1986,1987,1987,1988,1988,1989,1992,1992,1995,1996,1998,1998,2001,2004,2014,2015,2015,2017,2030,2030,2032,2034,2049,2050,2054,2067,2068,2072,2073,2074,2075,2082,2082,2083,2085,2086,2086,2092,2100,2107,2115,2119,2125,2126,2127,2129,2129,2130,2132,2134,2138,2139,2146,2147,2151,2166,2167,2170,2172,2172,2174,2177,2182,2183,2198,2210,2212,2222,2222,2226,2234,2241,2245,2249,2250,2256,2258,2260,2268,2270,2270,2272,2283,2290,2294,2296,2308,2308,2309,2326,2326,2327,2335,2340,2346,2349,2351,2369,2395,2417,2417,2422,2432,2438,2439,2442,2442,2477,2478,2492,2503,2512,2536,2700,3442]","[1943,1953,1954,1956,1956,1958,1958,1958,1960,1961,1963,1964,1964,1965,1966,1966,1970,1970,1971,1973,1975,1978,1980,1985,1986,1987,1987,1988,1988,1989,1992,1992,1994,1995,1998,1999,2001,2001,2005,2015,2015,2015,2019,2030,2031,2033,2034,2049,2050,2055,2067,2068,2072,2074,2075,2075,2082,2083,2084,2085,2086,2086,2093,2100,2107,2115,2120,2125,2126,2127,2129,2130,2132,2134,2138,2139,2146,2150,2156,2166,2167,2167,2170,2172,2172,2177,2183,2183,2196,2198,2210,2212,2222,2223,2226,2234,2241,2246,2250,2257,2258,2261,2268,2271,2271,2272,2280,2283,2290,2295,2295,2308,2308,2310,2326,2326,2328,2335,2341,2346,2349,2350,2370,2396,2417,2418,2422,2433,2438,2439,2442,2443,2478,2478,2493,2503,2512,2536,2700,3442]",2372837.0,2239.0,1095938.0,354428.0,"[2372837,2372837,2372837,2372837,2372837,2372837,2372837,2372837,2372837,2372837,2372837,2372837,2372837,2372837,2372837,2372837,2372837,2372837,2372837,2372837,2372837,2372837,2372837,2372837,2372837,2372837,2372837,2372837,2372837,2372837,2372837,2372837,2372837,2372837,2372837,2372837,2372837,2372837,2372837,2372837,2372837,2372837,2372837,2372837,2372837,2372837,2372837,2372837,2372837,2372837,2372837,2372837,2372837,2372837,2372837,2372837,2372837,2372837,2372837,2372837,2372837,2372837,2372837,2372837,2372837,2372837,2372837,2372837,2372837,2372837,2372837,2372837,2372837,2372837,2372837,2372837,2372837,2372837,2372837,2372837,2372837,2372837,2372837,2372837,2372837,2372837,2372837,2372837,2372837,2372837,2372837,2372837,2372837,2372837,2372837,2372837,2372837,2372837,2372837,2372837,2372837,2372837,2372837,2372837,2372837,2372837,2372837,2372837,2372837,2372837,2372837,2372837,2372837,2372837,2372837,2372837,2372837,2372837,2372837,2372837,2372837,2372837,2372837,2372837,2372837,2372837,2372837,2372837,2372837,2372837,2372837,2372837,2372837,2372837,2372837,2372837,2372837,2372837,2372837,2372837]","[1095938,1095938,1095938,1095938,1095938,1095938,1095938,1095938,1095938,1095938,1095938,1095938,1095938,1095938,1095938,1095938,1095938,1095938,1095938,1095938,1095938,1095938,1095938,1095938,1095938,1095938,1095938,1095938,1095938,1095938,1095938,1095938,1095938,1095938,1095938,1095938,1095938,1095938,1095938,1095938,1095938,1095938,1095938,1095938,1095938,1095938,1095938,1095938,1095938,1095938,1095938,1095938,1095938,1095938,1095938,1095938,1095938,1095938,1095938,1095938,1095938,1095938,1095938,1095938,1095938,1095938,1095938,1095938,1095938,1095938,1095938,1095938,1095938,1095938,1095938,1095938,1095938,1095938,1095938,1095938,1095938,1095938,1095938,1095938,1095938,1095938,1095938,1095938,1095938,1095938,1095938,1095938,1095938,1095938,1095938,1095938,1095938,1095938,1095938,1095938,1095938,1095938,1095938,1095938,1095938,1095938,1095938,1095938,1095938,1095938,1095938,1095938,1095938,1095938,1095938,1095938,1095938,1095938,1095938,1095938,1095938,1095938,1095938,1095938,1095938,1095938,1095938,1095938,1095938,1095938,1095938,1095938,1095938,1095938,1095938,1095938,1095938,1095938,1095938,1095938]","{""inference_regions"":7,""canonical_specialization_queries"":1,""canonical_specialization_hits"":0,""solver_requested_bytes"":11800,""solver_allocations"":51,""scratch_requested_bytes"":24684,""scratch_allocations"":88,""max_solver_live_bytes"":3264,""max_scratch_live_bytes"":4628,""evidence_import_solver_bytes"":0,""evidence_import_scratch_bytes"":384,""snapshot_copy_bytes"":9776,""snapshot_copy_allocations"":12,""principal_copy_buffer_bytes"":0,""principal_copy_buffer_allocations"":0,""frozen_capture_temporary_bytes"":0,""frozen_capture_published_bytes"":512,""frozen_edge_scratch_bytes"":0,""region_scopes"":11,""max_region_scopes"":4,""call_collections_closed"":2,""call_collections_unresolved"":0,""call_memo_hits"":5,""solver_passes"":13,""solver_constraint_visits"":9,""occurs_steps"":0}"
dependency128,edit,default,"[1909,1915,1918,1925,1926,1930,1932,1935,1936,1936,1947,1947,1947,1949,1950,1950,1953,1956,1958,1958,1961,1961,1962,1963,1966,1967,1967,1969,1971,1971,1974,1975,1978,1983,1984,1986,1989,1992,1997,1997,2000,2000,2001,2002,2007,2008,2008,2017,2017,2022,2028,2032,2039,2040,2040,2041,2051,2052,2056,2058,2061,2065,2070,2073,2074,2076,2079,2085,2088,2091,2092,2103,2104,2105,2106,2106,2118,2122,2129,2131,2136,2138,2140,2150,2157,2157,2166,2185,2192,2196,2204,2204,2231,2233,2233,2241,2253,2261,2262,2268,2270,2271,2275,2302,2306,2310,2328,2342,2349,2354,2355,2356,2357,2364,2382,2384,2397,2407,2408,2416,2432,2480,2507,2526,2541,2591,2625,2713,2751,2911,2956,3300,3349,3428,3509,3524,3577,3645,3751,4101]","[1909,1916,1919,1925,1926,1930,1932,1935,1936,1936,1947,1947,1947,1949,1950,1951,1953,1958,1959,1962,1962,1962,1963,1966,1966,1967,1967,1969,1971,1971,1974,1974,1979,1983,1984,1986,1989,1992,1997,1997,2000,2000,2001,2002,2007,2008,2009,2017,2017,2022,2028,2032,2039,2040,2041,2052,2053,2056,2059,2062,2064,2070,2073,2074,2076,2080,2085,2088,2091,2093,2104,2105,2106,2107,2107,2107,2118,2122,2129,2131,2137,2139,2141,2150,2159,2161,2166,2185,2191,2197,2204,2204,2232,2233,2233,2241,2253,2262,2268,2271,2272,2274,2275,2303,2306,2310,2328,2343,2350,2354,2355,2356,2357,2365,2382,2395,2398,2407,2409,2416,2433,2480,2508,2526,2541,2591,2626,2736,2751,2911,2956,3306,3350,3428,3509,3524,3577,3645,3751,4101]",2372893.0,2239.0,1095938.0,354428.0,"[2372893,2372893,2372893,2372893,2372893,2372893,2372893,2372893,2372893,2372893,2372893,2372893,2372893,2372893,2372893,2372893,2372893,2372893,2372893,2372893,2372893,2372893,2372893,2372893,2372893,2372893,2372893,2372893,2372893,2372893,2372893,2372893,2372893,2372893,2372893,2372893,2372893,2372893,2372893,2372893,2372893,2372893,2372893,2372893,2372893,2372893,2372893,2372893,2372893,2372893,2372893,2372893,2372893,2372893,2372893,2372893,2372893,2372893,2372893,2372893,2372893,2372893,2372893,2372893,2372893,2372893,2372893,2372893,2372893,2372893,2372893,2372893,2372893,2372893,2372893,2372893,2372893,2372893,2372893,2372893,2372893,2372893,2372893,2372893,2372893,2372893,2372893,2372893,2372893,2372893,2372893,2372893,2372893,2372893,2372893,2372893,2372893,2372893,2372893,2372893,2372893,2372893,2372893,2372893,2372893,2372893,2372893,2372893,2372893,2372893,2372893,2372893,2372893,2372893,2372893,2372893,2372893,2372893,2372893,2372893,2372893,2372893,2372893,2372893,2372893,2372893,2372893,2372893,2372893,2372893,2372893,2372893,2372893,2372893,2372893,2372893,2372893,2372893,2372893,2372893]","[1095938,1095938,1095938,1095938,1095938,1095938,1095938,1095938,1095938,1095938,1095938,1095938,1095938,1095938,1095938,1095938,1095938,1095938,1095938,1095938,1095938,1095938,1095938,1095938,1095938,1095938,1095938,1095938,1095938,1095938,1095938,1095938,1095938,1095938,1095938,1095938,1095938,1095938,1095938,1095938,1095938,1095938,1095938,1095938,1095938,1095938,1095938,1095938,1095938,1095938,1095938,1095938,1095938,1095938,1095938,1095938,1095938,1095938,1095938,1095938,1095938,1095938,1095938,1095938,1095938,1095938,1095938,1095938,1095938,1095938,1095938,1095938,1095938,1095938,1095938,1095938,1095938,1095938,1095938,1095938,1095938,1095938,1095938,1095938,1095938,1095938,1095938,1095938,1095938,1095938,1095938,1095938,1095938,1095938,1095938,1095938,1095938,1095938,1095938,1095938,1095938,1095938,1095938,1095938,1095938,1095938,1095938,1095938,1095938,1095938,1095938,1095938,1095938,1095938,1095938,1095938,1095938,1095938,1095938,1095938,1095938,1095938,1095938,1095938,1095938,1095938,1095938,1095938,1095938,1095938,1095938,1095938,1095938,1095938,1095938,1095938,1095938,1095938,1095938,1095938]","{""semantic_component_batches"":0,""semantic_component_jobs"":0,""max_semantic_component_workers"":0,""inference_regions"":7,""canonical_specialization_queries"":1,""canonical_specialization_hits"":0,""solver_requested_bytes"":11800,""solver_allocations"":51,""scratch_requested_bytes"":24684,""scratch_allocations"":88,""max_solver_live_bytes"":3264,""max_scratch_live_bytes"":4628,""evidence_import_solver_bytes"":0,""evidence_import_scratch_bytes"":384,""snapshot_copy_bytes"":9776,""snapshot_copy_allocations"":12,""principal_copy_buffer_bytes"":0,""principal_copy_buffer_allocations"":0,""frozen_capture_temporary_bytes"":0,""frozen_capture_published_bytes"":512,""frozen_edge_scratch_bytes"":0,""region_scopes"":11,""max_region_scopes"":4,""call_collections_closed"":2,""call_collections_unresolved"":0,""call_memo_hits"":5,""solver_passes"":13,""solver_constraint_visits"":9,""occurs_steps"":0}"
dependency128,edit,workers-1,"[1966,1977,1978,1987,1988,1990,1991,1992,1992,1993,1995,1996,1996,1999,2000,2001,2002,2002,2008,2013,2015,2016,2018,2018,2022,2030,2033,2033,2034,2036,2037,2039,2039,2041,2042,2042,2044,2050,2052,2053,2055,2055,2058,2058,2060,2061,2063,2065,2065,2067,2067,2067,2070,2070,2070,2073,2074,2081,2085,2087,2092,2094,2096,2096,2097,2098,2102,2103,2105,2109,2112,2112,2114,2115,2115,2118,2120,2129,2131,2132,2140,2144,2147,2149,2150,2154,2158,2167,2171,2172,2176,2181,2190,2200,2202,2213,2216,2218,2219,2221,2226,2229,2232,2236,2237,2252,2254,2255,2266,2271,2273,2274,2277,2290,2297,2306,2307,2317,2321,2324,2348,2355,2360,2361,2362,2371,2374,2385,2413,2432,2438,2507,2534,2539,2656,2721,3230,3410,3582,4038]","[1966,1978,1978,1987,1989,1990,1991,1992,1993,1993,1996,1997,1997,1999,2000,2001,2003,2003,2008,2013,2015,2015,2018,2018,2022,2030,2033,2033,2036,2037,2039,2039,2041,2042,2042,2044,2050,2052,2054,2055,2056,2058,2058,2060,2061,2061,2063,2065,2065,2067,2068,2070,2070,2071,2073,2075,2085,2086,2086,2087,2093,2095,2096,2096,2098,2099,2102,2104,2106,2109,2112,2113,2114,2115,2116,2118,2128,2131,2132,2134,2140,2145,2148,2149,2149,2154,2159,2168,2172,2172,2177,2181,2190,2200,2203,2213,2217,2218,2219,2222,2226,2230,2232,2236,2237,2252,2254,2265,2272,2272,2273,2274,2277,2290,2297,2306,2306,2317,2320,2324,2348,2355,2360,2361,2362,2371,2375,2385,2414,2432,2440,2508,2536,2539,2657,2721,3230,3411,3581,4038]",2458497.0,2262.0,1095938.0,354428.0,"[2458497,2458497,2458497,2458497,2458497,2458497,2458497,2458497,2458497,2458497,2458497,2458497,2458497,2458497,2458497,2458497,2458497,2458497,2458497,2458497,2458497,2458497,2458497,2458497,2458497,2458497,2458497,2458497,2458497,2458497,2458497,2458497,2458497,2458497,2458497,2458497,2458497,2458497,2458497,2458497,2458497,2458497,2458497,2458497,2458497,2458497,2458497,2458497,2458497,2458497,2458497,2458497,2458497,2458497,2458497,2458497,2458497,2458497,2458497,2458497,2458497,2458497,2458497,2458497,2458497,2458497,2458497,2458497,2458497,2458497,2458497,2458497,2458497,2458497,2458497,2458497,2458497,2458497,2458497,2458497,2458497,2458497,2458497,2458497,2458497,2458497,2458497,2458497,2458497,2458497,2458497,2458497,2458497,2458497,2458497,2458497,2458497,2458497,2458497,2458497,2458497,2458497,2458497,2458497,2458497,2458497,2458497,2458497,2458497,2458497,2458497,2458497,2458497,2458497,2458497,2458497,2458497,2458497,2458497,2458497,2458497,2458497,2458497,2458497,2458497,2458497,2458497,2458497,2458497,2458497,2458497,2458497,2458497,2458497,2458497,2458497,2458497,2458497,2458497,2458497]","[1095938,1095938,1095938,1095938,1095938,1095938,1095938,1095938,1095938,1095938,1095938,1095938,1095938,1095938,1095938,1095938,1095938,1095938,1095938,1095938,1095938,1095938,1095938,1095938,1095938,1095938,1095938,1095938,1095938,1095938,1095938,1095938,1095938,1095938,1095938,1095938,1095938,1095938,1095938,1095938,1095938,1095938,1095938,1095938,1095938,1095938,1095938,1095938,1095938,1095938,1095938,1095938,1095938,1095938,1095938,1095938,1095938,1095938,1095938,1095938,1095938,1095938,1095938,1095938,1095938,1095938,1095938,1095938,1095938,1095938,1095938,1095938,1095938,1095938,1095938,1095938,1095938,1095938,1095938,1095938,1095938,1095938,1095938,1095938,1095938,1095938,1095938,1095938,1095938,1095938,1095938,1095938,1095938,1095938,1095938,1095938,1095938,1095938,1095938,1095938,1095938,1095938,1095938,1095938,1095938,1095938,1095938,1095938,1095938,1095938,1095938,1095938,1095938,1095938,1095938,1095938,1095938,1095938,1095938,1095938,1095938,1095938,1095938,1095938,1095938,1095938,1095938,1095938,1095938,1095938,1095938,1095938,1095938,1095938,1095938,1095938,1095938,1095938,1095938,1095938]","{""semantic_component_batches"":1,""semantic_component_jobs"":2,""max_semantic_component_workers"":1,""inference_regions"":7,""canonical_specialization_queries"":1,""canonical_specialization_hits"":0,""solver_requested_bytes"":11800,""solver_allocations"":51,""scratch_requested_bytes"":24684,""scratch_allocations"":88,""max_solver_live_bytes"":3264,""max_scratch_live_bytes"":4628,""evidence_import_solver_bytes"":0,""evidence_import_scratch_bytes"":384,""snapshot_copy_bytes"":9776,""snapshot_copy_allocations"":12,""principal_copy_buffer_bytes"":0,""principal_copy_buffer_allocations"":0,""frozen_capture_temporary_bytes"":0,""frozen_capture_published_bytes"":512,""frozen_edge_scratch_bytes"":0,""region_scopes"":11,""max_region_scopes"":4,""call_collections_closed"":2,""call_collections_unresolved"":0,""call_memo_hits"":5,""solver_passes"":13,""solver_constraint_visits"":9,""occurs_steps"":0}"
dependency128,edit,workers-2,"[2054,2062,2067,2068,2070,2078,2079,2081,2084,2093,2097,2097,2104,2107,2110,2112,2116,2125,2129,2131,2139,2144,2145,2154,2160,2161,2168,2168,2173,2175,2182,2184,2184,2187,2188,2199,2199,2205,2206,2208,2209,2210,2211,2214,2218,2220,2220,2223,2224,2227,2228,2228,2237,2239,2239,2240,2242,2255,2255,2256,2259,2269,2275,2275,2284,2286,2294,2313,2314,2318,2318,2320,2323,2324,2324,2330,2330,2334,2335,2341,2342,2345,2355,2355,2358,2365,2371,2377,2377,2383,2386,2390,2393,2394,2395,2422,2423,2426,2431,2437,2449,2453,2454,2459,2465,2477,2502,2504,2511,2522,2536,2543,2543,2545,2550,2562,2564,2580,2583,2585,2592,2603,2606,2614,2629,2638,2645,2650,2662,2662,2692,2742,2839,2968,3232,3480,3502,3581,3773,4029]","[1987,2003,2008,2013,2017,2020,2020,2021,2024,2026,2029,2032,2039,2042,2042,2064,2064,2072,2073,2076,2078,2084,2085,2087,2091,2095,2100,2100,2101,2102,2103,2104,2109,2109,2112,2115,2120,2125,2127,2129,2144,2146,2146,2146,2155,2156,2157,2157,2157,2159,2160,2160,2167,2168,2172,2172,2173,2173,2174,2175,2175,2187,2199,2200,2202,2203,2209,2213,2219,2222,2231,2235,2245,2246,2252,2254,2255,2258,2258,2259,2268,2271,2280,2282,2289,2289,2294,2298,2301,2309,2311,2313,2324,2326,2328,2330,2334,2336,2344,2346,2348,2352,2385,2394,2406,2416,2420,2429,2429,2435,2435,2459,2464,2471,2476,2480,2491,2500,2504,2507,2509,2511,2517,2521,2551,2553,2567,2570,2598,2616,2666,2772,2834,3374,3443,3493,3675,3964,4137,4706]",2572797.0,2268.0,1095938.0,354428.0,"[2458497,2458497,2458497,2458497,2572797,2572797,2572797,2572797,2572797,2572797,2572797,2572797,2572797,2572797,2572797,2572797,2572797,2572797,2572797,2572797,2572797,2572797,2572797,2572797,2572797,2572797,2572797,2572797,2572797,2572797,2572797,2572797,2572797,2572797,2572797,2572797,2572797,2572797,2572797,2572797,2572797,2572797,2572797,2572797,2572797,2572797,2572797,2572797,2572797,2572797,2572797,2572797,2572797,2572797,2572797,2572797,2572797,2572797,2572797,2572797,2572797,2572797,2572797,2572797,2572797,2572797,2572797,2572797,2572797,2572797,2572797,2572797,2572797,2572797,2572797,2572797,2572797,2572797,2572797,2572797,2572797,2572797,2572797,2572797,2572797,2572797,2572797,2572797,2572797,2572797,2572797,2572797,2572797,2572797,2572797,2572797,2572797,2572797,2572797,2572797,2572797,2572797,2572797,2572797,2572797,2572797,2572797,2572797,2572797,2572797,2572797,2572797,2572797,2572797,2572797,2572797,2572797,2572797,2572797,2572797,2572797,2572797,2572797,2572797,2572797,2572797,2572797,2572797,2572797,2572797,2572797,2572797,2572797,2572797,2572797,2572797,2572797,2572797,2572797,2572797]","[1095938,1095938,1095938,1095938,1095938,1095938,1095938,1095938,1095938,1095938,1095938,1095938,1095938,1095938,1095938,1095938,1095938,1095938,1095938,1095938,1095938,1095938,1095938,1095938,1095938,1095938,1095938,1095938,1095938,1095938,1095938,1095938,1095938,1095938,1095938,1095938,1095938,1095938,1095938,1095938,1095938,1095938,1095938,1095938,1095938,1095938,1095938,1095938,1095938,1095938,1095938,1095938,1095938,1095938,1095938,1095938,1095938,1095938,1095938,1095938,1095938,1095938,1095938,1095938,1095938,1095938,1095938,1095938,1095938,1095938,1095938,1095938,1095938,1095938,1095938,1095938,1095938,1095938,1095938,1095938,1095938,1095938,1095938,1095938,1095938,1095938,1095938,1095938,1095938,1095938,1095938,1095938,1095938,1095938,1095938,1095938,1095938,1095938,1095938,1095938,1095938,1095938,1095938,1095938,1095938,1095938,1095938,1095938,1095938,1095938,1095938,1095938,1095938,1095938,1095938,1095938,1095938,1095938,1095938,1095938,1095938,1095938,1095938,1095938,1095938,1095938,1095938,1095938,1095938,1095938,1095938,1095938,1095938,1095938,1095938,1095938,1095938,1095938,1095938,1095938]","{""semantic_component_batches"":1,""semantic_component_jobs"":2,""max_semantic_component_workers"":2,""inference_regions"":7,""canonical_specialization_queries"":1,""canonical_specialization_hits"":0,""solver_requested_bytes"":11800,""solver_allocations"":51,""scratch_requested_bytes"":24684,""scratch_allocations"":88,""max_solver_live_bytes"":3264,""max_scratch_live_bytes"":4628,""evidence_import_solver_bytes"":0,""evidence_import_scratch_bytes"":384,""snapshot_copy_bytes"":9776,""snapshot_copy_allocations"":12,""principal_copy_buffer_bytes"":0,""principal_copy_buffer_allocations"":0,""frozen_capture_temporary_bytes"":0,""frozen_capture_published_bytes"":512,""frozen_edge_scratch_bytes"":0,""region_scopes"":11,""max_region_scopes"":4,""call_collections_closed"":2,""call_collections_unresolved"":0,""call_memo_hits"":5,""solver_passes"":13,""solver_constraint_visits"":9,""occurs_steps"":0}"
dependency128,edit,workers-4,"[2017,2040,2054,2060,2063,2068,2072,2073,2075,2081,2084,2085,2088,2089,2089,2090,2091,2092,2094,2094,2096,2098,2102,2102,2104,2113,2119,2119,2122,2125,2125,2130,2137,2137,2139,2142,2143,2144,2148,2149,2168,2173,2174,2177,2177,2181,2181,2186,2189,2190,2191,2196,2198,2200,2201,2202,2203,2203,2205,2209,2213,2214,2216,2216,2216,2222,2224,2230,2241,2244,2248,2248,2250,2252,2254,2258,2267,2268,2268,2270,2274,2274,2276,2277,2277,2278,2280,2281,2281,2283,2286,2288,2288,2289,2296,2296,2297,2304,2307,2320,2321,2322,2326,2335,2351,2352,2352,2354,2369,2370,2384,2385,2403,2405,2406,2413,2415,2417,2433,2439,2459,2478,2486,2492,2496,2499,2508,2508,2537,2563,2582,2630,2650,2666,2685,2737,3085,3585,3993,5864]","[1957,1979,1998,1999,2000,2006,2007,2014,2014,2016,2018,2022,2027,2027,2029,2030,2033,2035,2035,2037,2037,2038,2040,2045,2046,2047,2048,2053,2059,2062,2069,2070,2070,2071,2073,2077,2081,2086,2090,2093,2106,2106,2107,2111,2111,2113,2115,2118,2119,2121,2121,2122,2123,2123,2127,2131,2132,2133,2134,2134,2134,2139,2139,2141,2144,2144,2150,2156,2156,2157,2165,2172,2174,2174,2175,2176,2178,2178,2179,2181,2192,2194,2196,2198,2199,2204,2208,2210,2213,2217,2219,2220,2226,2229,2230,2231,2238,2238,2246,2249,2250,2264,2265,2265,2271,2271,2271,2272,2274,2279,2288,2288,2294,2304,2317,2325,2333,2334,2340,2354,2370,2392,2417,2421,2425,2426,2433,2455,2496,2519,2553,2559,2587,2629,2656,2670,3034,3512,3925,5755]",2572797.0,2268.0,1095938.0,354428.0,"[2458497,2572797,2572797,2572797,2572797,2572797,2572797,2572797,2572797,2572797,2572797,2572797,2572797,2572797,2572797,2572797,2572797,2572797,2572797,2572797,2572797,2572797,2572797,2572797,2572797,2572797,2572797,2572797,2572797,2572797,2572797,2572797,2572797,2572797,2572797,2572797,2572797,2572797,2572797,2572797,2572797,2572797,2572797,2572797,2572797,2572797,2572797,2572797,2572797,2572797,2572797,2572797,2572797,2572797,2572797,2572797,2572797,2572797,2572797,2572797,2572797,2572797,2572797,2572797,2572797,2572797,2572797,2572797,2572797,2572797,2572797,2572797,2572797,2572797,2572797,2572797,2572797,2572797,2572797,2572797,2572797,2572797,2572797,2572797,2572797,2572797,2572797,2572797,2572797,2572797,2572797,2572797,2572797,2572797,2572797,2572797,2572797,2572797,2572797,2572797,2572797,2572797,2572797,2572797,2572797,2572797,2572797,2572797,2572797,2572797,2572797,2572797,2572797,2572797,2572797,2572797,2572797,2572797,2572797,2572797,2572797,2572797,2572797,2572797,2572797,2572797,2572797,2572797,2572797,2572797,2572797,2572797,2572797,2572797,2572797,2572797,2572797,2572797,2572797,2572797]","[1095938,1095938,1095938,1095938,1095938,1095938,1095938,1095938,1095938,1095938,1095938,1095938,1095938,1095938,1095938,1095938,1095938,1095938,1095938,1095938,1095938,1095938,1095938,1095938,1095938,1095938,1095938,1095938,1095938,1095938,1095938,1095938,1095938,1095938,1095938,1095938,1095938,1095938,1095938,1095938,1095938,1095938,1095938,1095938,1095938,1095938,1095938,1095938,1095938,1095938,1095938,1095938,1095938,1095938,1095938,1095938,1095938,1095938,1095938,1095938,1095938,1095938,1095938,1095938,1095938,1095938,1095938,1095938,1095938,1095938,1095938,1095938,1095938,1095938,1095938,1095938,1095938,1095938,1095938,1095938,1095938,1095938,1095938,1095938,1095938,1095938,1095938,1095938,1095938,1095938,1095938,1095938,1095938,1095938,1095938,1095938,1095938,1095938,1095938,1095938,1095938,1095938,1095938,1095938,1095938,1095938,1095938,1095938,1095938,1095938,1095938,1095938,1095938,1095938,1095938,1095938,1095938,1095938,1095938,1095938,1095938,1095938,1095938,1095938,1095938,1095938,1095938,1095938,1095938,1095938,1095938,1095938,1095938,1095938,1095938,1095938,1095938,1095938,1095938,1095938]","{""semantic_component_batches"":1,""semantic_component_jobs"":2,""max_semantic_component_workers"":2,""inference_regions"":7,""canonical_specialization_queries"":1,""canonical_specialization_hits"":0,""solver_requested_bytes"":11800,""solver_allocations"":51,""scratch_requested_bytes"":24684,""scratch_allocations"":88,""max_solver_live_bytes"":3264,""max_scratch_live_bytes"":4628,""evidence_import_solver_bytes"":0,""evidence_import_scratch_bytes"":384,""snapshot_copy_bytes"":9776,""snapshot_copy_allocations"":12,""principal_copy_buffer_bytes"":0,""principal_copy_buffer_allocations"":0,""frozen_capture_temporary_bytes"":0,""frozen_capture_published_bytes"":512,""frozen_edge_scratch_bytes"":0,""region_scopes"":11,""max_region_scopes"":4,""call_collections_closed"":2,""call_collections_unresolved"":0,""call_memo_hits"":5,""solver_passes"":13,""solver_constraint_visits"":9,""occurs_steps"":0}"
dependency128,edit,workers-8,"[2050,2074,2077,2081,2092,2095,2104,2106,2107,2108,2112,2115,2118,2121,2126,2130,2132,2142,2144,2149,2152,2158,2165,2165,2168,2174,2176,2180,2181,2187,2187,2188,2197,2198,2198,2201,2206,2208,2211,2212,2215,2215,2216,2217,2217,2221,2222,2227,2230,2231,2232,2232,2234,2236,2237,2240,2242,2243,2250,2251,2253,2253,2258,2259,2261,2264,2266,2266,2271,2273,2278,2286,2293,2300,2308,2309,2310,2311,2312,2316,2320,2320,2322,2323,2325,2330,2331,2334,2340,2342,2348,2357,2358,2361,2363,2365,2366,2374,2374,2378,2396,2398,2406,2414,2428,2431,2434,2439,2443,2447,2455,2459,2470,2471,2475,2492,2505,2506,2514,2516,2518,2530,2535,2545,2550,2574,2582,2583,2588,2594,2630,2663,2671,2686,2724,2738,2789,2962,4712,4717]","[1990,2014,2022,2023,2024,2029,2029,2032,2035,2035,2040,2055,2060,2066,2069,2070,2073,2073,2078,2085,2092,2093,2094,2096,2099,2107,2109,2112,2113,2113,2114,2116,2116,2116,2117,2118,2118,2120,2120,2123,2126,2128,2129,2130,2134,2137,2142,2143,2144,2157,2160,2160,2164,2165,2166,2166,2167,2167,2167,2169,2169,2169,2171,2172,2172,2172,2176,2189,2189,2190,2195,2207,2209,2209,2211,2212,2220,2221,2222,2223,2225,2228,2231,2234,2240,2241,2243,2256,2256,2256,2265,2265,2266,2266,2268,2270,2270,2282,2292,2311,2313,2316,2319,2324,2336,2339,2344,2353,2366,2369,2374,2374,2377,2378,2385,2394,2405,2415,2417,2417,2443,2454,2460,2467,2469,2481,2494,2500,2510,2539,2547,2564,2584,2586,2618,2637,2703,2909,4641,4648]",2572797.0,2268.0,1095938.0,354428.0,"[2572797,2572797,2572797,2572797,2572797,2572797,2572797,2572797,2572797,2572797,2572797,2572797,2572797,2572797,2572797,2572797,2572797,2572797,2572797,2572797,2572797,2572797,2572797,2572797,2572797,2572797,2572797,2572797,2572797,2572797,2572797,2572797,2572797,2572797,2572797,2572797,2572797,2572797,2572797,2572797,2572797,2572797,2572797,2572797,2572797,2572797,2572797,2572797,2572797,2572797,2572797,2572797,2572797,2572797,2572797,2572797,2572797,2572797,2572797,2572797,2572797,2572797,2572797,2572797,2572797,2572797,2572797,2572797,2572797,2572797,2572797,2572797,2572797,2572797,2572797,2572797,2572797,2572797,2572797,2572797,2572797,2572797,2572797,2572797,2572797,2572797,2572797,2572797,2572797,2572797,2572797,2572797,2572797,2572797,2572797,2572797,2572797,2572797,2572797,2572797,2572797,2572797,2572797,2572797,2572797,2572797,2572797,2572797,2572797,2572797,2572797,2572797,2572797,2572797,2572797,2572797,2572797,2572797,2572797,2572797,2572797,2572797,2572797,2572797,2572797,2572797,2572797,2572797,2572797,2572797,2572797,2572797,2572797,2572797,2572797,2572797,2572797,2572797,2572797,2572797]","[1095938,1095938,1095938,1095938,1095938,1095938,1095938,1095938,1095938,1095938,1095938,1095938,1095938,1095938,1095938,1095938,1095938,1095938,1095938,1095938,1095938,1095938,1095938,1095938,1095938,1095938,1095938,1095938,1095938,1095938,1095938,1095938,1095938,1095938,1095938,1095938,1095938,1095938,1095938,1095938,1095938,1095938,1095938,1095938,1095938,1095938,1095938,1095938,1095938,1095938,1095938,1095938,1095938,1095938,1095938,1095938,1095938,1095938,1095938,1095938,1095938,1095938,1095938,1095938,1095938,1095938,1095938,1095938,1095938,1095938,1095938,1095938,1095938,1095938,1095938,1095938,1095938,1095938,1095938,1095938,1095938,1095938,1095938,1095938,1095938,1095938,1095938,1095938,1095938,1095938,1095938,1095938,1095938,1095938,1095938,1095938,1095938,1095938,1095938,1095938,1095938,1095938,1095938,1095938,1095938,1095938,1095938,1095938,1095938,1095938,1095938,1095938,1095938,1095938,1095938,1095938,1095938,1095938,1095938,1095938,1095938,1095938,1095938,1095938,1095938,1095938,1095938,1095938,1095938,1095938,1095938,1095938,1095938,1095938,1095938,1095938,1095938,1095938,1095938,1095938]","{""semantic_component_batches"":1,""semantic_component_jobs"":2,""max_semantic_component_workers"":2,""inference_regions"":7,""canonical_specialization_queries"":1,""canonical_specialization_hits"":0,""solver_requested_bytes"":11800,""solver_allocations"":51,""scratch_requested_bytes"":24684,""scratch_allocations"":88,""max_solver_live_bytes"":3264,""max_scratch_live_bytes"":4628,""evidence_import_solver_bytes"":0,""evidence_import_scratch_bytes"":384,""snapshot_copy_bytes"":9776,""snapshot_copy_allocations"":12,""principal_copy_buffer_bytes"":0,""principal_copy_buffer_allocations"":0,""frozen_capture_temporary_bytes"":0,""frozen_capture_published_bytes"":512,""frozen_edge_scratch_bytes"":0,""region_scopes"":11,""max_region_scopes"":4,""call_collections_closed"":2,""call_collections_unresolved"":0,""call_memo_hits"":5,""solver_passes"":13,""solver_constraint_visits"":9,""occurs_steps"":0}"
dependency128,revert,baseline,"[1947,1950,1963,1967,1970,1970,1971,1972,1974,1976,1976,1976,1978,1981,1990,1993,1994,1996,1996,1998,1999,1999,2002,2005,2006,2007,2007,2008,2010,2013,2014,2019,2021,2027,2033,2034,2036,2037,2037,2038,2038,2040,2042,2042,2044,2046,2049,2051,2053,2053,2060,2061,2063,2065,2066,2071,2071,2074,2075,2079,2080,2087,2088,2089,2090,2095,2098,2098,2101,2104,2109,2109,2113,2116,2117,2124,2126,2128,2134,2144,2145,2146,2151,2155,2164,2165,2169,2171,2173,2173,2174,2185,2191,2201,2203,2207,2208,2209,2217,2219,2223,2226,2232,2237,2241,2242,2243,2244,2245,2248,2256,2267,2270,2281,2285,2290,2291,2294,2312,2313,2325,2335,2358,2373,2413,2419,2448,2474,2488,2508,2523,2540,2553,2558,2683,2710,2762,2990,3021,4189]","[1948,1950,1963,1967,1971,1971,1971,1972,1973,1976,1977,1977,1978,1981,1990,1993,1994,1996,1996,1998,1999,1999,2003,2005,2006,2007,2007,2009,2011,2013,2014,2020,2021,2027,2034,2034,2036,2037,2037,2038,2040,2042,2044,2046,2046,2048,2049,2052,2053,2053,2060,2061,2063,2065,2066,2070,2072,2075,2076,2079,2079,2086,2090,2090,2095,2096,2098,2099,2102,2104,2109,2109,2113,2116,2117,2123,2127,2128,2134,2145,2145,2146,2151,2155,2164,2165,2168,2172,2173,2174,2174,2186,2191,2201,2203,2207,2209,2210,2216,2220,2224,2226,2232,2237,2241,2243,2245,2245,2248,2250,2256,2267,2270,2282,2285,2290,2290,2295,2313,2315,2325,2336,2359,2374,2413,2418,2448,2474,2488,2509,2523,2541,2553,2559,2683,2709,2805,2990,3022,4190]",2372837.0,2239.0,1095938.0,354428.0,"[2372837,2372837,2372837,2372837,2372837,2372837,2372837,2372837,2372837,2372837,2372837,2372837,2372837,2372837,2372837,2372837,2372837,2372837,2372837,2372837,2372837,2372837,2372837,2372837,2372837,2372837,2372837,2372837,2372837,2372837,2372837,2372837,2372837,2372837,2372837,2372837,2372837,2372837,2372837,2372837,2372837,2372837,2372837,2372837,2372837,2372837,2372837,2372837,2372837,2372837,2372837,2372837,2372837,2372837,2372837,2372837,2372837,2372837,2372837,2372837,2372837,2372837,2372837,2372837,2372837,2372837,2372837,2372837,2372837,2372837,2372837,2372837,2372837,2372837,2372837,2372837,2372837,2372837,2372837,2372837,2372837,2372837,2372837,2372837,2372837,2372837,2372837,2372837,2372837,2372837,2372837,2372837,2372837,2372837,2372837,2372837,2372837,2372837,2372837,2372837,2372837,2372837,2372837,2372837,2372837,2372837,2372837,2372837,2372837,2372837,2372837,2372837,2372837,2372837,2372837,2372837,2372837,2372837,2372837,2372837,2372837,2372837,2372837,2372837,2372837,2372837,2372837,2372837,2372837,2372837,2372837,2372837,2372837,2372837,2372837,2372837,2372837,2372837,2372837,2372837]","[1095938,1095938,1095938,1095938,1095938,1095938,1095938,1095938,1095938,1095938,1095938,1095938,1095938,1095938,1095938,1095938,1095938,1095938,1095938,1095938,1095938,1095938,1095938,1095938,1095938,1095938,1095938,1095938,1095938,1095938,1095938,1095938,1095938,1095938,1095938,1095938,1095938,1095938,1095938,1095938,1095938,1095938,1095938,1095938,1095938,1095938,1095938,1095938,1095938,1095938,1095938,1095938,1095938,1095938,1095938,1095938,1095938,1095938,1095938,1095938,1095938,1095938,1095938,1095938,1095938,1095938,1095938,1095938,1095938,1095938,1095938,1095938,1095938,1095938,1095938,1095938,1095938,1095938,1095938,1095938,1095938,1095938,1095938,1095938,1095938,1095938,1095938,1095938,1095938,1095938,1095938,1095938,1095938,1095938,1095938,1095938,1095938,1095938,1095938,1095938,1095938,1095938,1095938,1095938,1095938,1095938,1095938,1095938,1095938,1095938,1095938,1095938,1095938,1095938,1095938,1095938,1095938,1095938,1095938,1095938,1095938,1095938,1095938,1095938,1095938,1095938,1095938,1095938,1095938,1095938,1095938,1095938,1095938,1095938,1095938,1095938,1095938,1095938,1095938,1095938]","{""inference_regions"":7,""canonical_specialization_queries"":1,""canonical_specialization_hits"":0,""solver_requested_bytes"":11800,""solver_allocations"":51,""scratch_requested_bytes"":24684,""scratch_allocations"":88,""max_solver_live_bytes"":3264,""max_scratch_live_bytes"":4628,""evidence_import_solver_bytes"":0,""evidence_import_scratch_bytes"":384,""snapshot_copy_bytes"":9776,""snapshot_copy_allocations"":12,""principal_copy_buffer_bytes"":0,""principal_copy_buffer_allocations"":0,""frozen_capture_temporary_bytes"":0,""frozen_capture_published_bytes"":512,""frozen_edge_scratch_bytes"":0,""region_scopes"":11,""max_region_scopes"":4,""call_collections_closed"":2,""call_collections_unresolved"":0,""call_memo_hits"":5,""solver_passes"":13,""solver_constraint_visits"":9,""occurs_steps"":0}"
dependency128,revert,default,"[1923,1930,1931,1933,1933,1934,1937,1938,1939,1939,1943,1944,1947,1950,1951,1953,1954,1955,1967,1968,1968,1969,1969,1972,1972,1975,1977,1978,1978,1979,1979,1980,1981,1982,1986,1988,1989,1990,1993,1998,1998,2000,2000,2002,2002,2010,2014,2022,2023,2032,2033,2036,2036,2037,2041,2041,2042,2047,2049,2053,2053,2056,2062,2067,2071,2071,2074,2075,2077,2078,2079,2083,2090,2095,2099,2101,2101,2104,2112,2112,2125,2126,2129,2130,2135,2139,2163,2165,2166,2167,2171,2176,2186,2195,2196,2209,2210,2210,2224,2226,2229,2231,2242,2243,2248,2262,2269,2280,2285,2291,2316,2359,2390,2397,2397,2402,2410,2420,2420,2424,2474,2551,2556,2563,2563,2669,2686,2701,2754,2755,2797,2815,2836,3019,3067,3233,3645,3782,3900,4512]","[1924,1931,1931,1933,1933,1935,1937,1938,1939,1939,1943,1945,1947,1950,1952,1954,1955,1955,1967,1968,1969,1969,1969,1972,1973,1975,1977,1978,1978,1979,1980,1981,1981,1982,1986,1988,1989,1990,1994,1998,1998,1999,2000,2002,2003,2010,2014,2022,2024,2032,2033,2036,2036,2037,2041,2042,2043,2047,2049,2053,2054,2056,2062,2067,2071,2072,2074,2074,2078,2079,2079,2084,2090,2096,2099,2101,2101,2105,2112,2112,2124,2125,2129,2131,2135,2139,2164,2165,2166,2168,2171,2175,2187,2195,2196,2209,2210,2210,2224,2226,2228,2232,2242,2244,2249,2262,2269,2280,2285,2291,2316,2359,2397,2397,2402,2410,2410,2420,2421,2425,2474,2551,2555,2563,2563,2669,2687,2701,2754,2756,2797,2814,2837,3019,3068,3233,3646,3781,3900,4512]",2372893.0,2239.0,1095938.0,354428.0,"[2372893,2372893,2372893,2372893,2372893,2372893,2372893,2372893,2372893,2372893,2372893,2372893,2372893,2372893,2372893,2372893,2372893,2372893,2372893,2372893,2372893,2372893,2372893,2372893,2372893,2372893,2372893,2372893,2372893,2372893,2372893,2372893,2372893,2372893,2372893,2372893,2372893,2372893,2372893,2372893,2372893,2372893,2372893,2372893,2372893,2372893,2372893,2372893,2372893,2372893,2372893,2372893,2372893,2372893,2372893,2372893,2372893,2372893,2372893,2372893,2372893,2372893,2372893,2372893,2372893,2372893,2372893,2372893,2372893,2372893,2372893,2372893,2372893,2372893,2372893,2372893,2372893,2372893,2372893,2372893,2372893,2372893,2372893,2372893,2372893,2372893,2372893,2372893,2372893,2372893,2372893,2372893,2372893,2372893,2372893,2372893,2372893,2372893,2372893,2372893,2372893,2372893,2372893,2372893,2372893,2372893,2372893,2372893,2372893,2372893,2372893,2372893,2372893,2372893,2372893,2372893,2372893,2372893,2372893,2372893,2372893,2372893,2372893,2372893,2372893,2372893,2372893,2372893,2372893,2372893,2372893,2372893,2372893,2372893,2372893,2372893,2372893,2372893,2372893,2372893]","[1095938,1095938,1095938,1095938,1095938,1095938,1095938,1095938,1095938,1095938,1095938,1095938,1095938,1095938,1095938,1095938,1095938,1095938,1095938,1095938,1095938,1095938,1095938,1095938,1095938,1095938,1095938,1095938,1095938,1095938,1095938,1095938,1095938,1095938,1095938,1095938,1095938,1095938,1095938,1095938,1095938,1095938,1095938,1095938,1095938,1095938,1095938,1095938,1095938,1095938,1095938,1095938,1095938,1095938,1095938,1095938,1095938,1095938,1095938,1095938,1095938,1095938,1095938,1095938,1095938,1095938,1095938,1095938,1095938,1095938,1095938,1095938,1095938,1095938,1095938,1095938,1095938,1095938,1095938,1095938,1095938,1095938,1095938,1095938,1095938,1095938,1095938,1095938,1095938,1095938,1095938,1095938,1095938,1095938,1095938,1095938,1095938,1095938,1095938,1095938,1095938,1095938,1095938,1095938,1095938,1095938,1095938,1095938,1095938,1095938,1095938,1095938,1095938,1095938,1095938,1095938,1095938,1095938,1095938,1095938,1095938,1095938,1095938,1095938,1095938,1095938,1095938,1095938,1095938,1095938,1095938,1095938,1095938,1095938,1095938,1095938,1095938,1095938,1095938,1095938]","{""semantic_component_batches"":0,""semantic_component_jobs"":0,""max_semantic_component_workers"":0,""inference_regions"":7,""canonical_specialization_queries"":1,""canonical_specialization_hits"":0,""solver_requested_bytes"":11800,""solver_allocations"":51,""scratch_requested_bytes"":24684,""scratch_allocations"":88,""max_solver_live_bytes"":3264,""max_scratch_live_bytes"":4628,""evidence_import_solver_bytes"":0,""evidence_import_scratch_bytes"":384,""snapshot_copy_bytes"":9776,""snapshot_copy_allocations"":12,""principal_copy_buffer_bytes"":0,""principal_copy_buffer_allocations"":0,""frozen_capture_temporary_bytes"":0,""frozen_capture_published_bytes"":512,""frozen_edge_scratch_bytes"":0,""region_scopes"":11,""max_region_scopes"":4,""call_collections_closed"":2,""call_collections_unresolved"":0,""call_memo_hits"":5,""solver_passes"":13,""solver_constraint_visits"":9,""occurs_steps"":0}"
dependency128,revert,workers-1,"[1977,1977,1989,1992,1993,1994,1999,2008,2009,2011,2012,2014,2016,2016,2019,2020,2021,2032,2033,2033,2035,2036,2036,2039,2039,2040,2045,2045,2047,2048,2049,2051,2052,2054,2055,2056,2057,2057,2060,2063,2065,2067,2067,2070,2075,2085,2085,2086,2090,2091,2092,2098,2100,2100,2100,2107,2107,2110,2113,2113,2113,2113,2114,2114,2116,2118,2121,2121,2122,2122,2126,2129,2133,2135,2137,2140,2141,2141,2142,2142,2145,2147,2153,2155,2156,2157,2158,2158,2159,2170,2175,2183,2194,2199,2203,2210,2211,2214,2220,2228,2231,2232,2238,2244,2248,2250,2257,2263,2264,2265,2272,2279,2289,2297,2313,2322,2323,2338,2354,2361,2370,2383,2383,2398,2409,2420,2444,2453,2453,2455,2475,2522,2524,2557,2697,2854,3616,4615,4632,6595]","[1977,1978,1988,1992,1992,1994,1999,2008,2009,2012,2012,2012,2016,2016,2019,2021,2021,2032,2033,2034,2035,2035,2037,2039,2040,2040,2045,2045,2048,2049,2052,2052,2053,2055,2056,2057,2058,2061,2063,2066,2067,2067,2070,2076,2079,2085,2085,2087,2091,2091,2093,2098,2100,2100,2101,2107,2107,2110,2112,2113,2114,2114,2114,2114,2116,2118,2121,2122,2122,2122,2126,2130,2133,2135,2137,2140,2140,2141,2142,2143,2145,2147,2153,2155,2156,2156,2158,2158,2159,2171,2176,2183,2194,2199,2204,2210,2211,2214,2221,2229,2232,2233,2239,2244,2248,2251,2257,2262,2265,2266,2272,2279,2290,2297,2314,2322,2323,2338,2354,2361,2370,2383,2383,2400,2409,2419,2444,2453,2453,2455,2476,2521,2524,2557,2698,2855,3616,4632,4684,6596]",2458497.0,2262.0,1095938.0,354428.0,"[2458497,2458497,2458497,2458497,2458497,2458497,2458497,2458497,2458497,2458497,2458497,2458497,2458497,2458497,2458497,2458497,2458497,2458497,2458497,2458497,2458497,2458497,2458497,2458497,2458497,2458497,2458497,2458497,2458497,2458497,2458497,2458497,2458497,2458497,2458497,2458497,2458497,2458497,2458497,2458497,2458497,2458497,2458497,2458497,2458497,2458497,2458497,2458497,2458497,2458497,2458497,2458497,2458497,2458497,2458497,2458497,2458497,2458497,2458497,2458497,2458497,2458497,2458497,2458497,2458497,2458497,2458497,2458497,2458497,2458497,2458497,2458497,2458497,2458497,2458497,2458497,2458497,2458497,2458497,2458497,2458497,2458497,2458497,2458497,2458497,2458497,2458497,2458497,2458497,2458497,2458497,2458497,2458497,2458497,2458497,2458497,2458497,2458497,2458497,2458497,2458497,2458497,2458497,2458497,2458497,2458497,2458497,2458497,2458497,2458497,2458497,2458497,2458497,2458497,2458497,2458497,2458497,2458497,2458497,2458497,2458497,2458497,2458497,2458497,2458497,2458497,2458497,2458497,2458497,2458497,2458497,2458497,2458497,2458497,2458497,2458497,2458497,2458497,2458497,2458497]","[1095938,1095938,1095938,1095938,1095938,1095938,1095938,1095938,1095938,1095938,1095938,1095938,1095938,1095938,1095938,1095938,1095938,1095938,1095938,1095938,1095938,1095938,1095938,1095938,1095938,1095938,1095938,1095938,1095938,1095938,1095938,1095938,1095938,1095938,1095938,1095938,1095938,1095938,1095938,1095938,1095938,1095938,1095938,1095938,1095938,1095938,1095938,1095938,1095938,1095938,1095938,1095938,1095938,1095938,1095938,1095938,1095938,1095938,1095938,1095938,1095938,1095938,1095938,1095938,1095938,1095938,1095938,1095938,1095938,1095938,1095938,1095938,1095938,1095938,1095938,1095938,1095938,1095938,1095938,1095938,1095938,1095938,1095938,1095938,1095938,1095938,1095938,1095938,1095938,1095938,1095938,1095938,1095938,1095938,1095938,1095938,1095938,1095938,1095938,1095938,1095938,1095938,1095938,1095938,1095938,1095938,1095938,1095938,1095938,1095938,1095938,1095938,1095938,1095938,1095938,1095938,1095938,1095938,1095938,1095938,1095938,1095938,1095938,1095938,1095938,1095938,1095938,1095938,1095938,1095938,1095938,1095938,1095938,1095938,1095938,1095938,1095938,1095938,1095938,1095938]","{""semantic_component_batches"":1,""semantic_component_jobs"":2,""max_semantic_component_workers"":1,""inference_regions"":7,""canonical_specialization_queries"":1,""canonical_specialization_hits"":0,""solver_requested_bytes"":11800,""solver_allocations"":51,""scratch_requested_bytes"":24684,""scratch_allocations"":88,""max_solver_live_bytes"":3264,""max_scratch_live_bytes"":4628,""evidence_import_solver_bytes"":0,""evidence_import_scratch_bytes"":384,""snapshot_copy_bytes"":9776,""snapshot_copy_allocations"":12,""principal_copy_buffer_bytes"":0,""principal_copy_buffer_allocations"":0,""frozen_capture_temporary_bytes"":0,""frozen_capture_published_bytes"":512,""frozen_edge_scratch_bytes"":0,""region_scopes"":11,""max_region_scopes"":4,""call_collections_closed"":2,""call_collections_unresolved"":0,""call_memo_hits"":5,""solver_passes"":13,""solver_constraint_visits"":9,""occurs_steps"":0}"
dependency128,revert,workers-2,"[2087,2092,2102,2103,2106,2116,2121,2125,2126,2126,2129,2140,2144,2164,2167,2179,2181,2184,2186,2196,2197,2200,2208,2213,2216,2218,2222,2223,2224,2224,2225,2226,2226,2227,2227,2229,2229,2229,2230,2230,2231,2233,2233,2235,2236,2236,2239,2244,2245,2246,2248,2249,2250,2253,2255,2256,2265,2266,2266,2271,2273,2277,2282,2290,2294,2296,2298,2306,2307,2313,2315,2320,2320,2323,2324,2329,2338,2347,2348,2354,2356,2358,2363,2364,2365,2368,2375,2376,2376,2376,2377,2380,2381,2381,2391,2400,2400,2417,2424,2427,2432,2439,2444,2445,2447,2451,2454,2465,2473,2480,2490,2493,2495,2501,2513,2522,2525,2529,2530,2539,2549,2556,2560,2564,2565,2579,2592,2611,2628,2640,2676,2688,2688,2777,2781,2810,2870,3039,3634,4002]","[2032,2036,2042,2046,2048,2052,2055,2055,2061,2066,2066,2075,2084,2085,2095,2110,2115,2115,2116,2122,2123,2125,2125,2127,2127,2129,2130,2130,2139,2142,2144,2148,2149,2150,2151,2152,2154,2155,2155,2159,2160,2160,2162,2163,2163,2170,2171,2173,2173,2174,2174,2177,2178,2178,2179,2183,2184,2187,2193,2195,2195,2200,2204,2204,2205,2207,2208,2217,2230,2234,2235,2238,2244,2246,2248,2250,2255,2260,2262,2263,2265,2267,2269,2284,2285,2286,2289,2289,2291,2300,2303,2308,2313,2321,2326,2326,2327,2338,2340,2347,2348,2355,2367,2373,2374,2380,2387,2390,2395,2402,2404,2404,2412,2422,2433,2435,2439,2444,2447,2455,2455,2462,2468,2477,2485,2487,2506,2511,2553,2568,2573,2613,2625,2702,2730,2808,2932,3041,3542,3913]",2572797.0,2268.0,1095938.0,354428.0,"[2458497,2572797,2572797,2572797,2572797,2572797,2572797,2572797,2572797,2572797,2572797,2572797,2572797,2572797,2572797,2572797,2572797,2572797,2572797,2572797,2572797,2572797,2572797,2572797,2572797,2572797,2572797,2572797,2572797,2572797,2572797,2572797,2572797,2572797,2572797,2572797,2572797,2572797,2572797,2572797,2572797,2572797,2572797,2572797,2572797,2572797,2572797,2572797,2572797,2572797,2572797,2572797,2572797,2572797,2572797,2572797,2572797,2572797,2572797,2572797,2572797,2572797,2572797,2572797,2572797,2572797,2572797,2572797,2572797,2572797,2572797,2572797,2572797,2572797,2572797,2572797,2572797,2572797,2572797,2572797,2572797,2572797,2572797,2572797,2572797,2572797,2572797,2572797,2572797,2572797,2572797,2572797,2572797,2572797,2572797,2572797,2572797,2572797,2572797,2572797,2572797,2572797,2572797,2572797,2572797,2572797,2572797,2572797,2572797,2572797,2572797,2572797,2572797,2572797,2572797,2572797,2572797,2572797,2572797,2572797,2572797,2572797,2572797,2572797,2572797,2572797,2572797,2572797,2572797,2572797,2572797,2572797,2572797,2572797,2572797,2572797,2572797,2572797,2572797,2572797]","[1095938,1095938,1095938,1095938,1095938,1095938,1095938,1095938,1095938,1095938,1095938,1095938,1095938,1095938,1095938,1095938,1095938,1095938,1095938,1095938,1095938,1095938,1095938,1095938,1095938,1095938,1095938,1095938,1095938,1095938,1095938,1095938,1095938,1095938,1095938,1095938,1095938,1095938,1095938,1095938,1095938,1095938,1095938,1095938,1095938,1095938,1095938,1095938,1095938,1095938,1095938,1095938,1095938,1095938,1095938,1095938,1095938,1095938,1095938,1095938,1095938,1095938,1095938,1095938,1095938,1095938,1095938,1095938,1095938,1095938,1095938,1095938,1095938,1095938,1095938,1095938,1095938,1095938,1095938,1095938,1095938,1095938,1095938,1095938,1095938,1095938,1095938,1095938,1095938,1095938,1095938,1095938,1095938,1095938,1095938,1095938,1095938,1095938,1095938,1095938,1095938,1095938,1095938,1095938,1095938,1095938,1095938,1095938,1095938,1095938,1095938,1095938,1095938,1095938,1095938,1095938,1095938,1095938,1095938,1095938,1095938,1095938,1095938,1095938,1095938,1095938,1095938,1095938,1095938,1095938,1095938,1095938,1095938,1095938,1095938,1095938,1095938,1095938,1095938,1095938]","{""semantic_component_batches"":1,""semantic_component_jobs"":2,""max_semantic_component_workers"":2,""inference_regions"":7,""canonical_specialization_queries"":1,""canonical_specialization_hits"":0,""solver_requested_bytes"":11800,""solver_allocations"":51,""scratch_requested_bytes"":24684,""scratch_allocations"":88,""max_solver_live_bytes"":3264,""max_scratch_live_bytes"":4628,""evidence_import_solver_bytes"":0,""evidence_import_scratch_bytes"":384,""snapshot_copy_bytes"":9776,""snapshot_copy_allocations"":12,""principal_copy_buffer_bytes"":0,""principal_copy_buffer_allocations"":0,""frozen_capture_temporary_bytes"":0,""frozen_capture_published_bytes"":512,""frozen_edge_scratch_bytes"":0,""region_scopes"":11,""max_region_scopes"":4,""call_collections_closed"":2,""call_collections_unresolved"":0,""call_memo_hits"":5,""solver_passes"":13,""solver_constraint_visits"":9,""occurs_steps"":0}"
dependency128,revert,workers-4,"[2087,2091,2091,2093,2095,2097,2101,2104,2108,2110,2110,2111,2116,2117,2119,2119,2121,2122,2133,2135,2138,2140,2142,2144,2144,2147,2151,2151,2153,2156,2157,2159,2163,2165,2167,2168,2174,2177,2178,2187,2187,2192,2192,2192,2193,2198,2199,2201,2202,2202,2203,2204,2209,2211,2212,2214,2216,2223,2227,2229,2231,2234,2235,2239,2240,2245,2249,2253,2254,2255,2261,2261,2263,2264,2268,2268,2272,2273,2275,2276,2279,2281,2286,2290,2293,2299,2304,2306,2306,2320,2322,2323,2323,2327,2330,2333,2334,2337,2352,2355,2356,2359,2361,2363,2368,2378,2379,2387,2400,2407,2412,2431,2438,2440,2453,2453,2463,2475,2484,2499,2499,2509,2513,2524,2542,2544,2546,2631,2651,2685,2729,2863,2948,3091,3132,3236,3583,3814,6249,8905]","[2019,2023,2025,2029,2032,2036,2036,2040,2042,2045,2046,2049,2050,2051,2053,2056,2057,2066,2067,2074,2078,2081,2085,2089,2090,2090,2092,2094,2094,2096,2098,2099,2101,2102,2110,2111,2112,2113,2114,2120,2120,2121,2122,2123,2128,2129,2129,2133,2135,2135,2135,2136,2137,2137,2138,2144,2145,2148,2150,2152,2152,2153,2156,2158,2160,2163,2163,2164,2170,2173,2175,2175,2176,2178,2182,2182,2190,2191,2201,2204,2205,2207,2215,2215,2216,2218,2221,2225,2231,2232,2239,2239,2243,2253,2254,2259,2261,2265,2268,2271,2278,2279,2280,2297,2302,2308,2313,2314,2320,2348,2352,2359,2371,2373,2380,2387,2397,2399,2404,2413,2416,2433,2439,2449,2464,2480,2486,2549,2569,2632,2673,2784,2869,3044,3077,3136,3505,3735,6193,8831]",2572797.0,2268.0,1095938.0,354428.0,"[2572797,2572797,2572797,2572797,2572797,2572797,2572797,2572797,2572797,2572797,2572797,2572797,2572797,2572797,2572797,2572797,2572797,2572797,2572797,2572797,2572797,2572797,2572797,2572797,2572797,2572797,2572797,2572797,2572797,2572797,2572797,2572797,2572797,2572797,2572797,2572797,2572797,2572797,2572797,2572797,2572797,2572797,2572797,2572797,2572797,2572797,2572797,2572797,2572797,2572797,2572797,2572797,2572797,2572797,2572797,2572797,2572797,2572797,2572797,2572797,2572797,2572797,2572797,2572797,2572797,2572797,2572797,2572797,2572797,2572797,2572797,2572797,2572797,2572797,2572797,2572797,2572797,2572797,2572797,2572797,2572797,2572797,2572797,2572797,2572797,2572797,2572797,2572797,2572797,2572797,2572797,2572797,2572797,2572797,2572797,2572797,2572797,2572797,2572797,2572797,2572797,2572797,2572797,2572797,2572797,2572797,2572797,2572797,2572797,2572797,2572797,2572797,2572797,2572797,2572797,2572797,2572797,2572797,2572797,2572797,2572797,2572797,2572797,2572797,2572797,2572797,2572797,2572797,2572797,2572797,2572797,2572797,2572797,2572797,2572797,2572797,2572797,2572797,2572797,2572797]","[1095938,1095938,1095938,1095938,1095938,1095938,1095938,1095938,1095938,1095938,1095938,1095938,1095938,1095938,1095938,1095938,1095938,1095938,1095938,1095938,1095938,1095938,1095938,1095938,1095938,1095938,1095938,1095938,1095938,1095938,1095938,1095938,1095938,1095938,1095938,1095938,1095938,1095938,1095938,1095938,1095938,1095938,1095938,1095938,1095938,1095938,1095938,1095938,1095938,1095938,1095938,1095938,1095938,1095938,1095938,1095938,1095938,1095938,1095938,1095938,1095938,1095938,1095938,1095938,1095938,1095938,1095938,1095938,1095938,1095938,1095938,1095938,1095938,1095938,1095938,1095938,1095938,1095938,1095938,1095938,1095938,1095938,1095938,1095938,1095938,1095938,1095938,1095938,1095938,1095938,1095938,1095938,1095938,1095938,1095938,1095938,1095938,1095938,1095938,1095938,1095938,1095938,1095938,1095938,1095938,1095938,1095938,1095938,1095938,1095938,1095938,1095938,1095938,1095938,1095938,1095938,1095938,1095938,1095938,1095938,1095938,1095938,1095938,1095938,1095938,1095938,1095938,1095938,1095938,1095938,1095938,1095938,1095938,1095938,1095938,1095938,1095938,1095938,1095938,1095938]","{""semantic_component_batches"":1,""semantic_component_jobs"":2,""max_semantic_component_workers"":2,""inference_regions"":7,""canonical_specialization_queries"":1,""canonical_specialization_hits"":0,""solver_requested_bytes"":11800,""solver_allocations"":51,""scratch_requested_bytes"":24684,""scratch_allocations"":88,""max_solver_live_bytes"":3264,""max_scratch_live_bytes"":4628,""evidence_import_solver_bytes"":0,""evidence_import_scratch_bytes"":384,""snapshot_copy_bytes"":9776,""snapshot_copy_allocations"":12,""principal_copy_buffer_bytes"":0,""principal_copy_buffer_allocations"":0,""frozen_capture_temporary_bytes"":0,""frozen_capture_published_bytes"":512,""frozen_edge_scratch_bytes"":0,""region_scopes"":11,""max_region_scopes"":4,""call_collections_closed"":2,""call_collections_unresolved"":0,""call_memo_hits"":5,""solver_passes"":13,""solver_constraint_visits"":9,""occurs_steps"":0}"
dependency128,revert,workers-8,"[2066,2068,2079,2089,2096,2111,2112,2112,2113,2118,2119,2124,2126,2127,2144,2145,2148,2164,2166,2173,2185,2186,2187,2197,2199,2201,2202,2204,2212,2222,2223,2224,2228,2229,2233,2236,2236,2237,2247,2249,2255,2255,2256,2256,2258,2260,2260,2260,2262,2266,2269,2273,2274,2276,2276,2276,2281,2281,2284,2284,2285,2286,2287,2288,2290,2291,2293,2293,2294,2296,2297,2301,2304,2306,2313,2313,2314,2315,2315,2321,2322,2325,2326,2331,2337,2341,2343,2344,2345,2349,2352,2356,2357,2363,2367,2377,2378,2379,2379,2379,2382,2386,2387,2391,2401,2404,2412,2416,2417,2424,2424,2448,2449,2451,2455,2456,2457,2458,2463,2480,2485,2486,2502,2509,2510,2617,2634,2650,2651,2662,2710,2742,2762,2782,2788,2804,3120,3462,3577,4195]","[2003,2015,2026,2032,2033,2034,2050,2056,2057,2060,2062,2065,2069,2072,2078,2081,2082,2083,2089,2091,2106,2106,2114,2122,2125,2125,2126,2128,2129,2131,2132,2134,2140,2148,2151,2155,2155,2160,2161,2164,2166,2173,2177,2179,2179,2181,2183,2185,2185,2186,2186,2188,2191,2191,2192,2193,2193,2195,2197,2200,2200,2200,2204,2205,2211,2213,2214,2216,2217,2217,2218,2219,2219,2219,2219,2223,2226,2231,2232,2233,2240,2241,2241,2244,2251,2261,2265,2267,2270,2275,2278,2279,2282,2286,2292,2295,2297,2298,2298,2299,2304,2305,2318,2322,2323,2323,2331,2336,2336,2337,2338,2346,2356,2360,2361,2368,2368,2388,2389,2396,2398,2400,2413,2421,2428,2517,2544,2546,2571,2576,2619,2652,2673,2694,2705,2711,2911,3023,3502,4148]",2572797.0,2268.0,1095938.0,354428.0,"[2572797,2572797,2572797,2572797,2572797,2572797,2572797,2572797,2572797,2572797,2572797,2572797,2572797,2572797,2572797,2572797,2572797,2572797,2572797,2572797,2572797,2572797,2572797,2572797,2572797,2572797,2572797,2572797,2572797,2572797,2572797,2572797,2572797,2572797,2572797,2572797,2572797,2572797,2572797,2572797,2572797,2572797,2572797,2572797,2572797,2572797,2572797,2572797,2572797,2572797,2572797,2572797,2572797,2572797,2572797,2572797,2572797,2572797,2572797,2572797,2572797,2572797,2572797,2572797,2572797,2572797,2572797,2572797,2572797,2572797,2572797,2572797,2572797,2572797,2572797,2572797,2572797,2572797,2572797,2572797,2572797,2572797,2572797,2572797,2572797,2572797,2572797,2572797,2572797,2572797,2572797,2572797,2572797,2572797,2572797,2572797,2572797,2572797,2572797,2572797,2572797,2572797,2572797,2572797,2572797,2572797,2572797,2572797,2572797,2572797,2572797,2572797,2572797,2572797,2572797,2572797,2572797,2572797,2572797,2572797,2572797,2572797,2572797,2572797,2572797,2572797,2572797,2572797,2572797,2572797,2572797,2572797,2572797,2572797,2572797,2572797,2572797,2572797,2572797,2572797]","[1095938,1095938,1095938,1095938,1095938,1095938,1095938,1095938,1095938,1095938,1095938,1095938,1095938,1095938,1095938,1095938,1095938,1095938,1095938,1095938,1095938,1095938,1095938,1095938,1095938,1095938,1095938,1095938,1095938,1095938,1095938,1095938,1095938,1095938,1095938,1095938,1095938,1095938,1095938,1095938,1095938,1095938,1095938,1095938,1095938,1095938,1095938,1095938,1095938,1095938,1095938,1095938,1095938,1095938,1095938,1095938,1095938,1095938,1095938,1095938,1095938,1095938,1095938,1095938,1095938,1095938,1095938,1095938,1095938,1095938,1095938,1095938,1095938,1095938,1095938,1095938,1095938,1095938,1095938,1095938,1095938,1095938,1095938,1095938,1095938,1095938,1095938,1095938,1095938,1095938,1095938,1095938,1095938,1095938,1095938,1095938,1095938,1095938,1095938,1095938,1095938,1095938,1095938,1095938,1095938,1095938,1095938,1095938,1095938,1095938,1095938,1095938,1095938,1095938,1095938,1095938,1095938,1095938,1095938,1095938,1095938,1095938,1095938,1095938,1095938,1095938,1095938,1095938,1095938,1095938,1095938,1095938,1095938,1095938,1095938,1095938,1095938,1095938,1095938,1095938]","{""semantic_component_batches"":1,""semantic_component_jobs"":2,""max_semantic_component_workers"":2,""inference_regions"":7,""canonical_specialization_queries"":1,""canonical_specialization_hits"":0,""solver_requested_bytes"":11800,""solver_allocations"":51,""scratch_requested_bytes"":24684,""scratch_allocations"":88,""max_solver_live_bytes"":3264,""max_scratch_live_bytes"":4628,""evidence_import_solver_bytes"":0,""evidence_import_scratch_bytes"":384,""snapshot_copy_bytes"":9776,""snapshot_copy_allocations"":12,""principal_copy_buffer_bytes"":0,""principal_copy_buffer_allocations"":0,""frozen_capture_temporary_bytes"":0,""frozen_capture_published_bytes"":512,""frozen_edge_scratch_bytes"":0,""region_scopes"":11,""max_region_scopes"":4,""call_collections_closed"":2,""call_collections_unresolved"":0,""call_memo_hits"":5,""solver_passes"":13,""solver_constraint_visits"":9,""occurs_steps"":0}"
dependency128,noop,baseline,"[51,51,51,51,51,51,51,51,51,51,52,52,52,52,52,52,52,52,52,52,52,52,52,52,52,52,52,52,52,52,52,52,52,52,52,52,52,52,52,52,52,52,52,52,53,53,53,53,53,53,53,53,53,53,53,53,53,53,53,53,53,53,53,53,53,53,53,53,53,53,53,53,53,53,53,53,53,53,53,53,53,54,54,54,54,54,54,54,54,54,54,54,54,54,54,54,54,54,54,54,54,55,55,55,55,55,55,55,55,55,55,56,56,56,56,56,57,59,61,66,67,67,68,69,69,70,70,70,71,71,71,72,73,75,82,91,117,134,165,289]","[50,50,51,51,51,51,51,51,51,51,51,51,51,51,51,51,51,51,51,51,51,51,51,51,51,52,52,52,52,52,52,52,52,52,52,52,52,52,52,52,52,52,52,52,52,52,52,52,52,52,52,52,52,52,52,52,52,52,52,52,52,52,52,53,53,53,53,53,53,53,53,53,53,53,53,53,53,53,53,53,53,53,53,53,53,53,53,53,53,53,53,53,53,54,54,54,54,54,54,54,54,54,54,54,54,54,54,54,54,55,55,55,55,55,55,55,56,58,60,65,66,66,68,69,69,69,70,70,70,70,71,72,73,74,81,91,117,133,165,289]",29349.0,38.0,381620.0,354428.0,"[29349,29349,29349,29349,29349,29349,29349,29349,29349,29349,29349,29349,29349,29349,29349,29349,29349,29349,29349,29349,29349,29349,29349,29349,29349,29349,29349,29349,29349,29349,29349,29349,29349,29349,29349,29349,29349,29349,29349,29349,29349,29349,29349,29349,29349,29349,29349,29349,29349,29349,29349,29349,29349,29349,29349,29349,29349,29349,29349,29349,29349,29349,29349,29349,29349,29349,29349,29349,29349,29349,29349,29349,29349,29349,29349,29349,29349,29349,29349,29349,29349,29349,29349,29349,29349,29349,29349,29349,29349,29349,29349,29349,29349,29349,29349,29349,29349,29349,29349,29349,29349,29349,29349,29349,29349,29349,29349,29349,29349,29349,29349,29349,29349,29349,29349,29349,29349,29349,29349,29349,29349,29349,29349,29349,29349,29349,29349,29349,29349,29349,29349,29349,29349,29349,29349,29349,29349,29349,29349,29349]","[381620,381620,381620,381620,381620,381620,381620,381620,381620,381620,381620,381620,381620,381620,381620,381620,381620,381620,381620,381620,381620,381620,381620,381620,381620,381620,381620,381620,381620,381620,381620,381620,381620,381620,381620,381620,381620,381620,381620,381620,381620,381620,381620,381620,381620,381620,381620,381620,381620,381620,381620,381620,381620,381620,381620,381620,381620,381620,381620,381620,381620,381620,381620,381620,381620,381620,381620,381620,381620,381620,381620,381620,381620,381620,381620,381620,381620,381620,381620,381620,381620,381620,381620,381620,381620,381620,381620,381620,381620,381620,381620,381620,381620,381620,381620,381620,381620,381620,381620,381620,381620,381620,381620,381620,381620,381620,381620,381620,381620,381620,381620,381620,381620,381620,381620,381620,381620,381620,381620,381620,381620,381620,381620,381620,381620,381620,381620,381620,381620,381620,381620,381620,381620,381620,381620,381620,381620,381620,381620,381620]","{""inference_regions"":0,""canonical_specialization_queries"":0,""canonical_specialization_hits"":0,""solver_requested_bytes"":0,""solver_allocations"":0,""scratch_requested_bytes"":0,""scratch_allocations"":0,""max_solver_live_bytes"":0,""max_scratch_live_bytes"":0,""evidence_import_solver_bytes"":0,""evidence_import_scratch_bytes"":0,""snapshot_copy_bytes"":0,""snapshot_copy_allocations"":0,""principal_copy_buffer_bytes"":0,""principal_copy_buffer_allocations"":0,""frozen_capture_temporary_bytes"":0,""frozen_capture_published_bytes"":0,""frozen_edge_scratch_bytes"":0,""region_scopes"":0,""max_region_scopes"":0,""call_collections_closed"":0,""call_collections_unresolved"":0,""call_memo_hits"":0,""solver_passes"":0,""solver_constraint_visits"":0,""occurs_steps"":0}"
dependency128,noop,default,"[50,50,50,50,50,50,51,51,51,51,51,51,51,51,51,51,51,51,51,51,52,52,52,52,52,52,52,52,52,52,52,52,52,52,52,52,52,52,52,52,52,52,52,52,52,52,52,52,52,52,52,52,52,52,52,52,52,52,52,52,53,53,53,53,53,53,53,53,53,53,53,53,53,53,53,53,53,53,53,53,53,53,53,53,53,53,54,54,54,54,54,54,54,54,54,54,54,54,54,54,54,54,54,55,55,55,55,55,55,55,55,55,55,56,56,56,56,57,58,58,58,58,59,59,62,70,70,72,75,77,79,90,115,119,125,128,183,222,235,251]","[50,50,50,50,50,50,50,51,51,51,51,51,51,51,51,51,51,51,51,51,51,51,51,51,51,51,51,51,51,51,51,51,51,51,51,51,51,52,52,52,52,52,52,52,52,52,52,52,52,52,52,52,52,52,52,52,52,52,52,52,52,52,52,52,52,52,52,52,52,52,52,52,52,52,52,52,53,53,53,53,53,53,53,53,53,53,53,53,53,53,53,53,53,53,53,53,53,53,53,54,54,54,54,54,54,54,54,54,54,54,54,55,55,55,55,55,56,56,57,57,58,58,58,58,59,61,70,70,71,76,78,90,115,119,125,128,182,222,234,250]",29405.0,38.0,381676.0,354428.0,"[29405,29405,29405,29405,29405,29405,29405,29405,29405,29405,29405,29405,29405,29405,29405,29405,29405,29405,29405,29405,29405,29405,29405,29405,29405,29405,29405,29405,29405,29405,29405,29405,29405,29405,29405,29405,29405,29405,29405,29405,29405,29405,29405,29405,29405,29405,29405,29405,29405,29405,29405,29405,29405,29405,29405,29405,29405,29405,29405,29405,29405,29405,29405,29405,29405,29405,29405,29405,29405,29405,29405,29405,29405,29405,29405,29405,29405,29405,29405,29405,29405,29405,29405,29405,29405,29405,29405,29405,29405,29405,29405,29405,29405,29405,29405,29405,29405,29405,29405,29405,29405,29405,29405,29405,29405,29405,29405,29405,29405,29405,29405,29405,29405,29405,29405,29405,29405,29405,29405,29405,29405,29405,29405,29405,29405,29405,29405,29405,29405,29405,29405,29405,29405,29405,29405,29405,29405,29405,29405,29405]","[381676,381676,381676,381676,381676,381676,381676,381676,381676,381676,381676,381676,381676,381676,381676,381676,381676,381676,381676,381676,381676,381676,381676,381676,381676,381676,381676,381676,381676,381676,381676,381676,381676,381676,381676,381676,381676,381676,381676,381676,381676,381676,381676,381676,381676,381676,381676,381676,381676,381676,381676,381676,381676,381676,381676,381676,381676,381676,381676,381676,381676,381676,381676,381676,381676,381676,381676,381676,381676,381676,381676,381676,381676,381676,381676,381676,381676,381676,381676,381676,381676,381676,381676,381676,381676,381676,381676,381676,381676,381676,381676,381676,381676,381676,381676,381676,381676,381676,381676,381676,381676,381676,381676,381676,381676,381676,381676,381676,381676,381676,381676,381676,381676,381676,381676,381676,381676,381676,381676,381676,381676,381676,381676,381676,381676,381676,381676,381676,381676,381676,381676,381676,381676,381676,381676,381676,381676,381676,381676,381676]","{""semantic_component_batches"":0,""semantic_component_jobs"":0,""max_semantic_component_workers"":0,""inference_regions"":0,""canonical_specialization_queries"":0,""canonical_specialization_hits"":0,""solver_requested_bytes"":0,""solver_allocations"":0,""scratch_requested_bytes"":0,""scratch_allocations"":0,""max_solver_live_bytes"":0,""max_scratch_live_bytes"":0,""evidence_import_solver_bytes"":0,""evidence_import_scratch_bytes"":0,""snapshot_copy_bytes"":0,""snapshot_copy_allocations"":0,""principal_copy_buffer_bytes"":0,""principal_copy_buffer_allocations"":0,""frozen_capture_temporary_bytes"":0,""frozen_capture_published_bytes"":0,""frozen_edge_scratch_bytes"":0,""region_scopes"":0,""max_region_scopes"":0,""call_collections_closed"":0,""call_collections_unresolved"":0,""call_memo_hits"":0,""solver_passes"":0,""solver_constraint_visits"":0,""occurs_steps"":0}"
dependency128,noop,workers-1,"[50,50,50,50,50,51,51,51,51,51,51,51,51,51,51,51,51,51,51,51,51,51,51,51,51,51,51,51,51,52,52,52,52,52,52,52,52,52,52,52,52,52,52,52,52,52,52,52,52,52,52,52,52,52,52,52,52,52,52,52,52,53,53,53,53,53,53,53,53,53,53,53,53,53,53,53,53,53,53,53,53,53,53,53,53,53,54,54,54,54,54,54,54,54,54,54,54,54,54,54,55,55,55,55,55,55,56,56,56,56,63,63,66,68,68,68,69,70,70,70,70,71,71,71,72,72,73,74,75,82,86,87,95,105,105,111,114,115,120,1069]","[49,49,49,50,50,50,50,50,50,50,50,50,50,51,51,51,51,51,51,51,51,51,51,51,51,51,51,51,51,51,51,51,51,51,51,51,51,51,51,52,52,52,52,52,52,52,52,52,52,52,52,52,52,52,52,52,52,52,52,52,52,52,52,52,52,52,52,52,52,52,52,52,52,53,53,53,53,53,53,53,53,53,53,53,53,53,53,53,53,53,53,54,54,54,54,54,54,54,54,54,54,54,54,54,55,56,56,56,59,63,63,66,66,67,67,68,69,69,69,69,70,70,70,71,72,72,73,73,75,82,86,87,94,105,105,111,113,114,119,1069]",29405.0,38.0,381676.0,354428.0,"[29405,29405,29405,29405,29405,29405,29405,29405,29405,29405,29405,29405,29405,29405,29405,29405,29405,29405,29405,29405,29405,29405,29405,29405,29405,29405,29405,29405,29405,29405,29405,29405,29405,29405,29405,29405,29405,29405,29405,29405,29405,29405,29405,29405,29405,29405,29405,29405,29405,29405,29405,29405,29405,29405,29405,29405,29405,29405,29405,29405,29405,29405,29405,29405,29405,29405,29405,29405,29405,29405,29405,29405,29405,29405,29405,29405,29405,29405,29405,29405,29405,29405,29405,29405,29405,29405,29405,29405,29405,29405,29405,29405,29405,29405,29405,29405,29405,29405,29405,29405,29405,29405,29405,29405,29405,29405,29405,29405,29405,29405,29405,29405,29405,29405,29405,29405,29405,29405,29405,29405,29405,29405,29405,29405,29405,29405,29405,29405,29405,29405,29405,29405,29405,29405,29405,29405,29405,29405,29405,29405]","[381676,381676,381676,381676,381676,381676,381676,381676,381676,381676,381676,381676,381676,381676,381676,381676,381676,381676,381676,381676,381676,381676,381676,381676,381676,381676,381676,381676,381676,381676,381676,381676,381676,381676,381676,381676,381676,381676,381676,381676,381676,381676,381676,381676,381676,381676,381676,381676,381676,381676,381676,381676,381676,381676,381676,381676,381676,381676,381676,381676,381676,381676,381676,381676,381676,381676,381676,381676,381676,381676,381676,381676,381676,381676,381676,381676,381676,381676,381676,381676,381676,381676,381676,381676,381676,381676,381676,381676,381676,381676,381676,381676,381676,381676,381676,381676,381676,381676,381676,381676,381676,381676,381676,381676,381676,381676,381676,381676,381676,381676,381676,381676,381676,381676,381676,381676,381676,381676,381676,381676,381676,381676,381676,381676,381676,381676,381676,381676,381676,381676,381676,381676,381676,381676,381676,381676,381676,381676,381676,381676]","{""semantic_component_batches"":0,""semantic_component_jobs"":0,""max_semantic_component_workers"":0,""inference_regions"":0,""canonical_specialization_queries"":0,""canonical_specialization_hits"":0,""solver_requested_bytes"":0,""solver_allocations"":0,""scratch_requested_bytes"":0,""scratch_allocations"":0,""max_solver_live_bytes"":0,""max_scratch_live_bytes"":0,""evidence_import_solver_bytes"":0,""evidence_import_scratch_bytes"":0,""snapshot_copy_bytes"":0,""snapshot_copy_allocations"":0,""principal_copy_buffer_bytes"":0,""principal_copy_buffer_allocations"":0,""frozen_capture_temporary_bytes"":0,""frozen_capture_published_bytes"":0,""frozen_edge_scratch_bytes"":0,""region_scopes"":0,""max_region_scopes"":0,""call_collections_closed"":0,""call_collections_unresolved"":0,""call_memo_hits"":0,""solver_passes"":0,""solver_constraint_visits"":0,""occurs_steps"":0}"
dependency128,noop,workers-2,"[51,51,51,51,51,51,52,52,52,52,52,52,52,52,52,52,52,52,52,52,52,52,52,52,52,52,52,52,52,52,52,52,52,52,52,52,52,52,52,52,53,53,53,53,53,53,53,53,53,53,53,53,53,53,53,53,53,53,53,53,53,53,53,53,53,53,53,53,53,53,53,53,53,53,54,54,54,54,54,54,54,54,54,54,54,54,54,54,54,54,54,54,54,54,55,55,55,55,55,55,55,55,55,55,55,55,55,56,56,56,56,56,56,57,57,58,59,59,60,60,61,66,67,71,71,73,75,77,84,84,87,96,100,128,142,166,176,260,358,538]","[50,51,51,51,51,51,51,51,51,51,51,51,51,52,52,52,52,52,52,52,52,52,52,52,52,52,52,52,52,52,52,52,52,52,52,52,52,52,52,52,52,52,52,52,52,52,52,52,52,52,52,52,52,52,52,52,52,52,53,53,53,53,53,53,53,53,53,53,53,53,53,53,53,53,53,53,53,53,53,53,53,53,53,53,53,53,53,54,54,54,54,54,54,54,54,54,54,54,54,54,54,54,54,54,55,55,55,55,55,56,56,56,56,56,56,58,58,59,60,60,61,67,67,71,71,72,76,77,83,84,87,96,99,127,142,166,175,260,363,538]",29405.0,38.0,381676.0,354428.0,"[29405,29405,29405,29405,29405,29405,29405,29405,29405,29405,29405,29405,29405,29405,29405,29405,29405,29405,29405,29405,29405,29405,29405,29405,29405,29405,29405,29405,29405,29405,29405,29405,29405,29405,29405,29405,29405,29405,29405,29405,29405,29405,29405,29405,29405,29405,29405,29405,29405,29405,29405,29405,29405,29405,29405,29405,29405,29405,29405,29405,29405,29405,29405,29405,29405,29405,29405,29405,29405,29405,29405,29405,29405,29405,29405,29405,29405,29405,29405,29405,29405,29405,29405,29405,29405,29405,29405,29405,29405,29405,29405,29405,29405,29405,29405,29405,29405,29405,29405,29405,29405,29405,29405,29405,29405,29405,29405,29405,29405,29405,29405,29405,29405,29405,29405,29405,29405,29405,29405,29405,29405,29405,29405,29405,29405,29405,29405,29405,29405,29405,29405,29405,29405,29405,29405,29405,29405,29405,29405,29405]","[381676,381676,381676,381676,381676,381676,381676,381676,381676,381676,381676,381676,381676,381676,381676,381676,381676,381676,381676,381676,381676,381676,381676,381676,381676,381676,381676,381676,381676,381676,381676,381676,381676,381676,381676,381676,381676,381676,381676,381676,381676,381676,381676,381676,381676,381676,381676,381676,381676,381676,381676,381676,381676,381676,381676,381676,381676,381676,381676,381676,381676,381676,381676,381676,381676,381676,381676,381676,381676,381676,381676,381676,381676,381676,381676,381676,381676,381676,381676,381676,381676,381676,381676,381676,381676,381676,381676,381676,381676,381676,381676,381676,381676,381676,381676,381676,381676,381676,381676,381676,381676,381676,381676,381676,381676,381676,381676,381676,381676,381676,381676,381676,381676,381676,381676,381676,381676,381676,381676,381676,381676,381676,381676,381676,381676,381676,381676,381676,381676,381676,381676,381676,381676,381676,381676,381676,381676,381676,381676,381676]","{""semantic_component_batches"":0,""semantic_component_jobs"":0,""max_semantic_component_workers"":0,""inference_regions"":0,""canonical_specialization_queries"":0,""canonical_specialization_hits"":0,""solver_requested_bytes"":0,""solver_allocations"":0,""scratch_requested_bytes"":0,""scratch_allocations"":0,""max_solver_live_bytes"":0,""max_scratch_live_bytes"":0,""evidence_import_solver_bytes"":0,""evidence_import_scratch_bytes"":0,""snapshot_copy_bytes"":0,""snapshot_copy_allocations"":0,""principal_copy_buffer_bytes"":0,""principal_copy_buffer_allocations"":0,""frozen_capture_temporary_bytes"":0,""frozen_capture_published_bytes"":0,""frozen_edge_scratch_bytes"":0,""region_scopes"":0,""max_region_scopes"":0,""call_collections_closed"":0,""call_collections_unresolved"":0,""call_memo_hits"":0,""solver_passes"":0,""solver_constraint_visits"":0,""occurs_steps"":0}"
dependency128,noop,workers-4,"[50,50,51,51,51,51,51,51,51,51,51,51,51,51,51,51,52,52,52,52,52,52,52,52,52,52,52,52,52,52,52,52,52,52,52,52,52,52,52,52,52,52,52,52,52,52,52,52,52,52,52,52,52,52,52,52,52,52,52,52,52,52,52,52,53,53,53,53,53,53,53,53,53,53,53,53,53,53,53,53,53,53,53,53,53,53,53,53,53,53,53,53,54,54,54,54,54,54,54,54,54,54,54,54,54,54,55,56,56,57,57,58,66,67,68,69,70,71,71,72,73,74,76,76,86,89,91,93,96,96,99,102,106,113,117,117,131,139,143,159]","[50,50,50,51,51,51,51,51,51,51,51,51,51,51,51,51,51,51,51,51,51,51,51,51,51,51,51,51,51,51,51,51,51,51,51,51,51,51,52,52,52,52,52,52,52,52,52,52,52,52,52,52,52,52,52,52,52,52,52,52,52,52,52,52,52,52,52,52,52,52,52,52,52,52,52,53,53,53,53,53,53,53,53,53,53,53,53,53,53,53,53,53,53,53,53,53,53,53,53,53,53,54,54,54,54,54,55,55,56,56,56,57,66,67,68,69,70,71,71,71,73,73,75,76,86,89,91,92,96,96,100,102,105,112,117,117,131,139,153,159]",29405.0,38.0,381676.0,354428.0,"[29405,29405,29405,29405,29405,29405,29405,29405,29405,29405,29405,29405,29405,29405,29405,29405,29405,29405,29405,29405,29405,29405,29405,29405,29405,29405,29405,29405,29405,29405,29405,29405,29405,29405,29405,29405,29405,29405,29405,29405,29405,29405,29405,29405,29405,29405,29405,29405,29405,29405,29405,29405,29405,29405,29405,29405,29405,29405,29405,29405,29405,29405,29405,29405,29405,29405,29405,29405,29405,29405,29405,29405,29405,29405,29405,29405,29405,29405,29405,29405,29405,29405,29405,29405,29405,29405,29405,29405,29405,29405,29405,29405,29405,29405,29405,29405,29405,29405,29405,29405,29405,29405,29405,29405,29405,29405,29405,29405,29405,29405,29405,29405,29405,29405,29405,29405,29405,29405,29405,29405,29405,29405,29405,29405,29405,29405,29405,29405,29405,29405,29405,29405,29405,29405,29405,29405,29405,29405,29405,29405]","[381676,381676,381676,381676,381676,381676,381676,381676,381676,381676,381676,381676,381676,381676,381676,381676,381676,381676,381676,381676,381676,381676,381676,381676,381676,381676,381676,381676,381676,381676,381676,381676,381676,381676,381676,381676,381676,381676,381676,381676,381676,381676,381676,381676,381676,381676,381676,381676,381676,381676,381676,381676,381676,381676,381676,381676,381676,381676,381676,381676,381676,381676,381676,381676,381676,381676,381676,381676,381676,381676,381676,381676,381676,381676,381676,381676,381676,381676,381676,381676,381676,381676,381676,381676,381676,381676,381676,381676,381676,381676,381676,381676,381676,381676,381676,381676,381676,381676,381676,381676,381676,381676,381676,381676,381676,381676,381676,381676,381676,381676,381676,381676,381676,381676,381676,381676,381676,381676,381676,381676,381676,381676,381676,381676,381676,381676,381676,381676,381676,381676,381676,381676,381676,381676,381676,381676,381676,381676,381676,381676]","{""semantic_component_batches"":0,""semantic_component_jobs"":0,""max_semantic_component_workers"":0,""inference_regions"":0,""canonical_specialization_queries"":0,""canonical_specialization_hits"":0,""solver_requested_bytes"":0,""solver_allocations"":0,""scratch_requested_bytes"":0,""scratch_allocations"":0,""max_solver_live_bytes"":0,""max_scratch_live_bytes"":0,""evidence_import_solver_bytes"":0,""evidence_import_scratch_bytes"":0,""snapshot_copy_bytes"":0,""snapshot_copy_allocations"":0,""principal_copy_buffer_bytes"":0,""principal_copy_buffer_allocations"":0,""frozen_capture_temporary_bytes"":0,""frozen_capture_published_bytes"":0,""frozen_edge_scratch_bytes"":0,""region_scopes"":0,""max_region_scopes"":0,""call_collections_closed"":0,""call_collections_unresolved"":0,""call_memo_hits"":0,""solver_passes"":0,""solver_constraint_visits"":0,""occurs_steps"":0}"
dependency128,noop,workers-8,"[50,51,51,51,52,52,52,52,52,52,52,52,52,52,52,52,52,52,52,52,52,52,52,52,52,52,52,52,52,52,52,52,52,52,52,52,52,52,53,53,53,53,53,53,53,53,53,53,53,53,53,53,53,53,53,53,53,53,53,53,53,53,53,53,53,53,53,53,53,53,53,53,53,53,53,54,54,54,54,54,54,54,54,54,54,54,54,54,54,54,54,54,54,54,54,54,54,54,55,55,55,55,55,55,55,55,56,56,56,56,57,57,60,61,64,66,69,70,70,70,71,71,71,72,72,72,74,74,92,96,97,104,112,113,114,119,123,151,155,817]","[50,51,51,51,51,51,51,51,51,51,51,51,51,51,51,51,51,52,52,52,52,52,52,52,52,52,52,52,52,52,52,52,52,52,52,52,52,52,52,52,52,52,52,52,52,52,52,52,52,52,52,52,52,52,52,52,53,53,53,53,53,53,53,53,53,53,53,53,53,53,53,53,53,53,53,53,53,53,53,53,53,53,53,53,53,53,54,54,54,54,54,54,54,54,54,54,54,54,54,54,54,54,54,54,55,55,55,55,55,55,56,57,59,60,64,66,68,69,69,70,70,71,71,71,72,72,73,74,92,95,98,104,112,113,114,119,124,130,151,824]",29405.0,38.0,381676.0,354428.0,"[29405,29405,29405,29405,29405,29405,29405,29405,29405,29405,29405,29405,29405,29405,29405,29405,29405,29405,29405,29405,29405,29405,29405,29405,29405,29405,29405,29405,29405,29405,29405,29405,29405,29405,29405,29405,29405,29405,29405,29405,29405,29405,29405,29405,29405,29405,29405,29405,29405,29405,29405,29405,29405,29405,29405,29405,29405,29405,29405,29405,29405,29405,29405,29405,29405,29405,29405,29405,29405,29405,29405,29405,29405,29405,29405,29405,29405,29405,29405,29405,29405,29405,29405,29405,29405,29405,29405,29405,29405,29405,29405,29405,29405,29405,29405,29405,29405,29405,29405,29405,29405,29405,29405,29405,29405,29405,29405,29405,29405,29405,29405,29405,29405,29405,29405,29405,29405,29405,29405,29405,29405,29405,29405,29405,29405,29405,29405,29405,29405,29405,29405,29405,29405,29405,29405,29405,29405,29405,29405,29405]","[381676,381676,381676,381676,381676,381676,381676,381676,381676,381676,381676,381676,381676,381676,381676,381676,381676,381676,381676,381676,381676,381676,381676,381676,381676,381676,381676,381676,381676,381676,381676,381676,381676,381676,381676,381676,381676,381676,381676,381676,381676,381676,381676,381676,381676,381676,381676,381676,381676,381676,381676,381676,381676,381676,381676,381676,381676,381676,381676,381676,381676,381676,381676,381676,381676,381676,381676,381676,381676,381676,381676,381676,381676,381676,381676,381676,381676,381676,381676,381676,381676,381676,381676,381676,381676,381676,381676,381676,381676,381676,381676,381676,381676,381676,381676,381676,381676,381676,381676,381676,381676,381676,381676,381676,381676,381676,381676,381676,381676,381676,381676,381676,381676,381676,381676,381676,381676,381676,381676,381676,381676,381676,381676,381676,381676,381676,381676,381676,381676,381676,381676,381676,381676,381676,381676,381676,381676,381676,381676,381676]","{""semantic_component_batches"":0,""semantic_component_jobs"":0,""max_semantic_component_workers"":0,""inference_regions"":0,""canonical_specialization_queries"":0,""canonical_specialization_hits"":0,""solver_requested_bytes"":0,""solver_allocations"":0,""scratch_requested_bytes"":0,""scratch_allocations"":0,""max_solver_live_bytes"":0,""max_scratch_live_bytes"":0,""evidence_import_solver_bytes"":0,""evidence_import_scratch_bytes"":0,""snapshot_copy_bytes"":0,""snapshot_copy_allocations"":0,""principal_copy_buffer_bytes"":0,""principal_copy_buffer_allocations"":0,""frozen_capture_temporary_bytes"":0,""frozen_capture_published_bytes"":0,""frozen_edge_scratch_bytes"":0,""region_scopes"":0,""max_region_scopes"":0,""call_collections_closed"":0,""call_collections_unresolved"":0,""call_memo_hits"":0,""solver_passes"":0,""solver_constraint_visits"":0,""occurs_steps"":0}"
dependency128,fresh,baseline,"[2525,2607,2626,2668,2744,2747,2822]","[2815,3018,3200,3263,3347,4028,4050]",1577604,1390,685273,0,"[1577604,1577604,1577604,1577604,1577604,1577604,1577604]","[685273,685273,685273,685273,685273,685273,685273]","{""inference_regions"":8,""canonical_specialization_queries"":1,""canonical_specialization_hits"":0,""solver_requested_bytes"":13120,""solver_allocations"":58,""scratch_requested_bytes"":25708,""scratch_allocations"":94,""max_solver_live_bytes"":3264,""max_scratch_live_bytes"":4628,""evidence_import_solver_bytes"":0,""evidence_import_scratch_bytes"":384,""snapshot_copy_bytes"":0,""snapshot_copy_allocations"":0,""principal_copy_buffer_bytes"":0,""principal_copy_buffer_allocations"":0,""frozen_capture_temporary_bytes"":0,""frozen_capture_published_bytes"":512,""frozen_edge_scratch_bytes"":0,""region_scopes"":13,""max_region_scopes"":4,""call_collections_closed"":2,""call_collections_unresolved"":0,""call_memo_hits"":5,""solver_passes"":14,""solver_constraint_visits"":9,""occurs_steps"":0}"
dependency128,fresh,default,"[2558,2590,2670,2714,2949,3278,4808]","[2886,3029,3031,3041,3365,3836,5164]",1577604,1390,685273,0,"[1577604,1577604,1577604,1577604,1577604,1577604,1577604]","[685273,685273,685273,685273,685273,685273,685273]","{""semantic_component_batches"":0,""semantic_component_jobs"":0,""max_semantic_component_workers"":0,""inference_regions"":8,""canonical_specialization_queries"":1,""canonical_specialization_hits"":0,""solver_requested_bytes"":13120,""solver_allocations"":58,""scratch_requested_bytes"":25708,""scratch_allocations"":94,""max_solver_live_bytes"":3264,""max_scratch_live_bytes"":4628,""evidence_import_solver_bytes"":0,""evidence_import_scratch_bytes"":384,""snapshot_copy_bytes"":0,""snapshot_copy_allocations"":0,""principal_copy_buffer_bytes"":0,""principal_copy_buffer_allocations"":0,""frozen_capture_temporary_bytes"":0,""frozen_capture_published_bytes"":512,""frozen_edge_scratch_bytes"":0,""region_scopes"":13,""max_region_scopes"":4,""call_collections_closed"":2,""call_collections_unresolved"":0,""call_memo_hits"":5,""solver_passes"":14,""solver_constraint_visits"":9,""occurs_steps"":0}"
dependency128,fresh,workers-1,"[2601,2607,2635,2670,2689,3247,9081]","[2974,2975,3086,3960,3986,4018,9392]",1662864,1412,685273,0,"[1662864,1662864,1662864,1662864,1662864,1662864,1662864]","[685273,685273,685273,685273,685273,685273,685273]","{""semantic_component_batches"":1,""semantic_component_jobs"":2,""max_semantic_component_workers"":1,""inference_regions"":8,""canonical_specialization_queries"":1,""canonical_specialization_hits"":0,""solver_requested_bytes"":13120,""solver_allocations"":58,""scratch_requested_bytes"":25708,""scratch_allocations"":94,""max_solver_live_bytes"":3264,""max_scratch_live_bytes"":4628,""evidence_import_solver_bytes"":0,""evidence_import_scratch_bytes"":384,""snapshot_copy_bytes"":0,""snapshot_copy_allocations"":0,""principal_copy_buffer_bytes"":0,""principal_copy_buffer_allocations"":0,""frozen_capture_temporary_bytes"":0,""frozen_capture_published_bytes"":512,""frozen_edge_scratch_bytes"":0,""region_scopes"":13,""max_region_scopes"":4,""call_collections_closed"":2,""call_collections_unresolved"":0,""call_memo_hits"":5,""solver_passes"":14,""solver_constraint_visits"":9,""occurs_steps"":0}"
dependency128,fresh,workers-2,"[2822,2904,3358,3386,3397,3888,4837]","[3079,3161,3626,3636,3738,4311,5125]",1777164,1418,685273,0,"[1777164,1777164,1777164,1777164,1777164,1777164,1777164]","[685273,685273,685273,685273,685273,685273,685273]","{""semantic_component_batches"":1,""semantic_component_jobs"":2,""max_semantic_component_workers"":2,""inference_regions"":8,""canonical_specialization_queries"":1,""canonical_specialization_hits"":0,""solver_requested_bytes"":13120,""solver_allocations"":58,""scratch_requested_bytes"":25708,""scratch_allocations"":94,""max_solver_live_bytes"":3264,""max_scratch_live_bytes"":4628,""evidence_import_solver_bytes"":0,""evidence_import_scratch_bytes"":384,""snapshot_copy_bytes"":0,""snapshot_copy_allocations"":0,""principal_copy_buffer_bytes"":0,""principal_copy_buffer_allocations"":0,""frozen_capture_temporary_bytes"":0,""frozen_capture_published_bytes"":512,""frozen_edge_scratch_bytes"":0,""region_scopes"":13,""max_region_scopes"":4,""call_collections_closed"":2,""call_collections_unresolved"":0,""call_memo_hits"":5,""solver_passes"":14,""solver_constraint_visits"":9,""occurs_steps"":0}"
dependency128,fresh,workers-4,"[2868,3034,3049,3101,3269,3368,3488]","[3093,3255,3300,3360,3404,3572,3678]",1777164,1418,685273,0,"[1777164,1777164,1777164,1777164,1777164,1777164,1777164]","[685273,685273,685273,685273,685273,685273,685273]","{""semantic_component_batches"":1,""semantic_component_jobs"":2,""max_semantic_component_workers"":2,""inference_regions"":8,""canonical_specialization_queries"":1,""canonical_specialization_hits"":0,""solver_requested_bytes"":13120,""solver_allocations"":58,""scratch_requested_bytes"":25708,""scratch_allocations"":94,""max_solver_live_bytes"":3264,""max_scratch_live_bytes"":4628,""evidence_import_solver_bytes"":0,""evidence_import_scratch_bytes"":384,""snapshot_copy_bytes"":0,""snapshot_copy_allocations"":0,""principal_copy_buffer_bytes"":0,""principal_copy_buffer_allocations"":0,""frozen_capture_temporary_bytes"":0,""frozen_capture_published_bytes"":512,""frozen_edge_scratch_bytes"":0,""region_scopes"":13,""max_region_scopes"":4,""call_collections_closed"":2,""call_collections_unresolved"":0,""call_memo_hits"":5,""solver_passes"":14,""solver_constraint_visits"":9,""occurs_steps"":0}"
dependency128,fresh,workers-8,"[2821,2953,3139,3145,3236,3282,3593]","[3059,3370,3377,3461,3622,3630,3818]",1777164,1418,685273,0,"[1777164,1777164,1777164,1777164,1777164,1777164,1777164]","[685273,685273,685273,685273,685273,685273,685273]","{""semantic_component_batches"":1,""semantic_component_jobs"":2,""max_semantic_component_workers"":2,""inference_regions"":8,""canonical_specialization_queries"":1,""canonical_specialization_hits"":0,""solver_requested_bytes"":13120,""solver_allocations"":58,""scratch_requested_bytes"":25708,""scratch_allocations"":94,""max_solver_live_bytes"":3264,""max_scratch_live_bytes"":4628,""evidence_import_solver_bytes"":0,""evidence_import_scratch_bytes"":384,""snapshot_copy_bytes"":0,""snapshot_copy_allocations"":0,""principal_copy_buffer_bytes"":0,""principal_copy_buffer_allocations"":0,""frozen_capture_temporary_bytes"":0,""frozen_capture_published_bytes"":512,""frozen_edge_scratch_bytes"":0,""region_scopes"":13,""max_region_scopes"":4,""call_collections_closed"":2,""call_collections_unresolved"":0,""call_memo_hits"":5,""solver_passes"":14,""solver_constraint_visits"":9,""occurs_steps"":0}"
dependency128,cache_population,baseline,"[2978,2987,3138,3149,3450,3577,3869]","[4363,4667,4830,5099,5384,5450,5703]",1955841,1529,685273,0,"[1955841,1955841,1955841,1955841,1955841,1955841,1955841]","[685273,685273,685273,685273,685273,685273,685273]","{""inference_regions"":8,""canonical_specialization_queries"":1,""canonical_specialization_hits"":0,""solver_requested_bytes"":13120,""solver_allocations"":58,""scratch_requested_bytes"":25708,""scratch_allocations"":94,""max_solver_live_bytes"":3264,""max_scratch_live_bytes"":4628,""evidence_import_solver_bytes"":0,""evidence_import_scratch_bytes"":384,""snapshot_copy_bytes"":9776,""snapshot_copy_allocations"":12,""principal_copy_buffer_bytes"":0,""principal_copy_buffer_allocations"":0,""frozen_capture_temporary_bytes"":0,""frozen_capture_published_bytes"":512,""frozen_edge_scratch_bytes"":0,""region_scopes"":13,""max_region_scopes"":4,""call_collections_closed"":2,""call_collections_unresolved"":0,""call_memo_hits"":5,""solver_passes"":14,""solver_constraint_visits"":9,""occurs_steps"":0}"
dependency128,cache_population,default,"[3118,3158,3313,3314,4006,4010,6121]","[4687,4940,5353,5482,5822,6982,7840]",1955839,1529,685273,0,"[1955839,1955839,1955839,1955839,1955839,1955839,1955839]","[685273,685273,685273,685273,685273,685273,685273]","{""semantic_component_batches"":0,""semantic_component_jobs"":0,""max_semantic_component_workers"":0,""inference_regions"":8,""canonical_specialization_queries"":1,""canonical_specialization_hits"":0,""solver_requested_bytes"":13120,""solver_allocations"":58,""scratch_requested_bytes"":25708,""scratch_allocations"":94,""max_solver_live_bytes"":3264,""max_scratch_live_bytes"":4628,""evidence_import_solver_bytes"":0,""evidence_import_scratch_bytes"":384,""snapshot_copy_bytes"":9776,""snapshot_copy_allocations"":12,""principal_copy_buffer_bytes"":0,""principal_copy_buffer_allocations"":0,""frozen_capture_temporary_bytes"":0,""frozen_capture_published_bytes"":512,""frozen_edge_scratch_bytes"":0,""region_scopes"":13,""max_region_scopes"":4,""call_collections_closed"":2,""call_collections_unresolved"":0,""call_memo_hits"":5,""solver_passes"":14,""solver_constraint_visits"":9,""occurs_steps"":0}"
dependency128,cache_population,workers-1,"[2939,2977,2997,3018,3076,3479,3485]","[4324,4400,4421,4446,4649,5363,5485]",2041103,1551,685273,0,"[2041103,2041103,2041103,2041103,2041103,2041103,2041103]","[685273,685273,685273,685273,685273,685273,685273]","{""semantic_component_batches"":1,""semantic_component_jobs"":2,""max_semantic_component_workers"":1,""inference_regions"":8,""canonical_specialization_queries"":1,""canonical_specialization_hits"":0,""solver_requested_bytes"":13120,""solver_allocations"":58,""scratch_requested_bytes"":25708,""scratch_allocations"":94,""max_solver_live_bytes"":3264,""max_scratch_live_bytes"":4628,""evidence_import_solver_bytes"":0,""evidence_import_scratch_bytes"":384,""snapshot_copy_bytes"":9776,""snapshot_copy_allocations"":12,""principal_copy_buffer_bytes"":0,""principal_copy_buffer_allocations"":0,""frozen_capture_temporary_bytes"":0,""frozen_capture_published_bytes"":512,""frozen_edge_scratch_bytes"":0,""region_scopes"":13,""max_region_scopes"":4,""call_collections_closed"":2,""call_collections_unresolved"":0,""call_memo_hits"":5,""solver_passes"":14,""solver_constraint_visits"":9,""occurs_steps"":0}"
dependency128,cache_population,workers-2,"[3298,3498,3727,3794,4073,4213,6740]","[4647,4895,5331,5407,5606,6011,9562]",2155403,1557,685273,0,"[2041103,2155403,2155403,2155403,2155403,2155403,2155403]","[685273,685273,685273,685273,685273,685273,685273]","{""semantic_component_batches"":1,""semantic_component_jobs"":2,""max_semantic_component_workers"":2,""inference_regions"":8,""canonical_specialization_queries"":1,""canonical_specialization_hits"":0,""solver_requested_bytes"":13120,""solver_allocations"":58,""scratch_requested_bytes"":25708,""scratch_allocations"":94,""max_solver_live_bytes"":3264,""max_scratch_live_bytes"":4628,""evidence_import_solver_bytes"":0,""evidence_import_scratch_bytes"":384,""snapshot_copy_bytes"":9776,""snapshot_copy_allocations"":12,""principal_copy_buffer_bytes"":0,""principal_copy_buffer_allocations"":0,""frozen_capture_temporary_bytes"":0,""frozen_capture_published_bytes"":512,""frozen_edge_scratch_bytes"":0,""region_scopes"":13,""max_region_scopes"":4,""call_collections_closed"":2,""call_collections_unresolved"":0,""call_memo_hits"":5,""solver_passes"":14,""solver_constraint_visits"":9,""occurs_steps"":0}"
dependency128,cache_population,workers-4,"[3518,3520,3532,3556,3885,4218,4562]","[5096,5368,5525,5729,5730,6242,20799]",2155403,1557,685273,0,"[2155403,2155403,2155403,2155403,2155403,2155403,2155403]","[685273,685273,685273,685273,685273,685273,685273]","{""semantic_component_batches"":1,""semantic_component_jobs"":2,""max_semantic_component_workers"":2,""inference_regions"":8,""canonical_specialization_queries"":1,""canonical_specialization_hits"":0,""solver_requested_bytes"":13120,""solver_allocations"":58,""scratch_requested_bytes"":25708,""scratch_allocations"":94,""max_solver_live_bytes"":3264,""max_scratch_live_bytes"":4628,""evidence_import_solver_bytes"":0,""evidence_import_scratch_bytes"":384,""snapshot_copy_bytes"":9776,""snapshot_copy_allocations"":12,""principal_copy_buffer_bytes"":0,""principal_copy_buffer_allocations"":0,""frozen_capture_temporary_bytes"":0,""frozen_capture_published_bytes"":512,""frozen_edge_scratch_bytes"":0,""region_scopes"":13,""max_region_scopes"":4,""call_collections_closed"":2,""call_collections_unresolved"":0,""call_memo_hits"":5,""solver_passes"":14,""solver_constraint_visits"":9,""occurs_steps"":0}"
dependency128,cache_population,workers-8,"[3279,3499,3561,3642,3869,3872,4482]","[4625,4858,5001,5049,5516,6860,25178]",2155403,1557,685273,0,"[2155403,2155403,2155403,2155403,2155403,2155403,2155403]","[685273,685273,685273,685273,685273,685273,685273]","{""semantic_component_batches"":1,""semantic_component_jobs"":2,""max_semantic_component_workers"":2,""inference_regions"":8,""canonical_specialization_queries"":1,""canonical_specialization_hits"":0,""solver_requested_bytes"":13120,""solver_allocations"":58,""scratch_requested_bytes"":25708,""scratch_allocations"":94,""max_solver_live_bytes"":3264,""max_scratch_live_bytes"":4628,""evidence_import_solver_bytes"":0,""evidence_import_scratch_bytes"":384,""snapshot_copy_bytes"":9776,""snapshot_copy_allocations"":12,""principal_copy_buffer_bytes"":0,""principal_copy_buffer_allocations"":0,""frozen_capture_temporary_bytes"":0,""frozen_capture_published_bytes"":512,""frozen_edge_scratch_bytes"":0,""region_scopes"":13,""max_region_scopes"":4,""call_collections_closed"":2,""call_collections_unresolved"":0,""call_memo_hits"":5,""solver_passes"":14,""solver_constraint_visits"":9,""occurs_steps"":0}"
dependency128,restart,baseline,"[2805,2846,2856,2917,3008,3273,3504]","[3624,3646,3746,3984,4149,4152,4161]",2012409,1582,685273,0,"[2012409,2012409,2012409,2012409,2012409,2012409,2012409]","[685273,685273,685273,685273,685273,685273,685273]","{""inference_regions"":8,""canonical_specialization_queries"":1,""canonical_specialization_hits"":0,""solver_requested_bytes"":13120,""solver_allocations"":58,""scratch_requested_bytes"":25708,""scratch_allocations"":94,""max_solver_live_bytes"":3264,""max_scratch_live_bytes"":4628,""evidence_import_solver_bytes"":0,""evidence_import_scratch_bytes"":384,""snapshot_copy_bytes"":9776,""snapshot_copy_allocations"":12,""principal_copy_buffer_bytes"":0,""principal_copy_buffer_allocations"":0,""frozen_capture_temporary_bytes"":0,""frozen_capture_published_bytes"":512,""frozen_edge_scratch_bytes"":0,""region_scopes"":13,""max_region_scopes"":4,""call_collections_closed"":2,""call_collections_unresolved"":0,""call_memo_hits"":5,""solver_passes"":14,""solver_constraint_visits"":9,""occurs_steps"":0}"
dependency128,restart,default,"[2870,2896,2931,3188,3220,3274,4486]","[3611,3647,3697,3986,4269,4421,5356]",2012407,1582,685273,0,"[2012407,2012407,2012407,2012407,2012407,2012407,2012407]","[685273,685273,685273,685273,685273,685273,685273]","{""semantic_component_batches"":0,""semantic_component_jobs"":0,""max_semantic_component_workers"":0,""inference_regions"":8,""canonical_specialization_queries"":1,""canonical_specialization_hits"":0,""solver_requested_bytes"":13120,""solver_allocations"":58,""scratch_requested_bytes"":25708,""scratch_allocations"":94,""max_solver_live_bytes"":3264,""max_scratch_live_bytes"":4628,""evidence_import_solver_bytes"":0,""evidence_import_scratch_bytes"":384,""snapshot_copy_bytes"":9776,""snapshot_copy_allocations"":12,""principal_copy_buffer_bytes"":0,""principal_copy_buffer_allocations"":0,""frozen_capture_temporary_bytes"":0,""frozen_capture_published_bytes"":512,""frozen_edge_scratch_bytes"":0,""region_scopes"":13,""max_region_scopes"":4,""call_collections_closed"":2,""call_collections_unresolved"":0,""call_memo_hits"":5,""solver_passes"":14,""solver_constraint_visits"":9,""occurs_steps"":0}"
dependency128,restart,workers-1,"[2815,2856,2994,3021,3282,3376,3798]","[3398,3466,3637,3778,3977,4242,4563]",2097671,1604,685273,0,"[2097671,2097671,2097671,2097671,2097671,2097671,2097671]","[685273,685273,685273,685273,685273,685273,685273]","{""semantic_component_batches"":1,""semantic_component_jobs"":2,""max_semantic_component_workers"":1,""inference_regions"":8,""canonical_specialization_queries"":1,""canonical_specialization_hits"":0,""solver_requested_bytes"":13120,""solver_allocations"":58,""scratch_requested_bytes"":25708,""scratch_allocations"":94,""max_solver_live_bytes"":3264,""max_scratch_live_bytes"":4628,""evidence_import_solver_bytes"":0,""evidence_import_scratch_bytes"":384,""snapshot_copy_bytes"":9776,""snapshot_copy_allocations"":12,""principal_copy_buffer_bytes"":0,""principal_copy_buffer_allocations"":0,""frozen_capture_temporary_bytes"":0,""frozen_capture_published_bytes"":512,""frozen_edge_scratch_bytes"":0,""region_scopes"":13,""max_region_scopes"":4,""call_collections_closed"":2,""call_collections_unresolved"":0,""call_memo_hits"":5,""solver_passes"":14,""solver_constraint_visits"":9,""occurs_steps"":0}"
dependency128,restart,workers-2,"[3053,3244,3341,3476,3597,3683,3742]","[3744,4008,4189,4264,4434,4629,4868]",2211971,1610,685273,0,"[2211971,2211971,2211971,2211971,2211971,2211971,2211971]","[685273,685273,685273,685273,685273,685273,685273]","{""semantic_component_batches"":1,""semantic_component_jobs"":2,""max_semantic_component_workers"":2,""inference_regions"":8,""canonical_specialization_queries"":1,""canonical_specialization_hits"":0,""solver_requested_bytes"":13120,""solver_allocations"":58,""scratch_requested_bytes"":25708,""scratch_allocations"":94,""max_solver_live_bytes"":3264,""max_scratch_live_bytes"":4628,""evidence_import_solver_bytes"":0,""evidence_import_scratch_bytes"":384,""snapshot_copy_bytes"":9776,""snapshot_copy_allocations"":12,""principal_copy_buffer_bytes"":0,""principal_copy_buffer_allocations"":0,""frozen_capture_temporary_bytes"":0,""frozen_capture_published_bytes"":512,""frozen_edge_scratch_bytes"":0,""region_scopes"":13,""max_region_scopes"":4,""call_collections_closed"":2,""call_collections_unresolved"":0,""call_memo_hits"":5,""solver_passes"":14,""solver_constraint_visits"":9,""occurs_steps"":0}"
dependency128,restart,workers-4,"[3148,3238,3346,3444,3489,4791,5213]","[3810,3912,3996,4145,4382,5475,13862]",2211971,1610,685273,0,"[2211971,2211971,2211971,2211971,2211971,2211971,2211971]","[685273,685273,685273,685273,685273,685273,685273]","{""semantic_component_batches"":1,""semantic_component_jobs"":2,""max_semantic_component_workers"":2,""inference_regions"":8,""canonical_specialization_queries"":1,""canonical_specialization_hits"":0,""solver_requested_bytes"":13120,""solver_allocations"":58,""scratch_requested_bytes"":25708,""scratch_allocations"":94,""max_solver_live_bytes"":3264,""max_scratch_live_bytes"":4628,""evidence_import_solver_bytes"":0,""evidence_import_scratch_bytes"":384,""snapshot_copy_bytes"":9776,""snapshot_copy_allocations"":12,""principal_copy_buffer_bytes"":0,""principal_copy_buffer_allocations"":0,""frozen_capture_temporary_bytes"":0,""frozen_capture_published_bytes"":512,""frozen_edge_scratch_bytes"":0,""region_scopes"":13,""max_region_scopes"":4,""call_collections_closed"":2,""call_collections_unresolved"":0,""call_memo_hits"":5,""solver_passes"":14,""solver_constraint_visits"":9,""occurs_steps"":0}"
dependency128,restart,workers-8,"[3259,3412,3599,3845,4071,4119,4936]","[4222,4366,4519,4559,4886,7623,11585]",2211971,1610,685273,0,"[2097671,2211971,2211971,2211971,2211971,2211971,2211971]","[685273,685273,685273,685273,685273,685273,685273]","{""semantic_component_batches"":1,""semantic_component_jobs"":2,""max_semantic_component_workers"":2,""inference_regions"":8,""canonical_specialization_queries"":1,""canonical_specialization_hits"":0,""solver_requested_bytes"":13120,""solver_allocations"":58,""scratch_requested_bytes"":25708,""scratch_allocations"":94,""max_solver_live_bytes"":3264,""max_scratch_live_bytes"":4628,""evidence_import_solver_bytes"":0,""evidence_import_scratch_bytes"":384,""snapshot_copy_bytes"":9776,""snapshot_copy_allocations"":12,""principal_copy_buffer_bytes"":0,""principal_copy_buffer_allocations"":0,""frozen_capture_temporary_bytes"":0,""frozen_capture_published_bytes"":512,""frozen_edge_scratch_bytes"":0,""region_scopes"":13,""max_region_scopes"":4,""call_collections_closed"":2,""call_collections_unresolved"":0,""call_memo_hits"":5,""solver_passes"":14,""solver_constraint_visits"":9,""occurs_steps"":0}"
jobs8,population,baseline,"[780,812,830,844,863,865,865]","[776,807,825,840,858,860,860]",248048,752,62316,26886,"[248048,248048,248048,248048,248048,248048,248048]","[62316,62316,62316,62316,62316,62316,62316]","{""inference_regions"":18,""canonical_specialization_queries"":0,""canonical_specialization_hits"":0,""solver_requested_bytes"":24240,""solver_allocations"":134,""scratch_requested_bytes"":21592,""scratch_allocations"":116,""max_solver_live_bytes"":3072,""max_scratch_live_bytes"":3364,""evidence_import_solver_bytes"":0,""evidence_import_scratch_bytes"":128,""snapshot_copy_bytes"":196,""snapshot_copy_allocations"":8,""principal_copy_buffer_bytes"":0,""principal_copy_buffer_allocations"":0,""frozen_capture_temporary_bytes"":0,""frozen_capture_published_bytes"":0,""frozen_edge_scratch_bytes"":0,""region_scopes"":26,""max_region_scopes"":9,""call_collections_closed"":0,""call_collections_unresolved"":0,""call_memo_hits"":8,""solver_passes"":21,""solver_constraint_visits"":24,""occurs_steps"":0}"
jobs8,population,default,"[599,662,687,708,726,736,795]","[592,655,681,701,719,728,788]",248104,752,62316,26886,"[248104,248104,248104,248104,248104,248104,248104]","[62316,62316,62316,62316,62316,62316,62316]","{""semantic_component_batches"":0,""semantic_component_jobs"":0,""max_semantic_component_workers"":0,""inference_regions"":18,""canonical_specialization_queries"":0,""canonical_specialization_hits"":0,""solver_requested_bytes"":24240,""solver_allocations"":134,""scratch_requested_bytes"":21592,""scratch_allocations"":116,""max_solver_live_bytes"":3072,""max_scratch_live_bytes"":3364,""evidence_import_solver_bytes"":0,""evidence_import_scratch_bytes"":128,""snapshot_copy_bytes"":196,""snapshot_copy_allocations"":8,""principal_copy_buffer_bytes"":0,""principal_copy_buffer_allocations"":0,""frozen_capture_temporary_bytes"":0,""frozen_capture_published_bytes"":0,""frozen_edge_scratch_bytes"":0,""region_scopes"":26,""max_region_scopes"":9,""call_collections_closed"":0,""call_collections_unresolved"":0,""call_memo_hits"":8,""solver_passes"":21,""solver_constraint_visits"":24,""occurs_steps"":0}"
jobs8,population,workers-1,"[550,596,628,644,710,711,1036]","[543,589,622,638,703,704,1030]",283772,879,62316,26886,"[283772,283772,283772,283772,283772,283772,283772]","[62316,62316,62316,62316,62316,62316,62316]","{""semantic_component_batches"":1,""semantic_component_jobs"":8,""max_semantic_component_workers"":1,""inference_regions"":18,""canonical_specialization_queries"":0,""canonical_specialization_hits"":0,""solver_requested_bytes"":24240,""solver_allocations"":134,""scratch_requested_bytes"":21592,""scratch_allocations"":116,""max_solver_live_bytes"":3072,""max_scratch_live_bytes"":3364,""evidence_import_solver_bytes"":0,""evidence_import_scratch_bytes"":128,""snapshot_copy_bytes"":196,""snapshot_copy_allocations"":8,""principal_copy_buffer_bytes"":0,""principal_copy_buffer_allocations"":0,""frozen_capture_temporary_bytes"":0,""frozen_capture_published_bytes"":0,""frozen_edge_scratch_bytes"":0,""region_scopes"":26,""max_region_scopes"":9,""call_collections_closed"":0,""call_collections_unresolved"":0,""call_memo_hits"":8,""solver_passes"":21,""solver_constraint_visits"":24,""occurs_steps"":0}"
jobs8,population,workers-2,"[806,820,947,971,1031,1095,2006]","[739,780,879,906,948,1045,1942]",321648,886,74223,26886,"[283772,321648,321648,321648,321648,321648,321648]","[62316,74103,74223,74223,74223,74487,74487]","{""semantic_component_batches"":1,""semantic_component_jobs"":8,""max_semantic_component_workers"":2,""inference_regions"":18,""canonical_specialization_queries"":0,""canonical_specialization_hits"":0,""solver_requested_bytes"":24240,""solver_allocations"":134,""scratch_requested_bytes"":21592,""scratch_allocations"":116,""max_solver_live_bytes"":3072,""max_scratch_live_bytes"":3364,""evidence_import_solver_bytes"":0,""evidence_import_scratch_bytes"":128,""snapshot_copy_bytes"":196,""snapshot_copy_allocations"":8,""principal_copy_buffer_bytes"":0,""principal_copy_buffer_allocations"":0,""frozen_capture_temporary_bytes"":0,""frozen_capture_published_bytes"":0,""frozen_edge_scratch_bytes"":0,""region_scopes"":26,""max_region_scopes"":9,""call_collections_closed"":0,""call_collections_unresolved"":0,""call_memo_hits"":8,""solver_passes"":21,""solver_constraint_visits"":24,""occurs_steps"":0}"
jobs8,population,workers-4,"[1195,1346,1417,1439,1510,1554,1559]","[1121,1147,1210,1247,1294,1310,1332]",397400,900,111451,26886,"[359524,359524,397400,397400,397400,397400,397400]","[73959,73959,83689,111451,111451,111551,112063]","{""semantic_component_batches"":1,""semantic_component_jobs"":8,""max_semantic_component_workers"":4,""inference_regions"":18,""canonical_specialization_queries"":0,""canonical_specialization_hits"":0,""solver_requested_bytes"":24240,""solver_allocations"":134,""scratch_requested_bytes"":21592,""scratch_allocations"":116,""max_solver_live_bytes"":3072,""max_scratch_live_bytes"":3364,""evidence_import_solver_bytes"":0,""evidence_import_scratch_bytes"":128,""snapshot_copy_bytes"":196,""snapshot_copy_allocations"":8,""principal_copy_buffer_bytes"":0,""principal_copy_buffer_allocations"":0,""frozen_capture_temporary_bytes"":0,""frozen_capture_published_bytes"":0,""frozen_edge_scratch_bytes"":0,""region_scopes"":26,""max_region_scopes"":9,""call_collections_closed"":0,""call_collections_unresolved"":0,""call_memo_hits"":8,""solver_passes"":21,""solver_constraint_visits"":24,""occurs_steps"":0}"
jobs8,population,workers-8,"[1654,1674,1694,1751,1992,2283,2546]","[1376,1388,1391,1424,1674,1828,2004]",283772,879,62316,26886,"[283772,283772,283772,283772,397400,435276,473152]","[62316,62316,62316,62316,95867,102627,111571]","{""semantic_component_batches"":1,""semantic_component_jobs"":8,""max_semantic_component_workers"":8,""inference_regions"":18,""canonical_specialization_queries"":0,""canonical_specialization_hits"":0,""solver_requested_bytes"":24240,""solver_allocations"":134,""scratch_requested_bytes"":21592,""scratch_allocations"":116,""max_solver_live_bytes"":3072,""max_scratch_live_bytes"":3364,""evidence_import_solver_bytes"":0,""evidence_import_scratch_bytes"":128,""snapshot_copy_bytes"":196,""snapshot_copy_allocations"":8,""principal_copy_buffer_bytes"":0,""principal_copy_buffer_allocations"":0,""frozen_capture_temporary_bytes"":0,""frozen_capture_published_bytes"":0,""frozen_edge_scratch_bytes"":0,""region_scopes"":26,""max_region_scopes"":9,""call_collections_closed"":0,""call_collections_unresolved"":0,""call_memo_hits"":8,""solver_passes"":21,""solver_constraint_visits"":24,""occurs_steps"":0}"
jobs8,edit,baseline,"[262,263,263,263,264,264,264,265,265,266,266,266,266,267,267,268,268,268,269,270,270,270,270,270,271,271,272,272,273,273,274,274,275,275,275,275,276,276,276,276,276,277,277,277,279,279,279,279,280,280,281,282,282,283,284,285,285,285,286,288,288,288,289,289,289,289,290,291,291,292,292,292,292,294,297,297,297,298,298,299,300,300,301,302,302,304,306,307,309,311,311,313,314,314,317,319,320,320,323,323,325,327,328,336,337,337,340,340,344,344,347,348,350,350,353,356,357,357,357,362,362,364,364,365,365,367,368,379,380,382,382,389,393,409,413,414,424,524,563,603]","[262,263,263,263,264,264,264,265,265,265,266,266,267,267,267,268,269,269,270,270,270,270,270,271,271,272,273,273,273,274,274,275,275,275,275,276,276,276,276,276,277,277,277,279,279,279,280,280,280,281,281,282,283,284,285,285,285,286,288,288,289,289,289,289,289,291,291,291,291,292,292,292,293,294,296,297,297,298,298,299,300,300,302,302,302,304,307,309,311,311,313,314,314,318,319,320,320,322,323,325,326,327,328,335,337,338,341,341,343,344,347,350,350,353,356,357,357,358,362,363,364,364,366,366,369,370,375,380,380,382,383,389,393,409,413,414,424,523,570,604]",259157.0,843.0,89098.0,26934.0,"[259157,259157,259157,259157,259157,259157,259157,259157,259157,259157,259157,259157,259157,259157,259157,259157,259157,259157,259157,259157,259157,259157,259157,259157,259157,259157,259157,259157,259157,259157,259157,259157,259157,259157,259157,259157,259157,259157,259157,259157,259157,259157,259157,259157,259157,259157,259157,259157,259157,259157,259157,259157,259157,259157,259157,259157,259157,259157,259157,259157,259157,259157,259157,259157,259157,259157,259157,259157,259157,259157,259157,259157,259157,259157,259157,259157,259157,259157,259157,259157,259157,259157,259157,259157,259157,259157,259157,259157,259157,259157,259157,259157,259157,259157,259157,259157,259157,259157,259157,259157,259157,259157,259157,259157,259157,259157,259157,259157,259157,259157,259157,259157,259157,259157,259157,259157,259157,259157,259157,259157,259157,259157,259157,259157,259157,259157,259157,259157,259157,259157,259157,259157,259157,259157,259157,259157,259157,259157,259157,259157]","[89098,89098,89098,89098,89098,89098,89098,89098,89098,89098,89098,89098,89098,89098,89098,89098,89098,89098,89098,89098,89098,89098,89098,89098,89098,89098,89098,89098,89098,89098,89098,89098,89098,89098,89098,89098,89098,89098,89098,89098,89098,89098,89098,89098,89098,89098,89098,89098,89098,89098,89098,89098,89098,89098,89098,89098,89098,89098,89098,89098,89098,89098,89098,89098,89098,89098,89098,89098,89098,89098,89098,89098,89098,89098,89098,89098,89098,89098,89098,89098,89098,89098,89098,89098,89098,89098,89098,89098,89098,89098,89098,89098,89098,89098,89098,89098,89098,89098,89098,89098,89098,89098,89098,89098,89098,89098,89098,89098,89098,89098,89098,89098,89098,89098,89098,89098,89098,89098,89098,89098,89098,89098,89098,89098,89098,89098,89098,89098,89098,89098,89098,89098,89098,89098,89098,89098,89098,89098,89098,89098]","{""inference_regions"":18,""canonical_specialization_queries"":0,""canonical_specialization_hits"":0,""solver_requested_bytes"":24240,""solver_allocations"":134,""scratch_requested_bytes"":21592,""scratch_allocations"":116,""max_solver_live_bytes"":3072,""max_scratch_live_bytes"":3364,""evidence_import_solver_bytes"":0,""evidence_import_scratch_bytes"":128,""snapshot_copy_bytes"":196,""snapshot_copy_allocations"":8,""principal_copy_buffer_bytes"":0,""principal_copy_buffer_allocations"":0,""frozen_capture_temporary_bytes"":0,""frozen_capture_published_bytes"":0,""frozen_edge_scratch_bytes"":0,""region_scopes"":26,""max_region_scopes"":9,""call_collections_closed"":0,""call_collections_unresolved"":0,""call_memo_hits"":8,""solver_passes"":21,""solver_constraint_visits"":24,""occurs_steps"":0}"
jobs8,edit,default,"[256,258,258,259,259,259,260,260,260,260,261,261,262,262,263,263,263,263,264,264,264,264,265,265,265,266,266,266,267,267,268,268,268,269,269,269,270,271,271,271,272,272,272,272,273,273,273,273,273,274,275,275,276,276,277,278,278,280,280,280,281,281,282,282,283,283,283,284,284,285,285,286,287,288,289,289,290,291,291,291,293,293,295,295,296,296,296,297,298,299,299,304,306,308,309,309,309,310,310,312,312,313,315,316,321,321,321,324,326,326,326,328,329,329,336,343,343,346,347,351,355,356,357,367,367,374,375,388,403,404,420,431,431,454,455,480,502,540,550,570]","[257,258,258,259,259,260,260,260,260,260,261,261,261,262,262,263,263,264,264,264,264,265,265,265,265,266,266,266,267,267,268,268,268,269,269,269,270,270,271,271,272,272,273,273,273,273,273,273,274,275,275,275,276,277,277,278,278,280,280,281,281,282,282,282,283,283,283,284,284,285,285,286,287,287,288,289,290,291,291,292,293,294,295,295,295,296,297,297,298,299,299,304,306,308,308,309,310,310,310,312,312,313,315,316,322,322,322,325,326,326,326,328,328,329,336,342,343,346,348,351,355,355,358,367,368,374,375,388,403,413,420,431,431,453,455,487,502,540,550,570]",259213.0,843.0,89098.0,26934.0,"[259213,259213,259213,259213,259213,259213,259213,259213,259213,259213,259213,259213,259213,259213,259213,259213,259213,259213,259213,259213,259213,259213,259213,259213,259213,259213,259213,259213,259213,259213,259213,259213,259213,259213,259213,259213,259213,259213,259213,259213,259213,259213,259213,259213,259213,259213,259213,259213,259213,259213,259213,259213,259213,259213,259213,259213,259213,259213,259213,259213,259213,259213,259213,259213,259213,259213,259213,259213,259213,259213,259213,259213,259213,259213,259213,259213,259213,259213,259213,259213,259213,259213,259213,259213,259213,259213,259213,259213,259213,259213,259213,259213,259213,259213,259213,259213,259213,259213,259213,259213,259213,259213,259213,259213,259213,259213,259213,259213,259213,259213,259213,259213,259213,259213,259213,259213,259213,259213,259213,259213,259213,259213,259213,259213,259213,259213,259213,259213,259213,259213,259213,259213,259213,259213,259213,259213,259213,259213,259213,259213]","[89098,89098,89098,89098,89098,89098,89098,89098,89098,89098,89098,89098,89098,89098,89098,89098,89098,89098,89098,89098,89098,89098,89098,89098,89098,89098,89098,89098,89098,89098,89098,89098,89098,89098,89098,89098,89098,89098,89098,89098,89098,89098,89098,89098,89098,89098,89098,89098,89098,89098,89098,89098,89098,89098,89098,89098,89098,89098,89098,89098,89098,89098,89098,89098,89098,89098,89098,89098,89098,89098,89098,89098,89098,89098,89098,89098,89098,89098,89098,89098,89098,89098,89098,89098,89098,89098,89098,89098,89098,89098,89098,89098,89098,89098,89098,89098,89098,89098,89098,89098,89098,89098,89098,89098,89098,89098,89098,89098,89098,89098,89098,89098,89098,89098,89098,89098,89098,89098,89098,89098,89098,89098,89098,89098,89098,89098,89098,89098,89098,89098,89098,89098,89098,89098,89098,89098,89098,89098,89098,89098]","{""semantic_component_batches"":0,""semantic_component_jobs"":0,""max_semantic_component_workers"":0,""inference_regions"":18,""canonical_specialization_queries"":0,""canonical_specialization_hits"":0,""solver_requested_bytes"":24240,""solver_allocations"":134,""scratch_requested_bytes"":21592,""scratch_allocations"":116,""max_solver_live_bytes"":3072,""max_scratch_live_bytes"":3364,""evidence_import_solver_bytes"":0,""evidence_import_scratch_bytes"":128,""snapshot_copy_bytes"":196,""snapshot_copy_allocations"":8,""principal_copy_buffer_bytes"":0,""principal_copy_buffer_allocations"":0,""frozen_capture_temporary_bytes"":0,""frozen_capture_published_bytes"":0,""frozen_edge_scratch_bytes"":0,""region_scopes"":26,""max_region_scopes"":9,""call_collections_closed"":0,""call_collections_unresolved"":0,""call_memo_hits"":8,""solver_passes"":21,""solver_constraint_visits"":24,""occurs_steps"":0}"
jobs8,edit,workers-1,"[273,274,274,275,275,275,276,276,277,277,277,277,278,278,278,279,279,279,280,280,280,280,281,281,281,281,281,282,282,283,283,283,283,283,284,284,284,285,285,285,285,286,286,286,286,286,286,287,287,288,288,288,289,289,290,291,291,293,293,294,294,296,297,298,298,300,301,302,302,302,302,304,305,305,305,305,305,306,306,307,310,314,315,319,320,320,321,321,321,322,322,322,323,324,325,325,325,326,326,331,334,336,337,339,339,346,348,353,353,354,359,360,360,362,362,364,367,370,371,371,376,379,389,389,391,398,414,419,436,449,458,469,480,495,540,566,588,654,665,709]","[273,274,275,275,275,275,276,277,277,277,277,277,278,278,278,278,279,279,280,280,280,280,281,281,281,281,281,281,282,282,283,283,283,283,284,284,285,285,285,286,286,286,286,286,286,286,287,287,287,288,288,288,289,289,290,291,292,292,292,294,294,296,297,297,298,300,302,302,302,302,303,305,305,305,305,305,305,307,307,307,310,314,315,319,320,320,321,321,321,321,322,322,323,324,324,325,326,326,326,331,335,336,337,338,339,345,348,353,353,354,359,360,361,362,363,364,367,370,371,371,376,379,389,389,391,398,414,433,436,449,458,469,481,496,540,566,589,655,665,709]",294881.0,970.0,89098.0,26934.0,"[294881,294881,294881,294881,294881,294881,294881,294881,294881,294881,294881,294881,294881,294881,294881,294881,294881,294881,294881,294881,294881,294881,294881,294881,294881,294881,294881,294881,294881,294881,294881,294881,294881,294881,294881,294881,294881,294881,294881,294881,294881,294881,294881,294881,294881,294881,294881,294881,294881,294881,294881,294881,294881,294881,294881,294881,294881,294881,294881,294881,294881,294881,294881,294881,294881,294881,294881,294881,294881,294881,294881,294881,294881,294881,294881,294881,294881,294881,294881,294881,294881,294881,294881,294881,294881,294881,294881,294881,294881,294881,294881,294881,294881,294881,294881,294881,294881,294881,294881,294881,294881,294881,294881,294881,294881,294881,294881,294881,294881,294881,294881,294881,294881,294881,294881,294881,294881,294881,294881,294881,294881,294881,294881,294881,294881,294881,294881,294881,294881,294881,294881,294881,294881,294881,294881,294881,294881,294881,294881,294881]","[89098,89098,89098,89098,89098,89098,89098,89098,89098,89098,89098,89098,89098,89098,89098,89098,89098,89098,89098,89098,89098,89098,89098,89098,89098,89098,89098,89098,89098,89098,89098,89098,89098,89098,89098,89098,89098,89098,89098,89098,89098,89098,89098,89098,89098,89098,89098,89098,89098,89098,89098,89098,89098,89098,89098,89098,89098,89098,89098,89098,89098,89098,89098,89098,89098,89098,89098,89098,89098,89098,89098,89098,89098,89098,89098,89098,89098,89098,89098,89098,89098,89098,89098,89098,89098,89098,89098,89098,89098,89098,89098,89098,89098,89098,89098,89098,89098,89098,89098,89098,89098,89098,89098,89098,89098,89098,89098,89098,89098,89098,89098,89098,89098,89098,89098,89098,89098,89098,89098,89098,89098,89098,89098,89098,89098,89098,89098,89098,89098,89098,89098,89098,89098,89098,89098,89098,89098,89098,89098,89098]","{""semantic_component_batches"":1,""semantic_component_jobs"":8,""max_semantic_component_workers"":1,""inference_regions"":18,""canonical_specialization_queries"":0,""canonical_specialization_hits"":0,""solver_requested_bytes"":24240,""solver_allocations"":134,""scratch_requested_bytes"":21592,""scratch_allocations"":116,""max_solver_live_bytes"":3072,""max_scratch_live_bytes"":3364,""evidence_import_solver_bytes"":0,""evidence_import_scratch_bytes"":128,""snapshot_copy_bytes"":196,""snapshot_copy_allocations"":8,""principal_copy_buffer_bytes"":0,""principal_copy_buffer_allocations"":0,""frozen_capture_temporary_bytes"":0,""frozen_capture_published_bytes"":0,""frozen_edge_scratch_bytes"":0,""region_scopes"":26,""max_region_scopes"":9,""call_collections_closed"":0,""call_collections_unresolved"":0,""call_memo_hits"":8,""solver_passes"":21,""solver_constraint_visits"":24,""occurs_steps"":0}"
jobs8,edit,workers-2,"[293,294,295,297,299,299,301,305,305,309,310,310,312,312,312,313,313,314,314,314,315,315,316,316,316,316,317,321,322,323,324,324,325,328,328,329,331,331,332,332,333,333,336,336,337,337,338,338,340,340,341,342,343,344,347,347,349,350,351,353,356,359,359,364,365,368,368,378,380,380,381,381,387,390,394,396,396,407,408,408,411,412,412,413,415,415,416,417,423,424,424,425,429,434,435,439,443,446,449,453,454,455,460,462,463,463,464,465,467,467,468,469,474,475,481,489,491,491,492,494,495,495,499,502,503,507,511,521,531,532,535,538,557,562,589,624,693,699,994,1724]","[277,284,286,288,289,289,290,291,291,291,292,292,293,296,296,297,298,299,300,300,300,306,306,306,307,309,309,310,311,311,313,314,317,317,318,319,319,320,321,321,323,323,323,324,324,325,327,328,328,328,329,330,330,331,332,338,339,344,345,347,347,351,353,356,357,357,360,362,366,368,371,374,375,378,384,386,386,390,390,393,394,395,395,396,402,407,408,409,410,414,414,415,419,420,421,426,428,430,432,432,435,436,437,438,439,440,440,445,446,448,449,453,454,456,456,457,459,460,465,469,471,472,473,475,488,491,494,499,513,520,523,529,541,553,569,592,680,683,969,1712]",332757.0,977.0,103053.0,26934.0,"[294881,294881,294881,294881,294881,294881,294881,294881,332757,332757,332757,332757,332757,332757,332757,332757,332757,332757,332757,332757,332757,332757,332757,332757,332757,332757,332757,332757,332757,332757,332757,332757,332757,332757,332757,332757,332757,332757,332757,332757,332757,332757,332757,332757,332757,332757,332757,332757,332757,332757,332757,332757,332757,332757,332757,332757,332757,332757,332757,332757,332757,332757,332757,332757,332757,332757,332757,332757,332757,332757,332757,332757,332757,332757,332757,332757,332757,332757,332757,332757,332757,332757,332757,332757,332757,332757,332757,332757,332757,332757,332757,332757,332757,332757,332757,332757,332757,332757,332757,332757,332757,332757,332757,332757,332757,332757,332757,332757,332757,332757,332757,332757,332757,332757,332757,332757,332757,332757,332757,332757,332757,332757,332757,332757,332757,332757,332757,332757,332757,332757,332757,332757,332757,332757,332757,332757,332757,332757,332757,332757]","[89098,89098,89098,89098,89098,89098,89098,89098,89098,91163,91163,103053,103053,103053,103053,103053,103053,103053,103053,103053,103053,103053,103053,103053,103053,103053,103053,103053,103053,103053,103053,103053,103053,103053,103053,103053,103053,103053,103053,103053,103053,103053,103053,103053,103053,103053,103053,103053,103053,103053,103053,103053,103053,103053,103053,103053,103053,103053,103053,103053,103053,103053,103053,103053,103053,103053,103053,103053,103053,103053,103053,103053,103053,103053,103053,103053,103053,103053,103053,103053,103053,103053,103053,103053,103053,103053,103053,103053,103053,103053,103053,103053,103053,103053,103053,103053,103053,103053,103053,103053,103053,103053,103053,103053,103053,103053,103149,103153,103153,103153,103173,103173,103173,103173,103173,103173,103173,103273,103281,103281,103285,103285,103301,103301,103309,103309,103317,103317,103317,103317,103317,103317,103317,103317,103317,103317,103317,103317,103405,103437]","{""semantic_component_batches"":1,""semantic_component_jobs"":8,""max_semantic_component_workers"":2,""inference_regions"":18,""canonical_specialization_queries"":0,""canonical_specialization_hits"":0,""solver_requested_bytes"":24240,""solver_allocations"":134,""scratch_requested_bytes"":21592,""scratch_allocations"":116,""max_solver_live_bytes"":3072,""max_scratch_live_bytes"":3364,""evidence_import_solver_bytes"":0,""evidence_import_scratch_bytes"":128,""snapshot_copy_bytes"":196,""snapshot_copy_allocations"":8,""principal_copy_buffer_bytes"":0,""principal_copy_buffer_allocations"":0,""frozen_capture_temporary_bytes"":0,""frozen_capture_published_bytes"":0,""frozen_edge_scratch_bytes"":0,""region_scopes"":26,""max_region_scopes"":9,""call_collections_closed"":0,""call_collections_unresolved"":0,""call_memo_hits"":8,""solver_passes"":21,""solver_constraint_visits"":24,""occurs_steps"":0}"
jobs8,edit,workers-4,"[317,318,319,323,326,330,330,335,335,336,337,338,344,345,345,346,346,348,349,349,351,354,356,357,360,363,363,365,366,366,366,367,371,371,371,371,372,374,374,379,381,386,388,389,389,390,391,393,393,396,398,399,399,403,404,405,405,406,407,410,412,412,413,417,419,421,421,423,427,429,431,431,432,433,433,434,434,435,436,436,436,436,438,439,439,441,441,442,442,445,445,447,449,450,450,452,453,455,462,462,462,463,464,465,465,466,468,469,469,469,473,473,475,476,479,479,481,481,482,483,485,485,488,498,505,517,533,537,538,566,572,578,602,608,609,617,740,756,970,1159]","[292,300,303,308,308,308,311,311,312,312,314,316,317,317,319,320,320,320,322,322,324,324,326,326,326,327,328,328,328,328,329,329,330,330,331,332,333,335,336,338,339,343,344,347,349,349,350,350,352,353,353,354,356,357,358,359,360,360,361,361,362,368,369,372,374,375,378,379,382,383,383,385,386,389,392,393,394,395,398,399,401,403,403,404,404,404,404,407,408,409,413,414,416,417,417,417,419,420,420,420,421,422,424,424,426,426,427,430,430,432,434,435,435,436,437,438,438,439,439,439,439,440,443,446,466,470,473,478,498,507,549,549,555,557,574,576,696,701,928,1101]",370633.0,984.0,121745.0,26934.0,"[332757,332757,332757,332757,332757,332757,332757,332757,332757,332757,332757,332757,332757,332757,332757,332757,332757,332757,332757,332757,370633,370633,370633,370633,370633,370633,370633,370633,370633,370633,370633,370633,370633,370633,370633,370633,370633,370633,370633,370633,370633,370633,370633,370633,370633,370633,370633,370633,370633,370633,370633,370633,370633,370633,370633,370633,370633,370633,370633,370633,370633,370633,370633,370633,370633,370633,370633,370633,370633,370633,370633,370633,370633,370633,370633,370633,370633,370633,370633,370633,370633,370633,370633,408509,408509,408509,408509,408509,408509,408509,408509,408509,408509,408509,408509,408509,408509,408509,408509,408509,408509,408509,408509,408509,408509,408509,408509,408509,408509,408509,408509,408509,408509,408509,408509,408509,408509,408509,408509,408509,408509,408509,408509,408509,408509,408509,408509,408509,408509,408509,408509,408509,408509,408509,408509,408509,408509,408509,408509,408509]","[102525,102525,102609,102625,102645,102873,102873,103053,103053,103053,103053,103053,103053,103053,103053,103053,103053,103053,103053,103053,103053,103053,103053,103053,103053,103153,103257,103285,103557,104229,104265,105915,105915,105915,105915,105915,106035,106119,106147,106171,109513,109777,109877,109945,121115,121403,121523,121523,121607,121623,121643,121667,121667,121667,121667,121667,121667,121667,121667,121667,121667,121667,121667,121667,121667,121667,121667,121667,121739,121739,121751,121751,121787,121787,121787,121787,121787,121787,121787,121787,121787,121787,121787,121787,121787,121787,121787,121787,121787,121787,121787,121827,121863,121895,121907,121907,121931,121931,121991,122015,122015,122015,122051,122051,122051,122051,122051,122051,122051,122051,122051,122171,122187,124241,124529,124649,124745,124749,128391,128511,139993,140497,140497,140501,140501,140501,140513,140521,140521,140521,140617,140717,140749,140761,140769,140785,140905,140905,140981,141049]","{""semantic_component_batches"":1,""semantic_component_jobs"":8,""max_semantic_component_workers"":4,""inference_regions"":18,""canonical_specialization_queries"":0,""canonical_specialization_hits"":0,""solver_requested_bytes"":24240,""solver_allocations"":134,""scratch_requested_bytes"":21592,""scratch_allocations"":116,""max_solver_live_bytes"":3072,""max_scratch_live_bytes"":3364,""evidence_import_solver_bytes"":0,""evidence_import_scratch_bytes"":128,""snapshot_copy_bytes"":196,""snapshot_copy_allocations"":8,""principal_copy_buffer_bytes"":0,""principal_copy_buffer_allocations"":0,""frozen_capture_temporary_bytes"":0,""frozen_capture_published_bytes"":0,""frozen_edge_scratch_bytes"":0,""region_scopes"":26,""max_region_scopes"":9,""call_collections_closed"":0,""call_collections_unresolved"":0,""call_memo_hits"":8,""solver_passes"":21,""solver_constraint_visits"":24,""occurs_steps"":0}"
jobs8,edit,workers-8,"[367,381,385,385,385,386,389,391,393,395,396,396,398,400,402,408,408,410,410,412,412,413,414,414,414,414,416,418,421,421,424,425,426,428,431,431,432,432,433,435,438,439,439,441,442,442,442,443,443,444,444,444,444,449,451,459,461,462,464,465,466,467,469,470,470,471,471,471,472,472,472,472,474,474,474,476,480,483,484,486,487,488,490,491,491,491,491,491,491,492,493,494,498,502,505,509,514,516,518,522,522,526,528,529,532,534,536,539,543,550,551,558,560,563,565,566,566,568,577,581,588,588,595,595,596,599,606,610,612,619,627,646,646,656,683,696,719,731,734,760]","[317,323,325,327,330,332,333,335,335,337,337,339,339,339,340,344,344,345,345,346,348,348,349,349,349,350,352,352,353,354,355,356,356,357,358,358,359,361,361,365,366,366,366,367,367,369,370,371,371,373,374,374,376,376,377,379,380,381,382,383,383,384,384,384,385,385,386,387,387,388,388,390,393,394,396,397,400,401,402,403,405,405,407,412,412,412,412,413,414,415,416,416,417,417,418,418,419,421,423,423,426,426,426,427,428,429,433,435,437,437,445,445,446,447,448,453,455,455,456,458,465,467,477,495,497,498,503,510,514,517,523,523,527,528,615,623,627,639,684,703]",408509.0,991.0,123083.0,26934.0,"[294881,294881,294881,294881,332757,332757,332757,332757,332757,332757,332757,332757,332757,332757,332757,332757,332757,332757,332757,332757,332757,332757,332757,332757,332757,370633,370633,370633,370633,370633,370633,370633,370633,370633,370633,370633,370633,370633,370633,370633,370633,370633,370633,370633,370633,370633,370633,370633,370633,370633,408509,408509,408509,408509,408509,408509,408509,408509,408509,408509,408509,408509,408509,408509,408509,408509,408509,408509,408509,408509,408509,408509,408509,408509,408509,408509,408509,408509,408509,408509,408509,408509,408509,408509,408509,408509,408509,408509,408509,408509,408509,446385,446385,446385,446385,446385,446385,446385,446385,446385,446385,446385,446385,446385,446385,446385,446385,446385,446385,446385,446385,446385,446385,446385,446385,484261,484261,484261,484261,484261,484261,484261,484261,484261,484261,484261,484261,484261,484261,484261,484261,484261,522137,522137,522137,522137,522137,522137,560013,560013]","[89098,89098,89098,89098,89098,89098,89098,89098,91163,101997,102477,102789,103053,103053,103053,103053,103053,103053,103053,103053,103173,103173,103173,103173,103173,103173,103269,103301,103317,103437,103557,104297,105915,105915,106267,106267,106863,108453,109897,109897,112639,120851,121035,121643,121643,121667,121667,121707,121763,121787,121787,121887,121907,121907,121907,121907,121907,121971,121991,122027,122051,122135,122135,122135,122171,122231,122255,122255,122283,122999,123167,123527,124349,124505,124649,124649,124649,124689,124749,124897,125333,127879,128391,128511,128835,129003,131601,132861,139997,140181,140233,140341,140377,140401,140521,140521,140521,140521,140641,140641,140665,140689,140701,140749,140761,140769,140785,140785,140785,140881,140881,140897,141001,141049,141313,141529,141605,142125,143639,143775,147353,147501,147749,147813,147945,148033,150107,150323,158991,159255,159375,159467,159483,159519,159747,159835,161913,166435,167107,178337]","{""semantic_component_batches"":1,""semantic_component_jobs"":8,""max_semantic_component_workers"":8,""inference_regions"":18,""canonical_specialization_queries"":0,""canonical_specialization_hits"":0,""solver_requested_bytes"":24240,""solver_allocations"":134,""scratch_requested_bytes"":21592,""scratch_allocations"":116,""max_solver_live_bytes"":3072,""max_scratch_live_bytes"":3364,""evidence_import_solver_bytes"":0,""evidence_import_scratch_bytes"":128,""snapshot_copy_bytes"":196,""snapshot_copy_allocations"":8,""principal_copy_buffer_bytes"":0,""principal_copy_buffer_allocations"":0,""frozen_capture_temporary_bytes"":0,""frozen_capture_published_bytes"":0,""frozen_edge_scratch_bytes"":0,""region_scopes"":26,""max_region_scopes"":9,""call_collections_closed"":0,""call_collections_unresolved"":0,""call_memo_hits"":8,""solver_passes"":21,""solver_constraint_visits"":24,""occurs_steps"":0}"
jobs8,revert,baseline,"[271,271,272,273,274,274,274,274,274,274,274,275,275,275,275,275,276,277,277,278,278,279,279,279,279,280,280,280,280,281,281,281,283,284,284,284,284,285,285,285,285,285,286,286,286,287,287,287,287,287,289,290,290,291,292,292,293,294,294,295,295,295,296,296,296,296,296,297,298,299,299,301,302,305,305,306,307,308,309,309,311,311,312,312,313,314,315,315,315,316,316,316,317,318,318,319,320,323,324,327,327,328,329,332,335,335,335,337,337,341,342,343,346,350,350,353,355,362,366,372,375,376,378,387,388,389,397,399,405,414,422,427,447,495,509,524,542,549,613,729]","[271,271,272,272,273,274,274,274,274,274,275,275,275,275,275,276,276,277,278,278,278,279,279,279,280,280,280,280,280,281,281,282,284,284,284,284,284,285,285,285,285,285,286,286,287,287,287,287,287,287,289,289,290,292,292,292,293,294,294,295,295,295,296,296,296,296,297,297,298,299,300,301,303,304,305,305,307,308,309,309,311,311,312,313,313,314,314,315,315,315,316,316,318,318,318,319,320,323,324,327,328,328,330,332,335,335,335,336,337,342,343,343,346,350,351,352,355,362,366,372,375,375,378,388,388,390,398,398,399,406,414,427,447,496,509,525,542,549,614,729]",259157.0,843.0,89098.0,26934.0,"[259157,259157,259157,259157,259157,259157,259157,259157,259157,259157,259157,259157,259157,259157,259157,259157,259157,259157,259157,259157,259157,259157,259157,259157,259157,259157,259157,259157,259157,259157,259157,259157,259157,259157,259157,259157,259157,259157,259157,259157,259157,259157,259157,259157,259157,259157,259157,259157,259157,259157,259157,259157,259157,259157,259157,259157,259157,259157,259157,259157,259157,259157,259157,259157,259157,259157,259157,259157,259157,259157,259157,259157,259157,259157,259157,259157,259157,259157,259157,259157,259157,259157,259157,259157,259157,259157,259157,259157,259157,259157,259157,259157,259157,259157,259157,259157,259157,259157,259157,259157,259157,259157,259157,259157,259157,259157,259157,259157,259157,259157,259157,259157,259157,259157,259157,259157,259157,259157,259157,259157,259157,259157,259157,259157,259157,259157,259157,259157,259157,259157,259157,259157,259157,259157,259157,259157,259157,259157,259157,259157]","[89098,89098,89098,89098,89098,89098,89098,89098,89098,89098,89098,89098,89098,89098,89098,89098,89098,89098,89098,89098,89098,89098,89098,89098,89098,89098,89098,89098,89098,89098,89098,89098,89098,89098,89098,89098,89098,89098,89098,89098,89098,89098,89098,89098,89098,89098,89098,89098,89098,89098,89098,89098,89098,89098,89098,89098,89098,89098,89098,89098,89098,89098,89098,89098,89098,89098,89098,89098,89098,89098,89098,89098,89098,89098,89098,89098,89098,89098,89098,89098,89098,89098,89098,89098,89098,89098,89098,89098,89098,89098,89098,89098,89098,89098,89098,89098,89098,89098,89098,89098,89098,89098,89098,89098,89098,89098,89098,89098,89098,89098,89098,89098,89098,89098,89098,89098,89098,89098,89098,89098,89098,89098,89098,89098,89098,89098,89098,89098,89098,89098,89098,89098,89098,89098,89098,89098,89098,89098,89098,89098]","{""inference_regions"":18,""canonical_specialization_queries"":0,""canonical_specialization_hits"":0,""solver_requested_bytes"":24240,""solver_allocations"":134,""scratch_requested_bytes"":21592,""scratch_allocations"":116,""max_solver_live_bytes"":3072,""max_scratch_live_bytes"":3364,""evidence_import_solver_bytes"":0,""evidence_import_scratch_bytes"":128,""snapshot_copy_bytes"":196,""snapshot_copy_allocations"":8,""principal_copy_buffer_bytes"":0,""principal_copy_buffer_allocations"":0,""frozen_capture_temporary_bytes"":0,""frozen_capture_published_bytes"":0,""frozen_edge_scratch_bytes"":0,""region_scopes"":26,""max_region_scopes"":9,""call_collections_closed"":0,""call_collections_unresolved"":0,""call_memo_hits"":8,""solver_passes"":21,""solver_constraint_visits"":24,""occurs_steps"":0}"
jobs8,revert,default,"[267,267,267,267,268,268,271,271,271,271,271,271,272,272,272,273,273,273,273,274,274,274,275,275,276,277,277,277,278,278,279,279,280,281,281,281,281,281,282,282,282,282,283,283,284,285,285,285,286,286,286,286,286,288,288,288,289,289,289,289,291,291,291,291,293,293,293,293,295,295,296,296,296,297,299,300,300,300,301,301,302,302,302,303,303,303,304,305,306,306,306,307,308,309,309,313,313,314,315,316,316,316,316,317,317,323,325,326,328,329,331,331,333,333,351,357,360,360,369,374,375,376,377,377,395,403,411,418,418,419,422,440,445,460,470,481,521,602,620,1647]","[266,267,267,267,268,268,270,270,270,271,271,272,272,272,272,273,273,273,274,274,274,274,275,275,276,277,277,277,278,278,279,279,280,281,281,281,281,281,282,282,282,282,283,284,284,284,285,285,285,286,286,287,287,288,288,289,289,289,289,289,291,291,291,292,292,293,293,293,295,295,295,295,296,297,299,300,300,300,300,301,302,302,302,303,303,304,304,305,306,306,306,307,308,308,309,313,313,314,315,316,316,316,317,317,317,323,325,326,328,330,330,331,333,333,351,357,360,360,369,374,376,377,377,396,403,403,412,418,418,419,422,441,445,461,470,481,521,602,621,1669]",259213.0,843.0,89098.0,26934.0,"[259213,259213,259213,259213,259213,259213,259213,259213,259213,259213,259213,259213,259213,259213,259213,259213,259213,259213,259213,259213,259213,259213,259213,259213,259213,259213,259213,259213,259213,259213,259213,259213,259213,259213,259213,259213,259213,259213,259213,259213,259213,259213,259213,259213,259213,259213,259213,259213,259213,259213,259213,259213,259213,259213,259213,259213,259213,259213,259213,259213,259213,259213,259213,259213,259213,259213,259213,259213,259213,259213,259213,259213,259213,259213,259213,259213,259213,259213,259213,259213,259213,259213,259213,259213,259213,259213,259213,259213,259213,259213,259213,259213,259213,259213,259213,259213,259213,259213,259213,259213,259213,259213,259213,259213,259213,259213,259213,259213,259213,259213,259213,259213,259213,259213,259213,259213,259213,259213,259213,259213,259213,259213,259213,259213,259213,259213,259213,259213,259213,259213,259213,259213,259213,259213,259213,259213,259213,259213,259213,259213]","[89098,89098,89098,89098,89098,89098,89098,89098,89098,89098,89098,89098,89098,89098,89098,89098,89098,89098,89098,89098,89098,89098,89098,89098,89098,89098,89098,89098,89098,89098,89098,89098,89098,89098,89098,89098,89098,89098,89098,89098,89098,89098,89098,89098,89098,89098,89098,89098,89098,89098,89098,89098,89098,89098,89098,89098,89098,89098,89098,89098,89098,89098,89098,89098,89098,89098,89098,89098,89098,89098,89098,89098,89098,89098,89098,89098,89098,89098,89098,89098,89098,89098,89098,89098,89098,89098,89098,89098,89098,89098,89098,89098,89098,89098,89098,89098,89098,89098,89098,89098,89098,89098,89098,89098,89098,89098,89098,89098,89098,89098,89098,89098,89098,89098,89098,89098,89098,89098,89098,89098,89098,89098,89098,89098,89098,89098,89098,89098,89098,89098,89098,89098,89098,89098,89098,89098,89098,89098,89098,89098]","{""semantic_component_batches"":0,""semantic_component_jobs"":0,""max_semantic_component_workers"":0,""inference_regions"":18,""canonical_specialization_queries"":0,""canonical_specialization_hits"":0,""solver_requested_bytes"":24240,""solver_allocations"":134,""scratch_requested_bytes"":21592,""scratch_allocations"":116,""max_solver_live_bytes"":3072,""max_scratch_live_bytes"":3364,""evidence_import_solver_bytes"":0,""evidence_import_scratch_bytes"":128,""snapshot_copy_bytes"":196,""snapshot_copy_allocations"":8,""principal_copy_buffer_bytes"":0,""principal_copy_buffer_allocations"":0,""frozen_capture_temporary_bytes"":0,""frozen_capture_published_bytes"":0,""frozen_edge_scratch_bytes"":0,""region_scopes"":26,""max_region_scopes"":9,""call_collections_closed"":0,""call_collections_unresolved"":0,""call_memo_hits"":8,""solver_passes"":21,""solver_constraint_visits"":24,""occurs_steps"":0}"
jobs8,revert,workers-1,"[283,285,286,286,287,290,291,291,292,292,292,293,293,293,293,294,294,294,294,295,295,295,295,295,295,296,296,296,296,296,296,297,297,297,297,297,298,298,298,298,299,299,300,300,301,301,301,302,302,304,304,304,305,308,310,311,311,312,312,314,314,316,316,316,316,317,317,318,318,319,319,320,320,321,322,323,324,326,328,330,332,332,333,333,335,336,337,337,341,344,352,353,356,356,357,361,361,361,362,363,365,366,370,372,374,375,380,380,380,381,382,383,384,393,395,396,405,407,407,412,416,418,426,426,435,439,447,457,475,477,488,493,506,520,537,542,544,560,570,639]","[283,285,286,287,287,290,291,291,292,292,292,292,293,293,293,294,294,294,294,295,295,295,295,295,295,296,296,296,296,296,297,297,297,297,298,298,298,298,299,300,300,300,300,301,301,301,302,303,304,304,304,304,307,310,310,311,312,313,314,315,316,316,316,317,317,317,317,318,319,320,320,320,321,322,323,323,326,328,330,332,332,333,334,336,336,336,337,341,344,353,356,356,357,360,361,361,363,365,366,368,370,372,374,374,376,378,379,380,380,381,382,383,384,393,395,396,405,407,407,416,418,422,426,427,436,439,447,457,476,477,493,494,506,520,536,542,545,560,571,639]",294881.0,970.0,89098.0,26934.0,"[294881,294881,294881,294881,294881,294881,294881,294881,294881,294881,294881,294881,294881,294881,294881,294881,294881,294881,294881,294881,294881,294881,294881,294881,294881,294881,294881,294881,294881,294881,294881,294881,294881,294881,294881,294881,294881,294881,294881,294881,294881,294881,294881,294881,294881,294881,294881,294881,294881,294881,294881,294881,294881,294881,294881,294881,294881,294881,294881,294881,294881,294881,294881,294881,294881,294881,294881,294881,294881,294881,294881,294881,294881,294881,294881,294881,294881,294881,294881,294881,294881,294881,294881,294881,294881,294881,294881,294881,294881,294881,294881,294881,294881,294881,294881,294881,294881,294881,294881,294881,294881,294881,294881,294881,294881,294881,294881,294881,294881,294881,294881,294881,294881,294881,294881,294881,294881,294881,294881,294881,294881,294881,294881,294881,294881,294881,294881,294881,294881,294881,294881,294881,294881,294881,294881,294881,294881,294881,294881,294881]","[89098,89098,89098,89098,89098,89098,89098,89098,89098,89098,89098,89098,89098,89098,89098,89098,89098,89098,89098,89098,89098,89098,89098,89098,89098,89098,89098,89098,89098,89098,89098,89098,89098,89098,89098,89098,89098,89098,89098,89098,89098,89098,89098,89098,89098,89098,89098,89098,89098,89098,89098,89098,89098,89098,89098,89098,89098,89098,89098,89098,89098,89098,89098,89098,89098,89098,89098,89098,89098,89098,89098,89098,89098,89098,89098,89098,89098,89098,89098,89098,89098,89098,89098,89098,89098,89098,89098,89098,89098,89098,89098,89098,89098,89098,89098,89098,89098,89098,89098,89098,89098,89098,89098,89098,89098,89098,89098,89098,89098,89098,89098,89098,89098,89098,89098,89098,89098,89098,89098,89098,89098,89098,89098,89098,89098,89098,89098,89098,89098,89098,89098,89098,89098,89098,89098,89098,89098,89098,89098,89098]","{""semantic_component_batches"":1,""semantic_component_jobs"":8,""max_semantic_component_workers"":1,""inference_regions"":18,""canonical_specialization_queries"":0,""canonical_specialization_hits"":0,""solver_requested_bytes"":24240,""solver_allocations"":134,""scratch_requested_bytes"":21592,""scratch_allocations"":116,""max_solver_live_bytes"":3072,""max_scratch_live_bytes"":3364,""evidence_import_solver_bytes"":0,""evidence_import_scratch_bytes"":128,""snapshot_copy_bytes"":196,""snapshot_copy_allocations"":8,""principal_copy_buffer_bytes"":0,""principal_copy_buffer_allocations"":0,""frozen_capture_temporary_bytes"":0,""frozen_capture_published_bytes"":0,""frozen_edge_scratch_bytes"":0,""region_scopes"":26,""max_region_scopes"":9,""call_collections_closed"":0,""call_collections_unresolved"":0,""call_memo_hits"":8,""solver_passes"":21,""solver_constraint_visits"":24,""occurs_steps"":0}"
jobs8,revert,workers-2,"[290,304,309,310,311,311,311,312,313,313,315,315,316,318,318,320,320,322,322,323,325,325,326,327,327,327,329,331,331,331,333,334,334,335,336,337,339,339,339,340,340,341,341,345,345,346,346,347,347,349,350,353,353,353,353,355,356,357,358,361,363,364,367,372,374,376,377,378,383,389,392,395,395,395,400,400,400,408,409,409,412,412,413,414,417,418,420,422,428,429,433,433,434,434,435,435,435,437,439,439,439,441,443,443,444,445,446,447,450,450,454,454,456,458,458,458,461,462,463,469,470,473,474,474,476,476,479,483,489,494,497,502,514,529,534,544,556,571,698,1070]","[277,292,294,294,294,295,296,296,298,299,301,303,303,303,309,310,310,310,312,314,315,315,315,316,316,317,317,318,319,319,319,320,321,323,324,324,324,326,326,327,328,330,330,331,332,335,335,335,336,336,336,337,337,338,339,341,342,345,346,350,354,356,357,364,366,367,370,370,370,373,376,376,377,378,380,382,384,389,391,392,393,393,394,395,398,400,401,406,407,410,412,412,414,414,415,416,416,416,418,419,419,419,420,422,424,424,427,429,431,432,432,438,438,439,439,440,441,443,444,445,448,451,451,462,462,465,466,467,469,474,477,499,499,511,518,523,529,559,649,1044]",332757.0,977.0,103053.0,26934.0,"[294881,294881,294881,294881,332757,332757,332757,332757,332757,332757,332757,332757,332757,332757,332757,332757,332757,332757,332757,332757,332757,332757,332757,332757,332757,332757,332757,332757,332757,332757,332757,332757,332757,332757,332757,332757,332757,332757,332757,332757,332757,332757,332757,332757,332757,332757,332757,332757,332757,332757,332757,332757,332757,332757,332757,332757,332757,332757,332757,332757,332757,332757,332757,332757,332757,332757,332757,332757,332757,332757,332757,332757,332757,332757,332757,332757,332757,332757,332757,332757,332757,332757,332757,332757,332757,332757,332757,332757,332757,332757,332757,332757,332757,332757,332757,332757,332757,332757,332757,332757,332757,332757,332757,332757,332757,332757,332757,332757,332757,332757,332757,332757,332757,332757,332757,332757,332757,332757,332757,332757,332757,332757,332757,332757,332757,332757,332757,332757,332757,332757,332757,332757,332757,332757,332757,332757,332757,332757,332757,332757]","[89098,89098,89098,89098,89098,89098,103053,103053,103053,103053,103053,103053,103053,103053,103053,103053,103053,103053,103053,103053,103053,103053,103053,103053,103053,103053,103053,103053,103053,103053,103053,103053,103053,103053,103053,103053,103053,103053,103053,103053,103053,103053,103053,103053,103053,103053,103053,103053,103053,103053,103053,103053,103053,103053,103053,103053,103053,103053,103053,103053,103053,103053,103053,103053,103053,103053,103053,103053,103053,103053,103053,103053,103053,103053,103053,103053,103053,103053,103053,103053,103053,103053,103053,103053,103053,103053,103053,103053,103053,103053,103053,103053,103053,103053,103053,103053,103053,103053,103053,103053,103149,103153,103153,103153,103153,103153,103173,103173,103173,103173,103173,103173,103173,103173,103281,103281,103281,103301,103301,103309,103309,103309,103317,103317,103317,103317,103317,103317,103317,103317,103317,103317,103317,103317,103317,103317,103317,103365,103401,103401]","{""semantic_component_batches"":1,""semantic_component_jobs"":8,""max_semantic_component_workers"":2,""inference_regions"":18,""canonical_specialization_queries"":0,""canonical_specialization_hits"":0,""solver_requested_bytes"":24240,""solver_allocations"":134,""scratch_requested_bytes"":21592,""scratch_allocations"":116,""max_solver_live_bytes"":3072,""max_scratch_live_bytes"":3364,""evidence_import_solver_bytes"":0,""evidence_import_scratch_bytes"":128,""snapshot_copy_bytes"":196,""snapshot_copy_allocations"":8,""principal_copy_buffer_bytes"":0,""principal_copy_buffer_allocations"":0,""frozen_capture_temporary_bytes"":0,""frozen_capture_published_bytes"":0,""frozen_edge_scratch_bytes"":0,""region_scopes"":26,""max_region_scopes"":9,""call_collections_closed"":0,""call_collections_unresolved"":0,""call_memo_hits"":8,""solver_passes"":21,""solver_constraint_visits"":24,""occurs_steps"":0}"
jobs8,revert,workers-4,"[316,323,327,333,334,336,337,337,337,339,343,345,346,347,347,349,349,349,350,352,352,354,354,355,356,356,356,357,357,357,359,360,360,360,361,362,362,362,364,365,367,368,369,371,371,374,375,375,375,378,378,379,379,380,383,385,389,390,390,393,393,394,395,396,397,397,398,400,402,404,405,408,409,412,412,416,416,420,423,425,425,427,428,440,442,442,444,444,445,446,447,447,448,449,452,454,454,454,454,455,456,457,470,472,472,474,476,477,477,478,479,481,482,489,490,498,499,500,503,506,506,510,511,513,518,518,519,519,523,535,539,541,551,564,576,598,609,670,708,1088]","[295,300,304,311,312,314,315,315,319,319,320,321,321,321,321,323,324,325,325,326,327,327,328,329,329,330,331,332,332,332,332,333,334,334,335,335,336,336,337,338,338,338,339,339,342,342,343,344,346,346,347,348,349,351,352,352,353,354,355,356,356,356,357,359,359,361,362,363,365,365,366,366,367,371,372,372,374,383,383,386,386,387,389,396,397,399,404,404,405,408,408,408,411,413,415,415,415,416,416,417,418,420,422,422,423,423,426,431,433,435,436,444,446,446,451,454,454,457,461,464,468,471,474,475,484,487,488,491,492,492,493,496,508,515,546,548,579,586,603,1076]",370633.0,984.0,121667.0,26934.0,"[332757,332757,332757,332757,332757,332757,332757,332757,332757,332757,332757,332757,332757,332757,332757,332757,332757,332757,332757,332757,332757,332757,332757,332757,332757,332757,332757,332757,332757,332757,332757,332757,332757,332757,332757,332757,332757,332757,332757,332757,370633,370633,370633,370633,370633,370633,370633,370633,370633,370633,370633,370633,370633,370633,370633,370633,370633,370633,370633,370633,370633,370633,370633,370633,370633,370633,370633,370633,370633,370633,370633,370633,370633,370633,370633,370633,370633,370633,370633,370633,370633,370633,370633,370633,370633,370633,370633,370633,370633,370633,370633,370633,370633,370633,370633,408509,408509,408509,408509,408509,408509,408509,408509,408509,408509,408509,408509,408509,408509,408509,408509,408509,408509,408509,408509,408509,408509,408509,408509,408509,408509,408509,408509,408509,408509,408509,408509,408509,408509,408509,408509,408509,408509,408509,408509,408509,408509,408509,408509,408509]","[102525,102525,103053,103053,103053,103053,103053,103053,103053,103053,103053,103053,103053,103053,103053,103053,103053,103053,103053,103053,103053,103053,103053,103053,103053,103053,103053,103053,103053,103053,103053,103053,103053,103053,103053,103053,103149,103149,103173,103173,103173,103173,103293,103293,103317,103525,104157,104181,105651,105915,105915,105915,106143,106179,109777,109777,112903,121339,121359,121371,121523,121523,121523,121607,121667,121667,121667,121667,121667,121667,121667,121751,121787,121787,121787,121787,121787,121787,121787,121787,121787,121787,121787,121787,121787,121787,121787,121787,121787,121787,121883,121895,121907,121907,121907,121907,121931,121931,121931,121991,122015,122019,122051,122051,122051,122111,122127,122135,122139,122143,122151,122279,122299,122315,122383,122647,122795,122795,124649,124877,128511,128775,140401,140401,140401,140401,140477,140521,140521,140521,140521,140597,140665,140725,140777,140881,140889,140949,140969,141005]","{""semantic_component_batches"":1,""semantic_component_jobs"":8,""max_semantic_component_workers"":4,""inference_regions"":18,""canonical_specialization_queries"":0,""canonical_specialization_hits"":0,""solver_requested_bytes"":24240,""solver_allocations"":134,""scratch_requested_bytes"":21592,""scratch_allocations"":116,""max_solver_live_bytes"":3072,""max_scratch_live_bytes"":3364,""evidence_import_solver_bytes"":0,""evidence_import_scratch_bytes"":128,""snapshot_copy_bytes"":196,""snapshot_copy_allocations"":8,""principal_copy_buffer_bytes"":0,""principal_copy_buffer_allocations"":0,""frozen_capture_temporary_bytes"":0,""frozen_capture_published_bytes"":0,""frozen_edge_scratch_bytes"":0,""region_scopes"":26,""max_region_scopes"":9,""call_collections_closed"":0,""call_collections_unresolved"":0,""call_memo_hits"":8,""solver_passes"":21,""solver_constraint_visits"":24,""occurs_steps"":0}"
jobs8,revert,workers-8,"[369,375,385,385,390,395,396,396,397,399,399,399,401,405,405,407,408,408,408,409,409,410,410,411,411,412,414,415,416,416,417,426,427,428,433,433,435,435,440,441,442,443,445,450,451,452,453,455,456,457,457,458,458,461,463,464,466,466,467,467,468,469,470,470,470,470,471,472,472,473,473,477,478,478,479,479,480,480,480,482,483,483,484,485,485,485,487,487,488,492,493,493,499,502,505,505,506,507,508,508,510,511,516,520,521,523,530,535,537,537,540,542,545,554,558,559,565,566,566,567,568,574,574,588,588,592,596,625,628,642,646,656,666,753,771,774,792,870,945,1003]","[313,330,333,333,334,336,336,336,337,337,339,343,344,346,347,348,350,350,350,351,351,352,353,355,356,356,357,359,359,359,360,361,362,363,363,364,364,364,366,366,368,369,369,369,371,371,371,372,373,373,375,375,375,375,376,376,378,378,378,381,381,382,383,383,387,391,391,392,392,393,393,394,395,396,397,397,398,399,400,401,401,402,403,404,407,407,408,409,409,410,410,411,411,412,413,413,414,414,415,416,419,421,426,427,429,430,430,431,434,434,443,443,446,451,458,460,462,467,468,475,483,492,494,495,499,505,506,524,548,557,568,583,587,643,646,666,674,693,857,918]",408509.0,991.0,126037.0,26934.0,"[294881,294881,294881,294881,332757,332757,332757,332757,332757,332757,332757,332757,332757,332757,332757,332757,332757,332757,332757,332757,332757,332757,370633,370633,370633,370633,370633,370633,370633,370633,370633,370633,370633,370633,370633,370633,370633,370633,370633,370633,370633,370633,370633,370633,370633,408509,408509,408509,408509,408509,408509,408509,408509,408509,408509,408509,408509,408509,408509,408509,408509,408509,408509,408509,408509,408509,408509,408509,408509,408509,408509,408509,408509,408509,408509,446385,446385,446385,446385,446385,446385,446385,446385,446385,446385,446385,446385,446385,446385,446385,446385,446385,446385,446385,446385,446385,446385,446385,446385,446385,446385,446385,446385,446385,446385,446385,446385,484261,484261,484261,484261,484261,484261,484261,484261,484261,484261,484261,484261,484261,484261,484261,484261,484261,484261,522137,522137,522137,522137,522137,522137,522137,522137,522137,522137,560013,560013,560013,560013,560013]","[89098,89098,89098,89098,89098,89098,89098,89098,102213,102873,102969,103053,103053,103053,103053,103053,103053,103173,103173,103173,103173,103173,103173,103317,103429,103521,103541,105915,106035,106035,106147,106155,109125,109897,109897,121403,121667,121667,121667,121763,121787,121787,121787,121787,121787,121787,121787,121863,121907,121907,121907,121907,121907,121931,121991,122027,122143,122615,123059,124385,124529,124649,124749,124769,124769,124881,124997,124997,125097,125897,126177,128343,128391,128495,128571,128851,128859,129031,129295,130179,131493,131733,131805,131857,139993,140079,140125,140221,140317,140365,140377,140377,140401,140497,140501,140569,140589,140593,140657,140657,140761,140785,140785,140873,140897,141025,141361,141529,141809,141817,143479,143599,143767,143911,144031,144871,146453,147609,147849,149281,159135,159135,159219,159231,159255,159355,159483,159519,159595,159847,159971,159975,159995,160467,162201,162465,165979,166327,166683,178501]","{""semantic_component_batches"":1,""semantic_component_jobs"":8,""max_semantic_component_workers"":8,""inference_regions"":18,""canonical_specialization_queries"":0,""canonical_specialization_hits"":0,""solver_requested_bytes"":24240,""solver_allocations"":134,""scratch_requested_bytes"":21592,""scratch_allocations"":116,""max_solver_live_bytes"":3072,""max_scratch_live_bytes"":3364,""evidence_import_solver_bytes"":0,""evidence_import_scratch_bytes"":128,""snapshot_copy_bytes"":196,""snapshot_copy_allocations"":8,""principal_copy_buffer_bytes"":0,""principal_copy_buffer_allocations"":0,""frozen_capture_temporary_bytes"":0,""frozen_capture_published_bytes"":0,""frozen_edge_scratch_bytes"":0,""region_scopes"":26,""max_region_scopes"":9,""call_collections_closed"":0,""call_collections_unresolved"":0,""call_memo_hits"":8,""solver_passes"":21,""solver_constraint_visits"":24,""occurs_steps"":0}"
jobs8,noop,baseline,"[15,15,15,15,15,15,15,15,15,15,15,15,15,15,15,15,15,15,15,15,15,15,15,15,15,15,15,15,15,15,15,15,15,15,16,16,16,16,16,16,16,16,16,16,16,16,16,16,16,16,16,16,16,16,16,16,16,16,16,16,16,16,16,16,16,16,16,16,16,16,16,16,16,16,16,16,16,16,16,16,16,16,16,16,17,17,17,17,17,17,17,17,17,17,17,17,17,17,17,17,18,18,18,18,18,18,18,19,19,21,21,21,21,21,21,21,22,22,22,22,22,22,22,22,22,22,23,23,23,23,23,23,24,24,28,42,43,59,73,115]","[14,14,14,14,14,14,15,15,15,15,15,15,15,15,15,15,15,15,15,15,15,15,15,15,15,15,15,15,15,15,15,15,15,15,15,15,15,15,15,15,15,15,15,15,15,15,15,15,15,15,15,15,15,15,15,15,15,15,15,15,15,15,15,15,15,15,15,15,15,15,15,15,16,16,16,16,16,16,16,16,16,16,16,16,16,16,16,16,16,16,16,16,16,16,16,16,16,16,16,16,17,17,17,17,17,17,17,18,18,18,21,21,21,21,21,21,21,21,21,21,21,21,21,21,22,22,22,22,22,22,22,23,23,23,26,41,42,59,74,114]",11106.0,19.0,37138.0,26934.0,"[11106,11106,11106,11106,11106,11106,11106,11106,11106,11106,11106,11106,11106,11106,11106,11106,11106,11106,11106,11106,11106,11106,11106,11106,11106,11106,11106,11106,11106,11106,11106,11106,11106,11106,11106,11106,11106,11106,11106,11106,11106,11106,11106,11106,11106,11106,11106,11106,11106,11106,11106,11106,11106,11106,11106,11106,11106,11106,11106,11106,11106,11106,11106,11106,11106,11106,11106,11106,11106,11106,11106,11106,11106,11106,11106,11106,11106,11106,11106,11106,11106,11106,11106,11106,11106,11106,11106,11106,11106,11106,11106,11106,11106,11106,11106,11106,11106,11106,11106,11106,11106,11106,11106,11106,11106,11106,11106,11106,11106,11106,11106,11106,11106,11106,11106,11106,11106,11106,11106,11106,11106,11106,11106,11106,11106,11106,11106,11106,11106,11106,11106,11106,11106,11106,11106,11106,11106,11106,11106,11106]","[37138,37138,37138,37138,37138,37138,37138,37138,37138,37138,37138,37138,37138,37138,37138,37138,37138,37138,37138,37138,37138,37138,37138,37138,37138,37138,37138,37138,37138,37138,37138,37138,37138,37138,37138,37138,37138,37138,37138,37138,37138,37138,37138,37138,37138,37138,37138,37138,37138,37138,37138,37138,37138,37138,37138,37138,37138,37138,37138,37138,37138,37138,37138,37138,37138,37138,37138,37138,37138,37138,37138,37138,37138,37138,37138,37138,37138,37138,37138,37138,37138,37138,37138,37138,37138,37138,37138,37138,37138,37138,37138,37138,37138,37138,37138,37138,37138,37138,37138,37138,37138,37138,37138,37138,37138,37138,37138,37138,37138,37138,37138,37138,37138,37138,37138,37138,37138,37138,37138,37138,37138,37138,37138,37138,37138,37138,37138,37138,37138,37138,37138,37138,37138,37138,37138,37138,37138,37138,37138,37138]","{""inference_regions"":0,""canonical_specialization_queries"":0,""canonical_specialization_hits"":0,""solver_requested_bytes"":0,""solver_allocations"":0,""scratch_requested_bytes"":0,""scratch_allocations"":0,""max_solver_live_bytes"":0,""max_scratch_live_bytes"":0,""evidence_import_solver_bytes"":0,""evidence_import_scratch_bytes"":0,""snapshot_copy_bytes"":0,""snapshot_copy_allocations"":0,""principal_copy_buffer_bytes"":0,""principal_copy_buffer_allocations"":0,""frozen_capture_temporary_bytes"":0,""frozen_capture_published_bytes"":0,""frozen_edge_scratch_bytes"":0,""region_scopes"":0,""max_region_scopes"":0,""call_collections_closed"":0,""call_collections_unresolved"":0,""call_memo_hits"":0,""solver_passes"":0,""solver_constraint_visits"":0,""occurs_steps"":0}"
jobs8,noop,default,"[14,14,15,15,15,15,15,15,15,15,15,15,15,15,15,15,15,15,15,15,15,15,15,15,15,15,15,15,15,15,15,15,15,15,15,15,15,15,15,15,15,16,16,16,16,16,16,16,16,16,16,16,16,16,16,16,16,16,16,16,16,16,16,16,16,16,16,16,16,16,16,16,16,16,16,16,16,16,16,16,16,16,16,16,16,16,16,16,16,16,16,16,16,16,16,16,16,16,16,16,16,16,17,17,17,17,17,17,17,17,17,17,17,17,17,17,17,17,17,18,18,18,18,19,20,20,21,21,21,22,22,22,23,23,23,42,87,90,114,243]","[14,14,14,14,14,14,14,14,14,14,14,14,14,14,14,14,14,15,15,15,15,15,15,15,15,15,15,15,15,15,15,15,15,15,15,15,15,15,15,15,15,15,15,15,15,15,15,15,15,15,15,15,15,15,15,15,15,15,15,15,15,15,15,15,15,15,15,15,15,15,15,15,15,15,15,15,15,15,15,15,16,16,16,16,16,16,16,16,16,16,16,16,16,16,16,16,16,16,16,16,16,16,16,16,16,16,16,16,16,16,16,16,16,16,16,17,17,17,17,17,17,17,18,19,19,21,21,21,21,21,22,22,22,22,42,63,86,90,114,243]",11162.0,19.0,37194.0,26934.0,"[11162,11162,11162,11162,11162,11162,11162,11162,11162,11162,11162,11162,11162,11162,11162,11162,11162,11162,11162,11162,11162,11162,11162,11162,11162,11162,11162,11162,11162,11162,11162,11162,11162,11162,11162,11162,11162,11162,11162,11162,11162,11162,11162,11162,11162,11162,11162,11162,11162,11162,11162,11162,11162,11162,11162,11162,11162,11162,11162,11162,11162,11162,11162,11162,11162,11162,11162,11162,11162,11162,11162,11162,11162,11162,11162,11162,11162,11162,11162,11162,11162,11162,11162,11162,11162,11162,11162,11162,11162,11162,11162,11162,11162,11162,11162,11162,11162,11162,11162,11162,11162,11162,11162,11162,11162,11162,11162,11162,11162,11162,11162,11162,11162,11162,11162,11162,11162,11162,11162,11162,11162,11162,11162,11162,11162,11162,11162,11162,11162,11162,11162,11162,11162,11162,11162,11162,11162,11162,11162,11162]","[37194,37194,37194,37194,37194,37194,37194,37194,37194,37194,37194,37194,37194,37194,37194,37194,37194,37194,37194,37194,37194,37194,37194,37194,37194,37194,37194,37194,37194,37194,37194,37194,37194,37194,37194,37194,37194,37194,37194,37194,37194,37194,37194,37194,37194,37194,37194,37194,37194,37194,37194,37194,37194,37194,37194,37194,37194,37194,37194,37194,37194,37194,37194,37194,37194,37194,37194,37194,37194,37194,37194,37194,37194,37194,37194,37194,37194,37194,37194,37194,37194,37194,37194,37194,37194,37194,37194,37194,37194,37194,37194,37194,37194,37194,37194,37194,37194,37194,37194,37194,37194,37194,37194,37194,37194,37194,37194,37194,37194,37194,37194,37194,37194,37194,37194,37194,37194,37194,37194,37194,37194,37194,37194,37194,37194,37194,37194,37194,37194,37194,37194,37194,37194,37194,37194,37194,37194,37194,37194,37194]","{""semantic_component_batches"":0,""semantic_component_jobs"":0,""max_semantic_component_workers"":0,""inference_regions"":0,""canonical_specialization_queries"":0,""canonical_specialization_hits"":0,""solver_requested_bytes"":0,""solver_allocations"":0,""scratch_requested_bytes"":0,""scratch_allocations"":0,""max_solver_live_bytes"":0,""max_scratch_live_bytes"":0,""evidence_import_solver_bytes"":0,""evidence_import_scratch_bytes"":0,""snapshot_copy_bytes"":0,""snapshot_copy_allocations"":0,""principal_copy_buffer_bytes"":0,""principal_copy_buffer_allocations"":0,""frozen_capture_temporary_bytes"":0,""frozen_capture_published_bytes"":0,""frozen_edge_scratch_bytes"":0,""region_scopes"":0,""max_region_scopes"":0,""call_collections_closed"":0,""call_collections_unresolved"":0,""call_memo_hits"":0,""solver_passes"":0,""solver_constraint_visits"":0,""occurs_steps"":0}"
jobs8,noop,workers-1,"[14,14,15,15,15,15,15,15,15,15,15,15,15,15,15,15,15,15,15,15,15,15,15,15,16,16,16,16,16,16,16,16,16,16,16,16,16,16,16,16,16,16,16,16,16,16,16,16,16,16,16,16,16,16,16,16,16,16,16,16,16,16,16,16,16,16,16,16,16,16,16,16,16,16,16,16,16,16,16,16,16,16,16,16,17,17,17,17,17,17,17,17,17,17,17,17,17,17,17,17,17,17,17,17,17,17,17,17,17,17,17,18,18,18,18,18,18,18,18,21,21,21,21,21,22,22,22,22,22,22,22,23,23,23,23,23,23,24,29,73]","[14,14,14,14,14,14,14,14,14,15,15,15,15,15,15,15,15,15,15,15,15,15,15,15,15,15,15,15,15,15,15,15,15,15,15,15,15,15,15,15,15,15,15,15,15,15,15,15,15,15,15,15,15,15,15,15,15,15,15,15,15,16,16,16,16,16,16,16,16,16,16,16,16,16,16,16,16,16,16,16,16,16,16,16,16,16,16,16,16,16,16,16,16,16,16,16,16,16,16,16,16,16,16,16,16,16,16,17,17,17,17,17,17,17,17,17,17,17,17,20,20,21,21,21,21,21,21,21,22,22,22,22,22,22,22,22,23,23,29,72]",11162.0,19.0,37194.0,26934.0,"[11162,11162,11162,11162,11162,11162,11162,11162,11162,11162,11162,11162,11162,11162,11162,11162,11162,11162,11162,11162,11162,11162,11162,11162,11162,11162,11162,11162,11162,11162,11162,11162,11162,11162,11162,11162,11162,11162,11162,11162,11162,11162,11162,11162,11162,11162,11162,11162,11162,11162,11162,11162,11162,11162,11162,11162,11162,11162,11162,11162,11162,11162,11162,11162,11162,11162,11162,11162,11162,11162,11162,11162,11162,11162,11162,11162,11162,11162,11162,11162,11162,11162,11162,11162,11162,11162,11162,11162,11162,11162,11162,11162,11162,11162,11162,11162,11162,11162,11162,11162,11162,11162,11162,11162,11162,11162,11162,11162,11162,11162,11162,11162,11162,11162,11162,11162,11162,11162,11162,11162,11162,11162,11162,11162,11162,11162,11162,11162,11162,11162,11162,11162,11162,11162,11162,11162,11162,11162,11162,11162]","[37194,37194,37194,37194,37194,37194,37194,37194,37194,37194,37194,37194,37194,37194,37194,37194,37194,37194,37194,37194,37194,37194,37194,37194,37194,37194,37194,37194,37194,37194,37194,37194,37194,37194,37194,37194,37194,37194,37194,37194,37194,37194,37194,37194,37194,37194,37194,37194,37194,37194,37194,37194,37194,37194,37194,37194,37194,37194,37194,37194,37194,37194,37194,37194,37194,37194,37194,37194,37194,37194,37194,37194,37194,37194,37194,37194,37194,37194,37194,37194,37194,37194,37194,37194,37194,37194,37194,37194,37194,37194,37194,37194,37194,37194,37194,37194,37194,37194,37194,37194,37194,37194,37194,37194,37194,37194,37194,37194,37194,37194,37194,37194,37194,37194,37194,37194,37194,37194,37194,37194,37194,37194,37194,37194,37194,37194,37194,37194,37194,37194,37194,37194,37194,37194,37194,37194,37194,37194,37194,37194]","{""semantic_component_batches"":0,""semantic_component_jobs"":0,""max_semantic_component_workers"":0,""inference_regions"":0,""canonical_specialization_queries"":0,""canonical_specialization_hits"":0,""solver_requested_bytes"":0,""solver_allocations"":0,""scratch_requested_bytes"":0,""scratch_allocations"":0,""max_solver_live_bytes"":0,""max_scratch_live_bytes"":0,""evidence_import_solver_bytes"":0,""evidence_import_scratch_bytes"":0,""snapshot_copy_bytes"":0,""snapshot_copy_allocations"":0,""principal_copy_buffer_bytes"":0,""principal_copy_buffer_allocations"":0,""frozen_capture_temporary_bytes"":0,""frozen_capture_published_bytes"":0,""frozen_edge_scratch_bytes"":0,""region_scopes"":0,""max_region_scopes"":0,""call_collections_closed"":0,""call_collections_unresolved"":0,""call_memo_hits"":0,""solver_passes"":0,""solver_constraint_visits"":0,""occurs_steps"":0}"
jobs8,noop,workers-2,"[14,14,14,15,15,15,15,15,15,15,15,15,15,15,15,15,15,15,15,15,15,15,15,15,16,16,16,16,16,16,16,16,16,16,16,16,16,16,16,16,16,16,16,16,16,16,16,16,16,16,16,16,16,16,16,16,17,17,17,17,17,17,17,17,17,17,17,17,17,17,17,17,17,17,17,17,17,17,17,17,17,17,17,17,18,18,18,18,18,20,21,21,21,21,21,21,21,21,21,21,21,22,22,22,22,22,22,22,22,22,22,22,22,22,22,22,22,22,22,22,22,22,22,22,22,22,22,22,22,23,23,23,23,23,23,23,24,24,24,38]","[13,14,14,14,14,14,14,14,14,14,15,15,15,15,15,15,15,15,15,15,15,15,15,15,15,15,15,15,15,15,15,15,15,15,15,15,15,15,15,16,16,16,16,16,16,16,16,16,16,16,16,16,16,16,16,16,16,16,16,16,16,16,16,16,16,16,16,16,16,16,16,16,16,16,16,16,16,16,16,16,17,17,17,17,17,17,17,17,17,19,20,20,21,21,21,21,21,21,21,21,21,21,21,21,21,21,21,21,21,21,21,21,21,21,21,21,21,22,22,22,22,22,22,22,22,22,22,22,22,22,22,22,22,22,22,23,23,23,24,38]",11162.0,19.0,37194.0,26934.0,"[11162,11162,11162,11162,11162,11162,11162,11162,11162,11162,11162,11162,11162,11162,11162,11162,11162,11162,11162,11162,11162,11162,11162,11162,11162,11162,11162,11162,11162,11162,11162,11162,11162,11162,11162,11162,11162,11162,11162,11162,11162,11162,11162,11162,11162,11162,11162,11162,11162,11162,11162,11162,11162,11162,11162,11162,11162,11162,11162,11162,11162,11162,11162,11162,11162,11162,11162,11162,11162,11162,11162,11162,11162,11162,11162,11162,11162,11162,11162,11162,11162,11162,11162,11162,11162,11162,11162,11162,11162,11162,11162,11162,11162,11162,11162,11162,11162,11162,11162,11162,11162,11162,11162,11162,11162,11162,11162,11162,11162,11162,11162,11162,11162,11162,11162,11162,11162,11162,11162,11162,11162,11162,11162,11162,11162,11162,11162,11162,11162,11162,11162,11162,11162,11162,11162,11162,11162,11162,11162,11162]","[37194,37194,37194,37194,37194,37194,37194,37194,37194,37194,37194,37194,37194,37194,37194,37194,37194,37194,37194,37194,37194,37194,37194,37194,37194,37194,37194,37194,37194,37194,37194,37194,37194,37194,37194,37194,37194,37194,37194,37194,37194,37194,37194,37194,37194,37194,37194,37194,37194,37194,37194,37194,37194,37194,37194,37194,37194,37194,37194,37194,37194,37194,37194,37194,37194,37194,37194,37194,37194,37194,37194,37194,37194,37194,37194,37194,37194,37194,37194,37194,37194,37194,37194,37194,37194,37194,37194,37194,37194,37194,37194,37194,37194,37194,37194,37194,37194,37194,37194,37194,37194,37194,37194,37194,37194,37194,37194,37194,37194,37194,37194,37194,37194,37194,37194,37194,37194,37194,37194,37194,37194,37194,37194,37194,37194,37194,37194,37194,37194,37194,37194,37194,37194,37194,37194,37194,37194,37194,37194,37194]","{""semantic_component_batches"":0,""semantic_component_jobs"":0,""max_semantic_component_workers"":0,""inference_regions"":0,""canonical_specialization_queries"":0,""canonical_specialization_hits"":0,""solver_requested_bytes"":0,""solver_allocations"":0,""scratch_requested_bytes"":0,""scratch_allocations"":0,""max_solver_live_bytes"":0,""max_scratch_live_bytes"":0,""evidence_import_solver_bytes"":0,""evidence_import_scratch_bytes"":0,""snapshot_copy_bytes"":0,""snapshot_copy_allocations"":0,""principal_copy_buffer_bytes"":0,""principal_copy_buffer_allocations"":0,""frozen_capture_temporary_bytes"":0,""frozen_capture_published_bytes"":0,""frozen_edge_scratch_bytes"":0,""region_scopes"":0,""max_region_scopes"":0,""call_collections_closed"":0,""call_collections_unresolved"":0,""call_memo_hits"":0,""solver_passes"":0,""solver_constraint_visits"":0,""occurs_steps"":0}"
jobs8,noop,workers-4,"[15,15,15,15,15,15,15,15,15,15,15,15,15,15,15,15,15,16,16,16,16,16,16,16,16,16,16,16,16,16,16,16,16,16,16,16,16,16,16,16,16,16,16,16,16,16,16,16,16,16,16,16,16,16,16,16,16,16,16,16,16,16,16,16,16,16,16,16,16,16,16,16,16,16,16,16,16,16,16,16,16,17,17,17,17,17,17,17,17,17,17,17,17,17,17,17,17,17,17,17,17,17,17,17,17,17,17,17,17,17,17,17,17,17,17,17,17,18,20,20,20,21,21,21,22,22,22,22,22,22,22,22,22,23,23,23,23,23,24,39]","[14,14,14,14,14,14,15,15,15,15,15,15,15,15,15,15,15,15,15,15,15,15,15,15,15,15,15,15,15,15,15,15,15,15,15,15,15,15,15,15,15,15,15,15,15,15,15,15,16,16,16,16,16,16,16,16,16,16,16,16,16,16,16,16,16,16,16,16,16,16,16,16,16,16,16,16,16,16,16,16,16,16,16,16,16,16,16,16,16,16,16,16,16,16,16,16,16,16,16,16,16,16,16,16,16,16,16,16,16,16,17,17,17,17,17,17,17,17,17,19,20,20,21,21,21,21,21,21,21,21,22,22,22,22,22,22,22,23,23,23]",11162.0,19.0,37194.0,26934.0,"[11162,11162,11162,11162,11162,11162,11162,11162,11162,11162,11162,11162,11162,11162,11162,11162,11162,11162,11162,11162,11162,11162,11162,11162,11162,11162,11162,11162,11162,11162,11162,11162,11162,11162,11162,11162,11162,11162,11162,11162,11162,11162,11162,11162,11162,11162,11162,11162,11162,11162,11162,11162,11162,11162,11162,11162,11162,11162,11162,11162,11162,11162,11162,11162,11162,11162,11162,11162,11162,11162,11162,11162,11162,11162,11162,11162,11162,11162,11162,11162,11162,11162,11162,11162,11162,11162,11162,11162,11162,11162,11162,11162,11162,11162,11162,11162,11162,11162,11162,11162,11162,11162,11162,11162,11162,11162,11162,11162,11162,11162,11162,11162,11162,11162,11162,11162,11162,11162,11162,11162,11162,11162,11162,11162,11162,11162,11162,11162,11162,11162,11162,11162,11162,11162,11162,11162,11162,11162,11162,11162]","[37194,37194,37194,37194,37194,37194,37194,37194,37194,37194,37194,37194,37194,37194,37194,37194,37194,37194,37194,37194,37194,37194,37194,37194,37194,37194,37194,37194,37194,37194,37194,37194,37194,37194,37194,37194,37194,37194,37194,37194,37194,37194,37194,37194,37194,37194,37194,37194,37194,37194,37194,37194,37194,37194,37194,37194,37194,37194,37194,37194,37194,37194,37194,37194,37194,37194,37194,37194,37194,37194,37194,37194,37194,37194,37194,37194,37194,37194,37194,37194,37194,37194,37194,37194,37194,37194,37194,37194,37194,37194,37194,37194,37194,37194,37194,37194,37194,37194,37194,37194,37194,37194,37194,37194,37194,37194,37194,37194,37194,37194,37194,37194,37194,37194,37194,37194,37194,37194,37194,37194,37194,37194,37194,37194,37194,37194,37194,37194,37194,37194,37194,37194,37194,37194,37194,37194,37194,37194,37194,37194]","{""semantic_component_batches"":0,""semantic_component_jobs"":0,""max_semantic_component_workers"":0,""inference_regions"":0,""canonical_specialization_queries"":0,""canonical_specialization_hits"":0,""solver_requested_bytes"":0,""solver_allocations"":0,""scratch_requested_bytes"":0,""scratch_allocations"":0,""max_solver_live_bytes"":0,""max_scratch_live_bytes"":0,""evidence_import_solver_bytes"":0,""evidence_import_scratch_bytes"":0,""snapshot_copy_bytes"":0,""snapshot_copy_allocations"":0,""principal_copy_buffer_bytes"":0,""principal_copy_buffer_allocations"":0,""frozen_capture_temporary_bytes"":0,""frozen_capture_published_bytes"":0,""frozen_edge_scratch_bytes"":0,""region_scopes"":0,""max_region_scopes"":0,""call_collections_closed"":0,""call_collections_unresolved"":0,""call_memo_hits"":0,""solver_passes"":0,""solver_constraint_visits"":0,""occurs_steps"":0}"
jobs8,noop,workers-8,"[14,14,15,15,15,15,15,15,15,15,15,15,15,15,15,15,15,16,16,16,16,16,16,16,16,16,16,16,16,16,16,16,16,16,16,16,16,16,16,16,16,16,16,16,16,16,16,16,16,16,16,16,16,16,16,16,16,16,16,16,16,16,16,16,16,16,16,16,16,16,16,16,16,16,16,16,16,16,16,17,17,17,17,17,17,17,17,17,17,17,17,17,17,17,17,17,17,17,17,17,17,17,17,17,17,17,17,17,17,17,17,17,17,17,17,17,17,17,17,17,18,18,18,18,18,18,18,18,18,18,18,20,20,22,25,32,46,56,74,92]","[14,14,14,15,15,15,15,15,15,15,15,15,15,15,15,15,15,15,15,15,15,15,15,15,15,15,15,15,15,15,15,15,15,15,15,15,15,15,15,15,15,15,15,15,16,16,16,16,16,16,16,16,16,16,16,16,16,16,16,16,16,16,16,16,16,16,16,16,16,16,16,16,16,16,16,16,16,16,16,16,16,16,16,16,16,16,16,16,16,16,16,16,16,16,16,16,16,16,16,16,16,16,16,16,16,16,16,16,16,16,17,17,17,17,17,17,17,17,17,17,17,17,17,17,17,17,17,17,18,18,18,19,20,22,31,46,55,73,92,132]",11162.0,19.0,37194.0,26934.0,"[11162,11162,11162,11162,11162,11162,11162,11162,11162,11162,11162,11162,11162,11162,11162,11162,11162,11162,11162,11162,11162,11162,11162,11162,11162,11162,11162,11162,11162,11162,11162,11162,11162,11162,11162,11162,11162,11162,11162,11162,11162,11162,11162,11162,11162,11162,11162,11162,11162,11162,11162,11162,11162,11162,11162,11162,11162,11162,11162,11162,11162,11162,11162,11162,11162,11162,11162,11162,11162,11162,11162,11162,11162,11162,11162,11162,11162,11162,11162,11162,11162,11162,11162,11162,11162,11162,11162,11162,11162,11162,11162,11162,11162,11162,11162,11162,11162,11162,11162,11162,11162,11162,11162,11162,11162,11162,11162,11162,11162,11162,11162,11162,11162,11162,11162,11162,11162,11162,11162,11162,11162,11162,11162,11162,11162,11162,11162,11162,11162,11162,11162,11162,11162,11162,11162,11162,11162,11162,11162,11162]","[37194,37194,37194,37194,37194,37194,37194,37194,37194,37194,37194,37194,37194,37194,37194,37194,37194,37194,37194,37194,37194,37194,37194,37194,37194,37194,37194,37194,37194,37194,37194,37194,37194,37194,37194,37194,37194,37194,37194,37194,37194,37194,37194,37194,37194,37194,37194,37194,37194,37194,37194,37194,37194,37194,37194,37194,37194,37194,37194,37194,37194,37194,37194,37194,37194,37194,37194,37194,37194,37194,37194,37194,37194,37194,37194,37194,37194,37194,37194,37194,37194,37194,37194,37194,37194,37194,37194,37194,37194,37194,37194,37194,37194,37194,37194,37194,37194,37194,37194,37194,37194,37194,37194,37194,37194,37194,37194,37194,37194,37194,37194,37194,37194,37194,37194,37194,37194,37194,37194,37194,37194,37194,37194,37194,37194,37194,37194,37194,37194,37194,37194,37194,37194,37194,37194,37194,37194,37194,37194,37194]","{""semantic_component_batches"":0,""semantic_component_jobs"":0,""max_semantic_component_workers"":0,""inference_regions"":0,""canonical_specialization_queries"":0,""canonical_specialization_hits"":0,""solver_requested_bytes"":0,""solver_allocations"":0,""scratch_requested_bytes"":0,""scratch_allocations"":0,""max_solver_live_bytes"":0,""max_scratch_live_bytes"":0,""evidence_import_solver_bytes"":0,""evidence_import_scratch_bytes"":0,""snapshot_copy_bytes"":0,""snapshot_copy_allocations"":0,""principal_copy_buffer_bytes"":0,""principal_copy_buffer_allocations"":0,""frozen_capture_temporary_bytes"":0,""frozen_capture_published_bytes"":0,""frozen_edge_scratch_bytes"":0,""region_scopes"":0,""max_region_scopes"":0,""call_collections_closed"":0,""call_collections_unresolved"":0,""call_memo_hits"":0,""solver_passes"":0,""solver_constraint_visits"":0,""occurs_steps"":0}"
jobs8,fresh,baseline,"[981,1016,1077,1078,1250,1292,1360]","[1229,1342,1376,1399,1567,1620,1648]",216548,669,60044,0,"[216548,216548,216548,216548,216548,216548,216548]","[60044,60044,60044,60044,60044,60044,60044]","{""inference_regions"":18,""canonical_specialization_queries"":0,""canonical_specialization_hits"":0,""solver_requested_bytes"":24240,""solver_allocations"":134,""scratch_requested_bytes"":21592,""scratch_allocations"":116,""max_solver_live_bytes"":3072,""max_scratch_live_bytes"":3364,""evidence_import_solver_bytes"":0,""evidence_import_scratch_bytes"":128,""snapshot_copy_bytes"":0,""snapshot_copy_allocations"":0,""principal_copy_buffer_bytes"":0,""principal_copy_buffer_allocations"":0,""frozen_capture_temporary_bytes"":0,""frozen_capture_published_bytes"":0,""frozen_edge_scratch_bytes"":0,""region_scopes"":26,""max_region_scopes"":9,""call_collections_closed"":0,""call_collections_unresolved"":0,""call_memo_hits"":8,""solver_passes"":21,""solver_constraint_visits"":24,""occurs_steps"":0}"
jobs8,fresh,default,"[972,1020,1049,1072,1098,1144,1260]","[1230,1269,1302,1338,1364,1434,1587]",216548,669,60044,0,"[216548,216548,216548,216548,216548,216548,216548]","[60044,60044,60044,60044,60044,60044,60044]","{""semantic_component_batches"":0,""semantic_component_jobs"":0,""max_semantic_component_workers"":0,""inference_regions"":18,""canonical_specialization_queries"":0,""canonical_specialization_hits"":0,""solver_requested_bytes"":24240,""solver_allocations"":134,""scratch_requested_bytes"":21592,""scratch_allocations"":116,""max_solver_live_bytes"":3072,""max_scratch_live_bytes"":3364,""evidence_import_solver_bytes"":0,""evidence_import_scratch_bytes"":128,""snapshot_copy_bytes"":0,""snapshot_copy_allocations"":0,""principal_copy_buffer_bytes"":0,""principal_copy_buffer_allocations"":0,""frozen_capture_temporary_bytes"":0,""frozen_capture_published_bytes"":0,""frozen_edge_scratch_bytes"":0,""region_scopes"":26,""max_region_scopes"":9,""call_collections_closed"":0,""call_collections_unresolved"":0,""call_memo_hits"":8,""solver_passes"":21,""solver_constraint_visits"":24,""occurs_steps"":0}"
jobs8,fresh,workers-1,"[1022,1038,1052,1061,1097,1322,1760]","[1305,1311,1317,1371,1500,1649,2139]",252216,796,60044,0,"[252216,252216,252216,252216,252216,252216,252216]","[60044,60044,60044,60044,60044,60044,60044]","{""semantic_component_batches"":1,""semantic_component_jobs"":8,""max_semantic_component_workers"":1,""inference_regions"":18,""canonical_specialization_queries"":0,""canonical_specialization_hits"":0,""solver_requested_bytes"":24240,""solver_allocations"":134,""scratch_requested_bytes"":21592,""scratch_allocations"":116,""max_solver_live_bytes"":3072,""max_scratch_live_bytes"":3364,""evidence_import_solver_bytes"":0,""evidence_import_scratch_bytes"":128,""snapshot_copy_bytes"":0,""snapshot_copy_allocations"":0,""principal_copy_buffer_bytes"":0,""principal_copy_buffer_allocations"":0,""frozen_capture_temporary_bytes"":0,""frozen_capture_published_bytes"":0,""frozen_edge_scratch_bytes"":0,""region_scopes"":26,""max_region_scopes"":9,""call_collections_closed"":0,""call_collections_unresolved"":0,""call_memo_hits"":8,""solver_passes"":21,""solver_constraint_visits"":24,""occurs_steps"":0}"
jobs8,fresh,workers-2,"[1301,1341,1349,1363,1454,1489,2609]","[1571,1586,1595,1633,1663,1814,2879]",290092,803,73226,0,"[290092,290092,290092,290092,290092,290092,290092]","[60044,73226,73226,73226,73346,73346,73346]","{""semantic_component_batches"":1,""semantic_component_jobs"":8,""max_semantic_component_workers"":2,""inference_regions"":18,""canonical_specialization_queries"":0,""canonical_specialization_hits"":0,""solver_requested_bytes"":24240,""solver_allocations"":134,""scratch_requested_bytes"":21592,""scratch_allocations"":116,""max_solver_live_bytes"":3072,""max_scratch_live_bytes"":3364,""evidence_import_solver_bytes"":0,""evidence_import_scratch_bytes"":128,""snapshot_copy_bytes"":0,""snapshot_copy_allocations"":0,""principal_copy_buffer_bytes"":0,""principal_copy_buffer_allocations"":0,""frozen_capture_temporary_bytes"":0,""frozen_capture_published_bytes"":0,""frozen_edge_scratch_bytes"":0,""region_scopes"":26,""max_region_scopes"":9,""call_collections_closed"":0,""call_collections_unresolved"":0,""call_memo_hits"":8,""solver_passes"":21,""solver_constraint_visits"":24,""occurs_steps"":0}"
jobs8,fresh,workers-4,"[1814,1836,1885,1918,2200,2280,63980]","[1852,1874,2024,2270,2286,3328,64899]",365844,817,110574,0,"[290092,327968,365844,365844,365844,365844,365844]","[73490,92080,98804,110574,110670,110802,111078]","{""semantic_component_batches"":1,""semantic_component_jobs"":8,""max_semantic_component_workers"":4,""inference_regions"":18,""canonical_specialization_queries"":0,""canonical_specialization_hits"":0,""solver_requested_bytes"":24240,""solver_allocations"":134,""scratch_requested_bytes"":21592,""scratch_allocations"":116,""max_solver_live_bytes"":3072,""max_scratch_live_bytes"":3364,""evidence_import_solver_bytes"":0,""evidence_import_scratch_bytes"":128,""snapshot_copy_bytes"":0,""snapshot_copy_allocations"":0,""principal_copy_buffer_bytes"":0,""principal_copy_buffer_allocations"":0,""frozen_capture_temporary_bytes"":0,""frozen_capture_published_bytes"":0,""frozen_edge_scratch_bytes"":0,""region_scopes"":26,""max_region_scopes"":9,""call_collections_closed"":0,""call_collections_unresolved"":0,""call_memo_hits"":8,""solver_passes"":21,""solver_constraint_visits"":24,""occurs_steps"":0}"
jobs8,fresh,workers-8,"[2348,2419,2446,2492,2500,2717,11001]","[2499,2548,2655,2680,2957,3089,11247]",365844,817,92080,0,"[252216,252216,327968,365844,365844,403720,441596]","[60044,60044,91816,92080,94822,101282,113820]","{""semantic_component_batches"":1,""semantic_component_jobs"":8,""max_semantic_component_workers"":8,""inference_regions"":18,""canonical_specialization_queries"":0,""canonical_specialization_hits"":0,""solver_requested_bytes"":24240,""solver_allocations"":134,""scratch_requested_bytes"":21592,""scratch_allocations"":116,""max_solver_live_bytes"":3072,""max_scratch_live_bytes"":3364,""evidence_import_solver_bytes"":0,""evidence_import_scratch_bytes"":128,""snapshot_copy_bytes"":0,""snapshot_copy_allocations"":0,""principal_copy_buffer_bytes"":0,""principal_copy_buffer_allocations"":0,""frozen_capture_temporary_bytes"":0,""frozen_capture_published_bytes"":0,""frozen_edge_scratch_bytes"":0,""region_scopes"":26,""max_region_scopes"":9,""call_collections_closed"":0,""call_collections_unresolved"":0,""call_memo_hits"":8,""solver_passes"":21,""solver_constraint_visits"":24,""occurs_steps"":0}"
jobs8,cache_population,baseline,"[1256,1282,1329,1354,1435,1454,1608]","[2597,2684,2688,2809,3359,4099,9377]",246279,746,60044,0,"[246279,246279,246279,246279,246279,246279,246279]","[60044,60044,60044,60044,60044,60044,60044]","{""inference_regions"":18,""canonical_specialization_queries"":0,""canonical_specialization_hits"":0,""solver_requested_bytes"":24240,""solver_allocations"":134,""scratch_requested_bytes"":21592,""scratch_allocations"":116,""max_solver_live_bytes"":3072,""max_scratch_live_bytes"":3364,""evidence_import_solver_bytes"":0,""evidence_import_scratch_bytes"":128,""snapshot_copy_bytes"":196,""snapshot_copy_allocations"":8,""principal_copy_buffer_bytes"":0,""principal_copy_buffer_allocations"":0,""frozen_capture_temporary_bytes"":0,""frozen_capture_published_bytes"":0,""frozen_edge_scratch_bytes"":0,""region_scopes"":26,""max_region_scopes"":9,""call_collections_closed"":0,""call_collections_unresolved"":0,""call_memo_hits"":8,""solver_passes"":21,""solver_constraint_visits"":24,""occurs_steps"":0}"
jobs8,cache_population,default,"[1186,1244,1244,1331,1383,1450,1847]","[2569,2656,2683,2886,3028,3145,3196]",246277,746,60044,0,"[246277,246277,246277,246277,246277,246277,246277]","[60044,60044,60044,60044,60044,60044,60044]","{""semantic_component_batches"":0,""semantic_component_jobs"":0,""max_semantic_component_workers"":0,""inference_regions"":18,""canonical_specialization_queries"":0,""canonical_specialization_hits"":0,""solver_requested_bytes"":24240,""solver_allocations"":134,""scratch_requested_bytes"":21592,""scratch_allocations"":116,""max_solver_live_bytes"":3072,""max_scratch_live_bytes"":3364,""evidence_import_solver_bytes"":0,""evidence_import_scratch_bytes"":128,""snapshot_copy_bytes"":196,""snapshot_copy_allocations"":8,""principal_copy_buffer_bytes"":0,""principal_copy_buffer_allocations"":0,""frozen_capture_temporary_bytes"":0,""frozen_capture_published_bytes"":0,""frozen_edge_scratch_bytes"":0,""region_scopes"":26,""max_region_scopes"":9,""call_collections_closed"":0,""call_collections_unresolved"":0,""call_memo_hits"":8,""solver_passes"":21,""solver_constraint_visits"":24,""occurs_steps"":0}"
jobs8,cache_population,workers-1,"[1179,1246,1248,1280,1293,1352,1421]","[2294,2697,2833,2852,2897,3258,4246]",281949,873,60044,0,"[281949,281949,281949,281949,281949,281949,281949]","[60044,60044,60044,60044,60044,60044,60044]","{""semantic_component_batches"":1,""semantic_component_jobs"":8,""max_semantic_component_workers"":1,""inference_regions"":18,""canonical_specialization_queries"":0,""canonical_specialization_hits"":0,""solver_requested_bytes"":24240,""solver_allocations"":134,""scratch_requested_bytes"":21592,""scratch_allocations"":116,""max_solver_live_bytes"":3072,""max_scratch_live_bytes"":3364,""evidence_import_solver_bytes"":0,""evidence_import_scratch_bytes"":128,""snapshot_copy_bytes"":196,""snapshot_copy_allocations"":8,""principal_copy_buffer_bytes"":0,""principal_copy_buffer_allocations"":0,""frozen_capture_temporary_bytes"":0,""frozen_capture_published_bytes"":0,""frozen_edge_scratch_bytes"":0,""region_scopes"":26,""max_region_scopes"":9,""call_collections_closed"":0,""call_collections_unresolved"":0,""call_memo_hits"":8,""solver_passes"":21,""solver_constraint_visits"":24,""occurs_steps"":0}"
jobs8,cache_population,workers-2,"[1436,1496,1555,1649,1708,1715,2671]","[2777,2929,3010,3107,3383,3456,4192]",319825,880,73629,0,"[281949,319825,319825,319825,319825,319825,319825]","[60044,61739,73629,73629,73629,73749,73749]","{""semantic_component_batches"":1,""semantic_component_jobs"":8,""max_semantic_component_workers"":2,""inference_regions"":18,""canonical_specialization_queries"":0,""canonical_specialization_hits"":0,""solver_requested_bytes"":24240,""solver_allocations"":134,""scratch_requested_bytes"":21592,""scratch_allocations"":116,""max_solver_live_bytes"":3072,""max_scratch_live_bytes"":3364,""evidence_import_solver_bytes"":0,""evidence_import_scratch_bytes"":128,""snapshot_copy_bytes"":196,""snapshot_copy_allocations"":8,""principal_copy_buffer_bytes"":0,""principal_copy_buffer_allocations"":0,""frozen_capture_temporary_bytes"":0,""frozen_capture_published_bytes"":0,""frozen_edge_scratch_bytes"":0,""region_scopes"":26,""max_region_scopes"":9,""call_collections_closed"":0,""call_collections_unresolved"":0,""call_memo_hits"":8,""solver_passes"":21,""solver_constraint_visits"":24,""occurs_steps"":0}"
jobs8,cache_population,workers-4,"[1771,1795,1934,1940,2142,2262,2399]","[3066,3378,3516,3556,3946,4054,4087]",395577,894,99471,0,"[357701,395577,395577,395577,395577,395577,395577]","[76611,95225,95489,99471,110857,111097,111457]","{""semantic_component_batches"":1,""semantic_component_jobs"":8,""max_semantic_component_workers"":4,""inference_regions"":18,""canonical_specialization_queries"":0,""canonical_specialization_hits"":0,""solver_requested_bytes"":24240,""solver_allocations"":134,""scratch_requested_bytes"":21592,""scratch_allocations"":116,""max_solver_live_bytes"":3072,""max_scratch_live_bytes"":3364,""evidence_import_solver_bytes"":0,""evidence_import_scratch_bytes"":128,""snapshot_copy_bytes"":196,""snapshot_copy_allocations"":8,""principal_copy_buffer_bytes"":0,""principal_copy_buffer_allocations"":0,""frozen_capture_temporary_bytes"":0,""frozen_capture_published_bytes"":0,""frozen_edge_scratch_bytes"":0,""region_scopes"":26,""max_region_scopes"":9,""call_collections_closed"":0,""call_collections_unresolved"":0,""call_memo_hits"":8,""solver_passes"":21,""solver_constraint_visits"":24,""occurs_steps"":0}"
jobs8,cache_population,workers-8,"[2445,2476,2740,2785,2942,3042,3355]","[3826,3868,4169,4320,4358,4521,4651]",433453,901,111429,0,"[395577,433453,433453,433453,471329,471329,547081]","[94961,110773,110953,111429,114081,129711,129903]","{""semantic_component_batches"":1,""semantic_component_jobs"":8,""max_semantic_component_workers"":8,""inference_regions"":18,""canonical_specialization_queries"":0,""canonical_specialization_hits"":0,""solver_requested_bytes"":24240,""solver_allocations"":134,""scratch_requested_bytes"":21592,""scratch_allocations"":116,""max_solver_live_bytes"":3072,""max_scratch_live_bytes"":3364,""evidence_import_solver_bytes"":0,""evidence_import_scratch_bytes"":128,""snapshot_copy_bytes"":196,""snapshot_copy_allocations"":8,""principal_copy_buffer_bytes"":0,""principal_copy_buffer_allocations"":0,""frozen_capture_temporary_bytes"":0,""frozen_capture_published_bytes"":0,""frozen_edge_scratch_bytes"":0,""region_scopes"":26,""max_region_scopes"":9,""call_collections_closed"":0,""call_collections_unresolved"":0,""call_memo_hits"":8,""solver_passes"":21,""solver_constraint_visits"":24,""occurs_steps"":0}"
jobs8,restart,baseline,"[1054,1191,1194,1215,1257,1408,1514]","[1587,1997,2091,2131,2248,3600,3872]",253013,770,60044,0,"[253013,253013,253013,253013,253013,253013,253013]","[60044,60044,60044,60044,60044,60044,60044]","{""inference_regions"":18,""canonical_specialization_queries"":0,""canonical_specialization_hits"":0,""solver_requested_bytes"":24240,""solver_allocations"":134,""scratch_requested_bytes"":21592,""scratch_allocations"":116,""max_solver_live_bytes"":3072,""max_scratch_live_bytes"":3364,""evidence_import_solver_bytes"":0,""evidence_import_scratch_bytes"":128,""snapshot_copy_bytes"":196,""snapshot_copy_allocations"":8,""principal_copy_buffer_bytes"":0,""principal_copy_buffer_allocations"":0,""frozen_capture_temporary_bytes"":0,""frozen_capture_published_bytes"":0,""frozen_edge_scratch_bytes"":0,""region_scopes"":26,""max_region_scopes"":9,""call_collections_closed"":0,""call_collections_unresolved"":0,""call_memo_hits"":8,""solver_passes"":21,""solver_constraint_visits"":24,""occurs_steps"":0}"
jobs8,restart,default,"[1048,1063,1076,1101,1119,1190,1293]","[1577,1725,1808,1899,1913,1921,1960]",253011,770,60044,0,"[253011,253011,253011,253011,253011,253011,253011]","[60044,60044,60044,60044,60044,60044,60044]","{""semantic_component_batches"":0,""semantic_component_jobs"":0,""max_semantic_component_workers"":0,""inference_regions"":18,""canonical_specialization_queries"":0,""canonical_specialization_hits"":0,""solver_requested_bytes"":24240,""solver_allocations"":134,""scratch_requested_bytes"":21592,""scratch_allocations"":116,""max_solver_live_bytes"":3072,""max_scratch_live_bytes"":3364,""evidence_import_solver_bytes"":0,""evidence_import_scratch_bytes"":128,""snapshot_copy_bytes"":196,""snapshot_copy_allocations"":8,""principal_copy_buffer_bytes"":0,""principal_copy_buffer_allocations"":0,""frozen_capture_temporary_bytes"":0,""frozen_capture_published_bytes"":0,""frozen_edge_scratch_bytes"":0,""region_scopes"":26,""max_region_scopes"":9,""call_collections_closed"":0,""call_collections_unresolved"":0,""call_memo_hits"":8,""solver_passes"":21,""solver_constraint_visits"":24,""occurs_steps"":0}"
jobs8,restart,workers-1,"[1078,1082,1091,1142,1193,1249,1296]","[1759,1839,1855,1919,1922,1975,2085]",288683,897,60044,0,"[288683,288683,288683,288683,288683,288683,288683]","[60044,60044,60044,60044,60044,60044,60044]","{""semantic_component_batches"":1,""semantic_component_jobs"":8,""max_semantic_component_workers"":1,""inference_regions"":18,""canonical_specialization_queries"":0,""canonical_specialization_hits"":0,""solver_requested_bytes"":24240,""solver_allocations"":134,""scratch_requested_bytes"":21592,""scratch_allocations"":116,""max_solver_live_bytes"":3072,""max_scratch_live_bytes"":3364,""evidence_import_solver_bytes"":0,""evidence_import_scratch_bytes"":128,""snapshot_copy_bytes"":196,""snapshot_copy_allocations"":8,""principal_copy_buffer_bytes"":0,""principal_copy_buffer_allocations"":0,""frozen_capture_temporary_bytes"":0,""frozen_capture_published_bytes"":0,""frozen_edge_scratch_bytes"":0,""region_scopes"":26,""max_region_scopes"":9,""call_collections_closed"":0,""call_collections_unresolved"":0,""call_memo_hits"":8,""solver_passes"":21,""solver_constraint_visits"":24,""occurs_steps"":0}"
jobs8,restart,workers-2,"[1363,1374,1381,1427,1467,1549,2577]","[1961,2044,2125,2207,2263,2495,3709]",326559,904,75191,0,"[326559,326559,326559,326559,326559,326559,326559]","[74943,74943,75027,75191,75207,75327,75327]","{""semantic_component_batches"":1,""semantic_component_jobs"":8,""max_semantic_component_workers"":2,""inference_regions"":18,""canonical_specialization_queries"":0,""canonical_specialization_hits"":0,""solver_requested_bytes"":24240,""solver_allocations"":134,""scratch_requested_bytes"":21592,""scratch_allocations"":116,""max_solver_live_bytes"":3072,""max_scratch_live_bytes"":3364,""evidence_import_solver_bytes"":0,""evidence_import_scratch_bytes"":128,""snapshot_copy_bytes"":196,""snapshot_copy_allocations"":8,""principal_copy_buffer_bytes"":0,""principal_copy_buffer_allocations"":0,""frozen_capture_temporary_bytes"":0,""frozen_capture_published_bytes"":0,""frozen_edge_scratch_bytes"":0,""region_scopes"":26,""max_region_scopes"":9,""call_collections_closed"":0,""call_collections_unresolved"":0,""call_memo_hits"":8,""solver_passes"":21,""solver_constraint_visits"":24,""occurs_steps"":0}"
jobs8,restart,workers-4,"[1663,1902,1927,1989,2001,2255,2337]","[2475,2502,2544,2623,2794,2832,3072]",402311,918,93941,0,"[364435,364435,402311,402311,402311,402311,402311]","[77625,77925,93533,93941,96419,112291,112511]","{""semantic_component_batches"":1,""semantic_component_jobs"":8,""max_semantic_component_workers"":4,""inference_regions"":18,""canonical_specialization_queries"":0,""canonical_specialization_hits"":0,""solver_requested_bytes"":24240,""solver_allocations"":134,""scratch_requested_bytes"":21592,""scratch_allocations"":116,""max_solver_live_bytes"":3072,""max_scratch_live_bytes"":3364,""evidence_import_solver_bytes"":0,""evidence_import_scratch_bytes"":128,""snapshot_copy_bytes"":196,""snapshot_copy_allocations"":8,""principal_copy_buffer_bytes"":0,""principal_copy_buffer_allocations"":0,""frozen_capture_temporary_bytes"":0,""frozen_capture_published_bytes"":0,""frozen_edge_scratch_bytes"":0,""region_scopes"":26,""max_region_scopes"":9,""call_collections_closed"":0,""call_collections_unresolved"":0,""call_memo_hits"":8,""solver_passes"":21,""solver_constraint_visits"":24,""occurs_steps"":0}"
jobs8,restart,workers-8,"[2190,2435,2607,2704,2789,2798,3179]","[2602,3015,3028,3115,3399,3430,3509]",402311,918,96539,0,"[288683,288683,402311,402311,402311,440187,478063]","[60044,60044,96539,96539,103263,103619,112411]","{""semantic_component_batches"":1,""semantic_component_jobs"":8,""max_semantic_component_workers"":8,""inference_regions"":18,""canonical_specialization_queries"":0,""canonical_specialization_hits"":0,""solver_requested_bytes"":24240,""solver_allocations"":134,""scratch_requested_bytes"":21592,""scratch_allocations"":116,""max_solver_live_bytes"":3072,""max_scratch_live_bytes"":3364,""evidence_import_solver_bytes"":0,""evidence_import_scratch_bytes"":128,""snapshot_copy_bytes"":196,""snapshot_copy_allocations"":8,""principal_copy_buffer_bytes"":0,""principal_copy_buffer_allocations"":0,""frozen_capture_temporary_bytes"":0,""frozen_capture_published_bytes"":0,""frozen_edge_scratch_bytes"":0,""region_scopes"":26,""max_region_scopes"":9,""call_collections_closed"":0,""call_collections_unresolved"":0,""call_memo_hits"":8,""solver_passes"":21,""solver_constraint_visits"":24,""occurs_steps"":0}"
jobs32,population,baseline,"[1414,1457,1487,1508,1521,1595,1736]","[1452,1483,1504,1517,1589,1658,1731]",916124,1862,232079,84957,"[916124,916124,916124,916124,916124,916124,916124]","[232079,232079,232079,232079,232079,232079,232079]","{""inference_regions"":66,""canonical_specialization_queries"":0,""canonical_specialization_hits"":0,""solver_requested_bytes"":103228,""solver_allocations"":486,""scratch_requested_bytes"":93624,""scratch_allocations"":404,""max_solver_live_bytes"":12124,""max_scratch_live_bytes"":13076,""evidence_import_solver_bytes"":0,""evidence_import_scratch_bytes"":128,""snapshot_copy_bytes"":196,""snapshot_copy_allocations"":8,""principal_copy_buffer_bytes"":0,""principal_copy_buffer_allocations"":0,""frozen_capture_temporary_bytes"":0,""frozen_capture_published_bytes"":0,""frozen_edge_scratch_bytes"":0,""region_scopes"":98,""max_region_scopes"":33,""call_collections_closed"":0,""call_collections_unresolved"":0,""call_memo_hits"":32,""solver_passes"":69,""solver_constraint_visits"":64,""occurs_steps"":0}"
jobs32,population,default,"[1260,1303,1336,1338,1473,1605,1743]","[1254,1296,1331,1335,1464,1597,1736]",916180,1862,232079,84957,"[916180,916180,916180,916180,916180,916180,916180]","[232079,232079,232079,232079,232079,232079,232079]","{""semantic_component_batches"":0,""semantic_component_jobs"":0,""max_semantic_component_workers"":0,""inference_regions"":66,""canonical_specialization_queries"":0,""canonical_specialization_hits"":0,""solver_requested_bytes"":103228,""solver_allocations"":486,""scratch_requested_bytes"":93624,""scratch_allocations"":404,""max_solver_live_bytes"":12124,""max_scratch_live_bytes"":13076,""evidence_import_solver_bytes"":0,""evidence_import_scratch_bytes"":128,""snapshot_copy_bytes"":196,""snapshot_copy_allocations"":8,""principal_copy_buffer_bytes"":0,""principal_copy_buffer_allocations"":0,""frozen_capture_temporary_bytes"":0,""frozen_capture_published_bytes"":0,""frozen_edge_scratch_bytes"":0,""region_scopes"":98,""max_region_scopes"":33,""call_collections_closed"":0,""call_collections_unresolved"":0,""call_memo_hits"":32,""solver_passes"":69,""solver_constraint_visits"":64,""occurs_steps"":0}"
jobs32,population,workers-1,"[1275,1294,1366,1501,1592,1625,2152]","[1268,1288,1359,1493,1585,1616,2143]",950196,2350,232079,84957,"[950196,950196,950196,950196,950196,950196,950196]","[232079,232079,232079,232079,232079,232079,232079]","{""semantic_component_batches"":1,""semantic_component_jobs"":32,""max_semantic_component_workers"":1,""inference_regions"":66,""canonical_specialization_queries"":0,""canonical_specialization_hits"":0,""solver_requested_bytes"":103228,""solver_allocations"":486,""scratch_requested_bytes"":93624,""scratch_allocations"":404,""max_solver_live_bytes"":12124,""max_scratch_live_bytes"":13076,""evidence_import_solver_bytes"":0,""evidence_import_scratch_bytes"":128,""snapshot_copy_bytes"":196,""snapshot_copy_allocations"":8,""principal_copy_buffer_bytes"":0,""principal_copy_buffer_allocations"":0,""frozen_capture_temporary_bytes"":0,""frozen_capture_published_bytes"":0,""frozen_edge_scratch_bytes"":0,""region_scopes"":98,""max_region_scopes"":33,""call_collections_closed"":0,""call_collections_unresolved"":0,""call_memo_hits"":32,""solver_passes"":69,""solver_constraint_visits"":64,""occurs_steps"":0}"
jobs32,population,workers-2,"[1566,1590,1617,1763,1860,1903,1929]","[1465,1480,1501,1608,1702,1753,1757]",977620,2356,232079,84957,"[977620,977620,977620,977620,977620,977620,977620]","[232079,232079,232079,232079,232079,232079,232079]","{""semantic_component_batches"":1,""semantic_component_jobs"":32,""max_semantic_component_workers"":2,""inference_regions"":66,""canonical_specialization_queries"":0,""canonical_specialization_hits"":0,""solver_requested_bytes"":103228,""solver_allocations"":486,""scratch_requested_bytes"":93624,""scratch_allocations"":404,""max_solver_live_bytes"":12124,""max_scratch_live_bytes"":13076,""evidence_import_solver_bytes"":0,""evidence_import_scratch_bytes"":128,""snapshot_copy_bytes"":196,""snapshot_copy_allocations"":8,""principal_copy_buffer_bytes"":0,""principal_copy_buffer_allocations"":0,""frozen_capture_temporary_bytes"":0,""frozen_capture_published_bytes"":0,""frozen_edge_scratch_bytes"":0,""region_scopes"":98,""max_region_scopes"":33,""call_collections_closed"":0,""call_collections_unresolved"":0,""call_memo_hits"":32,""solver_passes"":69,""solver_constraint_visits"":64,""occurs_steps"":0}"
jobs32,population,workers-4,"[1765,2018,2046,2240,2261,2279,6251]","[1554,1740,1823,1935,1991,2030,5899]",1032468,2368,232079,84957,"[1005044,1005044,1032468,1032468,1032468,1032468,1032468]","[232079,232079,232079,232079,232079,232079,232079]","{""semantic_component_batches"":1,""semantic_component_jobs"":32,""max_semantic_component_workers"":4,""inference_regions"":66,""canonical_specialization_queries"":0,""canonical_specialization_hits"":0,""solver_requested_bytes"":103228,""solver_allocations"":486,""scratch_requested_bytes"":93624,""scratch_allocations"":404,""max_solver_live_bytes"":12124,""max_scratch_live_bytes"":13076,""evidence_import_solver_bytes"":0,""evidence_import_scratch_bytes"":128,""snapshot_copy_bytes"":196,""snapshot_copy_allocations"":8,""principal_copy_buffer_bytes"":0,""principal_copy_buffer_allocations"":0,""frozen_capture_temporary_bytes"":0,""frozen_capture_published_bytes"":0,""frozen_edge_scratch_bytes"":0,""region_scopes"":98,""max_region_scopes"":33,""call_collections_closed"":0,""call_collections_unresolved"":0,""call_memo_hits"":32,""solver_passes"":69,""solver_constraint_visits"":64,""occurs_steps"":0}"
jobs32,population,workers-8,"[2341,2448,2517,2623,2723,2771,2911]","[2015,2112,2162,2209,2255,2289,2405]",977620,2356,232079,84957,"[950196,950196,977620,977620,1032468,1032468,1059892]","[232079,232079,232079,232079,232079,232079,232079]","{""semantic_component_batches"":1,""semantic_component_jobs"":32,""max_semantic_component_workers"":8,""inference_regions"":66,""canonical_specialization_queries"":0,""canonical_specialization_hits"":0,""solver_requested_bytes"":103228,""solver_allocations"":486,""scratch_requested_bytes"":93624,""scratch_allocations"":404,""max_solver_live_bytes"":12124,""max_scratch_live_bytes"":13076,""evidence_import_solver_bytes"":0,""evidence_import_scratch_bytes"":128,""snapshot_copy_bytes"":196,""snapshot_copy_allocations"":8,""principal_copy_buffer_bytes"":0,""principal_copy_buffer_allocations"":0,""frozen_capture_temporary_bytes"":0,""frozen_capture_published_bytes"":0,""frozen_edge_scratch_bytes"":0,""region_scopes"":98,""max_region_scopes"":33,""call_collections_closed"":0,""call_collections_unresolved"":0,""call_memo_hits"":32,""solver_passes"":69,""solver_constraint_visits"":64,""occurs_steps"":0}"
jobs32,edit,baseline,"[763,765,770,772,772,772,776,776,778,780,781,782,783,784,785,787,788,788,788,789,789,789,789,789,790,790,792,795,795,795,796,796,797,797,797,798,798,798,799,802,802,802,804,805,806,807,808,808,809,810,812,813,813,813,815,816,816,819,820,823,824,825,825,826,826,826,828,829,829,830,832,832,835,836,837,839,839,842,845,846,846,847,848,848,856,862,862,863,864,864,864,869,871,877,878,881,882,883,889,890,890,891,895,896,897,901,901,907,908,914,915,915,918,928,941,941,964,965,975,981,986,992,1038,1044,1047,1052,1065,1072,1077,1078,1079,1089,1096,1105,1130,1171,1177,1216,1251,1385]","[763,765,770,772,772,772,776,776,779,779,781,782,784,784,785,787,788,788,788,789,789,789,789,789,789,790,793,795,796,796,796,796,797,797,797,798,798,799,799,802,802,802,803,806,806,807,807,808,809,810,812,813,813,815,816,816,820,820,823,825,825,825,826,826,826,828,830,830,831,832,835,836,837,839,839,842,843,845,846,847,847,852,856,862,863,863,864,864,864,869,871,876,878,880,882,884,891,891,891,895,896,897,902,902,907,908,908,914,915,919,924,929,937,941,942,942,964,966,975,982,987,992,1038,1044,1047,1053,1065,1073,1077,1078,1078,1090,1096,1105,1136,1171,1178,1216,1251,1387]",958601.0,2101.0,316932.0,85005.0,"[958601,958601,958601,958601,958601,958601,958601,958601,958601,958601,958601,958601,958601,958601,958601,958601,958601,958601,958601,958601,958601,958601,958601,958601,958601,958601,958601,958601,958601,958601,958601,958601,958601,958601,958601,958601,958601,958601,958601,958601,958601,958601,958601,958601,958601,958601,958601,958601,958601,958601,958601,958601,958601,958601,958601,958601,958601,958601,958601,958601,958601,958601,958601,958601,958601,958601,958601,958601,958601,958601,958601,958601,958601,958601,958601,958601,958601,958601,958601,958601,958601,958601,958601,958601,958601,958601,958601,958601,958601,958601,958601,958601,958601,958601,958601,958601,958601,958601,958601,958601,958601,958601,958601,958601,958601,958601,958601,958601,958601,958601,958601,958601,958601,958601,958601,958601,958601,958601,958601,958601,958601,958601,958601,958601,958601,958601,958601,958601,958601,958601,958601,958601,958601,958601,958601,958601,958601,958601,958601,958601]","[316932,316932,316932,316932,316932,316932,316932,316932,316932,316932,316932,316932,316932,316932,316932,316932,316932,316932,316932,316932,316932,316932,316932,316932,316932,316932,316932,316932,316932,316932,316932,316932,316932,316932,316932,316932,316932,316932,316932,316932,316932,316932,316932,316932,316932,316932,316932,316932,316932,316932,316932,316932,316932,316932,316932,316932,316932,316932,316932,316932,316932,316932,316932,316932,316932,316932,316932,316932,316932,316932,316932,316932,316932,316932,316932,316932,316932,316932,316932,316932,316932,316932,316932,316932,316932,316932,316932,316932,316932,316932,316932,316932,316932,316932,316932,316932,316932,316932,316932,316932,316932,316932,316932,316932,316932,316932,316932,316932,316932,316932,316932,316932,316932,316932,316932,316932,316932,316932,316932,316932,316932,316932,316932,316932,316932,316932,316932,316932,316932,316932,316932,316932,316932,316932,316932,316932,316932,316932,316932,316932]","{""inference_regions"":66,""canonical_specialization_queries"":0,""canonical_specialization_hits"":0,""solver_requested_bytes"":103228,""solver_allocations"":486,""scratch_requested_bytes"":93624,""scratch_allocations"":404,""max_solver_live_bytes"":12124,""max_scratch_live_bytes"":13076,""evidence_import_solver_bytes"":0,""evidence_import_scratch_bytes"":128,""snapshot_copy_bytes"":196,""snapshot_copy_allocations"":8,""principal_copy_buffer_bytes"":0,""principal_copy_buffer_allocations"":0,""frozen_capture_temporary_bytes"":0,""frozen_capture_published_bytes"":0,""frozen_edge_scratch_bytes"":0,""region_scopes"":98,""max_region_scopes"":33,""call_collections_closed"":0,""call_collections_unresolved"":0,""call_memo_hits"":32,""solver_passes"":69,""solver_constraint_visits"":64,""occurs_steps"":0}"
jobs32,edit,default,"[747,749,749,750,751,754,758,761,767,768,768,769,769,769,771,771,772,773,774,774,775,776,777,778,778,778,778,779,781,781,781,782,783,783,784,784,784,785,785,785,786,787,787,788,789,789,789,789,789,789,789,790,794,795,796,797,797,797,797,798,799,799,799,800,801,802,802,805,811,811,812,815,816,818,819,820,821,823,824,825,828,829,834,838,842,844,846,848,849,850,850,850,852,853,856,861,864,864,870,872,872,879,885,887,888,889,889,912,913,917,927,928,934,936,943,947,949,950,953,957,961,963,963,974,976,979,983,985,988,1028,1036,1128,1142,1190,1230,1329,2292,2662,3848,3977]","[747,749,749,750,751,754,759,762,767,768,768,769,770,770,772,772,772,773,774,775,775,776,777,778,778,778,778,779,780,780,781,782,783,783,783,784,784,784,785,785,786,787,787,788,788,789,789,789,789,790,790,790,794,795,797,797,798,798,799,799,800,800,800,801,801,802,802,805,811,811,812,814,817,818,819,821,824,828,829,834,836,836,842,845,846,847,847,848,848,850,850,851,853,853,857,861,864,869,870,872,872,880,885,887,888,889,913,913,917,927,934,936,944,945,947,949,950,957,961,964,964,964,974,976,978,983,985,988,1028,1036,1041,1128,1142,1190,1230,1329,2292,2662,3848,3987]",958657.0,2101.0,316932.0,85005.0,"[958657,958657,958657,958657,958657,958657,958657,958657,958657,958657,958657,958657,958657,958657,958657,958657,958657,958657,958657,958657,958657,958657,958657,958657,958657,958657,958657,958657,958657,958657,958657,958657,958657,958657,958657,958657,958657,958657,958657,958657,958657,958657,958657,958657,958657,958657,958657,958657,958657,958657,958657,958657,958657,958657,958657,958657,958657,958657,958657,958657,958657,958657,958657,958657,958657,958657,958657,958657,958657,958657,958657,958657,958657,958657,958657,958657,958657,958657,958657,958657,958657,958657,958657,958657,958657,958657,958657,958657,958657,958657,958657,958657,958657,958657,958657,958657,958657,958657,958657,958657,958657,958657,958657,958657,958657,958657,958657,958657,958657,958657,958657,958657,958657,958657,958657,958657,958657,958657,958657,958657,958657,958657,958657,958657,958657,958657,958657,958657,958657,958657,958657,958657,958657,958657,958657,958657,958657,958657,958657,958657]","[316932,316932,316932,316932,316932,316932,316932,316932,316932,316932,316932,316932,316932,316932,316932,316932,316932,316932,316932,316932,316932,316932,316932,316932,316932,316932,316932,316932,316932,316932,316932,316932,316932,316932,316932,316932,316932,316932,316932,316932,316932,316932,316932,316932,316932,316932,316932,316932,316932,316932,316932,316932,316932,316932,316932,316932,316932,316932,316932,316932,316932,316932,316932,316932,316932,316932,316932,316932,316932,316932,316932,316932,316932,316932,316932,316932,316932,316932,316932,316932,316932,316932,316932,316932,316932,316932,316932,316932,316932,316932,316932,316932,316932,316932,316932,316932,316932,316932,316932,316932,316932,316932,316932,316932,316932,316932,316932,316932,316932,316932,316932,316932,316932,316932,316932,316932,316932,316932,316932,316932,316932,316932,316932,316932,316932,316932,316932,316932,316932,316932,316932,316932,316932,316932,316932,316932,316932,316932,316932,316932]","{""semantic_component_batches"":0,""semantic_component_jobs"":0,""max_semantic_component_workers"":0,""inference_regions"":66,""canonical_specialization_queries"":0,""canonical_specialization_hits"":0,""solver_requested_bytes"":103228,""solver_allocations"":486,""scratch_requested_bytes"":93624,""scratch_allocations"":404,""max_solver_live_bytes"":12124,""max_scratch_live_bytes"":13076,""evidence_import_solver_bytes"":0,""evidence_import_scratch_bytes"":128,""snapshot_copy_bytes"":196,""snapshot_copy_allocations"":8,""principal_copy_buffer_bytes"":0,""principal_copy_buffer_allocations"":0,""frozen_capture_temporary_bytes"":0,""frozen_capture_published_bytes"":0,""frozen_edge_scratch_bytes"":0,""region_scopes"":98,""max_region_scopes"":33,""call_collections_closed"":0,""call_collections_unresolved"":0,""call_memo_hits"":32,""solver_passes"":69,""solver_constraint_visits"":64,""occurs_steps"":0}"
jobs32,edit,workers-1,"[836,837,841,843,844,844,846,846,847,847,847,848,848,851,851,851,855,856,856,860,862,862,863,863,864,864,865,866,869,871,873,873,876,877,877,881,881,883,884,884,884,885,886,888,890,890,890,891,891,892,892,892,897,899,899,900,903,905,908,910,913,917,917,919,919,919,919,920,923,926,929,930,930,932,932,933,936,938,938,940,942,943,946,947,949,950,952,954,956,958,965,972,974,978,979,981,985,989,994,996,1009,1013,1014,1015,1017,1024,1025,1028,1035,1056,1063,1065,1071,1079,1083,1088,1093,1111,1114,1126,1135,1146,1153,1167,1173,1175,1189,1192,1192,1224,1232,1236,1249,1278,1298,1455,1466,1505,1521,1561]","[836,838,841,843,844,846,846,847,847,847,848,849,850,851,851,855,856,856,859,860,862,862,863,863,865,865,866,868,872,873,875,876,877,877,877,881,881,883,884,885,885,885,886,889,889,890,891,892,892,892,892,899,900,900,900,902,903,905,908,909,913,917,918,919,919,919,920,920,923,926,930,930,932,932,933,936,936,938,939,940,942,943,946,947,950,950,952,954,957,958,964,972,974,978,979,980,985,989,994,996,1009,1013,1014,1015,1017,1024,1026,1029,1035,1056,1063,1065,1071,1080,1082,1088,1112,1112,1114,1127,1135,1147,1152,1167,1173,1175,1189,1192,1193,1231,1235,1236,1249,1278,1298,1455,1466,1505,1522,1561]",992673.0,2589.0,316932.0,85005.0,"[992673,992673,992673,992673,992673,992673,992673,992673,992673,992673,992673,992673,992673,992673,992673,992673,992673,992673,992673,992673,992673,992673,992673,992673,992673,992673,992673,992673,992673,992673,992673,992673,992673,992673,992673,992673,992673,992673,992673,992673,992673,992673,992673,992673,992673,992673,992673,992673,992673,992673,992673,992673,992673,992673,992673,992673,992673,992673,992673,992673,992673,992673,992673,992673,992673,992673,992673,992673,992673,992673,992673,992673,992673,992673,992673,992673,992673,992673,992673,992673,992673,992673,992673,992673,992673,992673,992673,992673,992673,992673,992673,992673,992673,992673,992673,992673,992673,992673,992673,992673,992673,992673,992673,992673,992673,992673,992673,992673,992673,992673,992673,992673,992673,992673,992673,992673,992673,992673,992673,992673,992673,992673,992673,992673,992673,992673,992673,992673,992673,992673,992673,992673,992673,992673,992673,992673,992673,992673,992673,992673]","[316932,316932,316932,316932,316932,316932,316932,316932,316932,316932,316932,316932,316932,316932,316932,316932,316932,316932,316932,316932,316932,316932,316932,316932,316932,316932,316932,316932,316932,316932,316932,316932,316932,316932,316932,316932,316932,316932,316932,316932,316932,316932,316932,316932,316932,316932,316932,316932,316932,316932,316932,316932,316932,316932,316932,316932,316932,316932,316932,316932,316932,316932,316932,316932,316932,316932,316932,316932,316932,316932,316932,316932,316932,316932,316932,316932,316932,316932,316932,316932,316932,316932,316932,316932,316932,316932,316932,316932,316932,316932,316932,316932,316932,316932,316932,316932,316932,316932,316932,316932,316932,316932,316932,316932,316932,316932,316932,316932,316932,316932,316932,316932,316932,316932,316932,316932,316932,316932,316932,316932,316932,316932,316932,316932,316932,316932,316932,316932,316932,316932,316932,316932,316932,316932,316932,316932,316932,316932,316932,316932]","{""semantic_component_batches"":1,""semantic_component_jobs"":32,""max_semantic_component_workers"":1,""inference_regions"":66,""canonical_specialization_queries"":0,""canonical_specialization_hits"":0,""solver_requested_bytes"":103228,""solver_allocations"":486,""scratch_requested_bytes"":93624,""scratch_allocations"":404,""max_solver_live_bytes"":12124,""max_scratch_live_bytes"":13076,""evidence_import_solver_bytes"":0,""evidence_import_scratch_bytes"":128,""snapshot_copy_bytes"":196,""snapshot_copy_allocations"":8,""principal_copy_buffer_bytes"":0,""principal_copy_buffer_allocations"":0,""frozen_capture_temporary_bytes"":0,""frozen_capture_published_bytes"":0,""frozen_edge_scratch_bytes"":0,""region_scopes"":98,""max_region_scopes"":33,""call_collections_closed"":0,""call_collections_unresolved"":0,""call_memo_hits"":32,""solver_passes"":69,""solver_constraint_visits"":64,""occurs_steps"":0}"
jobs32,edit,workers-2,"[851,853,877,877,877,878,882,885,887,891,892,897,899,899,899,906,911,912,914,915,919,920,920,924,924,924,926,927,931,934,934,935,936,938,940,944,945,945,948,949,952,952,953,955,956,959,961,962,962,966,968,968,976,978,987,988,989,989,992,999,1001,1007,1010,1013,1015,1015,1018,1019,1022,1026,1029,1029,1030,1033,1034,1036,1037,1037,1044,1045,1046,1047,1049,1052,1052,1053,1058,1063,1067,1069,1070,1074,1075,1079,1080,1084,1092,1095,1098,1100,1104,1105,1106,1107,1109,1122,1123,1124,1125,1129,1139,1141,1141,1144,1146,1152,1159,1161,1171,1183,1183,1189,1196,1204,1205,1212,1235,1235,1236,1244,1249,1266,1278,1279,1284,1319,1329,1347,1445,2858]","[806,807,832,834,834,834,838,838,839,842,845,848,852,852,854,861,864,866,868,874,874,876,876,876,877,877,878,879,880,882,884,884,886,889,890,893,898,899,900,901,901,902,902,906,908,908,909,910,912,916,917,917,920,920,923,924,935,937,938,938,939,940,943,945,946,949,950,953,953,958,958,958,961,963,969,972,973,976,976,978,978,978,979,984,984,988,993,996,998,998,1001,1002,1005,1005,1007,1009,1019,1020,1030,1031,1032,1033,1034,1034,1049,1052,1055,1062,1065,1068,1068,1069,1075,1079,1079,1081,1090,1092,1104,1106,1109,1109,1111,1147,1160,1161,1161,1172,1179,1187,1201,1201,1204,1215,1227,1229,1245,1258,1364,2730]",1020097.0,2595.0,316932.0,85005.0,"[992673,1020097,1020097,1020097,1020097,1020097,1020097,1020097,1020097,1020097,1020097,1020097,1020097,1020097,1020097,1020097,1020097,1020097,1020097,1020097,1020097,1020097,1020097,1020097,1020097,1020097,1020097,1020097,1020097,1020097,1020097,1020097,1020097,1020097,1020097,1020097,1020097,1020097,1020097,1020097,1020097,1020097,1020097,1020097,1020097,1020097,1020097,1020097,1020097,1020097,1020097,1020097,1020097,1020097,1020097,1020097,1020097,1020097,1020097,1020097,1020097,1020097,1020097,1020097,1020097,1020097,1020097,1020097,1020097,1020097,1020097,1020097,1020097,1020097,1020097,1020097,1020097,1020097,1020097,1020097,1020097,1020097,1020097,1020097,1020097,1020097,1020097,1020097,1020097,1020097,1020097,1020097,1020097,1020097,1020097,1020097,1020097,1020097,1020097,1020097,1020097,1020097,1020097,1020097,1020097,1020097,1020097,1020097,1020097,1020097,1020097,1020097,1020097,1020097,1020097,1020097,1020097,1020097,1020097,1020097,1020097,1020097,1020097,1020097,1020097,1020097,1020097,1020097,1020097,1020097,1020097,1020097,1020097,1020097,1020097,1020097,1020097,1020097,1020097,1020097]","[316932,316932,316932,316932,316932,316932,316932,316932,316932,316932,316932,316932,316932,316932,316932,316932,316932,316932,316932,316932,316932,316932,316932,316932,316932,316932,316932,316932,316932,316932,316932,316932,316932,316932,316932,316932,316932,316932,316932,316932,316932,316932,316932,316932,316932,316932,316932,316932,316932,316932,316932,316932,316932,316932,316932,316932,316932,316932,316932,316932,316932,316932,316932,316932,316932,316932,316932,316932,316932,316932,316932,316932,316932,316932,316932,316932,316932,316932,316932,316932,316932,316932,316932,316932,316932,316932,316932,316932,316932,316932,316932,316932,316932,316932,316932,316932,316932,316932,316932,316932,316932,316932,316932,316932,316932,316932,316932,316932,316932,316932,316932,316932,316932,316932,316932,316932,316932,316932,316932,316932,316932,316932,316932,316932,316932,316932,316932,316932,316932,316932,316932,316932,316932,316932,316932,316932,316932,316932,316932,316932]","{""semantic_component_batches"":1,""semantic_component_jobs"":32,""max_semantic_component_workers"":2,""inference_regions"":66,""canonical_specialization_queries"":0,""canonical_specialization_hits"":0,""solver_requested_bytes"":103228,""solver_allocations"":486,""scratch_requested_bytes"":93624,""scratch_allocations"":404,""max_solver_live_bytes"":12124,""max_scratch_live_bytes"":13076,""evidence_import_solver_bytes"":0,""evidence_import_scratch_bytes"":128,""snapshot_copy_bytes"":196,""snapshot_copy_allocations"":8,""principal_copy_buffer_bytes"":0,""principal_copy_buffer_allocations"":0,""frozen_capture_temporary_bytes"":0,""frozen_capture_published_bytes"":0,""frozen_edge_scratch_bytes"":0,""region_scopes"":98,""max_region_scopes"":33,""call_collections_closed"":0,""call_collections_unresolved"":0,""call_memo_hits"":32,""solver_passes"":69,""solver_constraint_visits"":64,""occurs_steps"":0}"
jobs32,edit,workers-4,"[925,942,948,961,975,975,978,987,990,993,993,995,996,996,996,997,997,997,997,1002,1003,1003,1007,1007,1007,1009,1010,1011,1012,1013,1015,1016,1017,1019,1019,1021,1021,1022,1024,1026,1026,1027,1027,1028,1029,1031,1034,1035,1035,1036,1037,1038,1039,1040,1041,1044,1047,1049,1050,1052,1053,1054,1054,1061,1063,1064,1065,1065,1065,1067,1068,1074,1076,1078,1083,1084,1085,1087,1088,1088,1089,1092,1093,1094,1098,1107,1109,1111,1113,1114,1115,1116,1117,1128,1129,1129,1131,1135,1136,1138,1144,1148,1152,1153,1156,1156,1158,1159,1159,1160,1166,1169,1184,1191,1192,1195,1205,1208,1223,1238,1246,1249,1255,1259,1261,1270,1281,1360,1369,1371,1409,1472,1537,1615,1725,1880,2182,2279,2716,6697]","[857,857,860,861,868,870,876,878,882,882,882,882,883,884,885,885,888,889,891,893,895,896,896,897,898,899,899,899,900,901,902,902,902,903,905,906,907,908,909,909,910,913,914,917,918,919,920,920,920,920,920,920,922,922,923,926,926,929,930,932,932,933,935,936,941,942,944,944,944,945,946,947,948,949,949,951,960,965,967,968,970,971,971,972,974,974,974,975,979,979,986,987,987,987,990,992,994,998,1000,1000,1000,1008,1008,1011,1012,1013,1016,1017,1020,1022,1043,1044,1051,1055,1055,1058,1060,1061,1062,1089,1109,1118,1118,1143,1144,1162,1202,1206,1210,1215,1276,1319,1379,1475,1568,1734,2045,2055,2617,4693]",1074945.0,2607.0,316932.0,85005.0,"[1020097,1020097,1047521,1047521,1047521,1047521,1047521,1047521,1047521,1047521,1047521,1047521,1047521,1047521,1047521,1047521,1047521,1047521,1047521,1047521,1047521,1047521,1047521,1047521,1047521,1047521,1047521,1074945,1074945,1074945,1074945,1074945,1074945,1074945,1074945,1074945,1074945,1074945,1074945,1074945,1074945,1074945,1074945,1074945,1074945,1074945,1074945,1074945,1074945,1074945,1074945,1074945,1074945,1074945,1074945,1074945,1074945,1074945,1074945,1074945,1074945,1074945,1074945,1074945,1074945,1074945,1074945,1074945,1074945,1074945,1074945,1074945,1074945,1074945,1074945,1074945,1074945,1074945,1074945,1074945,1074945,1074945,1074945,1074945,1074945,1074945,1074945,1074945,1074945,1074945,1074945,1074945,1074945,1074945,1074945,1074945,1074945,1074945,1074945,1074945,1074945,1074945,1074945,1074945,1074945,1074945,1074945,1074945,1074945,1074945,1074945,1074945,1074945,1074945,1074945,1074945,1074945,1074945,1074945,1074945,1074945,1074945,1074945,1074945,1074945,1074945,1074945,1074945,1074945,1074945,1074945,1074945,1074945,1074945,1074945,1074945,1074945,1074945,1074945,1074945]","[316932,316932,316932,316932,316932,316932,316932,316932,316932,316932,316932,316932,316932,316932,316932,316932,316932,316932,316932,316932,316932,316932,316932,316932,316932,316932,316932,316932,316932,316932,316932,316932,316932,316932,316932,316932,316932,316932,316932,316932,316932,316932,316932,316932,316932,316932,316932,316932,316932,316932,316932,316932,316932,316932,316932,316932,316932,316932,316932,316932,316932,316932,316932,316932,316932,316932,316932,316932,316932,316932,316932,316932,316932,316932,316932,316932,316932,316932,316932,316932,316932,316932,316932,316932,316932,316932,316932,316932,316932,316932,316932,316932,316932,316932,316932,316932,316932,316932,316932,316932,316932,316932,316932,316932,316932,316932,316932,316932,316932,316932,316932,316932,316932,316932,316932,316932,316932,316932,316932,316932,316932,316932,316932,316932,316932,316932,316932,316932,316932,316932,316932,316932,316932,316932,316932,316932,316932,316932,316932,316932]","{""semantic_component_batches"":1,""semantic_component_jobs"":32,""max_semantic_component_workers"":4,""inference_regions"":66,""canonical_specialization_queries"":0,""canonical_specialization_hits"":0,""solver_requested_bytes"":103228,""solver_allocations"":486,""scratch_requested_bytes"":93624,""scratch_allocations"":404,""max_solver_live_bytes"":12124,""max_scratch_live_bytes"":13076,""evidence_import_solver_bytes"":0,""evidence_import_scratch_bytes"":128,""snapshot_copy_bytes"":196,""snapshot_copy_allocations"":8,""principal_copy_buffer_bytes"":0,""principal_copy_buffer_allocations"":0,""frozen_capture_temporary_bytes"":0,""frozen_capture_published_bytes"":0,""frozen_edge_scratch_bytes"":0,""region_scopes"":98,""max_region_scopes"":33,""call_collections_closed"":0,""call_collections_unresolved"":0,""call_memo_hits"":32,""solver_passes"":69,""solver_constraint_visits"":64,""occurs_steps"":0}"
jobs32,edit,workers-8,"[982,986,993,997,1001,1030,1047,1050,1053,1056,1066,1068,1076,1090,1098,1099,1101,1103,1113,1118,1118,1120,1120,1124,1127,1130,1140,1142,1146,1150,1150,1153,1159,1159,1160,1162,1162,1163,1168,1173,1173,1174,1176,1176,1178,1181,1186,1188,1200,1200,1201,1204,1207,1214,1214,1218,1229,1229,1232,1233,1235,1236,1238,1243,1246,1248,1251,1255,1256,1257,1265,1270,1270,1272,1272,1274,1279,1286,1289,1292,1292,1299,1299,1300,1308,1309,1313,1315,1318,1320,1321,1321,1332,1333,1336,1339,1341,1352,1354,1373,1377,1382,1383,1387,1389,1392,1408,1412,1414,1425,1427,1436,1441,1441,1445,1448,1448,1450,1450,1469,1479,1487,1489,1493,1494,1500,1510,1523,1560,1571,1583,1607,1656,1671,1677,1701,1976,2112,2169,2844]","[886,890,891,892,900,901,906,906,920,921,921,924,925,937,938,940,942,943,943,946,946,947,948,951,951,951,961,964,965,968,968,969,969,972,976,976,977,981,982,984,985,987,991,993,994,995,996,997,997,1000,1003,1005,1006,1009,1010,1011,1011,1012,1012,1013,1013,1014,1015,1015,1019,1022,1025,1027,1029,1032,1034,1035,1037,1045,1046,1049,1052,1054,1055,1060,1061,1061,1067,1068,1071,1071,1072,1077,1077,1080,1081,1082,1084,1087,1088,1090,1091,1092,1093,1101,1102,1107,1107,1109,1114,1117,1117,1118,1119,1123,1125,1131,1155,1157,1162,1169,1170,1171,1186,1209,1215,1220,1233,1236,1238,1241,1249,1258,1258,1263,1266,1266,1268,1272,1277,1322,1342,1696,1817,2283]",1129793.0,2619.0,316932.0,85005.0,"[992673,992673,992673,992673,992673,992673,992673,992673,992673,1020097,1020097,1020097,1020097,1020097,1047521,1047521,1074945,1074945,1074945,1074945,1074945,1074945,1074945,1074945,1074945,1074945,1074945,1074945,1074945,1102369,1102369,1102369,1102369,1102369,1102369,1102369,1102369,1102369,1102369,1102369,1102369,1102369,1102369,1102369,1102369,1129793,1129793,1129793,1129793,1129793,1129793,1129793,1129793,1129793,1129793,1129793,1129793,1129793,1129793,1129793,1129793,1129793,1129793,1129793,1129793,1129793,1129793,1129793,1129793,1129793,1129793,1157217,1157217,1157217,1157217,1157217,1157217,1157217,1157217,1157217,1157217,1157217,1157217,1157217,1157217,1157217,1157217,1157217,1157217,1157217,1157217,1157217,1157217,1157217,1184641,1184641,1184641,1184641,1184641,1184641,1184641,1184641,1184641,1184641,1184641,1184641,1184641,1184641,1184641,1184641,1184641,1184641,1184641,1184641,1184641,1184641,1184641,1184641,1184641,1184641,1184641,1184641,1184641,1184641,1184641,1184641,1184641,1184641,1184641,1184641,1184641,1184641,1184641,1184641,1184641,1184641,1184641,1184641,1184641,1184641]","[316932,316932,316932,316932,316932,316932,316932,316932,316932,316932,316932,316932,316932,316932,316932,316932,316932,316932,316932,316932,316932,316932,316932,316932,316932,316932,316932,316932,316932,316932,316932,316932,316932,316932,316932,316932,316932,316932,316932,316932,316932,316932,316932,316932,316932,316932,316932,316932,316932,316932,316932,316932,316932,316932,316932,316932,316932,316932,316932,316932,316932,316932,316932,316932,316932,316932,316932,316932,316932,316932,316932,316932,316932,316932,316932,316932,316932,316932,316932,316932,316932,316932,316932,316932,316932,316932,316932,316932,316932,316932,316932,316932,316932,316932,316932,316932,316932,316932,316932,316932,316932,316932,316932,316932,316932,316932,316932,316932,316932,316932,316932,316932,316932,316932,316932,316932,316932,316932,316932,316932,316932,316932,316932,316932,316932,316932,316932,316932,316932,316932,316932,316932,316932,316932,316932,316932,316932,316932,316932,316932]","{""semantic_component_batches"":1,""semantic_component_jobs"":32,""max_semantic_component_workers"":8,""inference_regions"":66,""canonical_specialization_queries"":0,""canonical_specialization_hits"":0,""solver_requested_bytes"":103228,""solver_allocations"":486,""scratch_requested_bytes"":93624,""scratch_allocations"":404,""max_solver_live_bytes"":12124,""max_scratch_live_bytes"":13076,""evidence_import_solver_bytes"":0,""evidence_import_scratch_bytes"":128,""snapshot_copy_bytes"":196,""snapshot_copy_allocations"":8,""principal_copy_buffer_bytes"":0,""principal_copy_buffer_allocations"":0,""frozen_capture_temporary_bytes"":0,""frozen_capture_published_bytes"":0,""frozen_edge_scratch_bytes"":0,""region_scopes"":98,""max_region_scopes"":33,""call_collections_closed"":0,""call_collections_unresolved"":0,""call_memo_hits"":32,""solver_passes"":69,""solver_constraint_visits"":64,""occurs_steps"":0}"
jobs32,revert,baseline,"[767,767,772,773,775,775,777,780,781,786,791,792,793,794,795,799,799,800,801,803,803,803,804,805,806,807,807,808,809,810,811,811,812,813,813,814,814,817,817,819,820,820,820,820,821,821,822,825,825,826,828,828,831,831,833,834,834,835,836,837,838,842,843,843,846,846,851,853,854,855,855,856,857,858,867,867,869,870,871,873,874,878,878,880,881,883,883,884,886,886,887,891,891,893,894,895,900,902,902,903,905,906,907,908,909,914,916,917,918,924,948,960,966,969,990,994,1012,1013,1021,1021,1027,1032,1045,1047,1065,1074,1075,1094,1111,1118,1121,1136,1157,1332,1367,1512,1524,1601,1951,2106]","[767,767,772,773,776,776,777,780,781,785,791,793,794,795,799,799,800,801,803,803,805,805,805,806,807,808,808,809,810,811,811,812,812,813,814,814,816,818,819,820,820,821,821,822,822,822,825,826,827,828,829,829,832,833,834,835,836,837,838,838,839,842,843,843,846,846,851,853,854,854,855,856,857,858,866,867,869,869,874,877,877,877,880,881,883,883,884,886,886,888,892,892,894,894,894,900,902,902,904,905,907,908,909,911,914,916,917,919,924,949,961,966,989,990,994,1012,1013,1021,1022,1028,1032,1046,1048,1065,1074,1075,1095,1106,1111,1118,1121,1136,1164,1331,1367,1512,1539,1600,1951,2134]",958601.0,2101.0,316932.0,85005.0,"[958601,958601,958601,958601,958601,958601,958601,958601,958601,958601,958601,958601,958601,958601,958601,958601,958601,958601,958601,958601,958601,958601,958601,958601,958601,958601,958601,958601,958601,958601,958601,958601,958601,958601,958601,958601,958601,958601,958601,958601,958601,958601,958601,958601,958601,958601,958601,958601,958601,958601,958601,958601,958601,958601,958601,958601,958601,958601,958601,958601,958601,958601,958601,958601,958601,958601,958601,958601,958601,958601,958601,958601,958601,958601,958601,958601,958601,958601,958601,958601,958601,958601,958601,958601,958601,958601,958601,958601,958601,958601,958601,958601,958601,958601,958601,958601,958601,958601,958601,958601,958601,958601,958601,958601,958601,958601,958601,958601,958601,958601,958601,958601,958601,958601,958601,958601,958601,958601,958601,958601,958601,958601,958601,958601,958601,958601,958601,958601,958601,958601,958601,958601,958601,958601,958601,958601,958601,958601,958601,958601]","[316932,316932,316932,316932,316932,316932,316932,316932,316932,316932,316932,316932,316932,316932,316932,316932,316932,316932,316932,316932,316932,316932,316932,316932,316932,316932,316932,316932,316932,316932,316932,316932,316932,316932,316932,316932,316932,316932,316932,316932,316932,316932,316932,316932,316932,316932,316932,316932,316932,316932,316932,316932,316932,316932,316932,316932,316932,316932,316932,316932,316932,316932,316932,316932,316932,316932,316932,316932,316932,316932,316932,316932,316932,316932,316932,316932,316932,316932,316932,316932,316932,316932,316932,316932,316932,316932,316932,316932,316932,316932,316932,316932,316932,316932,316932,316932,316932,316932,316932,316932,316932,316932,316932,316932,316932,316932,316932,316932,316932,316932,316932,316932,316932,316932,316932,316932,316932,316932,316932,316932,316932,316932,316932,316932,316932,316932,316932,316932,316932,316932,316932,316932,316932,316932,316932,316932,316932,316932,316932,316932]","{""inference_regions"":66,""canonical_specialization_queries"":0,""canonical_specialization_hits"":0,""solver_requested_bytes"":103228,""solver_allocations"":486,""scratch_requested_bytes"":93624,""scratch_allocations"":404,""max_solver_live_bytes"":12124,""max_scratch_live_bytes"":13076,""evidence_import_solver_bytes"":0,""evidence_import_scratch_bytes"":128,""snapshot_copy_bytes"":196,""snapshot_copy_allocations"":8,""principal_copy_buffer_bytes"":0,""principal_copy_buffer_allocations"":0,""frozen_capture_temporary_bytes"":0,""frozen_capture_published_bytes"":0,""frozen_edge_scratch_bytes"":0,""region_scopes"":98,""max_region_scopes"":33,""call_collections_closed"":0,""call_collections_unresolved"":0,""call_memo_hits"":32,""solver_passes"":69,""solver_constraint_visits"":64,""occurs_steps"":0}"
jobs32,revert,default,"[759,760,761,761,765,765,768,772,774,777,779,779,779,779,780,782,782,784,784,785,786,787,788,788,788,789,789,790,790,790,791,791,792,792,792,792,793,796,797,798,798,798,800,801,801,802,802,803,805,806,806,807,810,810,810,812,812,813,813,814,815,816,818,818,819,819,820,824,824,824,826,827,828,829,830,831,832,832,833,836,837,839,847,847,848,848,849,851,862,863,864,870,878,880,883,884,886,886,887,888,888,890,893,895,896,900,904,907,911,913,917,922,924,927,929,937,940,948,950,950,951,970,979,981,984,988,993,998,999,1017,1047,1047,1048,1051,1070,1095,1109,1126,1159,1270]","[759,760,761,761,765,765,768,772,774,777,778,779,779,779,780,782,782,783,784,785,786,787,788,788,788,788,789,789,790,791,791,792,792,792,792,792,794,796,797,798,798,800,801,802,802,802,803,803,805,806,806,807,810,810,811,812,812,813,814,815,816,817,819,819,820,821,824,824,826,827,829,830,831,832,832,834,835,835,836,837,839,843,847,847,847,849,851,855,862,863,864,871,878,880,883,884,885,886,888,891,892,892,895,896,899,903,905,908,911,916,918,922,924,929,936,937,940,948,950,950,951,970,979,981,985,989,992,998,999,1016,1047,1047,1048,1051,1071,1095,1109,1127,1159,1271]",958657.0,2101.0,316932.0,85005.0,"[958657,958657,958657,958657,958657,958657,958657,958657,958657,958657,958657,958657,958657,958657,958657,958657,958657,958657,958657,958657,958657,958657,958657,958657,958657,958657,958657,958657,958657,958657,958657,958657,958657,958657,958657,958657,958657,958657,958657,958657,958657,958657,958657,958657,958657,958657,958657,958657,958657,958657,958657,958657,958657,958657,958657,958657,958657,958657,958657,958657,958657,958657,958657,958657,958657,958657,958657,958657,958657,958657,958657,958657,958657,958657,958657,958657,958657,958657,958657,958657,958657,958657,958657,958657,958657,958657,958657,958657,958657,958657,958657,958657,958657,958657,958657,958657,958657,958657,958657,958657,958657,958657,958657,958657,958657,958657,958657,958657,958657,958657,958657,958657,958657,958657,958657,958657,958657,958657,958657,958657,958657,958657,958657,958657,958657,958657,958657,958657,958657,958657,958657,958657,958657,958657,958657,958657,958657,958657,958657,958657]","[316932,316932,316932,316932,316932,316932,316932,316932,316932,316932,316932,316932,316932,316932,316932,316932,316932,316932,316932,316932,316932,316932,316932,316932,316932,316932,316932,316932,316932,316932,316932,316932,316932,316932,316932,316932,316932,316932,316932,316932,316932,316932,316932,316932,316932,316932,316932,316932,316932,316932,316932,316932,316932,316932,316932,316932,316932,316932,316932,316932,316932,316932,316932,316932,316932,316932,316932,316932,316932,316932,316932,316932,316932,316932,316932,316932,316932,316932,316932,316932,316932,316932,316932,316932,316932,316932,316932,316932,316932,316932,316932,316932,316932,316932,316932,316932,316932,316932,316932,316932,316932,316932,316932,316932,316932,316932,316932,316932,316932,316932,316932,316932,316932,316932,316932,316932,316932,316932,316932,316932,316932,316932,316932,316932,316932,316932,316932,316932,316932,316932,316932,316932,316932,316932,316932,316932,316932,316932,316932,316932]","{""semantic_component_batches"":0,""semantic_component_jobs"":0,""max_semantic_component_workers"":0,""inference_regions"":66,""canonical_specialization_queries"":0,""canonical_specialization_hits"":0,""solver_requested_bytes"":103228,""solver_allocations"":486,""scratch_requested_bytes"":93624,""scratch_allocations"":404,""max_solver_live_bytes"":12124,""max_scratch_live_bytes"":13076,""evidence_import_solver_bytes"":0,""evidence_import_scratch_bytes"":128,""snapshot_copy_bytes"":196,""snapshot_copy_allocations"":8,""principal_copy_buffer_bytes"":0,""principal_copy_buffer_allocations"":0,""frozen_capture_temporary_bytes"":0,""frozen_capture_published_bytes"":0,""frozen_edge_scratch_bytes"":0,""region_scopes"":98,""max_region_scopes"":33,""call_collections_closed"":0,""call_collections_unresolved"":0,""call_memo_hits"":32,""solver_passes"":69,""solver_constraint_visits"":64,""occurs_steps"":0}"
jobs32,revert,workers-1,"[831,831,834,835,846,847,849,856,857,858,858,859,859,860,861,862,864,864,864,865,866,870,870,870,870,870,873,874,875,876,876,876,877,878,880,885,886,886,888,895,896,896,898,898,900,902,903,904,905,910,911,913,915,917,922,923,924,927,927,940,940,945,948,949,951,953,953,957,958,959,962,964,964,967,971,974,982,985,988,989,993,995,995,995,996,997,998,1003,1003,1005,1005,1007,1007,1011,1013,1015,1021,1039,1039,1040,1042,1046,1048,1060,1070,1072,1075,1077,1082,1083,1084,1092,1097,1098,1104,1105,1106,1112,1129,1145,1147,1155,1156,1157,1184,1186,1190,1205,1217,1249,1276,1305,1335,1338,1356,1447,1670,2199,2458,3421]","[830,832,834,835,846,848,849,856,858,858,858,859,859,860,862,862,864,864,865,866,866,869,870,870,871,871,873,875,876,876,876,877,879,880,885,886,886,887,888,895,896,896,898,898,899,902,903,904,910,912,913,916,921,922,923,924,927,928,928,940,941,945,948,949,951,953,953,957,958,959,964,965,967,971,973,974,982,985,989,989,994,995,995,995,996,999,999,1003,1003,1005,1006,1006,1007,1012,1014,1014,1021,1039,1039,1040,1042,1046,1049,1060,1070,1072,1075,1078,1082,1083,1085,1092,1097,1099,1104,1105,1106,1111,1130,1144,1147,1154,1156,1157,1184,1186,1190,1205,1216,1248,1277,1313,1335,1338,1356,1447,1670,2199,2459,3421]",992673.0,2589.0,316932.0,85005.0,"[992673,992673,992673,992673,992673,992673,992673,992673,992673,992673,992673,992673,992673,992673,992673,992673,992673,992673,992673,992673,992673,992673,992673,992673,992673,992673,992673,992673,992673,992673,992673,992673,992673,992673,992673,992673,992673,992673,992673,992673,992673,992673,992673,992673,992673,992673,992673,992673,992673,992673,992673,992673,992673,992673,992673,992673,992673,992673,992673,992673,992673,992673,992673,992673,992673,992673,992673,992673,992673,992673,992673,992673,992673,992673,992673,992673,992673,992673,992673,992673,992673,992673,992673,992673,992673,992673,992673,992673,992673,992673,992673,992673,992673,992673,992673,992673,992673,992673,992673,992673,992673,992673,992673,992673,992673,992673,992673,992673,992673,992673,992673,992673,992673,992673,992673,992673,992673,992673,992673,992673,992673,992673,992673,992673,992673,992673,992673,992673,992673,992673,992673,992673,992673,992673,992673,992673,992673,992673,992673,992673]","[316932,316932,316932,316932,316932,316932,316932,316932,316932,316932,316932,316932,316932,316932,316932,316932,316932,316932,316932,316932,316932,316932,316932,316932,316932,316932,316932,316932,316932,316932,316932,316932,316932,316932,316932,316932,316932,316932,316932,316932,316932,316932,316932,316932,316932,316932,316932,316932,316932,316932,316932,316932,316932,316932,316932,316932,316932,316932,316932,316932,316932,316932,316932,316932,316932,316932,316932,316932,316932,316932,316932,316932,316932,316932,316932,316932,316932,316932,316932,316932,316932,316932,316932,316932,316932,316932,316932,316932,316932,316932,316932,316932,316932,316932,316932,316932,316932,316932,316932,316932,316932,316932,316932,316932,316932,316932,316932,316932,316932,316932,316932,316932,316932,316932,316932,316932,316932,316932,316932,316932,316932,316932,316932,316932,316932,316932,316932,316932,316932,316932,316932,316932,316932,316932,316932,316932,316932,316932,316932,316932]","{""semantic_component_batches"":1,""semantic_component_jobs"":32,""max_semantic_component_workers"":1,""inference_regions"":66,""canonical_specialization_queries"":0,""canonical_specialization_hits"":0,""solver_requested_bytes"":103228,""solver_allocations"":486,""scratch_requested_bytes"":93624,""scratch_allocations"":404,""max_solver_live_bytes"":12124,""max_scratch_live_bytes"":13076,""evidence_import_solver_bytes"":0,""evidence_import_scratch_bytes"":128,""snapshot_copy_bytes"":196,""snapshot_copy_allocations"":8,""principal_copy_buffer_bytes"":0,""principal_copy_buffer_allocations"":0,""frozen_capture_temporary_bytes"":0,""frozen_capture_published_bytes"":0,""frozen_edge_scratch_bytes"":0,""region_scopes"":98,""max_region_scopes"":33,""call_collections_closed"":0,""call_collections_unresolved"":0,""call_memo_hits"":32,""solver_passes"":69,""solver_constraint_visits"":64,""occurs_steps"":0}"
jobs32,revert,workers-2,"[860,873,882,884,885,887,888,898,898,898,901,902,904,906,907,910,912,915,920,922,928,929,930,934,935,935,937,938,941,942,943,944,947,949,957,957,958,967,969,978,979,980,981,986,989,989,992,994,996,997,997,998,998,999,1000,1005,1007,1008,1010,1013,1014,1015,1015,1019,1020,1021,1021,1024,1025,1026,1028,1028,1031,1031,1034,1034,1038,1040,1041,1045,1046,1046,1046,1048,1050,1050,1051,1056,1057,1060,1062,1064,1064,1065,1068,1068,1069,1070,1072,1074,1078,1080,1086,1090,1092,1094,1100,1101,1101,1108,1108,1122,1123,1133,1138,1140,1141,1155,1157,1164,1170,1173,1179,1185,1190,1196,1201,1201,1203,1223,1292,1304,1319,1343,1366,1424,1441,1459,1476,5657]","[814,824,833,837,837,840,843,847,850,850,854,856,858,860,861,862,864,866,868,869,873,879,880,885,887,889,892,892,893,893,898,899,900,900,905,909,913,914,915,916,917,923,923,923,928,929,929,931,932,933,935,938,938,940,940,941,942,942,943,944,945,946,948,949,950,952,953,954,957,958,959,960,962,965,966,966,968,969,969,973,978,978,983,983,984,985,986,986,994,995,996,997,998,998,1000,1001,1003,1004,1006,1006,1008,1011,1013,1017,1020,1021,1022,1032,1036,1038,1044,1054,1065,1067,1070,1070,1078,1078,1079,1106,1106,1108,1120,1125,1131,1136,1140,1148,1151,1156,1214,1258,1265,1283,1284,1346,1365,1398,1401,5587]",1020097.0,2595.0,316932.0,85005.0,"[992673,1020097,1020097,1020097,1020097,1020097,1020097,1020097,1020097,1020097,1020097,1020097,1020097,1020097,1020097,1020097,1020097,1020097,1020097,1020097,1020097,1020097,1020097,1020097,1020097,1020097,1020097,1020097,1020097,1020097,1020097,1020097,1020097,1020097,1020097,1020097,1020097,1020097,1020097,1020097,1020097,1020097,1020097,1020097,1020097,1020097,1020097,1020097,1020097,1020097,1020097,1020097,1020097,1020097,1020097,1020097,1020097,1020097,1020097,1020097,1020097,1020097,1020097,1020097,1020097,1020097,1020097,1020097,1020097,1020097,1020097,1020097,1020097,1020097,1020097,1020097,1020097,1020097,1020097,1020097,1020097,1020097,1020097,1020097,1020097,1020097,1020097,1020097,1020097,1020097,1020097,1020097,1020097,1020097,1020097,1020097,1020097,1020097,1020097,1020097,1020097,1020097,1020097,1020097,1020097,1020097,1020097,1020097,1020097,1020097,1020097,1020097,1020097,1020097,1020097,1020097,1020097,1020097,1020097,1020097,1020097,1020097,1020097,1020097,1020097,1020097,1020097,1020097,1020097,1020097,1020097,1020097,1020097,1020097,1020097,1020097,1020097,1020097,1020097,1020097]","[316932,316932,316932,316932,316932,316932,316932,316932,316932,316932,316932,316932,316932,316932,316932,316932,316932,316932,316932,316932,316932,316932,316932,316932,316932,316932,316932,316932,316932,316932,316932,316932,316932,316932,316932,316932,316932,316932,316932,316932,316932,316932,316932,316932,316932,316932,316932,316932,316932,316932,316932,316932,316932,316932,316932,316932,316932,316932,316932,316932,316932,316932,316932,316932,316932,316932,316932,316932,316932,316932,316932,316932,316932,316932,316932,316932,316932,316932,316932,316932,316932,316932,316932,316932,316932,316932,316932,316932,316932,316932,316932,316932,316932,316932,316932,316932,316932,316932,316932,316932,316932,316932,316932,316932,316932,316932,316932,316932,316932,316932,316932,316932,316932,316932,316932,316932,316932,316932,316932,316932,316932,316932,316932,316932,316932,316932,316932,316932,316932,316932,316932,316932,316932,316932,316932,316932,316932,316932,316932,316932]","{""semantic_component_batches"":1,""semantic_component_jobs"":32,""max_semantic_component_workers"":2,""inference_regions"":66,""canonical_specialization_queries"":0,""canonical_specialization_hits"":0,""solver_requested_bytes"":103228,""solver_allocations"":486,""scratch_requested_bytes"":93624,""scratch_allocations"":404,""max_solver_live_bytes"":12124,""max_scratch_live_bytes"":13076,""evidence_import_solver_bytes"":0,""evidence_import_scratch_bytes"":128,""snapshot_copy_bytes"":196,""snapshot_copy_allocations"":8,""principal_copy_buffer_bytes"":0,""principal_copy_buffer_allocations"":0,""frozen_capture_temporary_bytes"":0,""frozen_capture_published_bytes"":0,""frozen_edge_scratch_bytes"":0,""region_scopes"":98,""max_region_scopes"":33,""call_collections_closed"":0,""call_collections_unresolved"":0,""call_memo_hits"":32,""solver_passes"":69,""solver_constraint_visits"":64,""occurs_steps"":0}"
jobs32,revert,workers-4,"[936,938,948,970,970,989,993,995,999,1000,1003,1007,1015,1016,1016,1017,1017,1017,1020,1025,1026,1027,1028,1030,1030,1031,1032,1033,1033,1036,1037,1038,1038,1041,1042,1043,1044,1044,1044,1045,1046,1048,1056,1057,1062,1065,1066,1067,1068,1070,1070,1074,1074,1075,1078,1080,1080,1082,1084,1084,1085,1088,1092,1092,1094,1094,1094,1095,1095,1096,1106,1112,1116,1120,1122,1122,1125,1126,1127,1129,1131,1133,1134,1135,1136,1137,1141,1142,1150,1157,1159,1172,1172,1178,1179,1179,1180,1181,1186,1187,1187,1188,1191,1192,1203,1207,1209,1210,1231,1249,1268,1276,1281,1283,1286,1288,1294,1297,1313,1344,1347,1359,1387,1392,1397,1406,1409,1412,1425,1463,1465,1500,1516,1541,1559,1587,1635,1855,1893,3021]","[851,865,881,884,885,887,888,889,890,892,893,894,895,896,902,903,904,906,907,908,908,910,912,914,916,916,917,920,920,922,923,924,926,927,928,930,930,931,931,932,933,934,936,936,938,939,942,943,943,944,946,946,949,950,954,955,955,955,956,958,963,964,969,969,971,974,974,977,981,982,983,983,984,989,991,992,994,999,1001,1004,1005,1007,1009,1012,1015,1016,1016,1016,1018,1019,1022,1024,1029,1034,1035,1038,1042,1049,1050,1057,1060,1061,1064,1067,1072,1076,1080,1089,1094,1101,1106,1114,1116,1124,1159,1161,1163,1180,1180,1193,1198,1204,1212,1227,1263,1287,1289,1291,1303,1324,1394,1399,1412,1419,1429,1478,1494,1700,1738,2996]",1074945.0,2607.0,316932.0,85005.0,"[1020097,1047521,1047521,1047521,1047521,1047521,1047521,1047521,1047521,1047521,1047521,1047521,1047521,1047521,1047521,1047521,1047521,1047521,1047521,1047521,1047521,1047521,1047521,1047521,1047521,1047521,1047521,1047521,1074945,1074945,1074945,1074945,1074945,1074945,1074945,1074945,1074945,1074945,1074945,1074945,1074945,1074945,1074945,1074945,1074945,1074945,1074945,1074945,1074945,1074945,1074945,1074945,1074945,1074945,1074945,1074945,1074945,1074945,1074945,1074945,1074945,1074945,1074945,1074945,1074945,1074945,1074945,1074945,1074945,1074945,1074945,1074945,1074945,1074945,1074945,1074945,1074945,1074945,1074945,1074945,1074945,1074945,1074945,1074945,1074945,1074945,1074945,1074945,1074945,1074945,1074945,1074945,1074945,1074945,1074945,1074945,1074945,1074945,1074945,1074945,1074945,1074945,1074945,1074945,1074945,1074945,1074945,1074945,1074945,1074945,1074945,1074945,1074945,1074945,1074945,1074945,1074945,1074945,1074945,1074945,1074945,1074945,1074945,1074945,1074945,1074945,1074945,1074945,1074945,1074945,1074945,1074945,1074945,1074945,1074945,1074945,1074945,1074945,1074945,1074945]","[316932,316932,316932,316932,316932,316932,316932,316932,316932,316932,316932,316932,316932,316932,316932,316932,316932,316932,316932,316932,316932,316932,316932,316932,316932,316932,316932,316932,316932,316932,316932,316932,316932,316932,316932,316932,316932,316932,316932,316932,316932,316932,316932,316932,316932,316932,316932,316932,316932,316932,316932,316932,316932,316932,316932,316932,316932,316932,316932,316932,316932,316932,316932,316932,316932,316932,316932,316932,316932,316932,316932,316932,316932,316932,316932,316932,316932,316932,316932,316932,316932,316932,316932,316932,316932,316932,316932,316932,316932,316932,316932,316932,316932,316932,316932,316932,316932,316932,316932,316932,316932,316932,316932,316932,316932,316932,316932,316932,316932,316932,316932,316932,316932,316932,316932,316932,316932,316932,316932,316932,316932,316932,316932,316932,316932,316932,316932,316932,316932,316932,316932,316932,316932,316932,316932,316932,316932,316932,316932,316932]","{""semantic_component_batches"":1,""semantic_component_jobs"":32,""max_semantic_component_workers"":4,""inference_regions"":66,""canonical_specialization_queries"":0,""canonical_specialization_hits"":0,""solver_requested_bytes"":103228,""solver_allocations"":486,""scratch_requested_bytes"":93624,""scratch_allocations"":404,""max_solver_live_bytes"":12124,""max_scratch_live_bytes"":13076,""evidence_import_solver_bytes"":0,""evidence_import_scratch_bytes"":128,""snapshot_copy_bytes"":196,""snapshot_copy_allocations"":8,""principal_copy_buffer_bytes"":0,""principal_copy_buffer_allocations"":0,""frozen_capture_temporary_bytes"":0,""frozen_capture_published_bytes"":0,""frozen_edge_scratch_bytes"":0,""region_scopes"":98,""max_region_scopes"":33,""call_collections_closed"":0,""call_collections_unresolved"":0,""call_memo_hits"":32,""solver_passes"":69,""solver_constraint_visits"":64,""occurs_steps"":0}"
jobs32,revert,workers-8,"[990,1000,1026,1031,1044,1045,1045,1048,1053,1059,1081,1084,1088,1094,1098,1100,1101,1102,1103,1116,1117,1121,1124,1127,1128,1132,1137,1139,1140,1140,1141,1143,1144,1156,1159,1166,1166,1170,1174,1174,1182,1186,1186,1188,1191,1193,1199,1199,1199,1200,1201,1203,1204,1209,1222,1222,1223,1223,1224,1233,1235,1235,1236,1238,1241,1244,1246,1246,1261,1262,1264,1264,1266,1275,1276,1277,1278,1280,1293,1294,1298,1300,1301,1304,1307,1309,1312,1314,1315,1318,1321,1331,1343,1344,1345,1349,1353,1354,1359,1369,1377,1386,1395,1414,1444,1447,1454,1454,1454,1454,1458,1465,1471,1473,1490,1491,1491,1492,1497,1497,1501,1517,1536,1536,1538,1540,1582,1593,1601,1603,1614,1615,1639,1639,1641,1666,1673,1699,2288,3147]","[904,907,920,926,929,930,933,939,940,942,944,944,945,948,951,952,953,954,956,957,957,961,961,962,963,965,965,970,971,972,972,975,976,978,978,979,980,982,983,984,984,984,985,986,986,989,990,990,991,992,993,993,994,998,1001,1004,1008,1012,1015,1022,1024,1025,1027,1029,1030,1031,1032,1033,1033,1035,1042,1043,1043,1044,1044,1045,1050,1051,1052,1054,1054,1063,1067,1068,1069,1075,1078,1080,1084,1085,1086,1089,1093,1097,1097,1099,1099,1101,1117,1120,1120,1121,1122,1125,1125,1129,1132,1132,1133,1135,1140,1150,1151,1151,1171,1177,1184,1200,1217,1224,1231,1238,1238,1242,1246,1248,1261,1275,1280,1281,1290,1325,1338,1353,1383,1406,1438,1444,2125,2891]",1157217.0,2625.0,316932.0,85005.0,"[992673,992673,992673,992673,992673,992673,1020097,1020097,1020097,1020097,1020097,1020097,1020097,1020097,1020097,1020097,1020097,1047521,1047521,1047521,1047521,1074945,1074945,1074945,1074945,1074945,1074945,1074945,1074945,1074945,1074945,1074945,1074945,1102369,1102369,1102369,1102369,1102369,1102369,1102369,1102369,1102369,1102369,1102369,1102369,1102369,1102369,1129793,1129793,1129793,1129793,1129793,1129793,1129793,1129793,1129793,1129793,1129793,1129793,1129793,1129793,1129793,1129793,1129793,1129793,1129793,1157217,1157217,1157217,1157217,1157217,1157217,1157217,1157217,1157217,1157217,1157217,1157217,1157217,1157217,1157217,1157217,1157217,1157217,1157217,1157217,1157217,1157217,1157217,1157217,1157217,1157217,1157217,1157217,1157217,1157217,1157217,1157217,1157217,1157217,1157217,1157217,1157217,1157217,1157217,1157217,1184641,1184641,1184641,1184641,1184641,1184641,1184641,1184641,1184641,1184641,1184641,1184641,1184641,1184641,1184641,1184641,1184641,1184641,1184641,1184641,1184641,1184641,1184641,1184641,1184641,1184641,1184641,1184641,1184641,1184641,1184641,1184641,1184641,1184641]","[316932,316932,316932,316932,316932,316932,316932,316932,316932,316932,316932,316932,316932,316932,316932,316932,316932,316932,316932,316932,316932,316932,316932,316932,316932,316932,316932,316932,316932,316932,316932,316932,316932,316932,316932,316932,316932,316932,316932,316932,316932,316932,316932,316932,316932,316932,316932,316932,316932,316932,316932,316932,316932,316932,316932,316932,316932,316932,316932,316932,316932,316932,316932,316932,316932,316932,316932,316932,316932,316932,316932,316932,316932,316932,316932,316932,316932,316932,316932,316932,316932,316932,316932,316932,316932,316932,316932,316932,316932,316932,316932,316932,316932,316932,316932,316932,316932,316932,316932,316932,316932,316932,316932,316932,316932,316932,316932,316932,316932,316932,316932,316932,316932,316932,316932,316932,316932,316932,316932,316932,316932,316932,316932,316932,316932,316932,316932,316932,316932,316932,316932,316932,316932,316932,316932,316932,316932,316932,316932,316932]","{""semantic_component_batches"":1,""semantic_component_jobs"":32,""max_semantic_component_workers"":8,""inference_regions"":66,""canonical_specialization_queries"":0,""canonical_specialization_hits"":0,""solver_requested_bytes"":103228,""solver_allocations"":486,""scratch_requested_bytes"":93624,""scratch_allocations"":404,""max_solver_live_bytes"":12124,""max_scratch_live_bytes"":13076,""evidence_import_solver_bytes"":0,""evidence_import_scratch_bytes"":128,""snapshot_copy_bytes"":196,""snapshot_copy_allocations"":8,""principal_copy_buffer_bytes"":0,""principal_copy_buffer_allocations"":0,""frozen_capture_temporary_bytes"":0,""frozen_capture_published_bytes"":0,""frozen_edge_scratch_bytes"":0,""region_scopes"":98,""max_region_scopes"":33,""call_collections_closed"":0,""call_collections_unresolved"":0,""call_memo_hits"":32,""solver_passes"":69,""solver_constraint_visits"":64,""occurs_steps"":0}"
jobs32,noop,baseline,"[16,16,17,17,17,17,17,17,17,17,17,17,18,18,18,18,18,18,18,18,18,18,18,18,18,18,18,18,18,18,18,18,18,18,18,18,18,18,18,18,18,18,18,18,18,18,18,18,18,18,18,18,18,18,18,18,18,18,18,18,18,18,18,18,18,18,18,18,18,19,19,19,19,19,19,19,19,19,19,19,19,19,19,19,19,19,19,19,19,19,19,19,19,19,19,19,19,19,19,19,19,19,19,19,19,19,19,19,19,19,19,19,20,20,20,20,20,20,20,20,20,20,20,20,20,21,21,21,21,22,22,22,23,23,23,25,35,72,103,177]","[16,16,17,17,17,17,17,17,17,17,17,17,17,17,17,17,17,17,17,17,17,17,17,17,17,17,17,17,17,17,17,17,17,17,17,17,17,18,18,18,18,18,18,18,18,18,18,18,18,18,18,18,18,18,18,18,18,18,18,18,18,18,18,18,18,18,18,18,18,18,18,18,18,18,18,18,18,18,18,18,18,18,18,18,18,18,18,18,18,18,18,18,18,18,18,18,18,18,18,18,18,19,19,19,19,19,19,19,19,19,19,19,19,19,19,19,19,19,19,19,19,19,19,20,20,20,20,21,21,21,21,22,23,23,23,24,34,71,102,196]",14610.0,19.0,98709.0,85005.0,"[14610,14610,14610,14610,14610,14610,14610,14610,14610,14610,14610,14610,14610,14610,14610,14610,14610,14610,14610,14610,14610,14610,14610,14610,14610,14610,14610,14610,14610,14610,14610,14610,14610,14610,14610,14610,14610,14610,14610,14610,14610,14610,14610,14610,14610,14610,14610,14610,14610,14610,14610,14610,14610,14610,14610,14610,14610,14610,14610,14610,14610,14610,14610,14610,14610,14610,14610,14610,14610,14610,14610,14610,14610,14610,14610,14610,14610,14610,14610,14610,14610,14610,14610,14610,14610,14610,14610,14610,14610,14610,14610,14610,14610,14610,14610,14610,14610,14610,14610,14610,14610,14610,14610,14610,14610,14610,14610,14610,14610,14610,14610,14610,14610,14610,14610,14610,14610,14610,14610,14610,14610,14610,14610,14610,14610,14610,14610,14610,14610,14610,14610,14610,14610,14610,14610,14610,14610,14610,14610,14610]","[98709,98709,98709,98709,98709,98709,98709,98709,98709,98709,98709,98709,98709,98709,98709,98709,98709,98709,98709,98709,98709,98709,98709,98709,98709,98709,98709,98709,98709,98709,98709,98709,98709,98709,98709,98709,98709,98709,98709,98709,98709,98709,98709,98709,98709,98709,98709,98709,98709,98709,98709,98709,98709,98709,98709,98709,98709,98709,98709,98709,98709,98709,98709,98709,98709,98709,98709,98709,98709,98709,98709,98709,98709,98709,98709,98709,98709,98709,98709,98709,98709,98709,98709,98709,98709,98709,98709,98709,98709,98709,98709,98709,98709,98709,98709,98709,98709,98709,98709,98709,98709,98709,98709,98709,98709,98709,98709,98709,98709,98709,98709,98709,98709,98709,98709,98709,98709,98709,98709,98709,98709,98709,98709,98709,98709,98709,98709,98709,98709,98709,98709,98709,98709,98709,98709,98709,98709,98709,98709,98709]","{""inference_regions"":0,""canonical_specialization_queries"":0,""canonical_specialization_hits"":0,""solver_requested_bytes"":0,""solver_allocations"":0,""scratch_requested_bytes"":0,""scratch_allocations"":0,""max_solver_live_bytes"":0,""max_scratch_live_bytes"":0,""evidence_import_solver_bytes"":0,""evidence_import_scratch_bytes"":0,""snapshot_copy_bytes"":0,""snapshot_copy_allocations"":0,""principal_copy_buffer_bytes"":0,""principal_copy_buffer_allocations"":0,""frozen_capture_temporary_bytes"":0,""frozen_capture_published_bytes"":0,""frozen_edge_scratch_bytes"":0,""region_scopes"":0,""max_region_scopes"":0,""call_collections_closed"":0,""call_collections_unresolved"":0,""call_memo_hits"":0,""solver_passes"":0,""solver_constraint_visits"":0,""occurs_steps"":0}"
jobs32,noop,default,"[16,17,17,17,17,17,17,17,17,17,17,17,18,18,18,18,18,18,18,18,18,18,18,18,18,18,18,18,18,18,18,18,18,18,18,18,18,18,18,18,18,18,18,18,18,18,18,18,18,18,18,18,18,18,18,18,18,18,18,18,18,18,18,18,18,18,18,18,19,19,19,19,19,19,19,19,19,19,19,19,19,19,19,19,19,19,19,19,19,19,19,19,19,19,19,19,19,19,19,19,19,19,19,19,19,19,19,19,19,19,19,19,19,19,19,19,19,19,19,20,20,20,20,20,20,20,20,20,20,20,20,20,20,20,21,21,22,22,39,76]","[16,16,16,17,17,17,17,17,17,17,17,17,17,17,17,17,17,17,17,17,17,17,17,17,17,17,17,17,17,17,17,17,17,17,17,17,17,17,17,17,18,18,18,18,18,18,18,18,18,18,18,18,18,18,18,18,18,18,18,18,18,18,18,18,18,18,18,18,18,18,18,18,18,18,18,18,18,18,18,18,18,18,18,18,18,18,18,18,18,18,18,18,18,18,18,18,18,18,18,18,18,18,18,18,18,18,18,18,18,18,18,19,19,19,19,19,19,19,19,19,19,19,19,19,19,19,19,19,19,19,19,20,20,20,20,20,21,22,38,76]",14666.0,19.0,98765.0,85005.0,"[14666,14666,14666,14666,14666,14666,14666,14666,14666,14666,14666,14666,14666,14666,14666,14666,14666,14666,14666,14666,14666,14666,14666,14666,14666,14666,14666,14666,14666,14666,14666,14666,14666,14666,14666,14666,14666,14666,14666,14666,14666,14666,14666,14666,14666,14666,14666,14666,14666,14666,14666,14666,14666,14666,14666,14666,14666,14666,14666,14666,14666,14666,14666,14666,14666,14666,14666,14666,14666,14666,14666,14666,14666,14666,14666,14666,14666,14666,14666,14666,14666,14666,14666,14666,14666,14666,14666,14666,14666,14666,14666,14666,14666,14666,14666,14666,14666,14666,14666,14666,14666,14666,14666,14666,14666,14666,14666,14666,14666,14666,14666,14666,14666,14666,14666,14666,14666,14666,14666,14666,14666,14666,14666,14666,14666,14666,14666,14666,14666,14666,14666,14666,14666,14666,14666,14666,14666,14666,14666,14666]","[98765,98765,98765,98765,98765,98765,98765,98765,98765,98765,98765,98765,98765,98765,98765,98765,98765,98765,98765,98765,98765,98765,98765,98765,98765,98765,98765,98765,98765,98765,98765,98765,98765,98765,98765,98765,98765,98765,98765,98765,98765,98765,98765,98765,98765,98765,98765,98765,98765,98765,98765,98765,98765,98765,98765,98765,98765,98765,98765,98765,98765,98765,98765,98765,98765,98765,98765,98765,98765,98765,98765,98765,98765,98765,98765,98765,98765,98765,98765,98765,98765,98765,98765,98765,98765,98765,98765,98765,98765,98765,98765,98765,98765,98765,98765,98765,98765,98765,98765,98765,98765,98765,98765,98765,98765,98765,98765,98765,98765,98765,98765,98765,98765,98765,98765,98765,98765,98765,98765,98765,98765,98765,98765,98765,98765,98765,98765,98765,98765,98765,98765,98765,98765,98765,98765,98765,98765,98765,98765,98765]","{""semantic_component_batches"":0,""semantic_component_jobs"":0,""max_semantic_component_workers"":0,""inference_regions"":0,""canonical_specialization_queries"":0,""canonical_specialization_hits"":0,""solver_requested_bytes"":0,""solver_allocations"":0,""scratch_requested_bytes"":0,""scratch_allocations"":0,""max_solver_live_bytes"":0,""max_scratch_live_bytes"":0,""evidence_import_solver_bytes"":0,""evidence_import_scratch_bytes"":0,""snapshot_copy_bytes"":0,""snapshot_copy_allocations"":0,""principal_copy_buffer_bytes"":0,""principal_copy_buffer_allocations"":0,""frozen_capture_temporary_bytes"":0,""frozen_capture_published_bytes"":0,""frozen_edge_scratch_bytes"":0,""region_scopes"":0,""max_region_scopes"":0,""call_collections_closed"":0,""call_collections_unresolved"":0,""call_memo_hits"":0,""solver_passes"":0,""solver_constraint_visits"":0,""occurs_steps"":0}"
jobs32,noop,workers-1,"[17,17,17,17,17,17,17,17,18,18,18,18,18,18,18,18,18,18,18,18,18,18,18,18,18,18,18,18,18,18,18,18,18,18,18,18,18,18,18,18,18,18,18,18,18,19,19,19,19,19,19,19,19,19,19,19,19,19,19,19,19,19,19,19,19,19,19,19,19,19,19,19,19,19,19,19,19,19,19,19,19,19,19,19,19,19,19,19,19,19,19,20,20,20,20,20,20,20,20,20,20,20,20,20,20,20,20,20,20,20,20,20,20,21,21,21,21,21,21,21,24,25,25,25,25,25,26,26,26,32,39,42,48,59,66,67,71,85,147,200]","[16,17,17,17,17,17,17,17,17,17,17,17,17,17,17,17,17,17,17,17,18,18,18,18,18,18,18,18,18,18,18,18,18,18,18,18,18,18,18,18,18,18,18,18,18,18,18,18,18,18,18,18,18,18,18,18,18,18,18,18,18,18,18,18,18,18,18,18,18,18,18,18,19,19,19,19,19,19,19,19,19,19,19,19,19,19,19,19,19,19,19,19,19,19,19,19,19,19,19,19,19,19,19,19,19,19,19,19,19,19,19,20,20,20,20,20,20,21,21,21,23,24,24,24,24,24,25,26,26,32,39,42,48,59,65,67,70,85,147,199]",14666.0,19.0,98765.0,85005.0,"[14666,14666,14666,14666,14666,14666,14666,14666,14666,14666,14666,14666,14666,14666,14666,14666,14666,14666,14666,14666,14666,14666,14666,14666,14666,14666,14666,14666,14666,14666,14666,14666,14666,14666,14666,14666,14666,14666,14666,14666,14666,14666,14666,14666,14666,14666,14666,14666,14666,14666,14666,14666,14666,14666,14666,14666,14666,14666,14666,14666,14666,14666,14666,14666,14666,14666,14666,14666,14666,14666,14666,14666,14666,14666,14666,14666,14666,14666,14666,14666,14666,14666,14666,14666,14666,14666,14666,14666,14666,14666,14666,14666,14666,14666,14666,14666,14666,14666,14666,14666,14666,14666,14666,14666,14666,14666,14666,14666,14666,14666,14666,14666,14666,14666,14666,14666,14666,14666,14666,14666,14666,14666,14666,14666,14666,14666,14666,14666,14666,14666,14666,14666,14666,14666,14666,14666,14666,14666,14666,14666]","[98765,98765,98765,98765,98765,98765,98765,98765,98765,98765,98765,98765,98765,98765,98765,98765,98765,98765,98765,98765,98765,98765,98765,98765,98765,98765,98765,98765,98765,98765,98765,98765,98765,98765,98765,98765,98765,98765,98765,98765,98765,98765,98765,98765,98765,98765,98765,98765,98765,98765,98765,98765,98765,98765,98765,98765,98765,98765,98765,98765,98765,98765,98765,98765,98765,98765,98765,98765,98765,98765,98765,98765,98765,98765,98765,98765,98765,98765,98765,98765,98765,98765,98765,98765,98765,98765,98765,98765,98765,98765,98765,98765,98765,98765,98765,98765,98765,98765,98765,98765,98765,98765,98765,98765,98765,98765,98765,98765,98765,98765,98765,98765,98765,98765,98765,98765,98765,98765,98765,98765,98765,98765,98765,98765,98765,98765,98765,98765,98765,98765,98765,98765,98765,98765,98765,98765,98765,98765,98765,98765]","{""semantic_component_batches"":0,""semantic_component_jobs"":0,""max_semantic_component_workers"":0,""inference_regions"":0,""canonical_specialization_queries"":0,""canonical_specialization_hits"":0,""solver_requested_bytes"":0,""solver_allocations"":0,""scratch_requested_bytes"":0,""scratch_allocations"":0,""max_solver_live_bytes"":0,""max_scratch_live_bytes"":0,""evidence_import_solver_bytes"":0,""evidence_import_scratch_bytes"":0,""snapshot_copy_bytes"":0,""snapshot_copy_allocations"":0,""principal_copy_buffer_bytes"":0,""principal_copy_buffer_allocations"":0,""frozen_capture_temporary_bytes"":0,""frozen_capture_published_bytes"":0,""frozen_edge_scratch_bytes"":0,""region_scopes"":0,""max_region_scopes"":0,""call_collections_closed"":0,""call_collections_unresolved"":0,""call_memo_hits"":0,""solver_passes"":0,""solver_constraint_visits"":0,""occurs_steps"":0}"
jobs32,noop,workers-2,"[17,17,17,17,17,17,17,18,18,18,18,18,18,18,18,18,18,18,18,18,18,18,18,18,18,18,18,18,18,18,18,18,18,18,18,18,18,18,18,18,18,18,18,19,19,19,19,19,19,19,19,19,19,19,19,19,19,19,19,19,19,19,19,19,19,19,19,19,19,19,19,19,19,19,19,19,19,19,19,19,19,19,19,19,19,19,19,19,19,19,19,19,19,19,20,20,20,20,20,20,20,20,20,20,20,20,20,20,20,20,20,20,20,20,21,21,21,21,21,21,22,25,25,25,26,26,26,26,26,26,26,27,27,29,32,32,37,38,88,121]","[17,17,17,17,17,17,17,17,17,17,17,17,17,17,17,17,17,18,18,18,18,18,18,18,18,18,18,18,18,18,18,18,18,18,18,18,18,18,18,18,18,18,18,18,18,18,18,18,18,18,18,18,18,18,18,18,18,18,18,18,18,18,18,18,18,18,18,18,18,18,18,18,18,18,18,18,18,19,19,19,19,19,19,19,19,19,19,19,19,19,19,19,19,19,19,19,19,19,19,19,19,19,19,19,19,19,19,19,19,19,20,20,20,20,20,20,20,20,20,21,22,24,24,24,25,25,25,26,26,26,26,26,26,28,31,32,36,38,87,122]",14666.0,19.0,98765.0,85005.0,"[14666,14666,14666,14666,14666,14666,14666,14666,14666,14666,14666,14666,14666,14666,14666,14666,14666,14666,14666,14666,14666,14666,14666,14666,14666,14666,14666,14666,14666,14666,14666,14666,14666,14666,14666,14666,14666,14666,14666,14666,14666,14666,14666,14666,14666,14666,14666,14666,14666,14666,14666,14666,14666,14666,14666,14666,14666,14666,14666,14666,14666,14666,14666,14666,14666,14666,14666,14666,14666,14666,14666,14666,14666,14666,14666,14666,14666,14666,14666,14666,14666,14666,14666,14666,14666,14666,14666,14666,14666,14666,14666,14666,14666,14666,14666,14666,14666,14666,14666,14666,14666,14666,14666,14666,14666,14666,14666,14666,14666,14666,14666,14666,14666,14666,14666,14666,14666,14666,14666,14666,14666,14666,14666,14666,14666,14666,14666,14666,14666,14666,14666,14666,14666,14666,14666,14666,14666,14666,14666,14666]","[98765,98765,98765,98765,98765,98765,98765,98765,98765,98765,98765,98765,98765,98765,98765,98765,98765,98765,98765,98765,98765,98765,98765,98765,98765,98765,98765,98765,98765,98765,98765,98765,98765,98765,98765,98765,98765,98765,98765,98765,98765,98765,98765,98765,98765,98765,98765,98765,98765,98765,98765,98765,98765,98765,98765,98765,98765,98765,98765,98765,98765,98765,98765,98765,98765,98765,98765,98765,98765,98765,98765,98765,98765,98765,98765,98765,98765,98765,98765,98765,98765,98765,98765,98765,98765,98765,98765,98765,98765,98765,98765,98765,98765,98765,98765,98765,98765,98765,98765,98765,98765,98765,98765,98765,98765,98765,98765,98765,98765,98765,98765,98765,98765,98765,98765,98765,98765,98765,98765,98765,98765,98765,98765,98765,98765,98765,98765,98765,98765,98765,98765,98765,98765,98765,98765,98765,98765,98765,98765,98765]","{""semantic_component_batches"":0,""semantic_component_jobs"":0,""max_semantic_component_workers"":0,""inference_regions"":0,""canonical_specialization_queries"":0,""canonical_specialization_hits"":0,""solver_requested_bytes"":0,""solver_allocations"":0,""scratch_requested_bytes"":0,""scratch_allocations"":0,""max_solver_live_bytes"":0,""max_scratch_live_bytes"":0,""evidence_import_solver_bytes"":0,""evidence_import_scratch_bytes"":0,""snapshot_copy_bytes"":0,""snapshot_copy_allocations"":0,""principal_copy_buffer_bytes"":0,""principal_copy_buffer_allocations"":0,""frozen_capture_temporary_bytes"":0,""frozen_capture_published_bytes"":0,""frozen_edge_scratch_bytes"":0,""region_scopes"":0,""max_region_scopes"":0,""call_collections_closed"":0,""call_collections_unresolved"":0,""call_memo_hits"":0,""solver_passes"":0,""solver_constraint_visits"":0,""occurs_steps"":0}"
jobs32,noop,workers-4,"[18,18,18,18,18,18,18,18,18,18,18,18,18,18,18,18,18,18,18,18,18,18,18,18,18,18,18,18,18,18,18,18,19,19,19,19,19,19,19,19,19,19,19,19,19,19,19,19,19,19,19,19,19,19,19,19,19,19,19,19,19,19,19,19,19,19,19,19,19,19,19,19,19,19,19,19,19,19,19,19,19,19,19,19,19,19,20,20,20,20,20,20,20,20,20,20,20,20,20,20,20,20,20,20,20,20,20,21,21,21,21,21,21,21,21,21,21,21,21,22,23,23,24,25,25,25,26,26,27,27,31,33,37,38,45,47,48,68,111,163]","[17,17,17,17,17,17,17,17,18,18,18,18,18,18,18,18,18,18,18,18,18,18,18,18,18,18,18,18,18,18,18,18,18,18,18,18,18,18,18,18,18,18,18,18,18,18,18,18,18,18,18,18,18,18,18,18,18,18,18,19,19,19,19,19,19,19,19,19,19,19,19,19,19,19,19,19,19,19,19,19,19,19,19,19,19,19,19,19,19,19,19,19,19,19,19,19,19,19,19,19,19,19,19,20,20,20,20,20,20,20,20,20,20,20,20,21,21,21,21,21,22,23,23,24,25,25,25,26,26,27,31,33,37,37,45,46,48,68,111,162]",14666.0,19.0,98765.0,85005.0,"[14666,14666,14666,14666,14666,14666,14666,14666,14666,14666,14666,14666,14666,14666,14666,14666,14666,14666,14666,14666,14666,14666,14666,14666,14666,14666,14666,14666,14666,14666,14666,14666,14666,14666,14666,14666,14666,14666,14666,14666,14666,14666,14666,14666,14666,14666,14666,14666,14666,14666,14666,14666,14666,14666,14666,14666,14666,14666,14666,14666,14666,14666,14666,14666,14666,14666,14666,14666,14666,14666,14666,14666,14666,14666,14666,14666,14666,14666,14666,14666,14666,14666,14666,14666,14666,14666,14666,14666,14666,14666,14666,14666,14666,14666,14666,14666,14666,14666,14666,14666,14666,14666,14666,14666,14666,14666,14666,14666,14666,14666,14666,14666,14666,14666,14666,14666,14666,14666,14666,14666,14666,14666,14666,14666,14666,14666,14666,14666,14666,14666,14666,14666,14666,14666,14666,14666,14666,14666,14666,14666]","[98765,98765,98765,98765,98765,98765,98765,98765,98765,98765,98765,98765,98765,98765,98765,98765,98765,98765,98765,98765,98765,98765,98765,98765,98765,98765,98765,98765,98765,98765,98765,98765,98765,98765,98765,98765,98765,98765,98765,98765,98765,98765,98765,98765,98765,98765,98765,98765,98765,98765,98765,98765,98765,98765,98765,98765,98765,98765,98765,98765,98765,98765,98765,98765,98765,98765,98765,98765,98765,98765,98765,98765,98765,98765,98765,98765,98765,98765,98765,98765,98765,98765,98765,98765,98765,98765,98765,98765,98765,98765,98765,98765,98765,98765,98765,98765,98765,98765,98765,98765,98765,98765,98765,98765,98765,98765,98765,98765,98765,98765,98765,98765,98765,98765,98765,98765,98765,98765,98765,98765,98765,98765,98765,98765,98765,98765,98765,98765,98765,98765,98765,98765,98765,98765,98765,98765,98765,98765,98765,98765]","{""semantic_component_batches"":0,""semantic_component_jobs"":0,""max_semantic_component_workers"":0,""inference_regions"":0,""canonical_specialization_queries"":0,""canonical_specialization_hits"":0,""solver_requested_bytes"":0,""solver_allocations"":0,""scratch_requested_bytes"":0,""scratch_allocations"":0,""max_solver_live_bytes"":0,""max_scratch_live_bytes"":0,""evidence_import_solver_bytes"":0,""evidence_import_scratch_bytes"":0,""snapshot_copy_bytes"":0,""snapshot_copy_allocations"":0,""principal_copy_buffer_bytes"":0,""principal_copy_buffer_allocations"":0,""frozen_capture_temporary_bytes"":0,""frozen_capture_published_bytes"":0,""frozen_edge_scratch_bytes"":0,""region_scopes"":0,""max_region_scopes"":0,""call_collections_closed"":0,""call_collections_unresolved"":0,""call_memo_hits"":0,""solver_passes"":0,""solver_constraint_visits"":0,""occurs_steps"":0}"
jobs32,noop,workers-8,"[18,18,18,18,18,18,18,18,18,18,18,18,18,18,18,18,18,18,18,18,18,19,19,19,19,19,19,19,19,19,19,19,19,19,19,19,19,19,19,19,19,19,19,19,19,19,19,19,19,19,19,19,19,19,19,19,19,19,19,19,19,19,19,19,19,19,19,19,20,20,20,20,20,20,20,20,20,20,20,20,20,20,20,20,20,20,20,20,20,20,20,20,20,21,21,21,21,21,21,21,21,22,22,23,23,24,24,24,24,24,24,25,25,25,25,25,25,25,25,25,26,26,26,26,26,26,26,26,26,27,27,27,28,32,34,43,48,65,74,131]","[17,17,17,18,18,18,18,18,18,18,18,18,18,18,18,18,18,18,18,18,18,18,18,18,18,18,18,18,18,18,18,18,18,18,18,18,18,18,18,18,18,18,18,18,18,19,19,19,19,19,19,19,19,19,19,19,19,19,19,19,19,19,19,19,19,19,19,19,19,19,19,19,19,19,19,19,19,19,19,19,19,19,19,19,19,19,19,19,19,20,20,20,20,20,20,20,20,20,20,20,21,21,22,23,23,23,23,24,24,24,24,24,24,24,24,24,24,25,25,25,25,25,25,25,25,25,25,25,26,26,26,27,28,32,33,42,48,65,74,131]",14666.0,19.0,98765.0,85005.0,"[14666,14666,14666,14666,14666,14666,14666,14666,14666,14666,14666,14666,14666,14666,14666,14666,14666,14666,14666,14666,14666,14666,14666,14666,14666,14666,14666,14666,14666,14666,14666,14666,14666,14666,14666,14666,14666,14666,14666,14666,14666,14666,14666,14666,14666,14666,14666,14666,14666,14666,14666,14666,14666,14666,14666,14666,14666,14666,14666,14666,14666,14666,14666,14666,14666,14666,14666,14666,14666,14666,14666,14666,14666,14666,14666,14666,14666,14666,14666,14666,14666,14666,14666,14666,14666,14666,14666,14666,14666,14666,14666,14666,14666,14666,14666,14666,14666,14666,14666,14666,14666,14666,14666,14666,14666,14666,14666,14666,14666,14666,14666,14666,14666,14666,14666,14666,14666,14666,14666,14666,14666,14666,14666,14666,14666,14666,14666,14666,14666,14666,14666,14666,14666,14666,14666,14666,14666,14666,14666,14666]","[98765,98765,98765,98765,98765,98765,98765,98765,98765,98765,98765,98765,98765,98765,98765,98765,98765,98765,98765,98765,98765,98765,98765,98765,98765,98765,98765,98765,98765,98765,98765,98765,98765,98765,98765,98765,98765,98765,98765,98765,98765,98765,98765,98765,98765,98765,98765,98765,98765,98765,98765,98765,98765,98765,98765,98765,98765,98765,98765,98765,98765,98765,98765,98765,98765,98765,98765,98765,98765,98765,98765,98765,98765,98765,98765,98765,98765,98765,98765,98765,98765,98765,98765,98765,98765,98765,98765,98765,98765,98765,98765,98765,98765,98765,98765,98765,98765,98765,98765,98765,98765,98765,98765,98765,98765,98765,98765,98765,98765,98765,98765,98765,98765,98765,98765,98765,98765,98765,98765,98765,98765,98765,98765,98765,98765,98765,98765,98765,98765,98765,98765,98765,98765,98765,98765,98765,98765,98765,98765,98765]","{""semantic_component_batches"":0,""semantic_component_jobs"":0,""max_semantic_component_workers"":0,""inference_regions"":0,""canonical_specialization_queries"":0,""canonical_specialization_hits"":0,""solver_requested_bytes"":0,""solver_allocations"":0,""scratch_requested_bytes"":0,""scratch_allocations"":0,""max_solver_live_bytes"":0,""max_scratch_live_bytes"":0,""evidence_import_solver_bytes"":0,""evidence_import_scratch_bytes"":0,""snapshot_copy_bytes"":0,""snapshot_copy_allocations"":0,""principal_copy_buffer_bytes"":0,""principal_copy_buffer_allocations"":0,""frozen_capture_temporary_bytes"":0,""frozen_capture_published_bytes"":0,""frozen_edge_scratch_bytes"":0,""region_scopes"":0,""max_region_scopes"":0,""call_collections_closed"":0,""call_collections_unresolved"":0,""call_memo_hits"":0,""solver_passes"":0,""solver_constraint_visits"":0,""occurs_steps"":0}"
jobs32,fresh,baseline,"[1621,1645,1691,1695,1797,1801,2090]","[1962,1985,2063,2094,2135,2663,3170]",832887,1774,226596,0,"[832887,832887,832887,832887,832887,832887,832887]","[226596,226596,226596,226596,226596,226596,226596]","{""inference_regions"":66,""canonical_specialization_queries"":0,""canonical_specialization_hits"":0,""solver_requested_bytes"":103228,""solver_allocations"":486,""scratch_requested_bytes"":93624,""scratch_allocations"":404,""max_solver_live_bytes"":12124,""max_scratch_live_bytes"":13076,""evidence_import_solver_bytes"":0,""evidence_import_scratch_bytes"":128,""snapshot_copy_bytes"":0,""snapshot_copy_allocations"":0,""principal_copy_buffer_bytes"":0,""principal_copy_buffer_allocations"":0,""frozen_capture_temporary_bytes"":0,""frozen_capture_published_bytes"":0,""frozen_edge_scratch_bytes"":0,""region_scopes"":98,""max_region_scopes"":33,""call_collections_closed"":0,""call_collections_unresolved"":0,""call_memo_hits"":32,""solver_passes"":69,""solver_constraint_visits"":64,""occurs_steps"":0}"
jobs32,fresh,default,"[1530,1550,1607,1748,1761,1828,2265]","[1830,2061,2105,2106,2557,2925,3012]",832887,1774,226596,0,"[832887,832887,832887,832887,832887,832887,832887]","[226596,226596,226596,226596,226596,226596,226596]","{""semantic_component_batches"":0,""semantic_component_jobs"":0,""max_semantic_component_workers"":0,""inference_regions"":66,""canonical_specialization_queries"":0,""canonical_specialization_hits"":0,""solver_requested_bytes"":103228,""solver_allocations"":486,""scratch_requested_bytes"":93624,""scratch_allocations"":404,""max_solver_live_bytes"":12124,""max_scratch_live_bytes"":13076,""evidence_import_solver_bytes"":0,""evidence_import_scratch_bytes"":128,""snapshot_copy_bytes"":0,""snapshot_copy_allocations"":0,""principal_copy_buffer_bytes"":0,""principal_copy_buffer_allocations"":0,""frozen_capture_temporary_bytes"":0,""frozen_capture_published_bytes"":0,""frozen_edge_scratch_bytes"":0,""region_scopes"":98,""max_region_scopes"":33,""call_collections_closed"":0,""call_collections_unresolved"":0,""call_memo_hits"":32,""solver_passes"":69,""solver_constraint_visits"":64,""occurs_steps"":0}"
jobs32,fresh,workers-1,"[1683,1745,1817,1856,1863,1893,1973]","[2029,2075,2107,2147,2153,2236,2254]",866903,2262,226596,0,"[866903,866903,866903,866903,866903,866903,866903]","[226596,226596,226596,226596,226596,226596,226596]","{""semantic_component_batches"":1,""semantic_component_jobs"":32,""max_semantic_component_workers"":1,""inference_regions"":66,""canonical_specialization_queries"":0,""canonical_specialization_hits"":0,""solver_requested_bytes"":103228,""solver_allocations"":486,""scratch_requested_bytes"":93624,""scratch_allocations"":404,""max_solver_live_bytes"":12124,""max_scratch_live_bytes"":13076,""evidence_import_solver_bytes"":0,""evidence_import_scratch_bytes"":128,""snapshot_copy_bytes"":0,""snapshot_copy_allocations"":0,""principal_copy_buffer_bytes"":0,""principal_copy_buffer_allocations"":0,""frozen_capture_temporary_bytes"":0,""frozen_capture_published_bytes"":0,""frozen_edge_scratch_bytes"":0,""region_scopes"":98,""max_region_scopes"":33,""call_collections_closed"":0,""call_collections_unresolved"":0,""call_memo_hits"":32,""solver_passes"":69,""solver_constraint_visits"":64,""occurs_steps"":0}"
jobs32,fresh,workers-2,"[2003,2035,2075,2128,2197,2223,3515]","[2226,2279,2301,2345,2435,2445,4378]",894327,2268,226596,0,"[894327,894327,894327,894327,894327,894327,894327]","[226596,226596,226596,226596,226596,226596,226596]","{""semantic_component_batches"":1,""semantic_component_jobs"":32,""max_semantic_component_workers"":2,""inference_regions"":66,""canonical_specialization_queries"":0,""canonical_specialization_hits"":0,""solver_requested_bytes"":103228,""solver_allocations"":486,""scratch_requested_bytes"":93624,""scratch_allocations"":404,""max_solver_live_bytes"":12124,""max_scratch_live_bytes"":13076,""evidence_import_solver_bytes"":0,""evidence_import_scratch_bytes"":128,""snapshot_copy_bytes"":0,""snapshot_copy_allocations"":0,""principal_copy_buffer_bytes"":0,""principal_copy_buffer_allocations"":0,""frozen_capture_temporary_bytes"":0,""frozen_capture_published_bytes"":0,""frozen_edge_scratch_bytes"":0,""region_scopes"":98,""max_region_scopes"":33,""call_collections_closed"":0,""call_collections_unresolved"":0,""call_memo_hits"":32,""solver_passes"":69,""solver_constraint_visits"":64,""occurs_steps"":0}"
jobs32,fresh,workers-4,"[2473,2525,2557,2611,2751,2910,2936]","[2576,2659,2693,2701,2939,3094,3184]",949175,2280,226596,0,"[949175,949175,949175,949175,949175,949175,949175]","[226596,226596,226596,226596,226596,226596,226596]","{""semantic_component_batches"":1,""semantic_component_jobs"":32,""max_semantic_component_workers"":4,""inference_regions"":66,""canonical_specialization_queries"":0,""canonical_specialization_hits"":0,""solver_requested_bytes"":103228,""solver_allocations"":486,""scratch_requested_bytes"":93624,""scratch_allocations"":404,""max_solver_live_bytes"":12124,""max_scratch_live_bytes"":13076,""evidence_import_solver_bytes"":0,""evidence_import_scratch_bytes"":128,""snapshot_copy_bytes"":0,""snapshot_copy_allocations"":0,""principal_copy_buffer_bytes"":0,""principal_copy_buffer_allocations"":0,""frozen_capture_temporary_bytes"":0,""frozen_capture_published_bytes"":0,""frozen_edge_scratch_bytes"":0,""region_scopes"":98,""max_region_scopes"":33,""call_collections_closed"":0,""call_collections_unresolved"":0,""call_memo_hits"":32,""solver_passes"":69,""solver_constraint_visits"":64,""occurs_steps"":0}"
jobs32,fresh,workers-8,"[2921,3165,3316,3479,3512,3957,4320]","[3054,3351,3384,3483,3487,3955,4632]",921751,2274,226596,0,"[894327,894327,894327,921751,949175,976599,1058871]","[226596,226596,226596,226596,226596,226596,226596]","{""semantic_component_batches"":1,""semantic_component_jobs"":32,""max_semantic_component_workers"":8,""inference_regions"":66,""canonical_specialization_queries"":0,""canonical_specialization_hits"":0,""solver_requested_bytes"":103228,""solver_allocations"":486,""scratch_requested_bytes"":93624,""scratch_allocations"":404,""max_solver_live_bytes"":12124,""max_scratch_live_bytes"":13076,""evidence_import_solver_bytes"":0,""evidence_import_scratch_bytes"":128,""snapshot_copy_bytes"":0,""snapshot_copy_allocations"":0,""principal_copy_buffer_bytes"":0,""principal_copy_buffer_allocations"":0,""frozen_capture_temporary_bytes"":0,""frozen_capture_published_bytes"":0,""frozen_edge_scratch_bytes"":0,""region_scopes"":98,""max_region_scopes"":33,""call_collections_closed"":0,""call_collections_unresolved"":0,""call_memo_hits"":32,""solver_passes"":69,""solver_constraint_visits"":64,""occurs_steps"":0}"
jobs32,cache_population,baseline,"[1699,1846,1915,1944,1953,2227,2535]","[3205,3220,3255,3378,3903,3917,4284]",920542,1858,226596,0,"[920542,920542,920542,920542,920542,920542,920542]","[226596,226596,226596,226596,226596,226596,226596]","{""inference_regions"":66,""canonical_specialization_queries"":0,""canonical_specialization_hits"":0,""solver_requested_bytes"":103228,""solver_allocations"":486,""scratch_requested_bytes"":93624,""scratch_allocations"":404,""max_solver_live_bytes"":12124,""max_scratch_live_bytes"":13076,""evidence_import_solver_bytes"":0,""evidence_import_scratch_bytes"":128,""snapshot_copy_bytes"":196,""snapshot_copy_allocations"":8,""principal_copy_buffer_bytes"":0,""principal_copy_buffer_allocations"":0,""frozen_capture_temporary_bytes"":0,""frozen_capture_published_bytes"":0,""frozen_edge_scratch_bytes"":0,""region_scopes"":98,""max_region_scopes"":33,""call_collections_closed"":0,""call_collections_unresolved"":0,""call_memo_hits"":32,""solver_passes"":69,""solver_constraint_visits"":64,""occurs_steps"":0}"
jobs32,cache_population,default,"[1816,1862,1908,2092,2188,2200,2447]","[3454,3460,3510,3752,4093,4101,4248]",920540,1858,226596,0,"[920540,920540,920540,920540,920540,920540,920540]","[226596,226596,226596,226596,226596,226596,226596]","{""semantic_component_batches"":0,""semantic_component_jobs"":0,""max_semantic_component_workers"":0,""inference_regions"":66,""canonical_specialization_queries"":0,""canonical_specialization_hits"":0,""solver_requested_bytes"":103228,""solver_allocations"":486,""scratch_requested_bytes"":93624,""scratch_allocations"":404,""max_solver_live_bytes"":12124,""max_scratch_live_bytes"":13076,""evidence_import_solver_bytes"":0,""evidence_import_scratch_bytes"":128,""snapshot_copy_bytes"":196,""snapshot_copy_allocations"":8,""principal_copy_buffer_bytes"":0,""principal_copy_buffer_allocations"":0,""frozen_capture_temporary_bytes"":0,""frozen_capture_published_bytes"":0,""frozen_edge_scratch_bytes"":0,""region_scopes"":98,""max_region_scopes"":33,""call_collections_closed"":0,""call_collections_unresolved"":0,""call_memo_hits"":32,""solver_passes"":69,""solver_constraint_visits"":64,""occurs_steps"":0}"
jobs32,cache_population,workers-1,"[1937,1985,2223,2245,2389,2447,2460]","[3485,3527,3604,3694,3791,4047,4321]",954560,2346,226596,0,"[954560,954560,954560,954560,954560,954560,954560]","[226596,226596,226596,226596,226596,226596,226596]","{""semantic_component_batches"":1,""semantic_component_jobs"":32,""max_semantic_component_workers"":1,""inference_regions"":66,""canonical_specialization_queries"":0,""canonical_specialization_hits"":0,""solver_requested_bytes"":103228,""solver_allocations"":486,""scratch_requested_bytes"":93624,""scratch_allocations"":404,""max_solver_live_bytes"":12124,""max_scratch_live_bytes"":13076,""evidence_import_solver_bytes"":0,""evidence_import_scratch_bytes"":128,""snapshot_copy_bytes"":196,""snapshot_copy_allocations"":8,""principal_copy_buffer_bytes"":0,""principal_copy_buffer_allocations"":0,""frozen_capture_temporary_bytes"":0,""frozen_capture_published_bytes"":0,""frozen_edge_scratch_bytes"":0,""region_scopes"":98,""max_region_scopes"":33,""call_collections_closed"":0,""call_collections_unresolved"":0,""call_memo_hits"":32,""solver_passes"":69,""solver_constraint_visits"":64,""occurs_steps"":0}"
jobs32,cache_population,workers-2,"[2124,2185,2228,2292,2381,2392,2540]","[3661,3740,3764,3786,3810,4394,4552]",981984,2352,226596,0,"[981984,981984,981984,981984,981984,981984,981984]","[226596,226596,226596,226596,226596,226596,226596]","{""semantic_component_batches"":1,""semantic_component_jobs"":32,""max_semantic_component_workers"":2,""inference_regions"":66,""canonical_specialization_queries"":0,""canonical_specialization_hits"":0,""solver_requested_bytes"":103228,""solver_allocations"":486,""scratch_requested_bytes"":93624,""scratch_allocations"":404,""max_solver_live_bytes"":12124,""max_scratch_live_bytes"":13076,""evidence_import_solver_bytes"":0,""evidence_import_scratch_bytes"":128,""snapshot_copy_bytes"":196,""snapshot_copy_allocations"":8,""principal_copy_buffer_bytes"":0,""principal_copy_buffer_allocations"":0,""frozen_capture_temporary_bytes"":0,""frozen_capture_published_bytes"":0,""frozen_edge_scratch_bytes"":0,""region_scopes"":98,""max_region_scopes"":33,""call_collections_closed"":0,""call_collections_unresolved"":0,""call_memo_hits"":32,""solver_passes"":69,""solver_constraint_visits"":64,""occurs_steps"":0}"
jobs32,cache_population,workers-4,"[2447,2473,2475,2714,2797,3021,3058]","[3932,3988,4012,4922,5203,5506,5970]",1009408,2358,226596,0,"[981984,981984,981984,1009408,1009408,1009408,1009408]","[226596,226596,226596,226596,226596,226596,226596]","{""semantic_component_batches"":1,""semantic_component_jobs"":32,""max_semantic_component_workers"":4,""inference_regions"":66,""canonical_specialization_queries"":0,""canonical_specialization_hits"":0,""solver_requested_bytes"":103228,""solver_allocations"":486,""scratch_requested_bytes"":93624,""scratch_allocations"":404,""max_solver_live_bytes"":12124,""max_scratch_live_bytes"":13076,""evidence_import_solver_bytes"":0,""evidence_import_scratch_bytes"":128,""snapshot_copy_bytes"":196,""snapshot_copy_allocations"":8,""principal_copy_buffer_bytes"":0,""principal_copy_buffer_allocations"":0,""frozen_capture_temporary_bytes"":0,""frozen_capture_published_bytes"":0,""frozen_edge_scratch_bytes"":0,""region_scopes"":98,""max_region_scopes"":33,""call_collections_closed"":0,""call_collections_unresolved"":0,""call_memo_hits"":32,""solver_passes"":69,""solver_constraint_visits"":64,""occurs_steps"":0}"
jobs32,cache_population,workers-8,"[3083,3417,3542,3625,3641,4135,5123]","[4336,4353,4799,4883,5466,5611,6347]",1036832,2364,226596,0,"[954560,981984,981984,1036832,1036832,1036832,1146528]","[226596,226596,226596,226596,226596,226596,226596]","{""semantic_component_batches"":1,""semantic_component_jobs"":32,""max_semantic_component_workers"":8,""inference_regions"":66,""canonical_specialization_queries"":0,""canonical_specialization_hits"":0,""solver_requested_bytes"":103228,""solver_allocations"":486,""scratch_requested_bytes"":93624,""scratch_allocations"":404,""max_solver_live_bytes"":12124,""max_scratch_live_bytes"":13076,""evidence_import_solver_bytes"":0,""evidence_import_scratch_bytes"":128,""snapshot_copy_bytes"":196,""snapshot_copy_allocations"":8,""principal_copy_buffer_bytes"":0,""principal_copy_buffer_allocations"":0,""frozen_capture_temporary_bytes"":0,""frozen_capture_published_bytes"":0,""frozen_edge_scratch_bytes"":0,""region_scopes"":98,""max_region_scopes"":33,""call_collections_closed"":0,""call_collections_unresolved"":0,""call_memo_hits"":32,""solver_passes"":69,""solver_constraint_visits"":64,""occurs_steps"":0}"
jobs32,restart,baseline,"[1785,1847,1899,1908,1915,1968,1985]","[2516,2556,2576,2601,2624,2631,2757]",932820,1882,226596,0,"[932820,932820,932820,932820,932820,932820,932820]","[226596,226596,226596,226596,226596,226596,226596]","{""inference_regions"":66,""canonical_specialization_queries"":0,""canonical_specialization_hits"":0,""solver_requested_bytes"":103228,""solver_allocations"":486,""scratch_requested_bytes"":93624,""scratch_allocations"":404,""max_solver_live_bytes"":12124,""max_scratch_live_bytes"":13076,""evidence_import_solver_bytes"":0,""evidence_import_scratch_bytes"":128,""snapshot_copy_bytes"":196,""snapshot_copy_allocations"":8,""principal_copy_buffer_bytes"":0,""principal_copy_buffer_allocations"":0,""frozen_capture_temporary_bytes"":0,""frozen_capture_published_bytes"":0,""frozen_edge_scratch_bytes"":0,""region_scopes"":98,""max_region_scopes"":33,""call_collections_closed"":0,""call_collections_unresolved"":0,""call_memo_hits"":32,""solver_passes"":69,""solver_constraint_visits"":64,""occurs_steps"":0}"
jobs32,restart,default,"[1630,1765,1775,1788,1837,1839,1862]","[2420,2461,2512,2548,2559,2586,2768]",932818,1882,226596,0,"[932818,932818,932818,932818,932818,932818,932818]","[226596,226596,226596,226596,226596,226596,226596]","{""semantic_component_batches"":0,""semantic_component_jobs"":0,""max_semantic_component_workers"":0,""inference_regions"":66,""canonical_specialization_queries"":0,""canonical_specialization_hits"":0,""solver_requested_bytes"":103228,""solver_allocations"":486,""scratch_requested_bytes"":93624,""scratch_allocations"":404,""max_solver_live_bytes"":12124,""max_scratch_live_bytes"":13076,""evidence_import_solver_bytes"":0,""evidence_import_scratch_bytes"":128,""snapshot_copy_bytes"":196,""snapshot_copy_allocations"":8,""principal_copy_buffer_bytes"":0,""principal_copy_buffer_allocations"":0,""frozen_capture_temporary_bytes"":0,""frozen_capture_published_bytes"":0,""frozen_edge_scratch_bytes"":0,""region_scopes"":98,""max_region_scopes"":33,""call_collections_closed"":0,""call_collections_unresolved"":0,""call_memo_hits"":32,""solver_passes"":69,""solver_constraint_visits"":64,""occurs_steps"":0}"
jobs32,restart,workers-1,"[1738,1907,1935,1990,2057,2137,2281]","[2469,2635,2686,2757,2840,2935,2961]",966838,2370,226596,0,"[966838,966838,966838,966838,966838,966838,966838]","[226596,226596,226596,226596,226596,226596,226596]","{""semantic_component_batches"":1,""semantic_component_jobs"":32,""max_semantic_component_workers"":1,""inference_regions"":66,""canonical_specialization_queries"":0,""canonical_specialization_hits"":0,""solver_requested_bytes"":103228,""solver_allocations"":486,""scratch_requested_bytes"":93624,""scratch_allocations"":404,""max_solver_live_bytes"":12124,""max_scratch_live_bytes"":13076,""evidence_import_solver_bytes"":0,""evidence_import_scratch_bytes"":128,""snapshot_copy_bytes"":196,""snapshot_copy_allocations"":8,""principal_copy_buffer_bytes"":0,""principal_copy_buffer_allocations"":0,""frozen_capture_temporary_bytes"":0,""frozen_capture_published_bytes"":0,""frozen_edge_scratch_bytes"":0,""region_scopes"":98,""max_region_scopes"":33,""call_collections_closed"":0,""call_collections_unresolved"":0,""call_memo_hits"":32,""solver_passes"":69,""solver_constraint_visits"":64,""occurs_steps"":0}"
jobs32,restart,workers-2,"[2033,2064,2114,2157,2186,2255,2323]","[2672,2758,2781,2818,2944,3606,5819]",994262,2376,226596,0,"[994262,994262,994262,994262,994262,994262,994262]","[226596,226596,226596,226596,226596,226596,226596]","{""semantic_component_batches"":1,""semantic_component_jobs"":32,""max_semantic_component_workers"":2,""inference_regions"":66,""canonical_specialization_queries"":0,""canonical_specialization_hits"":0,""solver_requested_bytes"":103228,""solver_allocations"":486,""scratch_requested_bytes"":93624,""scratch_allocations"":404,""max_solver_live_bytes"":12124,""max_scratch_live_bytes"":13076,""evidence_import_solver_bytes"":0,""evidence_import_scratch_bytes"":128,""snapshot_copy_bytes"":196,""snapshot_copy_allocations"":8,""principal_copy_buffer_bytes"":0,""principal_copy_buffer_allocations"":0,""frozen_capture_temporary_bytes"":0,""frozen_capture_published_bytes"":0,""frozen_edge_scratch_bytes"":0,""region_scopes"":98,""max_region_scopes"":33,""call_collections_closed"":0,""call_collections_unresolved"":0,""call_memo_hits"":32,""solver_passes"":69,""solver_constraint_visits"":64,""occurs_steps"":0}"
jobs32,restart,workers-4,"[2394,2486,2582,2730,3015,3087,3586]","[2861,3046,3188,3424,3429,3761,3853]",1049110,2388,226596,0,"[1021686,1021686,1021686,1049110,1049110,1049110,1049110]","[226596,226596,226596,226596,226596,226596,226596]","{""semantic_component_batches"":1,""semantic_component_jobs"":32,""max_semantic_component_workers"":4,""inference_regions"":66,""canonical_specialization_queries"":0,""canonical_specialization_hits"":0,""solver_requested_bytes"":103228,""solver_allocations"":486,""scratch_requested_bytes"":93624,""scratch_allocations"":404,""max_solver_live_bytes"":12124,""max_scratch_live_bytes"":13076,""evidence_import_solver_bytes"":0,""evidence_import_scratch_bytes"":128,""snapshot_copy_bytes"":196,""snapshot_copy_allocations"":8,""principal_copy_buffer_bytes"":0,""principal_copy_buffer_allocations"":0,""frozen_capture_temporary_bytes"":0,""frozen_capture_published_bytes"":0,""frozen_edge_scratch_bytes"":0,""region_scopes"":98,""max_region_scopes"":33,""call_collections_closed"":0,""call_collections_unresolved"":0,""call_memo_hits"":32,""solver_passes"":69,""solver_constraint_visits"":64,""occurs_steps"":0}"
jobs32,restart,workers-8,"[2835,3251,3304,3487,3501,3720,4044]","[3426,3642,3650,3810,4011,4100,4728]",966838,2370,226596,0,"[966838,966838,966838,966838,1076534,1103958,1131382]","[226596,226596,226596,226596,226596,226596,226596]","{""semantic_component_batches"":1,""semantic_component_jobs"":32,""max_semantic_component_workers"":8,""inference_regions"":66,""canonical_specialization_queries"":0,""canonical_specialization_hits"":0,""solver_requested_bytes"":103228,""solver_allocations"":486,""scratch_requested_bytes"":93624,""scratch_allocations"":404,""max_solver_live_bytes"":12124,""max_scratch_live_bytes"":13076,""evidence_import_solver_bytes"":0,""evidence_import_scratch_bytes"":128,""snapshot_copy_bytes"":196,""snapshot_copy_allocations"":8,""principal_copy_buffer_bytes"":0,""principal_copy_buffer_allocations"":0,""frozen_capture_temporary_bytes"":0,""frozen_capture_published_bytes"":0,""frozen_edge_scratch_bytes"":0,""region_scopes"":98,""max_region_scopes"":33,""call_collections_closed"":0,""call_collections_unresolved"":0,""call_memo_hits"":32,""solver_passes"":69,""solver_constraint_visits"":64,""occurs_steps"":0}"
jobs128,population,baseline,"[3873,3889,3889,3936,3954,4098,4211]","[3867,3883,3885,3931,3945,4100,4207]",3447309,6034,885215,341928,"[3447309,3447309,3447309,3447309,3447309,3447309,3447309]","[885215,885215,885215,885215,885215,885215,885215]","{""inference_regions"":258,""canonical_specialization_queries"":0,""canonical_specialization_hits"":0,""solver_requested_bytes"":398316,""solver_allocations"":1849,""scratch_requested_bytes"":365612,""scratch_allocations"":1481,""max_solver_live_bytes"":35756,""max_scratch_live_bytes"":46712,""evidence_import_solver_bytes"":0,""evidence_import_scratch_bytes"":128,""snapshot_copy_bytes"":196,""snapshot_copy_allocations"":8,""principal_copy_buffer_bytes"":0,""principal_copy_buffer_allocations"":0,""frozen_capture_temporary_bytes"":0,""frozen_capture_published_bytes"":0,""frozen_edge_scratch_bytes"":0,""region_scopes"":386,""max_region_scopes"":129,""call_collections_closed"":0,""call_collections_unresolved"":0,""call_memo_hits"":128,""solver_passes"":261,""solver_constraint_visits"":256,""occurs_steps"":0}"
jobs128,population,default,"[3622,3625,3635,3653,3808,3889,3963]","[3615,3617,3627,3646,3799,3887,4393]",3447365,6034,885215,341928,"[3447365,3447365,3447365,3447365,3447365,3447365,3447365]","[885215,885215,885215,885215,885215,885215,885215]","{""semantic_component_batches"":0,""semantic_component_jobs"":0,""max_semantic_component_workers"":0,""inference_regions"":258,""canonical_specialization_queries"":0,""canonical_specialization_hits"":0,""solver_requested_bytes"":398316,""solver_allocations"":1849,""scratch_requested_bytes"":365612,""scratch_allocations"":1481,""max_solver_live_bytes"":35756,""max_scratch_live_bytes"":46712,""evidence_import_solver_bytes"":0,""evidence_import_scratch_bytes"":128,""snapshot_copy_bytes"":196,""snapshot_copy_allocations"":8,""principal_copy_buffer_bytes"":0,""principal_copy_buffer_allocations"":0,""frozen_capture_temporary_bytes"":0,""frozen_capture_published_bytes"":0,""frozen_edge_scratch_bytes"":0,""region_scopes"":386,""max_region_scopes"":129,""call_collections_closed"":0,""call_collections_unresolved"":0,""call_memo_hits"":128,""solver_passes"":261,""solver_constraint_visits"":256,""occurs_steps"":0}"
jobs128,population,workers-1,"[3951,4024,4031,4172,4175,4399,4556]","[3943,4016,4022,4166,4166,4402,4549]",3540845,7963,885215,341928,"[3540845,3540845,3540845,3540845,3540845,3540845,3540845]","[885215,885215,885215,885215,885215,885215,885215]","{""semantic_component_batches"":1,""semantic_component_jobs"":128,""max_semantic_component_workers"":1,""inference_regions"":258,""canonical_specialization_queries"":0,""canonical_specialization_hits"":0,""solver_requested_bytes"":398316,""solver_allocations"":1849,""scratch_requested_bytes"":365612,""scratch_allocations"":1481,""max_solver_live_bytes"":35756,""max_scratch_live_bytes"":46712,""evidence_import_solver_bytes"":0,""evidence_import_scratch_bytes"":128,""snapshot_copy_bytes"":196,""snapshot_copy_allocations"":8,""principal_copy_buffer_bytes"":0,""principal_copy_buffer_allocations"":0,""frozen_capture_temporary_bytes"":0,""frozen_capture_published_bytes"":0,""frozen_edge_scratch_bytes"":0,""region_scopes"":386,""max_region_scopes"":129,""call_collections_closed"":0,""call_collections_unresolved"":0,""call_memo_hits"":128,""solver_passes"":261,""solver_constraint_visits"":256,""occurs_steps"":0}"
jobs128,population,workers-2,"[4199,4280,4361,4372,4591,4632,4858]","[3930,3972,4089,4091,4289,4370,4400]",3592173,7968,885215,341928,"[3592173,3592173,3592173,3592173,3592173,3592173,3592173]","[885215,885215,885215,885215,885215,885215,885215]","{""semantic_component_batches"":1,""semantic_component_jobs"":128,""max_semantic_component_workers"":2,""inference_regions"":258,""canonical_specialization_queries"":0,""canonical_specialization_hits"":0,""solver_requested_bytes"":398316,""solver_allocations"":1849,""scratch_requested_bytes"":365612,""scratch_allocations"":1481,""max_solver_live_bytes"":35756,""max_scratch_live_bytes"":46712,""evidence_import_solver_bytes"":0,""evidence_import_scratch_bytes"":128,""snapshot_copy_bytes"":196,""snapshot_copy_allocations"":8,""principal_copy_buffer_bytes"":0,""principal_copy_buffer_allocations"":0,""frozen_capture_temporary_bytes"":0,""frozen_capture_published_bytes"":0,""frozen_edge_scratch_bytes"":0,""region_scopes"":386,""max_region_scopes"":129,""call_collections_closed"":0,""call_collections_unresolved"":0,""call_memo_hits"":128,""solver_passes"":261,""solver_constraint_visits"":256,""occurs_steps"":0}"
jobs128,population,workers-4,"[4659,4699,4842,5167,5184,5334,5588]","[4081,4107,4359,4512,4534,4565,4831]",3694829,7978,885215,341928,"[3694829,3694829,3694829,3694829,3694829,3694829,3694829]","[885215,885215,885215,885215,885215,885215,885215]","{""semantic_component_batches"":1,""semantic_component_jobs"":128,""max_semantic_component_workers"":4,""inference_regions"":258,""canonical_specialization_queries"":0,""canonical_specialization_hits"":0,""solver_requested_bytes"":398316,""solver_allocations"":1849,""scratch_requested_bytes"":365612,""scratch_allocations"":1481,""max_solver_live_bytes"":35756,""max_scratch_live_bytes"":46712,""evidence_import_solver_bytes"":0,""evidence_import_scratch_bytes"":128,""snapshot_copy_bytes"":196,""snapshot_copy_allocations"":8,""principal_copy_buffer_bytes"":0,""principal_copy_buffer_allocations"":0,""frozen_capture_temporary_bytes"":0,""frozen_capture_published_bytes"":0,""frozen_edge_scratch_bytes"":0,""region_scopes"":386,""max_region_scopes"":129,""call_collections_closed"":0,""call_collections_unresolved"":0,""call_memo_hits"":128,""solver_passes"":261,""solver_constraint_visits"":256,""occurs_steps"":0}"
jobs128,population,workers-8,"[5430,5680,5794,6073,6168,6340,7110]","[4773,4799,4896,5320,5563,5588,6221]",3694829,7978,885215,341928,"[3592173,3643501,3643501,3694829,3797485,3900141,3900141]","[885215,885215,885215,885215,885215,885215,885215]","{""semantic_component_batches"":1,""semantic_component_jobs"":128,""max_semantic_component_workers"":8,""inference_regions"":258,""canonical_specialization_queries"":0,""canonical_specialization_hits"":0,""solver_requested_bytes"":398316,""solver_allocations"":1849,""scratch_requested_bytes"":365612,""scratch_allocations"":1481,""max_solver_live_bytes"":35756,""max_scratch_live_bytes"":46712,""evidence_import_solver_bytes"":0,""evidence_import_scratch_bytes"":128,""snapshot_copy_bytes"":196,""snapshot_copy_allocations"":8,""principal_copy_buffer_bytes"":0,""principal_copy_buffer_allocations"":0,""frozen_capture_temporary_bytes"":0,""frozen_capture_published_bytes"":0,""frozen_edge_scratch_bytes"":0,""region_scopes"":386,""max_region_scopes"":129,""call_collections_closed"":0,""call_collections_unresolved"":0,""call_memo_hits"":128,""solver_passes"":261,""solver_constraint_visits"":256,""occurs_steps"":0}"
jobs128,edit,baseline,"[3050,3052,3054,3057,3057,3070,3071,3072,3073,3074,3075,3076,3081,3083,3084,3087,3090,3090,3095,3099,3101,3108,3108,3110,3111,3111,3115,3115,3116,3122,3131,3132,3135,3139,3146,3150,3155,3156,3159,3159,3162,3166,3167,3169,3177,3178,3179,3179,3179,3184,3186,3191,3196,3202,3204,3204,3204,3218,3220,3223,3229,3231,3233,3234,3238,3243,3248,3249,3249,3250,3251,3252,3254,3254,3256,3261,3266,3267,3270,3272,3273,3275,3276,3290,3298,3309,3316,3319,3321,3325,3336,3337,3351,3355,3355,3357,3361,3361,3367,3371,3377,3383,3392,3393,3394,3396,3408,3410,3412,3420,3440,3440,3500,3506,3519,3547,3547,3558,3619,3622,3651,3660,3696,3704,3707,3724,3725,3729,3730,3739,3799,3850,3921,4095,4599,4662,4921,5361,5425,10063]","[3050,3053,3058,3062,3069,3070,3071,3073,3073,3074,3074,3076,3081,3083,3084,3086,3090,3095,3097,3099,3101,3109,3109,3115,3115,3116,3116,3119,3123,3131,3132,3135,3139,3146,3150,3155,3156,3161,3161,3164,3167,3167,3170,3178,3179,3179,3179,3185,3185,3187,3191,3203,3204,3205,3205,3205,3218,3223,3225,3233,3234,3238,3243,3249,3249,3251,3251,3252,3254,3254,3254,3255,3256,3259,3266,3267,3267,3269,3271,3273,3280,3281,3299,3303,3310,3317,3318,3322,3325,3337,3338,3351,3354,3357,3358,3361,3361,3361,3376,3378,3379,3384,3393,3394,3394,3396,3408,3410,3413,3421,3440,3440,3501,3513,3519,3547,3548,3558,3619,3623,3652,3660,3704,3707,3713,3723,3725,3728,3731,3739,3799,3850,3921,4116,4599,4927,5362,5452,5997,10064]",3806140.0,6859.0,1227039.0,341976.0,"[3806140,3806140,3806140,3806140,3806140,3806140,3806140,3806140,3806140,3806140,3806140,3806140,3806140,3806140,3806140,3806140,3806140,3806140,3806140,3806140,3806140,3806140,3806140,3806140,3806140,3806140,3806140,3806140,3806140,3806140,3806140,3806140,3806140,3806140,3806140,3806140,3806140,3806140,3806140,3806140,3806140,3806140,3806140,3806140,3806140,3806140,3806140,3806140,3806140,3806140,3806140,3806140,3806140,3806140,3806140,3806140,3806140,3806140,3806140,3806140,3806140,3806140,3806140,3806140,3806140,3806140,3806140,3806140,3806140,3806140,3806140,3806140,3806140,3806140,3806140,3806140,3806140,3806140,3806140,3806140,3806140,3806140,3806140,3806140,3806140,3806140,3806140,3806140,3806140,3806140,3806140,3806140,3806140,3806140,3806140,3806140,3806140,3806140,3806140,3806140,3806140,3806140,3806140,3806140,3806140,3806140,3806140,3806140,3806140,3806140,3806140,3806140,3806140,3806140,3806140,3806140,3806140,3806140,3806140,3806140,3806140,3806140,3806140,3806140,3806140,3806140,3806140,3806140,3806140,3806140,3806140,3806140,3806140,3806140,3806140,3806140,3806140,3806140,3806140,3806140]","[1227039,1227039,1227039,1227039,1227039,1227039,1227039,1227039,1227039,1227039,1227039,1227039,1227039,1227039,1227039,1227039,1227039,1227039,1227039,1227039,1227039,1227039,1227039,1227039,1227039,1227039,1227039,1227039,1227039,1227039,1227039,1227039,1227039,1227039,1227039,1227039,1227039,1227039,1227039,1227039,1227039,1227039,1227039,1227039,1227039,1227039,1227039,1227039,1227039,1227039,1227039,1227039,1227039,1227039,1227039,1227039,1227039,1227039,1227039,1227039,1227039,1227039,1227039,1227039,1227039,1227039,1227039,1227039,1227039,1227039,1227039,1227039,1227039,1227039,1227039,1227039,1227039,1227039,1227039,1227039,1227039,1227039,1227039,1227039,1227039,1227039,1227039,1227039,1227039,1227039,1227039,1227039,1227039,1227039,1227039,1227039,1227039,1227039,1227039,1227039,1227039,1227039,1227039,1227039,1227039,1227039,1227039,1227039,1227039,1227039,1227039,1227039,1227039,1227039,1227039,1227039,1227039,1227039,1227039,1227039,1227039,1227039,1227039,1227039,1227039,1227039,1227039,1227039,1227039,1227039,1227039,1227039,1227039,1227039,1227039,1227039,1227039,1227039,1227039,1227039]","{""inference_regions"":258,""canonical_specialization_queries"":0,""canonical_specialization_hits"":0,""solver_requested_bytes"":398316,""solver_allocations"":1849,""scratch_requested_bytes"":365612,""scratch_allocations"":1481,""max_solver_live_bytes"":35756,""max_scratch_live_bytes"":46712,""evidence_import_solver_bytes"":0,""evidence_import_scratch_bytes"":128,""snapshot_copy_bytes"":196,""snapshot_copy_allocations"":8,""principal_copy_buffer_bytes"":0,""principal_copy_buffer_allocations"":0,""frozen_capture_temporary_bytes"":0,""frozen_capture_published_bytes"":0,""frozen_edge_scratch_bytes"":0,""region_scopes"":386,""max_region_scopes"":129,""call_collections_closed"":0,""call_collections_unresolved"":0,""call_memo_hits"":128,""solver_passes"":261,""solver_constraint_visits"":256,""occurs_steps"":0}"
jobs128,edit,default,"[2998,3015,3016,3018,3025,3029,3034,3036,3038,3038,3043,3044,3044,3044,3045,3046,3048,3049,3052,3052,3052,3053,3057,3058,3059,3059,3060,3061,3063,3063,3064,3064,3067,3068,3070,3073,3075,3080,3082,3083,3083,3091,3092,3094,3095,3098,3100,3104,3109,3112,3112,3126,3128,3130,3135,3138,3142,3142,3145,3145,3145,3147,3149,3152,3152,3154,3156,3158,3163,3164,3168,3170,3173,3182,3184,3189,3196,3198,3198,3203,3204,3212,3222,3223,3226,3227,3227,3229,3236,3237,3242,3242,3248,3249,3253,3254,3259,3273,3278,3290,3292,3301,3316,3318,3319,3339,3348,3355,3362,3380,3383,3388,3393,3395,3395,3400,3402,3423,3448,3448,3463,3464,3472,3480,3485,3530,3594,3601,3607,3659,3662,3677,3679,3770,3869,3949,3984,4173,4723,6059]","[2997,3016,3017,3018,3025,3030,3034,3036,3038,3038,3044,3044,3045,3045,3046,3047,3048,3052,3052,3052,3053,3058,3058,3059,3060,3062,3063,3063,3064,3064,3064,3067,3069,3070,3072,3073,3080,3080,3082,3083,3084,3090,3092,3094,3095,3098,3101,3104,3110,3112,3112,3127,3128,3135,3136,3138,3142,3143,3145,3145,3147,3150,3150,3152,3153,3153,3156,3158,3163,3163,3168,3170,3174,3182,3184,3189,3197,3198,3198,3202,3203,3212,3222,3223,3226,3226,3228,3229,3237,3237,3242,3242,3248,3249,3254,3255,3260,3277,3277,3290,3292,3302,3316,3318,3319,3340,3348,3355,3362,3380,3388,3393,3395,3396,3400,3402,3406,3423,3447,3448,3465,3468,3472,3481,3485,3531,3594,3601,3607,3660,3662,3678,3706,3770,3869,3949,3984,4173,4724,6059]",3806196.0,6859.0,1227039.0,341976.0,"[3806196,3806196,3806196,3806196,3806196,3806196,3806196,3806196,3806196,3806196,3806196,3806196,3806196,3806196,3806196,3806196,3806196,3806196,3806196,3806196,3806196,3806196,3806196,3806196,3806196,3806196,3806196,3806196,3806196,3806196,3806196,3806196,3806196,3806196,3806196,3806196,3806196,3806196,3806196,3806196,3806196,3806196,3806196,3806196,3806196,3806196,3806196,3806196,3806196,3806196,3806196,3806196,3806196,3806196,3806196,3806196,3806196,3806196,3806196,3806196,3806196,3806196,3806196,3806196,3806196,3806196,3806196,3806196,3806196,3806196,3806196,3806196,3806196,3806196,3806196,3806196,3806196,3806196,3806196,3806196,3806196,3806196,3806196,3806196,3806196,3806196,3806196,3806196,3806196,3806196,3806196,3806196,3806196,3806196,3806196,3806196,3806196,3806196,3806196,3806196,3806196,3806196,3806196,3806196,3806196,3806196,3806196,3806196,3806196,3806196,3806196,3806196,3806196,3806196,3806196,3806196,3806196,3806196,3806196,3806196,3806196,3806196,3806196,3806196,3806196,3806196,3806196,3806196,3806196,3806196,3806196,3806196,3806196,3806196,3806196,3806196,3806196,3806196,3806196,3806196]","[1227039,1227039,1227039,1227039,1227039,1227039,1227039,1227039,1227039,1227039,1227039,1227039,1227039,1227039,1227039,1227039,1227039,1227039,1227039,1227039,1227039,1227039,1227039,1227039,1227039,1227039,1227039,1227039,1227039,1227039,1227039,1227039,1227039,1227039,1227039,1227039,1227039,1227039,1227039,1227039,1227039,1227039,1227039,1227039,1227039,1227039,1227039,1227039,1227039,1227039,1227039,1227039,1227039,1227039,1227039,1227039,1227039,1227039,1227039,1227039,1227039,1227039,1227039,1227039,1227039,1227039,1227039,1227039,1227039,1227039,1227039,1227039,1227039,1227039,1227039,1227039,1227039,1227039,1227039,1227039,1227039,1227039,1227039,1227039,1227039,1227039,1227039,1227039,1227039,1227039,1227039,1227039,1227039,1227039,1227039,1227039,1227039,1227039,1227039,1227039,1227039,1227039,1227039,1227039,1227039,1227039,1227039,1227039,1227039,1227039,1227039,1227039,1227039,1227039,1227039,1227039,1227039,1227039,1227039,1227039,1227039,1227039,1227039,1227039,1227039,1227039,1227039,1227039,1227039,1227039,1227039,1227039,1227039,1227039,1227039,1227039,1227039,1227039,1227039,1227039]","{""semantic_component_batches"":0,""semantic_component_jobs"":0,""max_semantic_component_workers"":0,""inference_regions"":258,""canonical_specialization_queries"":0,""canonical_specialization_hits"":0,""solver_requested_bytes"":398316,""solver_allocations"":1849,""scratch_requested_bytes"":365612,""scratch_allocations"":1481,""max_solver_live_bytes"":35756,""max_scratch_live_bytes"":46712,""evidence_import_solver_bytes"":0,""evidence_import_scratch_bytes"":128,""snapshot_copy_bytes"":196,""snapshot_copy_allocations"":8,""principal_copy_buffer_bytes"":0,""principal_copy_buffer_allocations"":0,""frozen_capture_temporary_bytes"":0,""frozen_capture_published_bytes"":0,""frozen_edge_scratch_bytes"":0,""region_scopes"":386,""max_region_scopes"":129,""call_collections_closed"":0,""call_collections_unresolved"":0,""call_memo_hits"":128,""solver_passes"":261,""solver_constraint_visits"":256,""occurs_steps"":0}"
jobs128,edit,workers-1,"[3380,3383,3393,3400,3407,3410,3413,3414,3428,3443,3480,3496,3503,3503,3514,3520,3522,3528,3529,3533,3535,3542,3550,3551,3555,3558,3558,3560,3562,3564,3566,3566,3570,3579,3580,3582,3589,3595,3602,3605,3635,3636,3640,3644,3645,3649,3649,3651,3657,3659,3676,3686,3687,3694,3697,3709,3730,3734,3740,3742,3743,3744,3748,3753,3754,3760,3772,3774,3776,3785,3787,3790,3790,3792,3810,3813,3817,3821,3824,3835,3859,3862,3865,3874,3878,3879,3887,3888,3891,3895,3900,3913,3917,3924,3928,3946,3950,3969,3970,3980,3992,4018,4026,4039,4040,4045,4048,4050,4061,4067,4067,4071,4077,4079,4089,4098,4141,4171,4210,4255,4257,4262,4265,4268,4278,4324,4337,4342,4343,4348,4388,4416,4500,4568,4830,4864,4892,4985,5147,5320]","[3382,3384,3394,3400,3407,3412,3413,3414,3428,3443,3481,3496,3503,3503,3514,3521,3522,3528,3530,3534,3535,3543,3551,3552,3555,3558,3559,3560,3562,3564,3570,3572,3576,3579,3580,3583,3590,3596,3603,3605,3635,3636,3640,3645,3646,3649,3649,3651,3658,3660,3676,3686,3688,3694,3697,3710,3730,3740,3742,3743,3744,3749,3753,3754,3755,3761,3772,3774,3776,3786,3787,3789,3790,3792,3810,3813,3817,3822,3825,3836,3859,3862,3865,3875,3878,3879,3887,3889,3891,3895,3900,3913,3917,3925,3928,3947,3950,3970,3971,3980,3992,4018,4026,4039,4041,4045,4049,4050,4060,4067,4068,4071,4078,4079,4089,4099,4140,4171,4210,4256,4258,4262,4264,4268,4278,4324,4337,4343,4343,4349,4389,4415,4501,4569,4832,4865,4891,5003,5148,5320]",3899676.0,8788.0,1227039.0,341976.0,"[3899676,3899676,3899676,3899676,3899676,3899676,3899676,3899676,3899676,3899676,3899676,3899676,3899676,3899676,3899676,3899676,3899676,3899676,3899676,3899676,3899676,3899676,3899676,3899676,3899676,3899676,3899676,3899676,3899676,3899676,3899676,3899676,3899676,3899676,3899676,3899676,3899676,3899676,3899676,3899676,3899676,3899676,3899676,3899676,3899676,3899676,3899676,3899676,3899676,3899676,3899676,3899676,3899676,3899676,3899676,3899676,3899676,3899676,3899676,3899676,3899676,3899676,3899676,3899676,3899676,3899676,3899676,3899676,3899676,3899676,3899676,3899676,3899676,3899676,3899676,3899676,3899676,3899676,3899676,3899676,3899676,3899676,3899676,3899676,3899676,3899676,3899676,3899676,3899676,3899676,3899676,3899676,3899676,3899676,3899676,3899676,3899676,3899676,3899676,3899676,3899676,3899676,3899676,3899676,3899676,3899676,3899676,3899676,3899676,3899676,3899676,3899676,3899676,3899676,3899676,3899676,3899676,3899676,3899676,3899676,3899676,3899676,3899676,3899676,3899676,3899676,3899676,3899676,3899676,3899676,3899676,3899676,3899676,3899676,3899676,3899676,3899676,3899676,3899676,3899676]","[1227039,1227039,1227039,1227039,1227039,1227039,1227039,1227039,1227039,1227039,1227039,1227039,1227039,1227039,1227039,1227039,1227039,1227039,1227039,1227039,1227039,1227039,1227039,1227039,1227039,1227039,1227039,1227039,1227039,1227039,1227039,1227039,1227039,1227039,1227039,1227039,1227039,1227039,1227039,1227039,1227039,1227039,1227039,1227039,1227039,1227039,1227039,1227039,1227039,1227039,1227039,1227039,1227039,1227039,1227039,1227039,1227039,1227039,1227039,1227039,1227039,1227039,1227039,1227039,1227039,1227039,1227039,1227039,1227039,1227039,1227039,1227039,1227039,1227039,1227039,1227039,1227039,1227039,1227039,1227039,1227039,1227039,1227039,1227039,1227039,1227039,1227039,1227039,1227039,1227039,1227039,1227039,1227039,1227039,1227039,1227039,1227039,1227039,1227039,1227039,1227039,1227039,1227039,1227039,1227039,1227039,1227039,1227039,1227039,1227039,1227039,1227039,1227039,1227039,1227039,1227039,1227039,1227039,1227039,1227039,1227039,1227039,1227039,1227039,1227039,1227039,1227039,1227039,1227039,1227039,1227039,1227039,1227039,1227039,1227039,1227039,1227039,1227039,1227039,1227039]","{""semantic_component_batches"":1,""semantic_component_jobs"":128,""max_semantic_component_workers"":1,""inference_regions"":258,""canonical_specialization_queries"":0,""canonical_specialization_hits"":0,""solver_requested_bytes"":398316,""solver_allocations"":1849,""scratch_requested_bytes"":365612,""scratch_allocations"":1481,""max_solver_live_bytes"":35756,""max_scratch_live_bytes"":46712,""evidence_import_solver_bytes"":0,""evidence_import_scratch_bytes"":128,""snapshot_copy_bytes"":196,""snapshot_copy_allocations"":8,""principal_copy_buffer_bytes"":0,""principal_copy_buffer_allocations"":0,""frozen_capture_temporary_bytes"":0,""frozen_capture_published_bytes"":0,""frozen_edge_scratch_bytes"":0,""region_scopes"":386,""max_region_scopes"":129,""call_collections_closed"":0,""call_collections_unresolved"":0,""call_memo_hits"":128,""solver_passes"":261,""solver_constraint_visits"":256,""occurs_steps"":0}"
jobs128,edit,workers-2,"[3475,3486,3486,3509,3514,3523,3524,3545,3548,3551,3559,3564,3564,3564,3565,3565,3567,3573,3575,3575,3581,3582,3584,3588,3595,3605,3613,3614,3614,3625,3634,3634,3649,3651,3652,3660,3666,3666,3682,3685,3693,3693,3693,3697,3699,3700,3701,3706,3712,3714,3716,3718,3719,3720,3720,3725,3727,3727,3729,3730,3732,3741,3741,3749,3749,3753,3757,3760,3762,3767,3767,3771,3779,3783,3787,3791,3793,3799,3806,3828,3842,3848,3853,3859,3889,3933,3950,3950,3953,3973,3974,3976,3985,3989,3999,4002,4015,4015,4021,4037,4042,4046,4050,4086,4095,4102,4108,4123,4139,4157,4185,4185,4190,4221,4223,4253,4272,4281,4285,4333,4338,4345,4351,4368,4385,4458,4512,4560,4625,4709,4733,4785,5083,5158,5236,5260,5613,5841,6637,6746]","[3269,3279,3280,3302,3306,3310,3311,3311,3325,3326,3333,3335,3337,3340,3348,3356,3357,3357,3359,3360,3360,3363,3365,3367,3368,3373,3375,3379,3379,3384,3389,3402,3404,3418,3418,3422,3425,3427,3429,3439,3447,3447,3462,3462,3469,3473,3474,3478,3478,3487,3488,3488,3490,3490,3491,3493,3498,3503,3507,3508,3509,3511,3513,3522,3523,3532,3534,3536,3536,3538,3540,3540,3543,3544,3544,3546,3568,3576,3581,3583,3600,3621,3631,3636,3640,3642,3671,3689,3693,3700,3702,3714,3727,3734,3735,3751,3755,3759,3767,3773,3781,3785,3786,3787,3809,3810,3820,3823,3848,3868,3882,3889,3901,3913,3941,3942,3966,3988,4010,4016,4031,4064,4065,4095,4162,4199,4203,4229,4296,4330,4349,4490,4556,4862,4900,4978,5409,5428,6271,6541]",3951004.0,8793.0,1227039.0,341976.0,"[3951004,3951004,3951004,3951004,3951004,3951004,3951004,3951004,3951004,3951004,3951004,3951004,3951004,3951004,3951004,3951004,3951004,3951004,3951004,3951004,3951004,3951004,3951004,3951004,3951004,3951004,3951004,3951004,3951004,3951004,3951004,3951004,3951004,3951004,3951004,3951004,3951004,3951004,3951004,3951004,3951004,3951004,3951004,3951004,3951004,3951004,3951004,3951004,3951004,3951004,3951004,3951004,3951004,3951004,3951004,3951004,3951004,3951004,3951004,3951004,3951004,3951004,3951004,3951004,3951004,3951004,3951004,3951004,3951004,3951004,3951004,3951004,3951004,3951004,3951004,3951004,3951004,3951004,3951004,3951004,3951004,3951004,3951004,3951004,3951004,3951004,3951004,3951004,3951004,3951004,3951004,3951004,3951004,3951004,3951004,3951004,3951004,3951004,3951004,3951004,3951004,3951004,3951004,3951004,3951004,3951004,3951004,3951004,3951004,3951004,3951004,3951004,3951004,3951004,3951004,3951004,3951004,3951004,3951004,3951004,3951004,3951004,3951004,3951004,3951004,3951004,3951004,3951004,3951004,3951004,3951004,3951004,3951004,3951004,3951004,3951004,3951004,3951004,3951004,3951004]","[1227039,1227039,1227039,1227039,1227039,1227039,1227039,1227039,1227039,1227039,1227039,1227039,1227039,1227039,1227039,1227039,1227039,1227039,1227039,1227039,1227039,1227039,1227039,1227039,1227039,1227039,1227039,1227039,1227039,1227039,1227039,1227039,1227039,1227039,1227039,1227039,1227039,1227039,1227039,1227039,1227039,1227039,1227039,1227039,1227039,1227039,1227039,1227039,1227039,1227039,1227039,1227039,1227039,1227039,1227039,1227039,1227039,1227039,1227039,1227039,1227039,1227039,1227039,1227039,1227039,1227039,1227039,1227039,1227039,1227039,1227039,1227039,1227039,1227039,1227039,1227039,1227039,1227039,1227039,1227039,1227039,1227039,1227039,1227039,1227039,1227039,1227039,1227039,1227039,1227039,1227039,1227039,1227039,1227039,1227039,1227039,1227039,1227039,1227039,1227039,1227039,1227039,1227039,1227039,1227039,1227039,1227039,1227039,1227039,1227039,1227039,1227039,1227039,1227039,1227039,1227039,1227039,1227039,1227039,1227039,1227039,1227039,1227039,1227039,1227039,1227039,1227039,1227039,1227039,1227039,1227039,1227039,1227039,1227039,1227039,1227039,1227039,1227039,1227039,1227039]","{""semantic_component_batches"":1,""semantic_component_jobs"":128,""max_semantic_component_workers"":2,""inference_regions"":258,""canonical_specialization_queries"":0,""canonical_specialization_hits"":0,""solver_requested_bytes"":398316,""solver_allocations"":1849,""scratch_requested_bytes"":365612,""scratch_allocations"":1481,""max_solver_live_bytes"":35756,""max_scratch_live_bytes"":46712,""evidence_import_solver_bytes"":0,""evidence_import_scratch_bytes"":128,""snapshot_copy_bytes"":196,""snapshot_copy_allocations"":8,""principal_copy_buffer_bytes"":0,""principal_copy_buffer_allocations"":0,""frozen_capture_temporary_bytes"":0,""frozen_capture_published_bytes"":0,""frozen_edge_scratch_bytes"":0,""region_scopes"":386,""max_region_scopes"":129,""call_collections_closed"":0,""call_collections_unresolved"":0,""call_memo_hits"":128,""solver_passes"":261,""solver_constraint_visits"":256,""occurs_steps"":0}"
jobs128,edit,workers-4,"[3501,3599,3623,3631,3634,3643,3644,3658,3659,3660,3663,3672,3676,3676,3678,3682,3703,3706,3709,3709,3711,3717,3719,3724,3730,3731,3736,3741,3744,3761,3763,3772,3776,3781,3784,3788,3805,3806,3811,3815,3835,3837,3847,3860,3876,3879,3881,3884,3887,3891,3894,3918,3923,3923,3928,3937,3940,3948,3958,3962,3967,3979,3980,3984,3986,3991,4000,4005,4010,4010,4010,4013,4017,4027,4036,4039,4040,4051,4055,4058,4073,4081,4083,4084,4095,4096,4112,4116,4123,4132,4136,4157,4160,4177,4188,4204,4208,4218,4221,4228,4242,4247,4250,4261,4262,4282,4295,4300,4315,4315,4317,4319,4324,4334,4339,4364,4378,4385,4399,4402,4403,4404,4416,4435,4492,4529,4534,4592,4593,4599,4652,4826,4971,5105,6185,6371,6772,8012,13063,15460]","[3192,3205,3219,3234,3235,3249,3251,3253,3257,3266,3267,3271,3273,3281,3293,3295,3297,3297,3301,3304,3306,3311,3317,3328,3328,3329,3342,3344,3346,3348,3348,3353,3356,3361,3362,3363,3368,3372,3381,3385,3390,3398,3405,3416,3418,3419,3443,3443,3445,3454,3455,3461,3463,3463,3465,3465,3470,3472,3484,3491,3492,3494,3495,3499,3501,3505,3505,3507,3518,3522,3523,3525,3538,3542,3570,3570,3574,3576,3585,3589,3593,3597,3601,3606,3624,3628,3631,3634,3640,3641,3651,3660,3661,3665,3666,3672,3683,3686,3694,3713,3721,3745,3751,3757,3758,3779,3785,3791,3792,3792,3800,3805,3811,3833,3836,3856,3867,3904,3932,3934,3941,3961,3974,3977,3990,3999,4037,4042,4050,4169,4178,4222,4478,4674,5483,5796,6290,7494,12383,14949]",4053660.0,8803.0,1227039.0,341976.0,"[4002332,4002332,4002332,4002332,4002332,4002332,4002332,4002332,4002332,4002332,4002332,4002332,4053660,4053660,4053660,4053660,4053660,4053660,4053660,4053660,4053660,4053660,4053660,4053660,4053660,4053660,4053660,4053660,4053660,4053660,4053660,4053660,4053660,4053660,4053660,4053660,4053660,4053660,4053660,4053660,4053660,4053660,4053660,4053660,4053660,4053660,4053660,4053660,4053660,4053660,4053660,4053660,4053660,4053660,4053660,4053660,4053660,4053660,4053660,4053660,4053660,4053660,4053660,4053660,4053660,4053660,4053660,4053660,4053660,4053660,4053660,4053660,4053660,4053660,4053660,4053660,4053660,4053660,4053660,4053660,4053660,4053660,4053660,4053660,4053660,4053660,4053660,4053660,4053660,4053660,4053660,4053660,4053660,4053660,4053660,4053660,4053660,4053660,4053660,4053660,4053660,4053660,4053660,4053660,4053660,4053660,4053660,4053660,4053660,4053660,4053660,4053660,4053660,4053660,4053660,4053660,4053660,4053660,4053660,4053660,4053660,4053660,4053660,4053660,4053660,4053660,4053660,4053660,4053660,4053660,4053660,4053660,4053660,4053660,4053660,4053660,4053660,4053660,4053660,4053660]","[1227039,1227039,1227039,1227039,1227039,1227039,1227039,1227039,1227039,1227039,1227039,1227039,1227039,1227039,1227039,1227039,1227039,1227039,1227039,1227039,1227039,1227039,1227039,1227039,1227039,1227039,1227039,1227039,1227039,1227039,1227039,1227039,1227039,1227039,1227039,1227039,1227039,1227039,1227039,1227039,1227039,1227039,1227039,1227039,1227039,1227039,1227039,1227039,1227039,1227039,1227039,1227039,1227039,1227039,1227039,1227039,1227039,1227039,1227039,1227039,1227039,1227039,1227039,1227039,1227039,1227039,1227039,1227039,1227039,1227039,1227039,1227039,1227039,1227039,1227039,1227039,1227039,1227039,1227039,1227039,1227039,1227039,1227039,1227039,1227039,1227039,1227039,1227039,1227039,1227039,1227039,1227039,1227039,1227039,1227039,1227039,1227039,1227039,1227039,1227039,1227039,1227039,1227039,1227039,1227039,1227039,1227039,1227039,1227039,1227039,1227039,1227039,1227039,1227039,1227039,1227039,1227039,1227039,1227039,1227039,1227039,1227039,1227039,1227039,1227039,1227039,1227039,1227039,1227039,1227039,1227039,1227039,1227039,1227039,1227039,1227039,1227039,1227039,1227039,1227039]","{""semantic_component_batches"":1,""semantic_component_jobs"":128,""max_semantic_component_workers"":4,""inference_regions"":258,""canonical_specialization_queries"":0,""canonical_specialization_hits"":0,""solver_requested_bytes"":398316,""solver_allocations"":1849,""scratch_requested_bytes"":365612,""scratch_allocations"":1481,""max_solver_live_bytes"":35756,""max_scratch_live_bytes"":46712,""evidence_import_solver_bytes"":0,""evidence_import_scratch_bytes"":128,""snapshot_copy_bytes"":196,""snapshot_copy_allocations"":8,""principal_copy_buffer_bytes"":0,""principal_copy_buffer_allocations"":0,""frozen_capture_temporary_bytes"":0,""frozen_capture_published_bytes"":0,""frozen_edge_scratch_bytes"":0,""region_scopes"":386,""max_region_scopes"":129,""call_collections_closed"":0,""call_collections_unresolved"":0,""call_memo_hits"":128,""solver_passes"":261,""solver_constraint_visits"":256,""occurs_steps"":0}"
jobs128,edit,workers-8,"[3707,3837,3850,3862,3882,3891,3915,3920,3934,3941,3947,3959,3969,3979,3992,3996,4031,4031,4039,4040,4071,4073,4082,4107,4110,4118,4121,4123,4129,4139,4143,4148,4150,4157,4157,4157,4170,4172,4182,4188,4197,4204,4206,4207,4212,4215,4215,4216,4217,4228,4232,4239,4241,4245,4249,4251,4257,4267,4293,4306,4335,4342,4355,4355,4356,4359,4359,4361,4365,4365,4369,4379,4380,4384,4386,4392,4408,4410,4412,4414,4415,4419,4430,4431,4434,4456,4465,4473,4485,4502,4515,4518,4521,4522,4523,4536,4550,4550,4551,4555,4586,4597,4608,4609,4616,4635,4636,4638,4639,4657,4667,4671,4696,4699,4715,4719,4800,4806,4842,4857,4862,4869,4905,4975,4982,5024,5137,5266,5267,5372,5504,5545,5546,5818,5845,6085,6267,6355,8028,12006]","[3216,3237,3293,3327,3331,3344,3346,3359,3360,3375,3384,3384,3398,3399,3405,3414,3416,3436,3439,3444,3444,3445,3447,3457,3462,3462,3462,3464,3464,3467,3471,3471,3491,3492,3495,3495,3505,3509,3519,3525,3525,3527,3540,3555,3559,3560,3567,3568,3575,3576,3576,3578,3589,3591,3591,3593,3593,3606,3610,3611,3627,3630,3633,3636,3637,3640,3647,3651,3651,3659,3664,3667,3671,3673,3687,3694,3698,3700,3710,3721,3723,3723,3732,3734,3736,3737,3744,3755,3755,3757,3759,3773,3777,3777,3781,3797,3800,3802,3803,3812,3851,3866,3871,3880,3883,3886,3892,3897,3902,3914,3914,3914,3937,3940,3981,4008,4013,4018,4047,4061,4074,4078,4187,4205,4209,4223,4302,4318,4340,4522,4644,4699,4785,4899,5112,5382,5395,5548,5754,8143]",4258972.0,8823.0,1227039.0,341976.0,"[4002332,4053660,4053660,4053660,4053660,4104988,4104988,4156316,4156316,4156316,4156316,4207644,4207644,4207644,4207644,4207644,4207644,4207644,4207644,4207644,4207644,4207644,4207644,4207644,4207644,4207644,4207644,4207644,4207644,4207644,4207644,4258972,4258972,4258972,4258972,4258972,4258972,4258972,4258972,4258972,4258972,4258972,4258972,4258972,4258972,4258972,4258972,4258972,4258972,4258972,4258972,4258972,4258972,4258972,4258972,4258972,4258972,4258972,4258972,4258972,4258972,4258972,4258972,4258972,4258972,4258972,4258972,4258972,4258972,4258972,4258972,4258972,4258972,4258972,4258972,4258972,4258972,4258972,4258972,4258972,4258972,4258972,4258972,4258972,4258972,4258972,4258972,4258972,4258972,4258972,4258972,4258972,4258972,4258972,4258972,4258972,4258972,4258972,4258972,4258972,4258972,4258972,4258972,4258972,4258972,4258972,4258972,4258972,4258972,4258972,4258972,4258972,4258972,4258972,4258972,4258972,4258972,4258972,4258972,4258972,4258972,4258972,4258972,4258972,4258972,4258972,4258972,4258972,4258972,4258972,4258972,4258972,4258972,4258972,4258972,4258972,4258972,4258972,4258972,4258972]","[1227039,1227039,1227039,1227039,1227039,1227039,1227039,1227039,1227039,1227039,1227039,1227039,1227039,1227039,1227039,1227039,1227039,1227039,1227039,1227039,1227039,1227039,1227039,1227039,1227039,1227039,1227039,1227039,1227039,1227039,1227039,1227039,1227039,1227039,1227039,1227039,1227039,1227039,1227039,1227039,1227039,1227039,1227039,1227039,1227039,1227039,1227039,1227039,1227039,1227039,1227039,1227039,1227039,1227039,1227039,1227039,1227039,1227039,1227039,1227039,1227039,1227039,1227039,1227039,1227039,1227039,1227039,1227039,1227039,1227039,1227039,1227039,1227039,1227039,1227039,1227039,1227039,1227039,1227039,1227039,1227039,1227039,1227039,1227039,1227039,1227039,1227039,1227039,1227039,1227039,1227039,1227039,1227039,1227039,1227039,1227039,1227039,1227039,1227039,1227039,1227039,1227039,1227039,1227039,1227039,1227039,1227039,1227039,1227039,1227039,1227039,1227039,1227039,1227039,1227039,1227039,1227039,1227039,1227039,1227039,1227039,1227039,1227039,1227039,1227039,1227039,1227039,1227039,1227039,1227039,1227039,1227039,1227039,1227039,1227039,1227039,1227039,1227039,1227039,1227039]","{""semantic_component_batches"":1,""semantic_component_jobs"":128,""max_semantic_component_workers"":8,""inference_regions"":258,""canonical_specialization_queries"":0,""canonical_specialization_hits"":0,""solver_requested_bytes"":398316,""solver_allocations"":1849,""scratch_requested_bytes"":365612,""scratch_allocations"":1481,""max_solver_live_bytes"":35756,""max_scratch_live_bytes"":46712,""evidence_import_solver_bytes"":0,""evidence_import_scratch_bytes"":128,""snapshot_copy_bytes"":196,""snapshot_copy_allocations"":8,""principal_copy_buffer_bytes"":0,""principal_copy_buffer_allocations"":0,""frozen_capture_temporary_bytes"":0,""frozen_capture_published_bytes"":0,""frozen_edge_scratch_bytes"":0,""region_scopes"":386,""max_region_scopes"":129,""call_collections_closed"":0,""call_collections_unresolved"":0,""call_memo_hits"":128,""solver_passes"":261,""solver_constraint_visits"":256,""occurs_steps"":0}"
jobs128,revert,baseline,"[3045,3052,3055,3060,3065,3067,3070,3070,3072,3074,3078,3081,3089,3089,3093,3097,3098,3099,3099,3100,3103,3103,3105,3105,3105,3106,3106,3111,3112,3114,3118,3120,3125,3128,3130,3131,3132,3140,3143,3144,3146,3148,3152,3154,3154,3155,3161,3165,3169,3170,3171,3175,3177,3179,3181,3182,3184,3185,3193,3199,3200,3208,3209,3209,3210,3211,3211,3211,3211,3222,3223,3224,3226,3231,3238,3239,3246,3250,3254,3257,3271,3271,3273,3280,3282,3290,3297,3301,3307,3308,3309,3311,3320,3327,3328,3329,3330,3331,3338,3342,3343,3343,3347,3350,3355,3388,3388,3401,3406,3409,3415,3421,3422,3428,3440,3444,3538,3557,3580,3596,3602,3622,3629,3662,3672,3757,3759,3810,3981,4105,4128,4179,4198,4223,4692,5526,6622,6665,11128,13050]","[3045,3053,3055,3061,3064,3068,3071,3071,3073,3074,3078,3085,3088,3089,3094,3097,3099,3099,3099,3100,3104,3105,3106,3106,3106,3107,3111,3112,3112,3114,3119,3120,3124,3131,3133,3135,3141,3142,3145,3145,3149,3150,3152,3155,3159,3162,3166,3171,3175,3176,3177,3177,3178,3182,3182,3185,3189,3193,3199,3200,3208,3209,3210,3211,3211,3211,3215,3222,3223,3225,3227,3231,3239,3239,3242,3246,3250,3253,3257,3271,3272,3279,3283,3292,3294,3301,3309,3311,3312,3313,3320,3321,3325,3328,3328,3329,3330,3341,3342,3343,3343,3347,3355,3364,3388,3388,3401,3406,3410,3414,3422,3422,3428,3440,3444,3538,3557,3568,3586,3601,3602,3623,3662,3672,3758,3759,3782,3810,3981,4105,4128,4189,4198,4233,4693,5526,6621,6665,11128,13050]",3806140.0,6859.0,1227039.0,341976.0,"[3806140,3806140,3806140,3806140,3806140,3806140,3806140,3806140,3806140,3806140,3806140,3806140,3806140,3806140,3806140,3806140,3806140,3806140,3806140,3806140,3806140,3806140,3806140,3806140,3806140,3806140,3806140,3806140,3806140,3806140,3806140,3806140,3806140,3806140,3806140,3806140,3806140,3806140,3806140,3806140,3806140,3806140,3806140,3806140,3806140,3806140,3806140,3806140,3806140,3806140,3806140,3806140,3806140,3806140,3806140,3806140,3806140,3806140,3806140,3806140,3806140,3806140,3806140,3806140,3806140,3806140,3806140,3806140,3806140,3806140,3806140,3806140,3806140,3806140,3806140,3806140,3806140,3806140,3806140,3806140,3806140,3806140,3806140,3806140,3806140,3806140,3806140,3806140,3806140,3806140,3806140,3806140,3806140,3806140,3806140,3806140,3806140,3806140,3806140,3806140,3806140,3806140,3806140,3806140,3806140,3806140,3806140,3806140,3806140,3806140,3806140,3806140,3806140,3806140,3806140,3806140,3806140,3806140,3806140,3806140,3806140,3806140,3806140,3806140,3806140,3806140,3806140,3806140,3806140,3806140,3806140,3806140,3806140,3806140,3806140,3806140,3806140,3806140,3806140,3806140]","[1227039,1227039,1227039,1227039,1227039,1227039,1227039,1227039,1227039,1227039,1227039,1227039,1227039,1227039,1227039,1227039,1227039,1227039,1227039,1227039,1227039,1227039,1227039,1227039,1227039,1227039,1227039,1227039,1227039,1227039,1227039,1227039,1227039,1227039,1227039,1227039,1227039,1227039,1227039,1227039,1227039,1227039,1227039,1227039,1227039,1227039,1227039,1227039,1227039,1227039,1227039,1227039,1227039,1227039,1227039,1227039,1227039,1227039,1227039,1227039,1227039,1227039,1227039,1227039,1227039,1227039,1227039,1227039,1227039,1227039,1227039,1227039,1227039,1227039,1227039,1227039,1227039,1227039,1227039,1227039,1227039,1227039,1227039,1227039,1227039,1227039,1227039,1227039,1227039,1227039,1227039,1227039,1227039,1227039,1227039,1227039,1227039,1227039,1227039,1227039,1227039,1227039,1227039,1227039,1227039,1227039,1227039,1227039,1227039,1227039,1227039,1227039,1227039,1227039,1227039,1227039,1227039,1227039,1227039,1227039,1227039,1227039,1227039,1227039,1227039,1227039,1227039,1227039,1227039,1227039,1227039,1227039,1227039,1227039,1227039,1227039,1227039,1227039,1227039,1227039]","{""inference_regions"":258,""canonical_specialization_queries"":0,""canonical_specialization_hits"":0,""solver_requested_bytes"":398316,""solver_allocations"":1849,""scratch_requested_bytes"":365612,""scratch_allocations"":1481,""max_solver_live_bytes"":35756,""max_scratch_live_bytes"":46712,""evidence_import_solver_bytes"":0,""evidence_import_scratch_bytes"":128,""snapshot_copy_bytes"":196,""snapshot_copy_allocations"":8,""principal_copy_buffer_bytes"":0,""principal_copy_buffer_allocations"":0,""frozen_capture_temporary_bytes"":0,""frozen_capture_published_bytes"":0,""frozen_edge_scratch_bytes"":0,""region_scopes"":386,""max_region_scopes"":129,""call_collections_closed"":0,""call_collections_unresolved"":0,""call_memo_hits"":128,""solver_passes"":261,""solver_constraint_visits"":256,""occurs_steps"":0}"
jobs128,revert,default,"[2998,3011,3024,3025,3029,3034,3035,3037,3040,3041,3041,3050,3050,3051,3053,3057,3058,3059,3061,3062,3064,3065,3072,3074,3075,3077,3079,3080,3081,3083,3085,3087,3087,3089,3102,3105,3106,3113,3121,3121,3129,3130,3131,3139,3140,3140,3151,3151,3153,3159,3170,3170,3174,3176,3181,3183,3183,3189,3193,3193,3194,3194,3198,3199,3199,3200,3205,3207,3211,3217,3219,3221,3231,3231,3233,3235,3236,3236,3237,3241,3244,3246,3247,3251,3253,3262,3264,3264,3273,3274,3274,3293,3296,3301,3304,3307,3308,3319,3321,3338,3352,3356,3358,3361,3363,3370,3372,3380,3381,3384,3399,3400,3425,3443,3446,3453,3456,3466,3471,3476,3477,3496,3527,3528,3528,3539,3570,3571,3575,3582,3621,3711,3723,3743,3748,3761,3961,4267,5013,7098]","[2999,3012,3024,3025,3033,3034,3036,3037,3041,3041,3041,3051,3051,3052,3053,3057,3057,3059,3061,3062,3063,3065,3072,3075,3077,3078,3079,3081,3081,3083,3085,3087,3087,3089,3102,3106,3106,3114,3121,3127,3130,3130,3131,3140,3140,3140,3150,3151,3154,3159,3169,3170,3175,3176,3181,3183,3183,3189,3193,3193,3194,3194,3199,3200,3204,3204,3205,3207,3211,3217,3219,3221,3231,3234,3235,3235,3236,3236,3239,3241,3244,3246,3248,3251,3253,3262,3264,3274,3274,3274,3275,3294,3296,3300,3304,3307,3308,3319,3322,3339,3352,3361,3361,3363,3364,3370,3372,3381,3381,3383,3404,3405,3425,3443,3445,3453,3457,3467,3472,3476,3477,3496,3527,3528,3528,3539,3570,3570,3574,3582,3622,3712,3724,3744,3748,3762,3962,4267,5013,7099]",3806196.0,6859.0,1227039.0,341976.0,"[3806196,3806196,3806196,3806196,3806196,3806196,3806196,3806196,3806196,3806196,3806196,3806196,3806196,3806196,3806196,3806196,3806196,3806196,3806196,3806196,3806196,3806196,3806196,3806196,3806196,3806196,3806196,3806196,3806196,3806196,3806196,3806196,3806196,3806196,3806196,3806196,3806196,3806196,3806196,3806196,3806196,3806196,3806196,3806196,3806196,3806196,3806196,3806196,3806196,3806196,3806196,3806196,3806196,3806196,3806196,3806196,3806196,3806196,3806196,3806196,3806196,3806196,3806196,3806196,3806196,3806196,3806196,3806196,3806196,3806196,3806196,3806196,3806196,3806196,3806196,3806196,3806196,3806196,3806196,3806196,3806196,3806196,3806196,3806196,3806196,3806196,3806196,3806196,3806196,3806196,3806196,3806196,3806196,3806196,3806196,3806196,3806196,3806196,3806196,3806196,3806196,3806196,3806196,3806196,3806196,3806196,3806196,3806196,3806196,3806196,3806196,3806196,3806196,3806196,3806196,3806196,3806196,3806196,3806196,3806196,3806196,3806196,3806196,3806196,3806196,3806196,3806196,3806196,3806196,3806196,3806196,3806196,3806196,3806196,3806196,3806196,3806196,3806196,3806196,3806196]","[1227039,1227039,1227039,1227039,1227039,1227039,1227039,1227039,1227039,1227039,1227039,1227039,1227039,1227039,1227039,1227039,1227039,1227039,1227039,1227039,1227039,1227039,1227039,1227039,1227039,1227039,1227039,1227039,1227039,1227039,1227039,1227039,1227039,1227039,1227039,1227039,1227039,1227039,1227039,1227039,1227039,1227039,1227039,1227039,1227039,1227039,1227039,1227039,1227039,1227039,1227039,1227039,1227039,1227039,1227039,1227039,1227039,1227039,1227039,1227039,1227039,1227039,1227039,1227039,1227039,1227039,1227039,1227039,1227039,1227039,1227039,1227039,1227039,1227039,1227039,1227039,1227039,1227039,1227039,1227039,1227039,1227039,1227039,1227039,1227039,1227039,1227039,1227039,1227039,1227039,1227039,1227039,1227039,1227039,1227039,1227039,1227039,1227039,1227039,1227039,1227039,1227039,1227039,1227039,1227039,1227039,1227039,1227039,1227039,1227039,1227039,1227039,1227039,1227039,1227039,1227039,1227039,1227039,1227039,1227039,1227039,1227039,1227039,1227039,1227039,1227039,1227039,1227039,1227039,1227039,1227039,1227039,1227039,1227039,1227039,1227039,1227039,1227039,1227039,1227039]","{""semantic_component_batches"":0,""semantic_component_jobs"":0,""max_semantic_component_workers"":0,""inference_regions"":258,""canonical_specialization_queries"":0,""canonical_specialization_hits"":0,""solver_requested_bytes"":398316,""solver_allocations"":1849,""scratch_requested_bytes"":365612,""scratch_allocations"":1481,""max_solver_live_bytes"":35756,""max_scratch_live_bytes"":46712,""evidence_import_solver_bytes"":0,""evidence_import_scratch_bytes"":128,""snapshot_copy_bytes"":196,""snapshot_copy_allocations"":8,""principal_copy_buffer_bytes"":0,""principal_copy_buffer_allocations"":0,""frozen_capture_temporary_bytes"":0,""frozen_capture_published_bytes"":0,""frozen_edge_scratch_bytes"":0,""region_scopes"":386,""max_region_scopes"":129,""call_collections_closed"":0,""call_collections_unresolved"":0,""call_memo_hits"":128,""solver_passes"":261,""solver_constraint_visits"":256,""occurs_steps"":0}"
jobs128,revert,workers-1,"[3390,3403,3415,3416,3423,3430,3437,3441,3448,3451,3467,3468,3482,3486,3488,3497,3514,3535,3540,3544,3554,3558,3558,3559,3560,3570,3575,3581,3584,3585,3612,3616,3620,3624,3627,3629,3631,3631,3634,3636,3636,3644,3656,3662,3665,3670,3674,3681,3682,3682,3688,3692,3695,3701,3703,3718,3718,3726,3730,3734,3740,3745,3748,3757,3769,3770,3783,3783,3790,3795,3799,3802,3806,3808,3808,3823,3831,3831,3835,3837,3844,3844,3856,3858,3859,3862,3866,3866,3867,3869,3873,3880,3884,3892,3896,3903,3908,3910,3911,3921,3961,3966,3983,3986,3993,3998,4006,4017,4026,4033,4040,4042,4051,4076,4086,4098,4107,4108,4120,4169,4188,4200,4213,4228,4243,4250,4260,4306,4308,4404,4413,4460,4472,4576,4711,4739,4910,5069,5270,5972]","[3390,3403,3415,3416,3431,3437,3437,3441,3448,3452,3466,3468,3483,3486,3487,3497,3514,3535,3540,3544,3558,3559,3559,3559,3570,3575,3582,3584,3585,3613,3616,3620,3624,3627,3629,3631,3632,3635,3636,3636,3645,3656,3661,3665,3670,3674,3681,3682,3683,3689,3692,3695,3699,3701,3703,3718,3719,3727,3729,3734,3740,3746,3748,3756,3769,3770,3782,3783,3791,3795,3799,3802,3805,3808,3808,3823,3831,3831,3835,3837,3845,3845,3856,3859,3859,3862,3866,3866,3867,3869,3874,3880,3884,3892,3896,3903,3909,3910,3912,3922,3961,3966,3984,3986,3994,3998,4006,4018,4027,4033,4040,4043,4052,4076,4085,4098,4107,4108,4121,4170,4187,4200,4213,4228,4243,4250,4260,4306,4308,4404,4443,4461,4472,4576,4712,4740,4911,5069,5270,5971]",3899676.0,8788.0,1227039.0,341976.0,"[3899676,3899676,3899676,3899676,3899676,3899676,3899676,3899676,3899676,3899676,3899676,3899676,3899676,3899676,3899676,3899676,3899676,3899676,3899676,3899676,3899676,3899676,3899676,3899676,3899676,3899676,3899676,3899676,3899676,3899676,3899676,3899676,3899676,3899676,3899676,3899676,3899676,3899676,3899676,3899676,3899676,3899676,3899676,3899676,3899676,3899676,3899676,3899676,3899676,3899676,3899676,3899676,3899676,3899676,3899676,3899676,3899676,3899676,3899676,3899676,3899676,3899676,3899676,3899676,3899676,3899676,3899676,3899676,3899676,3899676,3899676,3899676,3899676,3899676,3899676,3899676,3899676,3899676,3899676,3899676,3899676,3899676,3899676,3899676,3899676,3899676,3899676,3899676,3899676,3899676,3899676,3899676,3899676,3899676,3899676,3899676,3899676,3899676,3899676,3899676,3899676,3899676,3899676,3899676,3899676,3899676,3899676,3899676,3899676,3899676,3899676,3899676,3899676,3899676,3899676,3899676,3899676,3899676,3899676,3899676,3899676,3899676,3899676,3899676,3899676,3899676,3899676,3899676,3899676,3899676,3899676,3899676,3899676,3899676,3899676,3899676,3899676,3899676,3899676,3899676]","[1227039,1227039,1227039,1227039,1227039,1227039,1227039,1227039,1227039,1227039,1227039,1227039,1227039,1227039,1227039,1227039,1227039,1227039,1227039,1227039,1227039,1227039,1227039,1227039,1227039,1227039,1227039,1227039,1227039,1227039,1227039,1227039,1227039,1227039,1227039,1227039,1227039,1227039,1227039,1227039,1227039,1227039,1227039,1227039,1227039,1227039,1227039,1227039,1227039,1227039,1227039,1227039,1227039,1227039,1227039,1227039,1227039,1227039,1227039,1227039,1227039,1227039,1227039,1227039,1227039,1227039,1227039,1227039,1227039,1227039,1227039,1227039,1227039,1227039,1227039,1227039,1227039,1227039,1227039,1227039,1227039,1227039,1227039,1227039,1227039,1227039,1227039,1227039,1227039,1227039,1227039,1227039,1227039,1227039,1227039,1227039,1227039,1227039,1227039,1227039,1227039,1227039,1227039,1227039,1227039,1227039,1227039,1227039,1227039,1227039,1227039,1227039,1227039,1227039,1227039,1227039,1227039,1227039,1227039,1227039,1227039,1227039,1227039,1227039,1227039,1227039,1227039,1227039,1227039,1227039,1227039,1227039,1227039,1227039,1227039,1227039,1227039,1227039,1227039,1227039]","{""semantic_component_batches"":1,""semantic_component_jobs"":128,""max_semantic_component_workers"":1,""inference_regions"":258,""canonical_specialization_queries"":0,""canonical_specialization_hits"":0,""solver_requested_bytes"":398316,""solver_allocations"":1849,""scratch_requested_bytes"":365612,""scratch_allocations"":1481,""max_solver_live_bytes"":35756,""max_scratch_live_bytes"":46712,""evidence_import_solver_bytes"":0,""evidence_import_scratch_bytes"":128,""snapshot_copy_bytes"":196,""snapshot_copy_allocations"":8,""principal_copy_buffer_bytes"":0,""principal_copy_buffer_allocations"":0,""frozen_capture_temporary_bytes"":0,""frozen_capture_published_bytes"":0,""frozen_edge_scratch_bytes"":0,""region_scopes"":386,""max_region_scopes"":129,""call_collections_closed"":0,""call_collections_unresolved"":0,""call_memo_hits"":128,""solver_passes"":261,""solver_constraint_visits"":256,""occurs_steps"":0}"
jobs128,revert,workers-2,"[3492,3493,3498,3499,3502,3519,3523,3528,3529,3533,3533,3547,3549,3553,3563,3564,3569,3574,3583,3585,3588,3609,3610,3621,3627,3630,3639,3644,3648,3652,3656,3658,3661,3667,3672,3680,3684,3689,3692,3695,3701,3701,3704,3705,3709,3716,3719,3720,3723,3730,3743,3746,3747,3761,3762,3766,3769,3770,3771,3778,3779,3782,3788,3793,3802,3807,3810,3814,3815,3827,3830,3831,3831,3837,3839,3839,3841,3848,3863,3865,3869,3875,3893,3897,3901,3904,3905,3907,3911,3925,3937,3942,3944,3975,3977,3977,3978,3983,3985,3996,3999,4011,4034,4035,4039,4041,4064,4068,4070,4083,4106,4112,4120,4136,4154,4182,4182,4221,4226,4251,4261,4263,4264,4304,4409,4419,4425,4436,4493,4516,4521,4583,4614,4704,4733,4766,5231,5254,5694,5803]","[3280,3285,3285,3288,3294,3310,3313,3316,3316,3317,3319,3328,3338,3341,3345,3346,3356,3358,3362,3369,3370,3393,3403,3405,3411,3414,3415,3422,3432,3433,3442,3446,3448,3449,3451,3460,3462,3462,3464,3465,3472,3474,3478,3479,3482,3484,3487,3498,3499,3515,3520,3526,3529,3541,3543,3545,3551,3551,3557,3560,3562,3564,3572,3575,3576,3576,3587,3589,3593,3597,3600,3603,3604,3606,3609,3612,3616,3620,3620,3625,3633,3633,3634,3634,3636,3639,3643,3646,3650,3654,3657,3660,3664,3679,3681,3685,3693,3693,3703,3708,3731,3733,3769,3773,3794,3816,3839,3839,3844,3853,3854,3865,3895,3898,3899,3912,3933,3939,3944,3964,3979,4020,4058,4062,4063,4073,4102,4168,4170,4217,4219,4374,4425,4461,4509,4872,4943,5323,5584,7750]",3951004.0,8793.0,1227039.0,341976.0,"[3951004,3951004,3951004,3951004,3951004,3951004,3951004,3951004,3951004,3951004,3951004,3951004,3951004,3951004,3951004,3951004,3951004,3951004,3951004,3951004,3951004,3951004,3951004,3951004,3951004,3951004,3951004,3951004,3951004,3951004,3951004,3951004,3951004,3951004,3951004,3951004,3951004,3951004,3951004,3951004,3951004,3951004,3951004,3951004,3951004,3951004,3951004,3951004,3951004,3951004,3951004,3951004,3951004,3951004,3951004,3951004,3951004,3951004,3951004,3951004,3951004,3951004,3951004,3951004,3951004,3951004,3951004,3951004,3951004,3951004,3951004,3951004,3951004,3951004,3951004,3951004,3951004,3951004,3951004,3951004,3951004,3951004,3951004,3951004,3951004,3951004,3951004,3951004,3951004,3951004,3951004,3951004,3951004,3951004,3951004,3951004,3951004,3951004,3951004,3951004,3951004,3951004,3951004,3951004,3951004,3951004,3951004,3951004,3951004,3951004,3951004,3951004,3951004,3951004,3951004,3951004,3951004,3951004,3951004,3951004,3951004,3951004,3951004,3951004,3951004,3951004,3951004,3951004,3951004,3951004,3951004,3951004,3951004,3951004,3951004,3951004,3951004,3951004,3951004,3951004]","[1227039,1227039,1227039,1227039,1227039,1227039,1227039,1227039,1227039,1227039,1227039,1227039,1227039,1227039,1227039,1227039,1227039,1227039,1227039,1227039,1227039,1227039,1227039,1227039,1227039,1227039,1227039,1227039,1227039,1227039,1227039,1227039,1227039,1227039,1227039,1227039,1227039,1227039,1227039,1227039,1227039,1227039,1227039,1227039,1227039,1227039,1227039,1227039,1227039,1227039,1227039,1227039,1227039,1227039,1227039,1227039,1227039,1227039,1227039,1227039,1227039,1227039,1227039,1227039,1227039,1227039,1227039,1227039,1227039,1227039,1227039,1227039,1227039,1227039,1227039,1227039,1227039,1227039,1227039,1227039,1227039,1227039,1227039,1227039,1227039,1227039,1227039,1227039,1227039,1227039,1227039,1227039,1227039,1227039,1227039,1227039,1227039,1227039,1227039,1227039,1227039,1227039,1227039,1227039,1227039,1227039,1227039,1227039,1227039,1227039,1227039,1227039,1227039,1227039,1227039,1227039,1227039,1227039,1227039,1227039,1227039,1227039,1227039,1227039,1227039,1227039,1227039,1227039,1227039,1227039,1227039,1227039,1227039,1227039,1227039,1227039,1227039,1227039,1227039,1227039]","{""semantic_component_batches"":1,""semantic_component_jobs"":128,""max_semantic_component_workers"":2,""inference_regions"":258,""canonical_specialization_queries"":0,""canonical_specialization_hits"":0,""solver_requested_bytes"":398316,""solver_allocations"":1849,""scratch_requested_bytes"":365612,""scratch_allocations"":1481,""max_solver_live_bytes"":35756,""max_scratch_live_bytes"":46712,""evidence_import_solver_bytes"":0,""evidence_import_scratch_bytes"":128,""snapshot_copy_bytes"":196,""snapshot_copy_allocations"":8,""principal_copy_buffer_bytes"":0,""principal_copy_buffer_allocations"":0,""frozen_capture_temporary_bytes"":0,""frozen_capture_published_bytes"":0,""frozen_edge_scratch_bytes"":0,""region_scopes"":386,""max_region_scopes"":129,""call_collections_closed"":0,""call_collections_unresolved"":0,""call_memo_hits"":128,""solver_passes"":261,""solver_constraint_visits"":256,""occurs_steps"":0}"
jobs128,revert,workers-4,"[3561,3567,3573,3580,3585,3591,3594,3601,3607,3633,3636,3641,3644,3645,3647,3651,3684,3690,3691,3695,3724,3729,3739,3740,3742,3745,3749,3749,3757,3757,3767,3771,3780,3781,3786,3790,3791,3791,3810,3822,3827,3853,3856,3858,3862,3874,3882,3882,3884,3892,3893,3904,3906,3911,3914,3920,3921,3926,3929,3935,3937,3937,3942,3950,3954,3959,3969,3972,3978,3990,3990,3994,3997,4002,4005,4009,4016,4023,4027,4028,4041,4046,4047,4048,4049,4052,4058,4068,4094,4095,4096,4101,4106,4109,4113,4119,4122,4123,4128,4133,4141,4145,4148,4159,4169,4181,4201,4255,4265,4277,4278,4285,4357,4360,4381,4451,4494,4518,4531,4539,4551,4553,4557,4573,4583,4587,4594,4662,4858,4891,5024,5061,5146,5249,5957,6687,7027,7875,10620,16046]","[3193,3208,3215,3216,3238,3238,3240,3253,3255,3257,3260,3267,3271,3273,3276,3277,3278,3285,3295,3295,3299,3311,3319,3320,3322,3323,3325,3328,3335,3352,3371,3374,3376,3378,3380,3385,3387,3396,3397,3399,3407,3408,3412,3413,3415,3418,3422,3431,3431,3437,3439,3442,3442,3450,3451,3453,3454,3455,3458,3466,3468,3472,3479,3481,3481,3481,3487,3487,3500,3513,3514,3531,3534,3537,3537,3540,3540,3546,3549,3557,3561,3563,3565,3568,3571,3578,3581,3586,3588,3589,3604,3605,3610,3611,3615,3621,3623,3627,3638,3645,3647,3656,3670,3684,3688,3690,3696,3728,3736,3747,3808,3837,3840,3853,3874,3876,3905,3917,3933,3944,3954,3980,4040,4077,4078,4086,4133,4144,4388,4392,4405,4498,4670,4687,5445,5461,6629,7409,10159,15486]",4053660.0,8803.0,1227039.0,341976.0,"[3951004,4002332,4002332,4002332,4002332,4002332,4002332,4002332,4002332,4002332,4002332,4002332,4002332,4053660,4053660,4053660,4053660,4053660,4053660,4053660,4053660,4053660,4053660,4053660,4053660,4053660,4053660,4053660,4053660,4053660,4053660,4053660,4053660,4053660,4053660,4053660,4053660,4053660,4053660,4053660,4053660,4053660,4053660,4053660,4053660,4053660,4053660,4053660,4053660,4053660,4053660,4053660,4053660,4053660,4053660,4053660,4053660,4053660,4053660,4053660,4053660,4053660,4053660,4053660,4053660,4053660,4053660,4053660,4053660,4053660,4053660,4053660,4053660,4053660,4053660,4053660,4053660,4053660,4053660,4053660,4053660,4053660,4053660,4053660,4053660,4053660,4053660,4053660,4053660,4053660,4053660,4053660,4053660,4053660,4053660,4053660,4053660,4053660,4053660,4053660,4053660,4053660,4053660,4053660,4053660,4053660,4053660,4053660,4053660,4053660,4053660,4053660,4053660,4053660,4053660,4053660,4053660,4053660,4053660,4053660,4053660,4053660,4053660,4053660,4053660,4053660,4053660,4053660,4053660,4053660,4053660,4053660,4053660,4053660,4053660,4053660,4053660,4053660,4053660,4053660]","[1227039,1227039,1227039,1227039,1227039,1227039,1227039,1227039,1227039,1227039,1227039,1227039,1227039,1227039,1227039,1227039,1227039,1227039,1227039,1227039,1227039,1227039,1227039,1227039,1227039,1227039,1227039,1227039,1227039,1227039,1227039,1227039,1227039,1227039,1227039,1227039,1227039,1227039,1227039,1227039,1227039,1227039,1227039,1227039,1227039,1227039,1227039,1227039,1227039,1227039,1227039,1227039,1227039,1227039,1227039,1227039,1227039,1227039,1227039,1227039,1227039,1227039,1227039,1227039,1227039,1227039,1227039,1227039,1227039,1227039,1227039,1227039,1227039,1227039,1227039,1227039,1227039,1227039,1227039,1227039,1227039,1227039,1227039,1227039,1227039,1227039,1227039,1227039,1227039,1227039,1227039,1227039,1227039,1227039,1227039,1227039,1227039,1227039,1227039,1227039,1227039,1227039,1227039,1227039,1227039,1227039,1227039,1227039,1227039,1227039,1227039,1227039,1227039,1227039,1227039,1227039,1227039,1227039,1227039,1227039,1227039,1227039,1227039,1227039,1227039,1227039,1227039,1227039,1227039,1227039,1227039,1227039,1227039,1227039,1227039,1227039,1227039,1227039,1227039,1227039]","{""semantic_component_batches"":1,""semantic_component_jobs"":128,""max_semantic_component_workers"":4,""inference_regions"":258,""canonical_specialization_queries"":0,""canonical_specialization_hits"":0,""solver_requested_bytes"":398316,""solver_allocations"":1849,""scratch_requested_bytes"":365612,""scratch_allocations"":1481,""max_solver_live_bytes"":35756,""max_scratch_live_bytes"":46712,""evidence_import_solver_bytes"":0,""evidence_import_scratch_bytes"":128,""snapshot_copy_bytes"":196,""snapshot_copy_allocations"":8,""principal_copy_buffer_bytes"":0,""principal_copy_buffer_allocations"":0,""frozen_capture_temporary_bytes"":0,""frozen_capture_published_bytes"":0,""frozen_edge_scratch_bytes"":0,""region_scopes"":386,""max_region_scopes"":129,""call_collections_closed"":0,""call_collections_unresolved"":0,""call_memo_hits"":128,""solver_passes"":261,""solver_constraint_visits"":256,""occurs_steps"":0}"
jobs128,revert,workers-8,"[3785,3805,3832,3844,3861,3883,3891,3909,3915,3930,3936,3951,3963,3990,3991,4004,4008,4010,4023,4043,4051,4064,4071,4082,4084,4086,4094,4095,4110,4114,4122,4123,4127,4134,4136,4139,4144,4145,4161,4164,4173,4174,4184,4195,4200,4203,4204,4205,4206,4209,4228,4237,4245,4267,4267,4269,4274,4278,4296,4297,4305,4309,4311,4312,4313,4313,4319,4338,4348,4350,4353,4355,4356,4368,4375,4387,4412,4427,4433,4439,4439,4441,4452,4463,4480,4480,4504,4509,4510,4515,4520,4520,4531,4533,4553,4554,4560,4565,4572,4587,4602,4620,4624,4641,4647,4663,4670,4672,4694,4709,4714,4730,4733,4794,4806,4844,4909,5077,5135,5163,5178,5250,5261,5280,5296,5374,5410,5435,5479,5483,5509,5518,5590,5680,6039,6319,6327,6650,6699,6880]","[3253,3282,3292,3317,3323,3340,3340,3345,3351,3360,3364,3368,3372,3379,3393,3404,3412,3415,3425,3429,3429,3433,3435,3438,3438,3440,3450,3451,3453,3458,3470,3470,3472,3474,3478,3482,3485,3487,3490,3491,3493,3495,3507,3508,3509,3510,3516,3517,3520,3526,3527,3536,3538,3552,3564,3583,3585,3591,3594,3595,3598,3599,3623,3623,3627,3627,3631,3632,3633,3640,3646,3667,3667,3670,3675,3686,3697,3699,3705,3710,3711,3724,3732,3736,3738,3739,3748,3753,3765,3766,3771,3775,3781,3785,3811,3831,3834,3847,3858,3865,3868,3885,3887,3901,3901,3918,3938,3943,3955,3979,3995,4013,4019,4053,4076,4084,4103,4130,4135,4163,4234,4234,4358,4391,4472,4492,4562,4657,4684,4697,4760,4814,4885,5002,5565,5769,5882,6052,6130,6262]",4258972.0,8823.0,1227039.0,341976.0,"[4053660,4104988,4104988,4104988,4104988,4104988,4104988,4104988,4156316,4156316,4156316,4156316,4207644,4207644,4207644,4207644,4207644,4207644,4207644,4207644,4207644,4207644,4207644,4207644,4207644,4207644,4207644,4207644,4207644,4207644,4207644,4258972,4258972,4258972,4258972,4258972,4258972,4258972,4258972,4258972,4258972,4258972,4258972,4258972,4258972,4258972,4258972,4258972,4258972,4258972,4258972,4258972,4258972,4258972,4258972,4258972,4258972,4258972,4258972,4258972,4258972,4258972,4258972,4258972,4258972,4258972,4258972,4258972,4258972,4258972,4258972,4258972,4258972,4258972,4258972,4258972,4258972,4258972,4258972,4258972,4258972,4258972,4258972,4258972,4258972,4258972,4258972,4258972,4258972,4258972,4258972,4258972,4258972,4258972,4258972,4258972,4258972,4258972,4258972,4258972,4258972,4258972,4258972,4258972,4258972,4258972,4258972,4258972,4258972,4258972,4258972,4258972,4258972,4258972,4258972,4258972,4258972,4258972,4258972,4258972,4258972,4258972,4258972,4258972,4258972,4258972,4258972,4258972,4258972,4258972,4258972,4258972,4258972,4258972,4258972,4258972,4258972,4258972,4258972,4258972]","[1227039,1227039,1227039,1227039,1227039,1227039,1227039,1227039,1227039,1227039,1227039,1227039,1227039,1227039,1227039,1227039,1227039,1227039,1227039,1227039,1227039,1227039,1227039,1227039,1227039,1227039,1227039,1227039,1227039,1227039,1227039,1227039,1227039,1227039,1227039,1227039,1227039,1227039,1227039,1227039,1227039,1227039,1227039,1227039,1227039,1227039,1227039,1227039,1227039,1227039,1227039,1227039,1227039,1227039,1227039,1227039,1227039,1227039,1227039,1227039,1227039,1227039,1227039,1227039,1227039,1227039,1227039,1227039,1227039,1227039,1227039,1227039,1227039,1227039,1227039,1227039,1227039,1227039,1227039,1227039,1227039,1227039,1227039,1227039,1227039,1227039,1227039,1227039,1227039,1227039,1227039,1227039,1227039,1227039,1227039,1227039,1227039,1227039,1227039,1227039,1227039,1227039,1227039,1227039,1227039,1227039,1227039,1227039,1227039,1227039,1227039,1227039,1227039,1227039,1227039,1227039,1227039,1227039,1227039,1227039,1227039,1227039,1227039,1227039,1227039,1227039,1227039,1227039,1227039,1227039,1227039,1227039,1227039,1227039,1227039,1227039,1227039,1227039,1227039,1227039]","{""semantic_component_batches"":1,""semantic_component_jobs"":128,""max_semantic_component_workers"":8,""inference_regions"":258,""canonical_specialization_queries"":0,""canonical_specialization_hits"":0,""solver_requested_bytes"":398316,""solver_allocations"":1849,""scratch_requested_bytes"":365612,""scratch_allocations"":1481,""max_solver_live_bytes"":35756,""max_scratch_live_bytes"":46712,""evidence_import_solver_bytes"":0,""evidence_import_scratch_bytes"":128,""snapshot_copy_bytes"":196,""snapshot_copy_allocations"":8,""principal_copy_buffer_bytes"":0,""principal_copy_buffer_allocations"":0,""frozen_capture_temporary_bytes"":0,""frozen_capture_published_bytes"":0,""frozen_edge_scratch_bytes"":0,""region_scopes"":386,""max_region_scopes"":129,""call_collections_closed"":0,""call_collections_unresolved"":0,""call_memo_hits"":128,""solver_passes"":261,""solver_constraint_visits"":256,""occurs_steps"":0}"
jobs128,noop,baseline,"[25,25,26,26,26,26,26,26,26,26,26,27,27,27,27,27,27,27,27,27,27,27,27,27,27,27,27,27,27,27,27,27,27,27,27,27,27,27,27,27,27,27,27,27,27,28,28,28,28,28,28,28,28,28,28,28,28,28,28,28,28,28,28,28,28,28,28,28,28,29,29,29,29,29,29,29,29,29,29,29,29,29,29,29,29,29,29,29,29,30,30,30,30,30,30,30,30,30,31,31,31,31,31,31,32,32,32,32,32,32,33,33,33,34,34,34,34,34,35,35,35,36,36,38,38,38,38,42,42,44,49,49,49,52,55,59,75,83,94,230]","[25,25,25,26,26,26,26,26,26,26,26,26,26,26,26,26,26,26,26,26,26,26,26,26,26,26,26,26,26,26,26,27,27,27,27,27,27,27,27,27,27,27,27,27,27,27,27,27,27,27,27,27,27,27,27,27,27,27,27,28,28,28,28,28,28,28,28,28,28,28,28,28,28,28,28,28,28,28,28,28,28,28,29,29,29,29,29,29,29,29,29,29,29,29,30,30,30,30,30,30,30,30,31,31,31,31,31,31,32,32,32,32,32,33,33,33,34,34,34,34,35,36,36,37,37,37,38,42,42,43,48,49,49,51,55,58,74,83,94,230]",28874.0,19.0,369940.0,341976.0,"[28874,28874,28874,28874,28874,28874,28874,28874,28874,28874,28874,28874,28874,28874,28874,28874,28874,28874,28874,28874,28874,28874,28874,28874,28874,28874,28874,28874,28874,28874,28874,28874,28874,28874,28874,28874,28874,28874,28874,28874,28874,28874,28874,28874,28874,28874,28874,28874,28874,28874,28874,28874,28874,28874,28874,28874,28874,28874,28874,28874,28874,28874,28874,28874,28874,28874,28874,28874,28874,28874,28874,28874,28874,28874,28874,28874,28874,28874,28874,28874,28874,28874,28874,28874,28874,28874,28874,28874,28874,28874,28874,28874,28874,28874,28874,28874,28874,28874,28874,28874,28874,28874,28874,28874,28874,28874,28874,28874,28874,28874,28874,28874,28874,28874,28874,28874,28874,28874,28874,28874,28874,28874,28874,28874,28874,28874,28874,28874,28874,28874,28874,28874,28874,28874,28874,28874,28874,28874,28874,28874]","[369940,369940,369940,369940,369940,369940,369940,369940,369940,369940,369940,369940,369940,369940,369940,369940,369940,369940,369940,369940,369940,369940,369940,369940,369940,369940,369940,369940,369940,369940,369940,369940,369940,369940,369940,369940,369940,369940,369940,369940,369940,369940,369940,369940,369940,369940,369940,369940,369940,369940,369940,369940,369940,369940,369940,369940,369940,369940,369940,369940,369940,369940,369940,369940,369940,369940,369940,369940,369940,369940,369940,369940,369940,369940,369940,369940,369940,369940,369940,369940,369940,369940,369940,369940,369940,369940,369940,369940,369940,369940,369940,369940,369940,369940,369940,369940,369940,369940,369940,369940,369940,369940,369940,369940,369940,369940,369940,369940,369940,369940,369940,369940,369940,369940,369940,369940,369940,369940,369940,369940,369940,369940,369940,369940,369940,369940,369940,369940,369940,369940,369940,369940,369940,369940,369940,369940,369940,369940,369940,369940]","{""inference_regions"":0,""canonical_specialization_queries"":0,""canonical_specialization_hits"":0,""solver_requested_bytes"":0,""solver_allocations"":0,""scratch_requested_bytes"":0,""scratch_allocations"":0,""max_solver_live_bytes"":0,""max_scratch_live_bytes"":0,""evidence_import_solver_bytes"":0,""evidence_import_scratch_bytes"":0,""snapshot_copy_bytes"":0,""snapshot_copy_allocations"":0,""principal_copy_buffer_bytes"":0,""principal_copy_buffer_allocations"":0,""frozen_capture_temporary_bytes"":0,""frozen_capture_published_bytes"":0,""frozen_edge_scratch_bytes"":0,""region_scopes"":0,""max_region_scopes"":0,""call_collections_closed"":0,""call_collections_unresolved"":0,""call_memo_hits"":0,""solver_passes"":0,""solver_constraint_visits"":0,""occurs_steps"":0}"
jobs128,noop,default,"[25,25,26,26,26,26,26,26,26,26,26,26,26,27,27,27,27,27,27,27,27,27,27,27,27,27,27,27,27,27,27,27,27,27,27,27,27,27,27,27,27,27,27,27,27,27,27,27,27,27,27,28,28,28,28,28,28,28,28,28,28,28,28,28,28,28,28,28,28,28,28,28,28,28,28,28,29,29,29,29,29,29,29,29,29,29,29,29,29,29,29,29,29,29,29,30,30,30,30,30,30,30,30,30,30,30,31,31,31,31,32,32,32,33,33,34,34,35,36,36,36,36,36,37,37,37,37,39,39,40,40,40,41,41,47,48,53,60,62,104]","[25,25,25,25,26,26,26,26,26,26,26,26,26,26,26,26,26,26,26,26,26,26,26,26,26,26,26,26,26,27,27,27,27,27,27,27,27,27,27,27,27,27,27,27,27,27,27,27,27,27,27,27,27,27,27,27,27,27,27,27,27,27,27,27,27,27,27,28,28,28,28,28,28,28,28,28,28,28,28,28,28,28,28,28,28,28,28,28,28,29,29,29,29,29,29,29,29,29,29,29,29,29,29,29,29,30,30,30,30,31,31,31,31,33,33,33,34,34,35,35,35,35,36,36,36,37,37,38,39,39,40,40,40,41,47,47,52,60,62,104]",28930.0,19.0,369996.0,341976.0,"[28930,28930,28930,28930,28930,28930,28930,28930,28930,28930,28930,28930,28930,28930,28930,28930,28930,28930,28930,28930,28930,28930,28930,28930,28930,28930,28930,28930,28930,28930,28930,28930,28930,28930,28930,28930,28930,28930,28930,28930,28930,28930,28930,28930,28930,28930,28930,28930,28930,28930,28930,28930,28930,28930,28930,28930,28930,28930,28930,28930,28930,28930,28930,28930,28930,28930,28930,28930,28930,28930,28930,28930,28930,28930,28930,28930,28930,28930,28930,28930,28930,28930,28930,28930,28930,28930,28930,28930,28930,28930,28930,28930,28930,28930,28930,28930,28930,28930,28930,28930,28930,28930,28930,28930,28930,28930,28930,28930,28930,28930,28930,28930,28930,28930,28930,28930,28930,28930,28930,28930,28930,28930,28930,28930,28930,28930,28930,28930,28930,28930,28930,28930,28930,28930,28930,28930,28930,28930,28930,28930]","[369996,369996,369996,369996,369996,369996,369996,369996,369996,369996,369996,369996,369996,369996,369996,369996,369996,369996,369996,369996,369996,369996,369996,369996,369996,369996,369996,369996,369996,369996,369996,369996,369996,369996,369996,369996,369996,369996,369996,369996,369996,369996,369996,369996,369996,369996,369996,369996,369996,369996,369996,369996,369996,369996,369996,369996,369996,369996,369996,369996,369996,369996,369996,369996,369996,369996,369996,369996,369996,369996,369996,369996,369996,369996,369996,369996,369996,369996,369996,369996,369996,369996,369996,369996,369996,369996,369996,369996,369996,369996,369996,369996,369996,369996,369996,369996,369996,369996,369996,369996,369996,369996,369996,369996,369996,369996,369996,369996,369996,369996,369996,369996,369996,369996,369996,369996,369996,369996,369996,369996,369996,369996,369996,369996,369996,369996,369996,369996,369996,369996,369996,369996,369996,369996,369996,369996,369996,369996,369996,369996]","{""semantic_component_batches"":0,""semantic_component_jobs"":0,""max_semantic_component_workers"":0,""inference_regions"":0,""canonical_specialization_queries"":0,""canonical_specialization_hits"":0,""solver_requested_bytes"":0,""solver_allocations"":0,""scratch_requested_bytes"":0,""scratch_allocations"":0,""max_solver_live_bytes"":0,""max_scratch_live_bytes"":0,""evidence_import_solver_bytes"":0,""evidence_import_scratch_bytes"":0,""snapshot_copy_bytes"":0,""snapshot_copy_allocations"":0,""principal_copy_buffer_bytes"":0,""principal_copy_buffer_allocations"":0,""frozen_capture_temporary_bytes"":0,""frozen_capture_published_bytes"":0,""frozen_edge_scratch_bytes"":0,""region_scopes"":0,""max_region_scopes"":0,""call_collections_closed"":0,""call_collections_unresolved"":0,""call_memo_hits"":0,""solver_passes"":0,""solver_constraint_visits"":0,""occurs_steps"":0}"
jobs128,noop,workers-1,"[26,26,26,26,26,26,27,27,27,27,27,27,27,27,27,27,27,27,27,27,27,27,27,27,28,28,28,28,28,28,28,28,28,28,28,28,28,28,28,28,29,29,29,29,29,29,29,29,29,29,29,29,29,29,29,29,30,30,30,30,30,30,30,30,30,30,30,30,30,30,30,30,30,31,31,31,31,31,31,31,31,31,31,31,32,32,32,32,33,33,33,33,33,34,34,34,34,35,35,35,35,35,35,36,36,36,36,36,37,37,37,37,37,37,37,38,38,38,38,38,39,39,39,40,40,40,40,41,41,43,44,44,44,45,46,48,79,95,176,1127]","[26,26,26,26,26,26,26,26,26,26,26,27,27,27,27,27,27,27,27,27,27,27,27,27,27,27,27,27,27,27,27,27,27,27,28,28,28,28,28,28,28,28,28,28,28,28,28,28,28,29,29,29,29,29,29,29,29,29,29,29,29,29,29,29,29,29,29,29,30,30,30,30,30,30,30,30,30,30,30,30,30,31,31,31,31,31,31,32,32,32,32,32,33,33,33,34,34,34,34,35,35,35,35,35,35,36,36,36,36,36,36,36,36,36,37,37,37,37,37,37,38,38,38,39,39,39,40,40,41,42,42,43,44,44,45,47,78,94,176,1127]",28930.0,19.0,369996.0,341976.0,"[28930,28930,28930,28930,28930,28930,28930,28930,28930,28930,28930,28930,28930,28930,28930,28930,28930,28930,28930,28930,28930,28930,28930,28930,28930,28930,28930,28930,28930,28930,28930,28930,28930,28930,28930,28930,28930,28930,28930,28930,28930,28930,28930,28930,28930,28930,28930,28930,28930,28930,28930,28930,28930,28930,28930,28930,28930,28930,28930,28930,28930,28930,28930,28930,28930,28930,28930,28930,28930,28930,28930,28930,28930,28930,28930,28930,28930,28930,28930,28930,28930,28930,28930,28930,28930,28930,28930,28930,28930,28930,28930,28930,28930,28930,28930,28930,28930,28930,28930,28930,28930,28930,28930,28930,28930,28930,28930,28930,28930,28930,28930,28930,28930,28930,28930,28930,28930,28930,28930,28930,28930,28930,28930,28930,28930,28930,28930,28930,28930,28930,28930,28930,28930,28930,28930,28930,28930,28930,28930,28930]","[369996,369996,369996,369996,369996,369996,369996,369996,369996,369996,369996,369996,369996,369996,369996,369996,369996,369996,369996,369996,369996,369996,369996,369996,369996,369996,369996,369996,369996,369996,369996,369996,369996,369996,369996,369996,369996,369996,369996,369996,369996,369996,369996,369996,369996,369996,369996,369996,369996,369996,369996,369996,369996,369996,369996,369996,369996,369996,369996,369996,369996,369996,369996,369996,369996,369996,369996,369996,369996,369996,369996,369996,369996,369996,369996,369996,369996,369996,369996,369996,369996,369996,369996,369996,369996,369996,369996,369996,369996,369996,369996,369996,369996,369996,369996,369996,369996,369996,369996,369996,369996,369996,369996,369996,369996,369996,369996,369996,369996,369996,369996,369996,369996,369996,369996,369996,369996,369996,369996,369996,369996,369996,369996,369996,369996,369996,369996,369996,369996,369996,369996,369996,369996,369996,369996,369996,369996,369996,369996,369996]","{""semantic_component_batches"":0,""semantic_component_jobs"":0,""max_semantic_component_workers"":0,""inference_regions"":0,""canonical_specialization_queries"":0,""canonical_specialization_hits"":0,""solver_requested_bytes"":0,""solver_allocations"":0,""scratch_requested_bytes"":0,""scratch_allocations"":0,""max_solver_live_bytes"":0,""max_scratch_live_bytes"":0,""evidence_import_solver_bytes"":0,""evidence_import_scratch_bytes"":0,""snapshot_copy_bytes"":0,""snapshot_copy_allocations"":0,""principal_copy_buffer_bytes"":0,""principal_copy_buffer_allocations"":0,""frozen_capture_temporary_bytes"":0,""frozen_capture_published_bytes"":0,""frozen_edge_scratch_bytes"":0,""region_scopes"":0,""max_region_scopes"":0,""call_collections_closed"":0,""call_collections_unresolved"":0,""call_memo_hits"":0,""solver_passes"":0,""solver_constraint_visits"":0,""occurs_steps"":0}"
jobs128,noop,workers-2,"[26,26,26,26,26,27,27,27,27,27,27,27,27,27,27,27,27,27,27,27,27,28,28,28,28,28,28,28,28,28,28,28,28,28,28,28,28,28,28,28,28,28,28,29,29,29,29,29,29,29,29,29,29,29,29,29,29,29,30,30,30,30,30,30,30,30,30,30,30,30,30,30,31,31,31,31,31,31,31,32,32,32,32,32,32,33,33,33,33,33,33,33,33,34,34,34,34,34,34,34,35,35,35,36,36,37,37,37,38,38,39,39,39,39,40,40,41,42,42,42,43,44,44,44,44,44,45,45,48,48,52,53,53,54,57,65,70,75,115,218]","[25,26,26,26,26,26,26,26,26,26,26,26,26,26,27,27,27,27,27,27,27,27,27,27,27,27,27,27,27,27,27,27,27,28,28,28,28,28,28,28,28,28,28,28,28,28,28,28,28,28,28,28,29,29,29,29,29,29,29,29,29,29,29,29,29,29,30,30,30,30,30,30,30,30,30,30,31,31,31,31,31,32,32,32,32,32,32,32,32,32,33,33,33,33,33,33,34,34,34,34,34,35,35,35,36,36,36,37,38,38,38,38,39,39,39,40,40,41,42,42,42,43,43,43,44,44,44,45,47,47,52,52,53,53,57,65,69,74,115,217]",28930.0,19.0,369996.0,341976.0,"[28930,28930,28930,28930,28930,28930,28930,28930,28930,28930,28930,28930,28930,28930,28930,28930,28930,28930,28930,28930,28930,28930,28930,28930,28930,28930,28930,28930,28930,28930,28930,28930,28930,28930,28930,28930,28930,28930,28930,28930,28930,28930,28930,28930,28930,28930,28930,28930,28930,28930,28930,28930,28930,28930,28930,28930,28930,28930,28930,28930,28930,28930,28930,28930,28930,28930,28930,28930,28930,28930,28930,28930,28930,28930,28930,28930,28930,28930,28930,28930,28930,28930,28930,28930,28930,28930,28930,28930,28930,28930,28930,28930,28930,28930,28930,28930,28930,28930,28930,28930,28930,28930,28930,28930,28930,28930,28930,28930,28930,28930,28930,28930,28930,28930,28930,28930,28930,28930,28930,28930,28930,28930,28930,28930,28930,28930,28930,28930,28930,28930,28930,28930,28930,28930,28930,28930,28930,28930,28930,28930]","[369996,369996,369996,369996,369996,369996,369996,369996,369996,369996,369996,369996,369996,369996,369996,369996,369996,369996,369996,369996,369996,369996,369996,369996,369996,369996,369996,369996,369996,369996,369996,369996,369996,369996,369996,369996,369996,369996,369996,369996,369996,369996,369996,369996,369996,369996,369996,369996,369996,369996,369996,369996,369996,369996,369996,369996,369996,369996,369996,369996,369996,369996,369996,369996,369996,369996,369996,369996,369996,369996,369996,369996,369996,369996,369996,369996,369996,369996,369996,369996,369996,369996,369996,369996,369996,369996,369996,369996,369996,369996,369996,369996,369996,369996,369996,369996,369996,369996,369996,369996,369996,369996,369996,369996,369996,369996,369996,369996,369996,369996,369996,369996,369996,369996,369996,369996,369996,369996,369996,369996,369996,369996,369996,369996,369996,369996,369996,369996,369996,369996,369996,369996,369996,369996,369996,369996,369996,369996,369996,369996]","{""semantic_component_batches"":0,""semantic_component_jobs"":0,""max_semantic_component_workers"":0,""inference_regions"":0,""canonical_specialization_queries"":0,""canonical_specialization_hits"":0,""solver_requested_bytes"":0,""solver_allocations"":0,""scratch_requested_bytes"":0,""scratch_allocations"":0,""max_solver_live_bytes"":0,""max_scratch_live_bytes"":0,""evidence_import_solver_bytes"":0,""evidence_import_scratch_bytes"":0,""snapshot_copy_bytes"":0,""snapshot_copy_allocations"":0,""principal_copy_buffer_bytes"":0,""principal_copy_buffer_allocations"":0,""frozen_capture_temporary_bytes"":0,""frozen_capture_published_bytes"":0,""frozen_edge_scratch_bytes"":0,""region_scopes"":0,""max_region_scopes"":0,""call_collections_closed"":0,""call_collections_unresolved"":0,""call_memo_hits"":0,""solver_passes"":0,""solver_constraint_visits"":0,""occurs_steps"":0}"
jobs128,noop,workers-4,"[26,26,26,26,26,26,26,26,26,26,26,27,27,27,27,27,27,27,27,27,27,27,27,27,27,27,27,27,27,27,27,27,28,28,28,28,28,28,28,28,28,28,28,28,28,28,28,28,28,28,28,28,28,28,28,28,28,28,28,28,28,28,28,29,29,29,29,29,29,29,29,29,29,29,29,29,29,30,30,30,30,30,31,31,31,31,31,31,31,32,32,32,32,32,32,32,33,33,33,33,33,33,33,34,34,34,34,35,35,35,36,36,36,36,37,37,37,38,38,38,39,39,39,40,40,41,42,43,44,47,48,49,49,55,62,66,69,104,144,245]","[25,25,25,25,25,26,26,26,26,26,26,26,26,26,26,26,26,26,26,26,26,27,27,27,27,27,27,27,27,27,27,27,27,27,27,27,27,27,27,27,27,27,27,27,27,27,27,27,27,27,27,28,28,28,28,28,28,28,28,28,28,28,28,28,28,28,28,28,28,28,28,28,28,28,29,29,29,29,29,29,29,30,30,30,30,30,30,31,31,31,31,32,32,32,32,32,32,32,32,32,32,33,33,33,33,34,34,34,35,35,35,35,36,36,36,36,37,37,38,38,38,38,39,40,41,41,43,45,46,48,48,49,55,61,66,69,103,124,144,244]",28930.0,19.0,369996.0,341976.0,"[28930,28930,28930,28930,28930,28930,28930,28930,28930,28930,28930,28930,28930,28930,28930,28930,28930,28930,28930,28930,28930,28930,28930,28930,28930,28930,28930,28930,28930,28930,28930,28930,28930,28930,28930,28930,28930,28930,28930,28930,28930,28930,28930,28930,28930,28930,28930,28930,28930,28930,28930,28930,28930,28930,28930,28930,28930,28930,28930,28930,28930,28930,28930,28930,28930,28930,28930,28930,28930,28930,28930,28930,28930,28930,28930,28930,28930,28930,28930,28930,28930,28930,28930,28930,28930,28930,28930,28930,28930,28930,28930,28930,28930,28930,28930,28930,28930,28930,28930,28930,28930,28930,28930,28930,28930,28930,28930,28930,28930,28930,28930,28930,28930,28930,28930,28930,28930,28930,28930,28930,28930,28930,28930,28930,28930,28930,28930,28930,28930,28930,28930,28930,28930,28930,28930,28930,28930,28930,28930,28930]","[369996,369996,369996,369996,369996,369996,369996,369996,369996,369996,369996,369996,369996,369996,369996,369996,369996,369996,369996,369996,369996,369996,369996,369996,369996,369996,369996,369996,369996,369996,369996,369996,369996,369996,369996,369996,369996,369996,369996,369996,369996,369996,369996,369996,369996,369996,369996,369996,369996,369996,369996,369996,369996,369996,369996,369996,369996,369996,369996,369996,369996,369996,369996,369996,369996,369996,369996,369996,369996,369996,369996,369996,369996,369996,369996,369996,369996,369996,369996,369996,369996,369996,369996,369996,369996,369996,369996,369996,369996,369996,369996,369996,369996,369996,369996,369996,369996,369996,369996,369996,369996,369996,369996,369996,369996,369996,369996,369996,369996,369996,369996,369996,369996,369996,369996,369996,369996,369996,369996,369996,369996,369996,369996,369996,369996,369996,369996,369996,369996,369996,369996,369996,369996,369996,369996,369996,369996,369996,369996,369996]","{""semantic_component_batches"":0,""semantic_component_jobs"":0,""max_semantic_component_workers"":0,""inference_regions"":0,""canonical_specialization_queries"":0,""canonical_specialization_hits"":0,""solver_requested_bytes"":0,""solver_allocations"":0,""scratch_requested_bytes"":0,""scratch_allocations"":0,""max_solver_live_bytes"":0,""max_scratch_live_bytes"":0,""evidence_import_solver_bytes"":0,""evidence_import_scratch_bytes"":0,""snapshot_copy_bytes"":0,""snapshot_copy_allocations"":0,""principal_copy_buffer_bytes"":0,""principal_copy_buffer_allocations"":0,""frozen_capture_temporary_bytes"":0,""frozen_capture_published_bytes"":0,""frozen_edge_scratch_bytes"":0,""region_scopes"":0,""max_region_scopes"":0,""call_collections_closed"":0,""call_collections_unresolved"":0,""call_memo_hits"":0,""solver_passes"":0,""solver_constraint_visits"":0,""occurs_steps"":0}"
jobs128,noop,workers-8,"[25,26,26,26,27,27,27,27,27,27,27,27,27,27,27,27,27,27,27,27,27,27,27,27,28,28,28,28,28,28,28,28,28,28,28,28,28,28,28,28,28,28,28,28,28,28,28,29,29,29,29,29,29,29,29,29,29,29,29,29,29,29,29,29,29,30,30,30,30,30,30,30,30,30,30,30,30,31,31,31,31,31,32,32,32,32,32,32,32,33,33,33,33,33,33,34,34,34,34,34,34,35,35,35,35,35,35,36,36,36,36,37,37,37,37,38,38,38,38,39,39,40,40,41,43,44,45,61,61,62,66,68,68,75,81,84,85,89,107,115]","[25,26,26,26,26,26,26,26,26,26,26,27,27,27,27,27,27,27,27,27,27,27,27,27,27,27,27,27,27,27,27,27,27,27,27,28,28,28,28,28,28,28,28,28,28,28,28,28,28,28,28,28,28,28,28,28,28,28,28,28,28,28,29,29,29,29,29,29,29,29,29,29,30,30,30,30,30,30,30,31,31,31,31,31,31,31,31,31,32,32,32,32,32,33,33,33,33,33,33,34,34,34,34,35,35,35,35,35,35,35,36,36,36,36,36,37,37,37,38,38,38,40,40,40,42,43,44,59,60,62,65,68,68,75,81,83,84,89,106,115]",28930.0,19.0,369996.0,341976.0,"[28930,28930,28930,28930,28930,28930,28930,28930,28930,28930,28930,28930,28930,28930,28930,28930,28930,28930,28930,28930,28930,28930,28930,28930,28930,28930,28930,28930,28930,28930,28930,28930,28930,28930,28930,28930,28930,28930,28930,28930,28930,28930,28930,28930,28930,28930,28930,28930,28930,28930,28930,28930,28930,28930,28930,28930,28930,28930,28930,28930,28930,28930,28930,28930,28930,28930,28930,28930,28930,28930,28930,28930,28930,28930,28930,28930,28930,28930,28930,28930,28930,28930,28930,28930,28930,28930,28930,28930,28930,28930,28930,28930,28930,28930,28930,28930,28930,28930,28930,28930,28930,28930,28930,28930,28930,28930,28930,28930,28930,28930,28930,28930,28930,28930,28930,28930,28930,28930,28930,28930,28930,28930,28930,28930,28930,28930,28930,28930,28930,28930,28930,28930,28930,28930,28930,28930,28930,28930,28930,28930]","[369996,369996,369996,369996,369996,369996,369996,369996,369996,369996,369996,369996,369996,369996,369996,369996,369996,369996,369996,369996,369996,369996,369996,369996,369996,369996,369996,369996,369996,369996,369996,369996,369996,369996,369996,369996,369996,369996,369996,369996,369996,369996,369996,369996,369996,369996,369996,369996,369996,369996,369996,369996,369996,369996,369996,369996,369996,369996,369996,369996,369996,369996,369996,369996,369996,369996,369996,369996,369996,369996,369996,369996,369996,369996,369996,369996,369996,369996,369996,369996,369996,369996,369996,369996,369996,369996,369996,369996,369996,369996,369996,369996,369996,369996,369996,369996,369996,369996,369996,369996,369996,369996,369996,369996,369996,369996,369996,369996,369996,369996,369996,369996,369996,369996,369996,369996,369996,369996,369996,369996,369996,369996,369996,369996,369996,369996,369996,369996,369996,369996,369996,369996,369996,369996,369996,369996,369996,369996,369996,369996]","{""semantic_component_batches"":0,""semantic_component_jobs"":0,""max_semantic_component_workers"":0,""inference_regions"":0,""canonical_specialization_queries"":0,""canonical_specialization_hits"":0,""solver_requested_bytes"":0,""solver_allocations"":0,""scratch_requested_bytes"":0,""scratch_allocations"":0,""max_solver_live_bytes"":0,""max_scratch_live_bytes"":0,""evidence_import_solver_bytes"":0,""evidence_import_scratch_bytes"":0,""snapshot_copy_bytes"":0,""snapshot_copy_allocations"":0,""principal_copy_buffer_bytes"":0,""principal_copy_buffer_allocations"":0,""frozen_capture_temporary_bytes"":0,""frozen_capture_published_bytes"":0,""frozen_edge_scratch_bytes"":0,""region_scopes"":0,""max_region_scopes"":0,""call_collections_closed"":0,""call_collections_unresolved"":0,""call_memo_hits"":0,""solver_passes"":0,""solver_constraint_visits"":0,""occurs_steps"":0}"
jobs128,fresh,baseline,"[3845,3854,3964,4067,4229,4531,5357]","[4134,4144,4297,4352,4597,5740,5987]",3168641,5941,866693,0,"[3168641,3168641,3168641,3168641,3168641,3168641,3168641]","[866693,866693,866693,866693,866693,866693,866693]","{""inference_regions"":258,""canonical_specialization_queries"":0,""canonical_specialization_hits"":0,""solver_requested_bytes"":398316,""solver_allocations"":1849,""scratch_requested_bytes"":365612,""scratch_allocations"":1481,""max_solver_live_bytes"":35756,""max_scratch_live_bytes"":46712,""evidence_import_solver_bytes"":0,""evidence_import_scratch_bytes"":128,""snapshot_copy_bytes"":0,""snapshot_copy_allocations"":0,""principal_copy_buffer_bytes"":0,""principal_copy_buffer_allocations"":0,""frozen_capture_temporary_bytes"":0,""frozen_capture_published_bytes"":0,""frozen_edge_scratch_bytes"":0,""region_scopes"":386,""max_region_scopes"":129,""call_collections_closed"":0,""call_collections_unresolved"":0,""call_memo_hits"":128,""solver_passes"":261,""solver_constraint_visits"":256,""occurs_steps"":0}"
jobs128,fresh,default,"[3740,3776,3986,4023,4208,5036,5364]","[4046,4095,4315,4543,4551,5362,5767]",3168641,5941,866693,0,"[3168641,3168641,3168641,3168641,3168641,3168641,3168641]","[866693,866693,866693,866693,866693,866693,866693]","{""semantic_component_batches"":0,""semantic_component_jobs"":0,""max_semantic_component_workers"":0,""inference_regions"":258,""canonical_specialization_queries"":0,""canonical_specialization_hits"":0,""solver_requested_bytes"":398316,""solver_allocations"":1849,""scratch_requested_bytes"":365612,""scratch_allocations"":1481,""max_solver_live_bytes"":35756,""max_scratch_live_bytes"":46712,""evidence_import_solver_bytes"":0,""evidence_import_scratch_bytes"":128,""snapshot_copy_bytes"":0,""snapshot_copy_allocations"":0,""principal_copy_buffer_bytes"":0,""principal_copy_buffer_allocations"":0,""frozen_capture_temporary_bytes"":0,""frozen_capture_published_bytes"":0,""frozen_edge_scratch_bytes"":0,""region_scopes"":386,""max_region_scopes"":129,""call_collections_closed"":0,""call_collections_unresolved"":0,""call_memo_hits"":128,""solver_passes"":261,""solver_constraint_visits"":256,""occurs_steps"":0}"
jobs128,fresh,workers-1,"[4325,4520,4566,4596,4767,4813,4829]","[4656,4858,4866,4924,5067,5124,5173]",3262121,7870,866693,0,"[3262121,3262121,3262121,3262121,3262121,3262121,3262121]","[866693,866693,866693,866693,866693,866693,866693]","{""semantic_component_batches"":1,""semantic_component_jobs"":128,""max_semantic_component_workers"":1,""inference_regions"":258,""canonical_specialization_queries"":0,""canonical_specialization_hits"":0,""solver_requested_bytes"":398316,""solver_allocations"":1849,""scratch_requested_bytes"":365612,""scratch_allocations"":1481,""max_solver_live_bytes"":35756,""max_scratch_live_bytes"":46712,""evidence_import_solver_bytes"":0,""evidence_import_scratch_bytes"":128,""snapshot_copy_bytes"":0,""snapshot_copy_allocations"":0,""principal_copy_buffer_bytes"":0,""principal_copy_buffer_allocations"":0,""frozen_capture_temporary_bytes"":0,""frozen_capture_published_bytes"":0,""frozen_edge_scratch_bytes"":0,""region_scopes"":386,""max_region_scopes"":129,""call_collections_closed"":0,""call_collections_unresolved"":0,""call_memo_hits"":128,""solver_passes"":261,""solver_constraint_visits"":256,""occurs_steps"":0}"
jobs128,fresh,workers-2,"[4476,4794,4918,4973,5048,5641,6246]","[4578,4822,4970,5041,5171,5579,6288]",3313449,7875,866693,0,"[3313449,3313449,3313449,3313449,3313449,3313449,3313449]","[866693,866693,866693,866693,866693,866693,866693]","{""semantic_component_batches"":1,""semantic_component_jobs"":128,""max_semantic_component_workers"":2,""inference_regions"":258,""canonical_specialization_queries"":0,""canonical_specialization_hits"":0,""solver_requested_bytes"":398316,""solver_allocations"":1849,""scratch_requested_bytes"":365612,""scratch_allocations"":1481,""max_solver_live_bytes"":35756,""max_scratch_live_bytes"":46712,""evidence_import_solver_bytes"":0,""evidence_import_scratch_bytes"":128,""snapshot_copy_bytes"":0,""snapshot_copy_allocations"":0,""principal_copy_buffer_bytes"":0,""principal_copy_buffer_allocations"":0,""frozen_capture_temporary_bytes"":0,""frozen_capture_published_bytes"":0,""frozen_edge_scratch_bytes"":0,""region_scopes"":386,""max_region_scopes"":129,""call_collections_closed"":0,""call_collections_unresolved"":0,""call_memo_hits"":128,""solver_passes"":261,""solver_constraint_visits"":256,""occurs_steps"":0}"
jobs128,fresh,workers-4,"[5053,5378,5382,5744,5765,5903,6174]","[4839,5092,5159,5424,5604,5690,6457]",3416105,7885,866693,0,"[3416105,3416105,3416105,3416105,3416105,3416105,3416105]","[866693,866693,866693,866693,866693,866693,866693]","{""semantic_component_batches"":1,""semantic_component_jobs"":128,""max_semantic_component_workers"":4,""inference_regions"":258,""canonical_specialization_queries"":0,""canonical_specialization_hits"":0,""solver_requested_bytes"":398316,""solver_allocations"":1849,""scratch_requested_bytes"":365612,""scratch_allocations"":1481,""max_solver_live_bytes"":35756,""max_scratch_live_bytes"":46712,""evidence_import_solver_bytes"":0,""evidence_import_scratch_bytes"":128,""snapshot_copy_bytes"":0,""snapshot_copy_allocations"":0,""principal_copy_buffer_bytes"":0,""principal_copy_buffer_allocations"":0,""frozen_capture_temporary_bytes"":0,""frozen_capture_published_bytes"":0,""frozen_edge_scratch_bytes"":0,""region_scopes"":386,""max_region_scopes"":129,""call_collections_closed"":0,""call_collections_unresolved"":0,""call_memo_hits"":128,""solver_passes"":261,""solver_constraint_visits"":256,""occurs_steps"":0}"
jobs128,fresh,workers-8,"[5871,5886,5960,6059,6129,6464,6809]","[5486,5767,5887,5988,6246,6270,6877]",3518761,7895,866693,0,"[3313449,3416105,3416105,3518761,3621417,3621417,3621417]","[866693,866693,866693,866693,866693,866693,866693]","{""semantic_component_batches"":1,""semantic_component_jobs"":128,""max_semantic_component_workers"":8,""inference_regions"":258,""canonical_specialization_queries"":0,""canonical_specialization_hits"":0,""solver_requested_bytes"":398316,""solver_allocations"":1849,""scratch_requested_bytes"":365612,""scratch_allocations"":1481,""max_solver_live_bytes"":35756,""max_scratch_live_bytes"":46712,""evidence_import_solver_bytes"":0,""evidence_import_scratch_bytes"":128,""snapshot_copy_bytes"":0,""snapshot_copy_allocations"":0,""principal_copy_buffer_bytes"":0,""principal_copy_buffer_allocations"":0,""frozen_capture_temporary_bytes"":0,""frozen_capture_published_bytes"":0,""frozen_edge_scratch_bytes"":0,""region_scopes"":386,""max_region_scopes"":129,""call_collections_closed"":0,""call_collections_unresolved"":0,""call_memo_hits"":128,""solver_passes"":261,""solver_constraint_visits"":256,""occurs_steps"":0}"
jobs128,cache_population,baseline,"[4374,4481,4914,4972,5246,5407,6112]","[5995,6101,6610,6685,6855,7564,7981]",3474678,6032,866693,0,"[3474678,3474678,3474678,3474678,3474678,3474678,3474678]","[866693,866693,866693,866693,866693,866693,866693]","{""inference_regions"":258,""canonical_specialization_queries"":0,""canonical_specialization_hits"":0,""solver_requested_bytes"":398316,""solver_allocations"":1849,""scratch_requested_bytes"":365612,""scratch_allocations"":1481,""max_solver_live_bytes"":35756,""max_scratch_live_bytes"":46712,""evidence_import_solver_bytes"":0,""evidence_import_scratch_bytes"":128,""snapshot_copy_bytes"":196,""snapshot_copy_allocations"":8,""principal_copy_buffer_bytes"":0,""principal_copy_buffer_allocations"":0,""frozen_capture_temporary_bytes"":0,""frozen_capture_published_bytes"":0,""frozen_edge_scratch_bytes"":0,""region_scopes"":386,""max_region_scopes"":129,""call_collections_closed"":0,""call_collections_unresolved"":0,""call_memo_hits"":128,""solver_passes"":261,""solver_constraint_visits"":256,""occurs_steps"":0}"
jobs128,cache_population,default,"[4338,4350,4489,4489,4510,4925,5379]","[5964,5993,6002,6380,6603,6800,7241]",3474676,6032,866693,0,"[3474676,3474676,3474676,3474676,3474676,3474676,3474676]","[866693,866693,866693,866693,866693,866693,866693]","{""semantic_component_batches"":0,""semantic_component_jobs"":0,""max_semantic_component_workers"":0,""inference_regions"":258,""canonical_specialization_queries"":0,""canonical_specialization_hits"":0,""solver_requested_bytes"":398316,""solver_allocations"":1849,""scratch_requested_bytes"":365612,""scratch_allocations"":1481,""max_solver_live_bytes"":35756,""max_scratch_live_bytes"":46712,""evidence_import_solver_bytes"":0,""evidence_import_scratch_bytes"":128,""snapshot_copy_bytes"":196,""snapshot_copy_allocations"":8,""principal_copy_buffer_bytes"":0,""principal_copy_buffer_allocations"":0,""frozen_capture_temporary_bytes"":0,""frozen_capture_published_bytes"":0,""frozen_edge_scratch_bytes"":0,""region_scopes"":386,""max_region_scopes"":129,""call_collections_closed"":0,""call_collections_unresolved"":0,""call_memo_hits"":128,""solver_passes"":261,""solver_constraint_visits"":256,""occurs_steps"":0}"
jobs128,cache_population,workers-1,"[4447,4770,4811,4870,4984,5380,5530]","[6223,6277,6440,6569,7064,7084,7842]",3568160,7961,866693,0,"[3568160,3568160,3568160,3568160,3568160,3568160,3568160]","[866693,866693,866693,866693,866693,866693,866693]","{""semantic_component_batches"":1,""semantic_component_jobs"":128,""max_semantic_component_workers"":1,""inference_regions"":258,""canonical_specialization_queries"":0,""canonical_specialization_hits"":0,""solver_requested_bytes"":398316,""solver_allocations"":1849,""scratch_requested_bytes"":365612,""scratch_allocations"":1481,""max_solver_live_bytes"":35756,""max_scratch_live_bytes"":46712,""evidence_import_solver_bytes"":0,""evidence_import_scratch_bytes"":128,""snapshot_copy_bytes"":196,""snapshot_copy_allocations"":8,""principal_copy_buffer_bytes"":0,""principal_copy_buffer_allocations"":0,""frozen_capture_temporary_bytes"":0,""frozen_capture_published_bytes"":0,""frozen_edge_scratch_bytes"":0,""region_scopes"":386,""max_region_scopes"":129,""call_collections_closed"":0,""call_collections_unresolved"":0,""call_memo_hits"":128,""solver_passes"":261,""solver_constraint_visits"":256,""occurs_steps"":0}"
jobs128,cache_population,workers-2,"[5012,5042,5109,5142,5226,5397,5411]","[6400,6404,6629,6638,6833,8777,9158]",3619488,7966,866693,0,"[3619488,3619488,3619488,3619488,3619488,3619488,3619488]","[866693,866693,866693,866693,866693,866693,866693]","{""semantic_component_batches"":1,""semantic_component_jobs"":128,""max_semantic_component_workers"":2,""inference_regions"":258,""canonical_specialization_queries"":0,""canonical_specialization_hits"":0,""solver_requested_bytes"":398316,""solver_allocations"":1849,""scratch_requested_bytes"":365612,""scratch_allocations"":1481,""max_solver_live_bytes"":35756,""max_scratch_live_bytes"":46712,""evidence_import_solver_bytes"":0,""evidence_import_scratch_bytes"":128,""snapshot_copy_bytes"":196,""snapshot_copy_allocations"":8,""principal_copy_buffer_bytes"":0,""principal_copy_buffer_allocations"":0,""frozen_capture_temporary_bytes"":0,""frozen_capture_published_bytes"":0,""frozen_edge_scratch_bytes"":0,""region_scopes"":386,""max_region_scopes"":129,""call_collections_closed"":0,""call_collections_unresolved"":0,""call_memo_hits"":128,""solver_passes"":261,""solver_constraint_visits"":256,""occurs_steps"":0}"
jobs128,cache_population,workers-4,"[5591,6363,6427,6548,6892,7450,7842]","[6370,7293,7827,7949,8196,8779,9002]",3722144,7976,866693,0,"[3619488,3619488,3722144,3722144,3722144,3722144,3722144]","[866693,866693,866693,866693,866693,866693,866693]","{""semantic_component_batches"":1,""semantic_component_jobs"":128,""max_semantic_component_workers"":4,""inference_regions"":258,""canonical_specialization_queries"":0,""canonical_specialization_hits"":0,""solver_requested_bytes"":398316,""solver_allocations"":1849,""scratch_requested_bytes"":365612,""scratch_allocations"":1481,""max_solver_live_bytes"":35756,""max_scratch_live_bytes"":46712,""evidence_import_solver_bytes"":0,""evidence_import_scratch_bytes"":128,""snapshot_copy_bytes"":196,""snapshot_copy_allocations"":8,""principal_copy_buffer_bytes"":0,""principal_copy_buffer_allocations"":0,""frozen_capture_temporary_bytes"":0,""frozen_capture_published_bytes"":0,""frozen_edge_scratch_bytes"":0,""region_scopes"":386,""max_region_scopes"":129,""call_collections_closed"":0,""call_collections_unresolved"":0,""call_memo_hits"":128,""solver_passes"":261,""solver_constraint_visits"":256,""occurs_steps"":0}"
jobs128,cache_population,workers-8,"[6018,6093,7109,7173,7253,7668,8097]","[7271,7656,8306,8659,8868,8907,9120]",3876128,7991,866693,0,"[3568160,3773472,3773472,3876128,3876128,3927456,3927456]","[866693,866693,866693,866693,866693,866693,866693]","{""semantic_component_batches"":1,""semantic_component_jobs"":128,""max_semantic_component_workers"":8,""inference_regions"":258,""canonical_specialization_queries"":0,""canonical_specialization_hits"":0,""solver_requested_bytes"":398316,""solver_allocations"":1849,""scratch_requested_bytes"":365612,""scratch_allocations"":1481,""max_solver_live_bytes"":35756,""max_scratch_live_bytes"":46712,""evidence_import_solver_bytes"":0,""evidence_import_scratch_bytes"":128,""snapshot_copy_bytes"":196,""snapshot_copy_allocations"":8,""principal_copy_buffer_bytes"":0,""principal_copy_buffer_allocations"":0,""frozen_capture_temporary_bytes"":0,""frozen_capture_published_bytes"":0,""frozen_edge_scratch_bytes"":0,""region_scopes"":386,""max_region_scopes"":129,""call_collections_closed"":0,""call_collections_unresolved"":0,""call_memo_hits"":128,""solver_passes"":261,""solver_constraint_visits"":256,""occurs_steps"":0}"
jobs128,restart,baseline,"[4134,4226,4267,4279,4338,4650,4717]","[4934,4944,4992,5097,5130,5365,5467]",3509132,6056,866693,0,"[3509132,3509132,3509132,3509132,3509132,3509132,3509132]","[866693,866693,866693,866693,866693,866693,866693]","{""inference_regions"":258,""canonical_specialization_queries"":0,""canonical_specialization_hits"":0,""solver_requested_bytes"":398316,""solver_allocations"":1849,""scratch_requested_bytes"":365612,""scratch_allocations"":1481,""max_solver_live_bytes"":35756,""max_scratch_live_bytes"":46712,""evidence_import_solver_bytes"":0,""evidence_import_scratch_bytes"":128,""snapshot_copy_bytes"":196,""snapshot_copy_allocations"":8,""principal_copy_buffer_bytes"":0,""principal_copy_buffer_allocations"":0,""frozen_capture_temporary_bytes"":0,""frozen_capture_published_bytes"":0,""frozen_edge_scratch_bytes"":0,""region_scopes"":386,""max_region_scopes"":129,""call_collections_closed"":0,""call_collections_unresolved"":0,""call_memo_hits"":128,""solver_passes"":261,""solver_constraint_visits"":256,""occurs_steps"":0}"
jobs128,restart,default,"[4121,4377,4408,4575,4586,4626,4847]","[4843,4951,5223,5239,5440,5603,5661]",3509130,6056,866693,0,"[3509130,3509130,3509130,3509130,3509130,3509130,3509130]","[866693,866693,866693,866693,866693,866693,866693]","{""semantic_component_batches"":0,""semantic_component_jobs"":0,""max_semantic_component_workers"":0,""inference_regions"":258,""canonical_specialization_queries"":0,""canonical_specialization_hits"":0,""solver_requested_bytes"":398316,""solver_allocations"":1849,""scratch_requested_bytes"":365612,""scratch_allocations"":1481,""max_solver_live_bytes"":35756,""max_scratch_live_bytes"":46712,""evidence_import_solver_bytes"":0,""evidence_import_scratch_bytes"":128,""snapshot_copy_bytes"":196,""snapshot_copy_allocations"":8,""principal_copy_buffer_bytes"":0,""principal_copy_buffer_allocations"":0,""frozen_capture_temporary_bytes"":0,""frozen_capture_published_bytes"":0,""frozen_edge_scratch_bytes"":0,""region_scopes"":386,""max_region_scopes"":129,""call_collections_closed"":0,""call_collections_unresolved"":0,""call_memo_hits"":128,""solver_passes"":261,""solver_constraint_visits"":256,""occurs_steps"":0}"
jobs128,restart,workers-1,"[4674,4757,4824,4901,4908,5039,5857]","[5584,5629,5668,5716,5847,5953,6576]",3602614,7985,866693,0,"[3602614,3602614,3602614,3602614,3602614,3602614,3602614]","[866693,866693,866693,866693,866693,866693,866693]","{""semantic_component_batches"":1,""semantic_component_jobs"":128,""max_semantic_component_workers"":1,""inference_regions"":258,""canonical_specialization_queries"":0,""canonical_specialization_hits"":0,""solver_requested_bytes"":398316,""solver_allocations"":1849,""scratch_requested_bytes"":365612,""scratch_allocations"":1481,""max_solver_live_bytes"":35756,""max_scratch_live_bytes"":46712,""evidence_import_solver_bytes"":0,""evidence_import_scratch_bytes"":128,""snapshot_copy_bytes"":196,""snapshot_copy_allocations"":8,""principal_copy_buffer_bytes"":0,""principal_copy_buffer_allocations"":0,""frozen_capture_temporary_bytes"":0,""frozen_capture_published_bytes"":0,""frozen_edge_scratch_bytes"":0,""region_scopes"":386,""max_region_scopes"":129,""call_collections_closed"":0,""call_collections_unresolved"":0,""call_memo_hits"":128,""solver_passes"":261,""solver_constraint_visits"":256,""occurs_steps"":0}"
jobs128,restart,workers-2,"[4809,4948,4999,5006,5235,5469,5691]","[5356,5550,5564,5640,6525,6604,7222]",3653942,7990,866693,0,"[3653942,3653942,3653942,3653942,3653942,3653942,3653942]","[866693,866693,866693,866693,866693,866693,866693]","{""semantic_component_batches"":1,""semantic_component_jobs"":128,""max_semantic_component_workers"":2,""inference_regions"":258,""canonical_specialization_queries"":0,""canonical_specialization_hits"":0,""solver_requested_bytes"":398316,""solver_allocations"":1849,""scratch_requested_bytes"":365612,""scratch_allocations"":1481,""max_solver_live_bytes"":35756,""max_scratch_live_bytes"":46712,""evidence_import_solver_bytes"":0,""evidence_import_scratch_bytes"":128,""snapshot_copy_bytes"":196,""snapshot_copy_allocations"":8,""principal_copy_buffer_bytes"":0,""principal_copy_buffer_allocations"":0,""frozen_capture_temporary_bytes"":0,""frozen_capture_published_bytes"":0,""frozen_edge_scratch_bytes"":0,""region_scopes"":386,""max_region_scopes"":129,""call_collections_closed"":0,""call_collections_unresolved"":0,""call_memo_hits"":128,""solver_passes"":261,""solver_constraint_visits"":256,""occurs_steps"":0}"
jobs128,restart,workers-4,"[5388,5555,5665,5907,6580,7065,7160]","[5744,5864,5895,6413,6784,7526,8313]",3756598,8000,866693,0,"[3653942,3705270,3756598,3756598,3756598,3756598,3756598]","[866693,866693,866693,866693,866693,866693,866693]","{""semantic_component_batches"":1,""semantic_component_jobs"":128,""max_semantic_component_workers"":4,""inference_regions"":258,""canonical_specialization_queries"":0,""canonical_specialization_hits"":0,""solver_requested_bytes"":398316,""solver_allocations"":1849,""scratch_requested_bytes"":365612,""scratch_allocations"":1481,""max_solver_live_bytes"":35756,""max_scratch_live_bytes"":46712,""evidence_import_solver_bytes"":0,""evidence_import_scratch_bytes"":128,""snapshot_copy_bytes"":196,""snapshot_copy_allocations"":8,""principal_copy_buffer_bytes"":0,""principal_copy_buffer_allocations"":0,""frozen_capture_temporary_bytes"":0,""frozen_capture_published_bytes"":0,""frozen_edge_scratch_bytes"":0,""region_scopes"":386,""max_region_scopes"":129,""call_collections_closed"":0,""call_collections_unresolved"":0,""call_memo_hits"":128,""solver_passes"":261,""solver_constraint_visits"":256,""occurs_steps"":0}"
jobs128,restart,workers-8,"[6152,6412,6698,7392,7407,7837,10518]","[6481,6732,6973,7352,7678,8185,10805]",3961910,8020,866693,0,"[3653942,3705270,3756598,3961910,3961910,3961910,3961910]","[866693,866693,866693,866693,866693,866693,866693]","{""semantic_component_batches"":1,""semantic_component_jobs"":128,""max_semantic_component_workers"":8,""inference_regions"":258,""canonical_specialization_queries"":0,""canonical_specialization_hits"":0,""solver_requested_bytes"":398316,""solver_allocations"":1849,""scratch_requested_bytes"":365612,""scratch_allocations"":1481,""max_solver_live_bytes"":35756,""max_scratch_live_bytes"":46712,""evidence_import_solver_bytes"":0,""evidence_import_scratch_bytes"":128,""snapshot_copy_bytes"":196,""snapshot_copy_allocations"":8,""principal_copy_buffer_bytes"":0,""principal_copy_buffer_allocations"":0,""frozen_capture_temporary_bytes"":0,""frozen_capture_published_bytes"":0,""frozen_edge_scratch_bytes"":0,""region_scopes"":386,""max_region_scopes"":129,""call_collections_closed"":0,""call_collections_unresolved"":0,""call_memo_hits"":128,""solver_passes"":261,""solver_constraint_visits"":256,""occurs_steps"":0}"
