source,sha256,policy,cpu_us,wall_us,requested_bytes,peak_bytes,work_counters,refinements,principal_queries
build/bench/cloud-principal-graphs/callback-sources/apply-4-valid.blot,e84842f1447cfac4cf505f7c6b6c5075718e0aac86a738f4b7d8477cb29fa700,baseline,"[4594,4605,4637,4761,4826,4827,4830,4955,4995,5106,5171,5192,5466,5569,5598]","[4831,4834,4911,4994,5029,5049,5084,5148,5190,5318,5434,5468,5748,5808,5976]","[3702405,3702405,3702405,3702405,3702405,3702405,3702405,3702405,3702405,3702405,3702405,3702405,3702405,3702405,3702405]","[1072587,1072587,1072587,1072587,1072587,1072587,1072587,1072587,1072587,1072587,1072587,1072587,1072587,1072587,1072587]","{""semantic_component_batches"":0,""semantic_component_jobs"":0,""max_semantic_component_workers"":0,""inference_regions"":42,""canonical_specialization_queries"":2,""canonical_specialization_hits"":0,""solver_requested_bytes"":124624,""solver_allocations"":432,""scratch_requested_bytes"":122552,""scratch_allocations"":737,""max_solver_live_bytes"":4120,""max_scratch_live_bytes"":3192,""evidence_import_solver_bytes"":0,""evidence_import_scratch_bytes"":1792,""snapshot_copy_bytes"":0,""snapshot_copy_allocations"":0,""principal_copy_buffer_bytes"":17384,""principal_copy_buffer_allocations"":162,""frozen_capture_temporary_bytes"":0,""frozen_capture_published_bytes"":0,""frozen_edge_scratch_bytes"":0,""region_scopes"":62,""max_region_scopes"":4,""call_collections_closed"":4,""call_collections_unresolved"":0,""call_memo_hits"":32,""solver_passes"":64,""solver_constraint_visits"":75,""occurs_steps"":65}",null,"{""persisted_requests"":0,""persisted_hits"":0,""persisted_nonempty_hits"":0,""persisted_call_proofs"":0,""persisted_declines"":0,""projected_empty_hits"":0,""projected_empty_declines"":0,""input_image_checks"":0,""dependency_validations"":0,""reused_dependency_validations"":0,""graph_importers_initialized"":0,""graph_importers_prepared"":0,""empty_hits"":0,""primitive_hits"":0,""primitive_fallbacks"":0,""primitive_key_declined"":0,""nonempty_requests"":0,""requests"":0,""fresh_unit_requests"":0,""fresh_unit_hits"":0,""hits"":0,""changed_or_unsupported"":0,""missing"":0,""evidence_declined"":0,""options_declined"":0,""captured"":0,""fresh_regions"":0,""call_publications_replayed"":0}"
build/bench/cloud-principal-graphs/callback-sources/apply-4-valid.blot,e84842f1447cfac4cf505f7c6b6c5075718e0aac86a738f4b7d8477cb29fa700,default,"[4459,4559,4576,4619,4709,4724,4765,4814,4876,4949,5077,5136,5175,5177,5665]","[4677,4773,4782,4910,4923,4961,5010,5019,5103,5177,5315,5344,5380,5549,5879]","[3714357,3714357,3714357,3714357,3714357,3714357,3714357,3714357,3714357,3714357,3714357,3714357,3714357,3714357,3714357]","[1072587,1072587,1072587,1072587,1072587,1072587,1072587,1072587,1072587,1072587,1072587,1072587,1072587,1072587,1072587]","{""semantic_component_batches"":0,""semantic_component_jobs"":0,""max_semantic_component_workers"":0,""inference_regions"":42,""canonical_specialization_queries"":2,""canonical_specialization_hits"":0,""solver_requested_bytes"":124624,""solver_allocations"":432,""scratch_requested_bytes"":122552,""scratch_allocations"":737,""max_solver_live_bytes"":4120,""max_scratch_live_bytes"":3192,""evidence_import_solver_bytes"":0,""evidence_import_scratch_bytes"":1792,""snapshot_copy_bytes"":0,""snapshot_copy_allocations"":0,""principal_copy_buffer_bytes"":17384,""principal_copy_buffer_allocations"":162,""frozen_capture_temporary_bytes"":0,""frozen_capture_published_bytes"":0,""frozen_edge_scratch_bytes"":0,""region_scopes"":62,""max_region_scopes"":4,""call_collections_closed"":4,""call_collections_unresolved"":0,""call_memo_hits"":32,""solver_passes"":64,""solver_constraint_visits"":75,""occurs_steps"":65}",null,"{""persisted_requests"":0,""persisted_hits"":0,""persisted_nonempty_hits"":0,""persisted_call_proofs"":0,""persisted_declines"":0,""projected_empty_hits"":0,""projected_empty_declines"":0,""input_image_checks"":0,""dependency_validations"":0,""reused_dependency_validations"":0,""graph_importers_initialized"":0,""graph_importers_prepared"":0,""empty_hits"":0,""primitive_hits"":0,""primitive_fallbacks"":0,""primitive_key_declined"":0,""nonempty_requests"":0,""requests"":0,""fresh_unit_requests"":0,""fresh_unit_hits"":0,""hits"":0,""changed_or_unsupported"":0,""missing"":0,""evidence_declined"":0,""options_declined"":0,""captured"":0,""fresh_regions"":0,""call_publications_replayed"":0}"
build/bench/cloud-principal-graphs/callback-sources/apply-8-valid.blot,92ff4642cd94874b50272210ce3c0f1d1682a92bcdc6a299e163154224d2e103,baseline,"[4895,4920,4949,5122,5255,5266,5422,5442,5469,5490,5524,5548,5594,5945,6080]","[5160,5200,5245,5399,5554,5564,5641,5714,5725,5729,5742,5777,5928,6163,6354]","[4078780,4078780,4078780,4078780,4078780,4078780,4078780,4078780,4078780,4078780,4078780,4078780,4078780,4078780,4078780]","[1096207,1096207,1096207,1096207,1096207,1096207,1096207,1096207,1096207,1096207,1096207,1096207,1096207,1096207,1096207]","{""semantic_component_batches"":0,""semantic_component_jobs"":0,""max_semantic_component_workers"":0,""inference_regions"":66,""canonical_specialization_queries"":2,""canonical_specialization_hits"":0,""solver_requested_bytes"":203152,""solver_allocations"":680,""scratch_requested_bytes"":201328,""scratch_allocations"":1210,""max_solver_live_bytes"":4120,""max_scratch_live_bytes"":4000,""evidence_import_solver_bytes"":0,""evidence_import_scratch_bytes"":2816,""snapshot_copy_bytes"":0,""snapshot_copy_allocations"":0,""principal_copy_buffer_bytes"":30600,""principal_copy_buffer_allocations"":278,""frozen_capture_temporary_bytes"":0,""frozen_capture_published_bytes"":0,""frozen_edge_scratch_bytes"":0,""region_scopes"":94,""max_region_scopes"":4,""call_collections_closed"":4,""call_collections_unresolved"":0,""call_memo_hits"":56,""solver_passes"":104,""solver_constraint_visits"":131,""occurs_steps"":97}",null,"{""persisted_requests"":0,""persisted_hits"":0,""persisted_nonempty_hits"":0,""persisted_call_proofs"":0,""persisted_declines"":0,""projected_empty_hits"":0,""projected_empty_declines"":0,""input_image_checks"":0,""dependency_validations"":0,""reused_dependency_validations"":0,""graph_importers_initialized"":0,""graph_importers_prepared"":0,""empty_hits"":0,""primitive_hits"":0,""primitive_fallbacks"":0,""primitive_key_declined"":0,""nonempty_requests"":0,""requests"":0,""fresh_unit_requests"":0,""fresh_unit_hits"":0,""hits"":0,""changed_or_unsupported"":0,""missing"":0,""evidence_declined"":0,""options_declined"":0,""captured"":0,""fresh_regions"":0,""call_publications_replayed"":0}"
build/bench/cloud-principal-graphs/callback-sources/apply-8-valid.blot,92ff4642cd94874b50272210ce3c0f1d1682a92bcdc6a299e163154224d2e103,default,"[4958,4982,5009,5087,5239,5304,5305,5434,5512,5619,5715,5806,5951,6540,9362]","[5199,5238,5257,5350,5536,5539,5558,5690,5784,5871,5928,6027,6217,6787,9661]","[4088876,4088876,4088876,4088876,4088876,4088876,4088876,4088876,4088876,4088876,4088876,4088876,4088876,4088876,4088876]","[1096207,1096207,1096207,1096207,1096207,1096207,1096207,1096207,1096207,1096207,1096207,1096207,1096207,1096207,1096207]","{""semantic_component_batches"":0,""semantic_component_jobs"":0,""max_semantic_component_workers"":0,""inference_regions"":66,""canonical_specialization_queries"":2,""canonical_specialization_hits"":0,""solver_requested_bytes"":203152,""solver_allocations"":680,""scratch_requested_bytes"":201328,""scratch_allocations"":1210,""max_solver_live_bytes"":4120,""max_scratch_live_bytes"":4000,""evidence_import_solver_bytes"":0,""evidence_import_scratch_bytes"":2816,""snapshot_copy_bytes"":0,""snapshot_copy_allocations"":0,""principal_copy_buffer_bytes"":30600,""principal_copy_buffer_allocations"":278,""frozen_capture_temporary_bytes"":0,""frozen_capture_published_bytes"":0,""frozen_edge_scratch_bytes"":0,""region_scopes"":94,""max_region_scopes"":4,""call_collections_closed"":4,""call_collections_unresolved"":0,""call_memo_hits"":56,""solver_passes"":104,""solver_constraint_visits"":131,""occurs_steps"":97}",null,"{""persisted_requests"":0,""persisted_hits"":0,""persisted_nonempty_hits"":0,""persisted_call_proofs"":0,""persisted_declines"":0,""projected_empty_hits"":0,""projected_empty_declines"":0,""input_image_checks"":0,""dependency_validations"":0,""reused_dependency_validations"":0,""graph_importers_initialized"":0,""graph_importers_prepared"":0,""empty_hits"":0,""primitive_hits"":0,""primitive_fallbacks"":0,""primitive_key_declined"":0,""nonempty_requests"":0,""requests"":0,""fresh_unit_requests"":0,""fresh_unit_hits"":0,""hits"":0,""changed_or_unsupported"":0,""missing"":0,""evidence_declined"":0,""options_declined"":0,""captured"":0,""fresh_regions"":0,""call_publications_replayed"":0}"
build/bench/cloud-principal-graphs/callback-sources/apply-12-valid.blot,b5f4a9cb2fe83b3736327b474588f59d3cd7f55244b0ff456179a56b91f27cfa,baseline,"[5272,5387,5412,5644,5663,5715,5847,5879,5885,5916,5969,5983,6439,6639,6931]","[5503,5626,5671,5897,5970,6052,6086,6117,6121,6171,6188,6245,6711,6882,7471]","[4434354,4434354,4434354,4434354,4434354,4434354,4434354,4434354,4434354,4434354,4434354,4434354,4434354,4434354,4434354]","[1133455,1133455,1133455,1133455,1133455,1133455,1133455,1133455,1133455,1133455,1133455,1133455,1133455,1133455,1133455]","{""semantic_component_batches"":0,""semantic_component_jobs"":0,""max_semantic_component_workers"":0,""inference_regions"":90,""canonical_specialization_queries"":2,""canonical_specialization_hits"":0,""solver_requested_bytes"":281680,""solver_allocations"":928,""scratch_requested_bytes"":283048,""scratch_allocations"":1684,""max_solver_live_bytes"":4120,""max_scratch_live_bytes"":6640,""evidence_import_solver_bytes"":0,""evidence_import_scratch_bytes"":3840,""snapshot_copy_bytes"":0,""snapshot_copy_allocations"":0,""principal_copy_buffer_bytes"":43816,""principal_copy_buffer_allocations"":394,""frozen_capture_temporary_bytes"":0,""frozen_capture_published_bytes"":0,""frozen_edge_scratch_bytes"":0,""region_scopes"":126,""max_region_scopes"":4,""call_collections_closed"":4,""call_collections_unresolved"":0,""call_memo_hits"":80,""solver_passes"":144,""solver_constraint_visits"":187,""occurs_steps"":129}",null,"{""persisted_requests"":0,""persisted_hits"":0,""persisted_nonempty_hits"":0,""persisted_call_proofs"":0,""persisted_declines"":0,""projected_empty_hits"":0,""projected_empty_declines"":0,""input_image_checks"":0,""dependency_validations"":0,""reused_dependency_validations"":0,""graph_importers_initialized"":0,""graph_importers_prepared"":0,""empty_hits"":0,""primitive_hits"":0,""primitive_fallbacks"":0,""primitive_key_declined"":0,""nonempty_requests"":0,""requests"":0,""fresh_unit_requests"":0,""fresh_unit_hits"":0,""hits"":0,""changed_or_unsupported"":0,""missing"":0,""evidence_declined"":0,""options_declined"":0,""captured"":0,""fresh_regions"":0,""call_publications_replayed"":0}"
build/bench/cloud-principal-graphs/callback-sources/apply-12-valid.blot,b5f4a9cb2fe83b3736327b474588f59d3cd7f55244b0ff456179a56b91f27cfa,default,"[5370,5411,5441,5665,5668,5775,5828,5838,6057,6284,6404,6595,6937,7166,25471]","[5616,5641,5792,5883,5889,6035,6059,6073,6289,6581,6698,6886,7185,7402,25842]","[4440290,4440290,4440290,4440290,4440290,4440290,4440290,4440290,4440290,4440290,4440290,4440290,4440290,4440290,4440290]","[1133455,1133455,1133455,1133455,1133455,1133455,1133455,1133455,1133455,1133455,1133455,1133455,1133455,1133455,1133455]","{""semantic_component_batches"":0,""semantic_component_jobs"":0,""max_semantic_component_workers"":0,""inference_regions"":90,""canonical_specialization_queries"":2,""canonical_specialization_hits"":0,""solver_requested_bytes"":281680,""solver_allocations"":928,""scratch_requested_bytes"":283048,""scratch_allocations"":1684,""max_solver_live_bytes"":4120,""max_scratch_live_bytes"":6640,""evidence_import_solver_bytes"":0,""evidence_import_scratch_bytes"":3840,""snapshot_copy_bytes"":0,""snapshot_copy_allocations"":0,""principal_copy_buffer_bytes"":43816,""principal_copy_buffer_allocations"":394,""frozen_capture_temporary_bytes"":0,""frozen_capture_published_bytes"":0,""frozen_edge_scratch_bytes"":0,""region_scopes"":126,""max_region_scopes"":4,""call_collections_closed"":4,""call_collections_unresolved"":0,""call_memo_hits"":80,""solver_passes"":144,""solver_constraint_visits"":187,""occurs_steps"":129}",null,"{""persisted_requests"":0,""persisted_hits"":0,""persisted_nonempty_hits"":0,""persisted_call_proofs"":0,""persisted_declines"":0,""projected_empty_hits"":0,""projected_empty_declines"":0,""input_image_checks"":0,""dependency_validations"":0,""reused_dependency_validations"":0,""graph_importers_initialized"":0,""graph_importers_prepared"":0,""empty_hits"":0,""primitive_hits"":0,""primitive_fallbacks"":0,""primitive_key_declined"":0,""nonempty_requests"":0,""requests"":0,""fresh_unit_requests"":0,""fresh_unit_hits"":0,""hits"":0,""changed_or_unsupported"":0,""missing"":0,""evidence_declined"":0,""options_declined"":0,""captured"":0,""fresh_regions"":0,""call_publications_replayed"":0}"
build/bench/cloud-principal-graphs/callback-sources/curried-4-valid.blot,ac10c5cf4c1535cedab5194798feb143a690c04c290b8685b9f3a003935d12f6,baseline,"[4601,4836,4841,4867,4874,4900,4925,4977,5005,5110,5370,5446,5718,5959,8039]","[4882,5091,5095,5123,5134,5158,5169,5220,5266,5369,5599,5679,5930,6176,8345]","[3760122,3760122,3760122,3760122,3760122,3760122,3760122,3760122,3760122,3760122,3760122,3760122,3760122,3760122,3760122]","[1074071,1074071,1074071,1074071,1074071,1074071,1074071,1074071,1074071,1074071,1074071,1074071,1074071,1074071,1074071]","{""semantic_component_batches"":0,""semantic_component_jobs"":0,""max_semantic_component_workers"":0,""inference_regions"":42,""canonical_specialization_queries"":2,""canonical_specialization_hits"":0,""solver_requested_bytes"":184312,""solver_allocations"":478,""scratch_requested_bytes"":149128,""scratch_allocations"":810,""max_solver_live_bytes"":7328,""max_scratch_live_bytes"":3424,""evidence_import_solver_bytes"":0,""evidence_import_scratch_bytes"":1792,""snapshot_copy_bytes"":0,""snapshot_copy_allocations"":0,""principal_copy_buffer_bytes"":23280,""principal_copy_buffer_allocations"":175,""frozen_capture_temporary_bytes"":0,""frozen_capture_published_bytes"":0,""frozen_edge_scratch_bytes"":0,""region_scopes"":62,""max_region_scopes"":4,""call_collections_closed"":4,""call_collections_unresolved"":0,""call_memo_hits"":32,""solver_passes"":64,""solver_constraint_visits"":77,""occurs_steps"":71}",null,"{""persisted_requests"":0,""persisted_hits"":0,""persisted_nonempty_hits"":0,""persisted_call_proofs"":0,""persisted_declines"":0,""projected_empty_hits"":0,""projected_empty_declines"":0,""input_image_checks"":0,""dependency_validations"":0,""reused_dependency_validations"":0,""graph_importers_initialized"":0,""graph_importers_prepared"":0,""empty_hits"":0,""primitive_hits"":0,""primitive_fallbacks"":0,""primitive_key_declined"":0,""nonempty_requests"":0,""requests"":0,""fresh_unit_requests"":0,""fresh_unit_hits"":0,""hits"":0,""changed_or_unsupported"":0,""missing"":0,""evidence_declined"":0,""options_declined"":0,""captured"":0,""fresh_regions"":0,""call_publications_replayed"":0}"
build/bench/cloud-principal-graphs/callback-sources/curried-4-valid.blot,ac10c5cf4c1535cedab5194798feb143a690c04c290b8685b9f3a003935d12f6,default,"[4522,4600,4612,4629,4687,4889,4986,5090,5136,5195,5254,5287,5296,5770,6807]","[4813,4814,4840,4903,4956,5108,5219,5350,5400,5460,5507,5658,5666,6035,7068]","[3772074,3772074,3772074,3772074,3772074,3772074,3772074,3772074,3772074,3772074,3772074,3772074,3772074,3772074,3772074]","[1074071,1074071,1074071,1074071,1074071,1074071,1074071,1074071,1074071,1074071,1074071,1074071,1074071,1074071,1074071]","{""semantic_component_batches"":0,""semantic_component_jobs"":0,""max_semantic_component_workers"":0,""inference_regions"":42,""canonical_specialization_queries"":2,""canonical_specialization_hits"":0,""solver_requested_bytes"":184312,""solver_allocations"":478,""scratch_requested_bytes"":149128,""scratch_allocations"":810,""max_solver_live_bytes"":7328,""max_scratch_live_bytes"":3424,""evidence_import_solver_bytes"":0,""evidence_import_scratch_bytes"":1792,""snapshot_copy_bytes"":0,""snapshot_copy_allocations"":0,""principal_copy_buffer_bytes"":23280,""principal_copy_buffer_allocations"":175,""frozen_capture_temporary_bytes"":0,""frozen_capture_published_bytes"":0,""frozen_edge_scratch_bytes"":0,""region_scopes"":62,""max_region_scopes"":4,""call_collections_closed"":4,""call_collections_unresolved"":0,""call_memo_hits"":32,""solver_passes"":64,""solver_constraint_visits"":77,""occurs_steps"":71}",null,"{""persisted_requests"":0,""persisted_hits"":0,""persisted_nonempty_hits"":0,""persisted_call_proofs"":0,""persisted_declines"":0,""projected_empty_hits"":0,""projected_empty_declines"":0,""input_image_checks"":0,""dependency_validations"":0,""reused_dependency_validations"":0,""graph_importers_initialized"":0,""graph_importers_prepared"":0,""empty_hits"":0,""primitive_hits"":0,""primitive_fallbacks"":0,""primitive_key_declined"":0,""nonempty_requests"":0,""requests"":0,""fresh_unit_requests"":0,""fresh_unit_hits"":0,""hits"":0,""changed_or_unsupported"":0,""missing"":0,""evidence_declined"":0,""options_declined"":0,""captured"":0,""fresh_regions"":0,""call_publications_replayed"":0}"
build/bench/cloud-principal-graphs/callback-sources/curried-8-valid.blot,56773e7f11db4927845db7b7864234b7c10cb95c0e666efce882afc855ef1f0c,baseline,"[5218,5394,5435,5465,5513,5542,5601,5613,5614,5675,5837,5969,6025,6069,6764]","[5469,5602,5700,5715,5766,5812,5844,5907,5995,6033,6060,6189,6263,6334,7009]","[4196223,4196223,4196223,4196223,4196223,4196223,4196223,4196223,4196223,4196223,4196223,4196223,4196223,4196223,4196223]","[1116059,1116059,1116059,1116059,1116059,1116059,1116059,1116059,1116059,1116059,1116059,1116059,1116059,1116059,1116059]","{""semantic_component_batches"":0,""semantic_component_jobs"":0,""max_semantic_component_workers"":0,""inference_regions"":66,""canonical_specialization_queries"":2,""canonical_specialization_hits"":0,""solver_requested_bytes"":295096,""solver_allocations"":750,""scratch_requested_bytes"":246528,""scratch_allocations"":1323,""max_solver_live_bytes"":7328,""max_scratch_live_bytes"":4080,""evidence_import_solver_bytes"":0,""evidence_import_scratch_bytes"":2816,""snapshot_copy_bytes"":0,""snapshot_copy_allocations"":0,""principal_copy_buffer_bytes"":40464,""principal_copy_buffer_allocations"":299,""frozen_capture_temporary_bytes"":0,""frozen_capture_published_bytes"":0,""frozen_edge_scratch_bytes"":0,""region_scopes"":94,""max_region_scopes"":4,""call_collections_closed"":4,""call_collections_unresolved"":0,""call_memo_hits"":56,""solver_passes"":104,""solver_constraint_visits"":133,""occurs_steps"":103}",null,"{""persisted_requests"":0,""persisted_hits"":0,""persisted_nonempty_hits"":0,""persisted_call_proofs"":0,""persisted_declines"":0,""projected_empty_hits"":0,""projected_empty_declines"":0,""input_image_checks"":0,""dependency_validations"":0,""reused_dependency_validations"":0,""graph_importers_initialized"":0,""graph_importers_prepared"":0,""empty_hits"":0,""primitive_hits"":0,""primitive_fallbacks"":0,""primitive_key_declined"":0,""nonempty_requests"":0,""requests"":0,""fresh_unit_requests"":0,""fresh_unit_hits"":0,""hits"":0,""changed_or_unsupported"":0,""missing"":0,""evidence_declined"":0,""options_declined"":0,""captured"":0,""fresh_regions"":0,""call_publications_replayed"":0}"
build/bench/cloud-principal-graphs/callback-sources/curried-8-valid.blot,56773e7f11db4927845db7b7864234b7c10cb95c0e666efce882afc855ef1f0c,default,"[5139,5300,5330,5573,5574,5834,5863,5863,5969,5995,6033,6033,6503,6891,7164]","[5404,5554,5595,5791,5865,6049,6082,6092,6276,6287,6303,6466,6783,7121,7410]","[4206319,4206319,4206319,4206319,4206319,4206319,4206319,4206319,4206319,4206319,4206319,4206319,4206319,4206319,4206319]","[1116059,1116059,1116059,1116059,1116059,1116059,1116059,1116059,1116059,1116059,1116059,1116059,1116059,1116059,1116059]","{""semantic_component_batches"":0,""semantic_component_jobs"":0,""max_semantic_component_workers"":0,""inference_regions"":66,""canonical_specialization_queries"":2,""canonical_specialization_hits"":0,""solver_requested_bytes"":295096,""solver_allocations"":750,""scratch_requested_bytes"":246528,""scratch_allocations"":1323,""max_solver_live_bytes"":7328,""max_scratch_live_bytes"":4080,""evidence_import_solver_bytes"":0,""evidence_import_scratch_bytes"":2816,""snapshot_copy_bytes"":0,""snapshot_copy_allocations"":0,""principal_copy_buffer_bytes"":40464,""principal_copy_buffer_allocations"":299,""frozen_capture_temporary_bytes"":0,""frozen_capture_published_bytes"":0,""frozen_edge_scratch_bytes"":0,""region_scopes"":94,""max_region_scopes"":4,""call_collections_closed"":4,""call_collections_unresolved"":0,""call_memo_hits"":56,""solver_passes"":104,""solver_constraint_visits"":133,""occurs_steps"":103}",null,"{""persisted_requests"":0,""persisted_hits"":0,""persisted_nonempty_hits"":0,""persisted_call_proofs"":0,""persisted_declines"":0,""projected_empty_hits"":0,""projected_empty_declines"":0,""input_image_checks"":0,""dependency_validations"":0,""reused_dependency_validations"":0,""graph_importers_initialized"":0,""graph_importers_prepared"":0,""empty_hits"":0,""primitive_hits"":0,""primitive_fallbacks"":0,""primitive_key_declined"":0,""nonempty_requests"":0,""requests"":0,""fresh_unit_requests"":0,""fresh_unit_hits"":0,""hits"":0,""changed_or_unsupported"":0,""missing"":0,""evidence_declined"":0,""options_declined"":0,""captured"":0,""fresh_regions"":0,""call_publications_replayed"":0}"
build/bench/cloud-principal-graphs/callback-sources/curried-12-valid.blot,f4c39c89bf97d5f83cbf169801ad3c28ac37d4e47c4be2898152e5d1965d3982,baseline,"[5523,5556,5764,5849,5888,5890,5890,5932,6020,6305,6478,6501,7236,7400,8396]","[5731,5818,6020,6065,6087,6144,6145,6190,6251,6630,6757,6772,7442,7703,8689]","[4541185,4541185,4541185,4541185,4541185,4541185,4541185,4541185,4541185,4541185,4541185,4541185,4541185,4541185,4541185]","[1137055,1137055,1137055,1137055,1137055,1137055,1137055,1137055,1137055,1137055,1137055,1137055,1137055,1137055,1137055]","{""semantic_component_batches"":0,""semantic_component_jobs"":0,""max_semantic_component_workers"":0,""inference_regions"":90,""canonical_specialization_queries"":2,""canonical_specialization_hits"":0,""solver_requested_bytes"":405880,""solver_allocations"":1022,""scratch_requested_bytes"":346872,""scratch_allocations"":1837,""max_solver_live_bytes"":7328,""max_scratch_live_bytes"":6640,""evidence_import_solver_bytes"":0,""evidence_import_scratch_bytes"":3840,""snapshot_copy_bytes"":0,""snapshot_copy_allocations"":0,""principal_copy_buffer_bytes"":57648,""principal_copy_buffer_allocations"":423,""frozen_capture_temporary_bytes"":0,""frozen_capture_published_bytes"":0,""frozen_edge_scratch_bytes"":0,""region_scopes"":126,""max_region_scopes"":4,""call_collections_closed"":4,""call_collections_unresolved"":0,""call_memo_hits"":80,""solver_passes"":144,""solver_constraint_visits"":189,""occurs_steps"":135}",null,"{""persisted_requests"":0,""persisted_hits"":0,""persisted_nonempty_hits"":0,""persisted_call_proofs"":0,""persisted_declines"":0,""projected_empty_hits"":0,""projected_empty_declines"":0,""input_image_checks"":0,""dependency_validations"":0,""reused_dependency_validations"":0,""graph_importers_initialized"":0,""graph_importers_prepared"":0,""empty_hits"":0,""primitive_hits"":0,""primitive_fallbacks"":0,""primitive_key_declined"":0,""nonempty_requests"":0,""requests"":0,""fresh_unit_requests"":0,""fresh_unit_hits"":0,""hits"":0,""changed_or_unsupported"":0,""missing"":0,""evidence_declined"":0,""options_declined"":0,""captured"":0,""fresh_regions"":0,""call_publications_replayed"":0}"
build/bench/cloud-principal-graphs/callback-sources/curried-12-valid.blot,f4c39c89bf97d5f83cbf169801ad3c28ac37d4e47c4be2898152e5d1965d3982,default,"[5831,5902,5925,5936,5942,5954,5986,6064,6356,6505,6696,7208,7212,7859,10851]","[6049,6148,6183,6188,6191,6204,6369,6405,6667,6733,6938,7478,7553,8122,11167]","[4547121,4547121,4547121,4547121,4547121,4547121,4547121,4547121,4547121,4547121,4547121,4547121,4547121,4547121,4547121]","[1137055,1137055,1137055,1137055,1137055,1137055,1137055,1137055,1137055,1137055,1137055,1137055,1137055,1137055,1137055]","{""semantic_component_batches"":0,""semantic_component_jobs"":0,""max_semantic_component_workers"":0,""inference_regions"":90,""canonical_specialization_queries"":2,""canonical_specialization_hits"":0,""solver_requested_bytes"":405880,""solver_allocations"":1022,""scratch_requested_bytes"":346872,""scratch_allocations"":1837,""max_solver_live_bytes"":7328,""max_scratch_live_bytes"":6640,""evidence_import_solver_bytes"":0,""evidence_import_scratch_bytes"":3840,""snapshot_copy_bytes"":0,""snapshot_copy_allocations"":0,""principal_copy_buffer_bytes"":57648,""principal_copy_buffer_allocations"":423,""frozen_capture_temporary_bytes"":0,""frozen_capture_published_bytes"":0,""frozen_edge_scratch_bytes"":0,""region_scopes"":126,""max_region_scopes"":4,""call_collections_closed"":4,""call_collections_unresolved"":0,""call_memo_hits"":80,""solver_passes"":144,""solver_constraint_visits"":189,""occurs_steps"":135}",null,"{""persisted_requests"":0,""persisted_hits"":0,""persisted_nonempty_hits"":0,""persisted_call_proofs"":0,""persisted_declines"":0,""projected_empty_hits"":0,""projected_empty_declines"":0,""input_image_checks"":0,""dependency_validations"":0,""reused_dependency_validations"":0,""graph_importers_initialized"":0,""graph_importers_prepared"":0,""empty_hits"":0,""primitive_hits"":0,""primitive_fallbacks"":0,""primitive_key_declined"":0,""nonempty_requests"":0,""requests"":0,""fresh_unit_requests"":0,""fresh_unit_hits"":0,""hits"":0,""changed_or_unsupported"":0,""missing"":0,""evidence_declined"":0,""options_declined"":0,""captured"":0,""fresh_regions"":0,""call_publications_replayed"":0}"
build/bench/cloud-principal-graphs/callback-sources/returned-4-valid.blot,d58dc6e9acc913d8467680aa996ce1bc94977ee95a3dccd0c0a8647c32826f6a,baseline,"[4620,4686,4823,4862,5028,5047,5072,5349,5412,5484,5558,5778,6016,6739,9209]","[4844,4919,5031,5140,5258,5295,5357,5594,5727,5776,5794,6073,6239,7063,9601]","[3792789,3792789,3792789,3792789,3792789,3792789,3792789,3792789,3792789,3792789,3792789,3792789,3792789,3792789,3792789]","[1073899,1073899,1073899,1073899,1073899,1073899,1073899,1073899,1073899,1073899,1073899,1073899,1073899,1073899,1073899]","{""semantic_component_batches"":0,""semantic_component_jobs"":0,""max_semantic_component_workers"":0,""inference_regions"":42,""canonical_specialization_queries"":2,""canonical_specialization_hits"":0,""solver_requested_bytes"":181048,""solver_allocations"":476,""scratch_requested_bytes"":151488,""scratch_allocations"":824,""max_solver_live_bytes"":6156,""max_scratch_live_bytes"":3424,""evidence_import_solver_bytes"":0,""evidence_import_scratch_bytes"":1792,""snapshot_copy_bytes"":0,""snapshot_copy_allocations"":0,""principal_copy_buffer_bytes"":23376,""principal_copy_buffer_allocations"":175,""frozen_capture_temporary_bytes"":0,""frozen_capture_published_bytes"":0,""frozen_edge_scratch_bytes"":0,""region_scopes"":62,""max_region_scopes"":4,""call_collections_closed"":4,""call_collections_unresolved"":0,""call_memo_hits"":32,""solver_passes"":64,""solver_constraint_visits"":77,""occurs_steps"":65}",null,"{""persisted_requests"":0,""persisted_hits"":0,""persisted_nonempty_hits"":0,""persisted_call_proofs"":0,""persisted_declines"":0,""projected_empty_hits"":0,""projected_empty_declines"":0,""input_image_checks"":0,""dependency_validations"":0,""reused_dependency_validations"":0,""graph_importers_initialized"":0,""graph_importers_prepared"":0,""empty_hits"":0,""primitive_hits"":0,""primitive_fallbacks"":0,""primitive_key_declined"":0,""nonempty_requests"":0,""requests"":0,""fresh_unit_requests"":0,""fresh_unit_hits"":0,""hits"":0,""changed_or_unsupported"":0,""missing"":0,""evidence_declined"":0,""options_declined"":0,""captured"":0,""fresh_regions"":0,""call_publications_replayed"":0}"
build/bench/cloud-principal-graphs/callback-sources/returned-4-valid.blot,d58dc6e9acc913d8467680aa996ce1bc94977ee95a3dccd0c0a8647c32826f6a,default,"[4625,4722,4806,4837,4854,4959,5079,5251,5355,5431,5572,5695,5727,5851,5975]","[4924,4939,5041,5071,5169,5191,5320,5502,5666,5683,5815,5953,6046,6104,6311]","[3804741,3804741,3804741,3804741,3804741,3804741,3804741,3804741,3804741,3804741,3804741,3804741,3804741,3804741,3804741]","[1073899,1073899,1073899,1073899,1073899,1073899,1073899,1073899,1073899,1073899,1073899,1073899,1073899,1073899,1073899]","{""semantic_component_batches"":0,""semantic_component_jobs"":0,""max_semantic_component_workers"":0,""inference_regions"":42,""canonical_specialization_queries"":2,""canonical_specialization_hits"":0,""solver_requested_bytes"":181048,""solver_allocations"":476,""scratch_requested_bytes"":151488,""scratch_allocations"":824,""max_solver_live_bytes"":6156,""max_scratch_live_bytes"":3424,""evidence_import_solver_bytes"":0,""evidence_import_scratch_bytes"":1792,""snapshot_copy_bytes"":0,""snapshot_copy_allocations"":0,""principal_copy_buffer_bytes"":23376,""principal_copy_buffer_allocations"":175,""frozen_capture_temporary_bytes"":0,""frozen_capture_published_bytes"":0,""frozen_edge_scratch_bytes"":0,""region_scopes"":62,""max_region_scopes"":4,""call_collections_closed"":4,""call_collections_unresolved"":0,""call_memo_hits"":32,""solver_passes"":64,""solver_constraint_visits"":77,""occurs_steps"":65}",null,"{""persisted_requests"":0,""persisted_hits"":0,""persisted_nonempty_hits"":0,""persisted_call_proofs"":0,""persisted_declines"":0,""projected_empty_hits"":0,""projected_empty_declines"":0,""input_image_checks"":0,""dependency_validations"":0,""reused_dependency_validations"":0,""graph_importers_initialized"":0,""graph_importers_prepared"":0,""empty_hits"":0,""primitive_hits"":0,""primitive_fallbacks"":0,""primitive_key_declined"":0,""nonempty_requests"":0,""requests"":0,""fresh_unit_requests"":0,""fresh_unit_hits"":0,""hits"":0,""changed_or_unsupported"":0,""missing"":0,""evidence_declined"":0,""options_declined"":0,""captured"":0,""fresh_regions"":0,""call_publications_replayed"":0}"
build/bench/cloud-principal-graphs/callback-sources/returned-8-valid.blot,0bda513588392078285cadf78599d512871131e3473cbf962aebe44f5ccf03b2,baseline,"[4930,5150,5167,5170,5171,5343,5420,5510,5606,5627,5775,5776,6206,6262,7351]","[5158,5366,5384,5386,5441,5568,5715,5745,5869,5886,5989,6023,6438,6607,7706]","[4196322,4196322,4196322,4196322,4196322,4196322,4196322,4196322,4196322,4196322,4196322,4196322,4196322,4196322,4196322]","[1115899,1115899,1115899,1115899,1115899,1115899,1115899,1115899,1115899,1115899,1115899,1115899,1115899,1115899,1115899]","{""semantic_component_batches"":0,""semantic_component_jobs"":0,""max_semantic_component_workers"":0,""inference_regions"":66,""canonical_specialization_queries"":2,""canonical_specialization_hits"":0,""solver_requested_bytes"":291832,""solver_allocations"":748,""scratch_requested_bytes"":248056,""scratch_allocations"":1345,""max_solver_live_bytes"":6156,""max_scratch_live_bytes"":4080,""evidence_import_solver_bytes"":0,""evidence_import_scratch_bytes"":2816,""snapshot_copy_bytes"":0,""snapshot_copy_allocations"":0,""principal_copy_buffer_bytes"":40624,""principal_copy_buffer_allocations"":299,""frozen_capture_temporary_bytes"":0,""frozen_capture_published_bytes"":0,""frozen_edge_scratch_bytes"":0,""region_scopes"":94,""max_region_scopes"":4,""call_collections_closed"":4,""call_collections_unresolved"":0,""call_memo_hits"":56,""solver_passes"":104,""solver_constraint_visits"":133,""occurs_steps"":97}",null,"{""persisted_requests"":0,""persisted_hits"":0,""persisted_nonempty_hits"":0,""persisted_call_proofs"":0,""persisted_declines"":0,""projected_empty_hits"":0,""projected_empty_declines"":0,""input_image_checks"":0,""dependency_validations"":0,""reused_dependency_validations"":0,""graph_importers_initialized"":0,""graph_importers_prepared"":0,""empty_hits"":0,""primitive_hits"":0,""primitive_fallbacks"":0,""primitive_key_declined"":0,""nonempty_requests"":0,""requests"":0,""fresh_unit_requests"":0,""fresh_unit_hits"":0,""hits"":0,""changed_or_unsupported"":0,""missing"":0,""evidence_declined"":0,""options_declined"":0,""captured"":0,""fresh_regions"":0,""call_publications_replayed"":0}"
build/bench/cloud-principal-graphs/callback-sources/returned-8-valid.blot,0bda513588392078285cadf78599d512871131e3473cbf962aebe44f5ccf03b2,default,"[5082,5114,5237,5324,5397,5417,5532,5559,5613,5616,5658,5774,5779,6369,6397]","[5357,5369,5454,5576,5618,5715,5748,5773,5839,5843,5915,6015,6052,6608,6649]","[4206418,4206418,4206418,4206418,4206418,4206418,4206418,4206418,4206418,4206418,4206418,4206418,4206418,4206418,4206418]","[1115899,1115899,1115899,1115899,1115899,1115899,1115899,1115899,1115899,1115899,1115899,1115899,1115899,1115899,1115899]","{""semantic_component_batches"":0,""semantic_component_jobs"":0,""max_semantic_component_workers"":0,""inference_regions"":66,""canonical_specialization_queries"":2,""canonical_specialization_hits"":0,""solver_requested_bytes"":291832,""solver_allocations"":748,""scratch_requested_bytes"":248056,""scratch_allocations"":1345,""max_solver_live_bytes"":6156,""max_scratch_live_bytes"":4080,""evidence_import_solver_bytes"":0,""evidence_import_scratch_bytes"":2816,""snapshot_copy_bytes"":0,""snapshot_copy_allocations"":0,""principal_copy_buffer_bytes"":40624,""principal_copy_buffer_allocations"":299,""frozen_capture_temporary_bytes"":0,""frozen_capture_published_bytes"":0,""frozen_edge_scratch_bytes"":0,""region_scopes"":94,""max_region_scopes"":4,""call_collections_closed"":4,""call_collections_unresolved"":0,""call_memo_hits"":56,""solver_passes"":104,""solver_constraint_visits"":133,""occurs_steps"":97}",null,"{""persisted_requests"":0,""persisted_hits"":0,""persisted_nonempty_hits"":0,""persisted_call_proofs"":0,""persisted_declines"":0,""projected_empty_hits"":0,""projected_empty_declines"":0,""input_image_checks"":0,""dependency_validations"":0,""reused_dependency_validations"":0,""graph_importers_initialized"":0,""graph_importers_prepared"":0,""empty_hits"":0,""primitive_hits"":0,""primitive_fallbacks"":0,""primitive_key_declined"":0,""nonempty_requests"":0,""requests"":0,""fresh_unit_requests"":0,""fresh_unit_hits"":0,""hits"":0,""changed_or_unsupported"":0,""missing"":0,""evidence_declined"":0,""options_declined"":0,""captured"":0,""fresh_regions"":0,""call_publications_replayed"":0}"
build/bench/cloud-principal-graphs/callback-sources/returned-12-valid.blot,bf32b5676b2074fae78e7aee4aeef78a99cd74b513a8720ee2aa863d1fca2f71,baseline,"[5586,5615,5637,5782,5829,5903,6078,6126,6150,6196,6206,6235,6492,6498,6768]","[5816,5856,5955,6021,6049,6175,6297,6418,6425,6441,6487,6500,6731,6766,7040]","[4541838,4541838,4541838,4541838,4541838,4541838,4541838,4541838,4541838,4541838,4541838,4541838,4541838,4541838,4541838]","[1136847,1136847,1136847,1136847,1136847,1136847,1136847,1136847,1136847,1136847,1136847,1136847,1136847,1136847,1136847]","{""semantic_component_batches"":0,""semantic_component_jobs"":0,""max_semantic_component_workers"":0,""inference_regions"":90,""canonical_specialization_queries"":2,""canonical_specialization_hits"":0,""solver_requested_bytes"":402616,""solver_allocations"":1020,""scratch_requested_bytes"":347568,""scratch_allocations"":1867,""max_solver_live_bytes"":6156,""max_scratch_live_bytes"":6640,""evidence_import_solver_bytes"":0,""evidence_import_scratch_bytes"":3840,""snapshot_copy_bytes"":0,""snapshot_copy_allocations"":0,""principal_copy_buffer_bytes"":57872,""principal_copy_buffer_allocations"":423,""frozen_capture_temporary_bytes"":0,""frozen_capture_published_bytes"":0,""frozen_edge_scratch_bytes"":0,""region_scopes"":126,""max_region_scopes"":4,""call_collections_closed"":4,""call_collections_unresolved"":0,""call_memo_hits"":80,""solver_passes"":144,""solver_constraint_visits"":189,""occurs_steps"":129}",null,"{""persisted_requests"":0,""persisted_hits"":0,""persisted_nonempty_hits"":0,""persisted_call_proofs"":0,""persisted_declines"":0,""projected_empty_hits"":0,""projected_empty_declines"":0,""input_image_checks"":0,""dependency_validations"":0,""reused_dependency_validations"":0,""graph_importers_initialized"":0,""graph_importers_prepared"":0,""empty_hits"":0,""primitive_hits"":0,""primitive_fallbacks"":0,""primitive_key_declined"":0,""nonempty_requests"":0,""requests"":0,""fresh_unit_requests"":0,""fresh_unit_hits"":0,""hits"":0,""changed_or_unsupported"":0,""missing"":0,""evidence_declined"":0,""options_declined"":0,""captured"":0,""fresh_regions"":0,""call_publications_replayed"":0}"
build/bench/cloud-principal-graphs/callback-sources/returned-12-valid.blot,bf32b5676b2074fae78e7aee4aeef78a99cd74b513a8720ee2aa863d1fca2f71,default,"[5399,5678,5804,5953,6085,6089,6095,6161,6272,6318,6521,6545,6651,7117,7122]","[5620,5942,6136,6200,6302,6334,6393,6453,6545,6703,6786,6958,7329,7357,7565]","[4547774,4547774,4547774,4547774,4547774,4547774,4547774,4547774,4547774,4547774,4547774,4547774,4547774,4547774,4547774]","[1136847,1136847,1136847,1136847,1136847,1136847,1136847,1136847,1136847,1136847,1136847,1136847,1136847,1136847,1136847]","{""semantic_component_batches"":0,""semantic_component_jobs"":0,""max_semantic_component_workers"":0,""inference_regions"":90,""canonical_specialization_queries"":2,""canonical_specialization_hits"":0,""solver_requested_bytes"":402616,""solver_allocations"":1020,""scratch_requested_bytes"":347568,""scratch_allocations"":1867,""max_solver_live_bytes"":6156,""max_scratch_live_bytes"":6640,""evidence_import_solver_bytes"":0,""evidence_import_scratch_bytes"":3840,""snapshot_copy_bytes"":0,""snapshot_copy_allocations"":0,""principal_copy_buffer_bytes"":57872,""principal_copy_buffer_allocations"":423,""frozen_capture_temporary_bytes"":0,""frozen_capture_published_bytes"":0,""frozen_edge_scratch_bytes"":0,""region_scopes"":126,""max_region_scopes"":4,""call_collections_closed"":4,""call_collections_unresolved"":0,""call_memo_hits"":80,""solver_passes"":144,""solver_constraint_visits"":189,""occurs_steps"":129}",null,"{""persisted_requests"":0,""persisted_hits"":0,""persisted_nonempty_hits"":0,""persisted_call_proofs"":0,""persisted_declines"":0,""projected_empty_hits"":0,""projected_empty_declines"":0,""input_image_checks"":0,""dependency_validations"":0,""reused_dependency_validations"":0,""graph_importers_initialized"":0,""graph_importers_prepared"":0,""empty_hits"":0,""primitive_hits"":0,""primitive_fallbacks"":0,""primitive_key_declined"":0,""nonempty_requests"":0,""requests"":0,""fresh_unit_requests"":0,""fresh_unit_hits"":0,""hits"":0,""changed_or_unsupported"":0,""missing"":0,""evidence_declined"":0,""options_declined"":0,""captured"":0,""fresh_regions"":0,""call_publications_replayed"":0}"
build/bench/cloud-principal-graphs/callback-sources/effect-4-valid.blot,c71475f300fec75542309bf26fe245946889cdd3fde69b031699ba0d6c8b5c65,baseline,"[4528,4717,4767,4770,4841,4880,4964,5004,5110,5132,5218,5558,5609,5935,6322]","[4761,4951,4983,5000,5072,5186,5226,5229,5345,5494,5545,5850,5874,6217,6633]","[3659972,3659972,3659972,3659972,3659972,3659972,3659972,3659972,3659972,3659972,3659972,3659972,3659972,3659972,3659972]","[1075100,1075100,1075100,1075100,1075100,1075100,1075100,1075100,1075100,1075100,1075100,1075100,1075100,1075100,1075100]","{""semantic_component_batches"":0,""semantic_component_jobs"":0,""max_semantic_component_workers"":0,""inference_regions"":30,""canonical_specialization_queries"":1,""canonical_specialization_hits"":0,""solver_requested_bytes"":85092,""solver_allocations"":248,""scratch_requested_bytes"":99428,""scratch_allocations"":606,""max_solver_live_bytes"":6000,""max_scratch_live_bytes"":4376,""evidence_import_solver_bytes"":792,""evidence_import_scratch_bytes"":2240,""snapshot_copy_bytes"":0,""snapshot_copy_allocations"":0,""principal_copy_buffer_bytes"":19272,""principal_copy_buffer_allocations"":184,""frozen_capture_temporary_bytes"":0,""frozen_capture_published_bytes"":0,""frozen_edge_scratch_bytes"":0,""region_scopes"":46,""max_region_scopes"":5,""call_collections_closed"":2,""call_collections_unresolved"":0,""call_memo_hits"":12,""solver_passes"":38,""solver_constraint_visits"":52,""occurs_steps"":45}",null,"{""persisted_requests"":0,""persisted_hits"":0,""persisted_nonempty_hits"":0,""persisted_call_proofs"":0,""persisted_declines"":0,""projected_empty_hits"":0,""projected_empty_declines"":0,""input_image_checks"":0,""dependency_validations"":0,""reused_dependency_validations"":0,""graph_importers_initialized"":0,""graph_importers_prepared"":0,""empty_hits"":0,""primitive_hits"":0,""primitive_fallbacks"":0,""primitive_key_declined"":0,""nonempty_requests"":0,""requests"":0,""fresh_unit_requests"":0,""fresh_unit_hits"":0,""hits"":0,""changed_or_unsupported"":0,""missing"":0,""evidence_declined"":0,""options_declined"":0,""captured"":0,""fresh_regions"":0,""call_publications_replayed"":0}"
build/bench/cloud-principal-graphs/callback-sources/effect-4-valid.blot,c71475f300fec75542309bf26fe245946889cdd3fde69b031699ba0d6c8b5c65,default,"[4348,4391,4664,4709,4801,4817,4833,4968,4992,5025,5075,5107,5129,5288,5363]","[4635,4729,4877,4956,5039,5112,5175,5214,5236,5293,5345,5393,5418,5520,5708]","[3669732,3669732,3669732,3669732,3669732,3669732,3669732,3669732,3669732,3669732,3669732,3669732,3669732,3669732,3669732]","[1075100,1075100,1075100,1075100,1075100,1075100,1075100,1075100,1075100,1075100,1075100,1075100,1075100,1075100,1075100]","{""semantic_component_batches"":0,""semantic_component_jobs"":0,""max_semantic_component_workers"":0,""inference_regions"":30,""canonical_specialization_queries"":1,""canonical_specialization_hits"":0,""solver_requested_bytes"":85092,""solver_allocations"":248,""scratch_requested_bytes"":99428,""scratch_allocations"":606,""max_solver_live_bytes"":6000,""max_scratch_live_bytes"":4376,""evidence_import_solver_bytes"":792,""evidence_import_scratch_bytes"":2240,""snapshot_copy_bytes"":0,""snapshot_copy_allocations"":0,""principal_copy_buffer_bytes"":19272,""principal_copy_buffer_allocations"":184,""frozen_capture_temporary_bytes"":0,""frozen_capture_published_bytes"":0,""frozen_edge_scratch_bytes"":0,""region_scopes"":46,""max_region_scopes"":5,""call_collections_closed"":2,""call_collections_unresolved"":0,""call_memo_hits"":12,""solver_passes"":38,""solver_constraint_visits"":52,""occurs_steps"":45}",null,"{""persisted_requests"":0,""persisted_hits"":0,""persisted_nonempty_hits"":0,""persisted_call_proofs"":0,""persisted_declines"":0,""projected_empty_hits"":0,""projected_empty_declines"":0,""input_image_checks"":0,""dependency_validations"":0,""reused_dependency_validations"":0,""graph_importers_initialized"":0,""graph_importers_prepared"":0,""empty_hits"":0,""primitive_hits"":0,""primitive_fallbacks"":0,""primitive_key_declined"":0,""nonempty_requests"":0,""requests"":0,""fresh_unit_requests"":0,""fresh_unit_hits"":0,""hits"":0,""changed_or_unsupported"":0,""missing"":0,""evidence_declined"":0,""options_declined"":0,""captured"":0,""fresh_regions"":0,""call_publications_replayed"":0}"
build/bench/cloud-principal-graphs/callback-sources/effect-8-valid.blot,b79ad454ee8905851136cf14d8cb0bda40baeea75e1760967367cfd8da06fffb,baseline,"[4893,4913,4968,5157,5217,5429,5507,5562,5575,5871,5911,5924,6169,6202,27268]","[5109,5131,5359,5374,5435,5682,5761,5785,5829,6080,6168,6234,6433,6688,27812]","[3911728,3911728,3911728,3911728,3911728,3911728,3911728,3911728,3911728,3911728,3911728,3911728,3911728,3911728,3911728]","[1100976,1100976,1100976,1100976,1100976,1100976,1100976,1100976,1100976,1100976,1100976,1100976,1100976,1100976,1100976]","{""semantic_component_batches"":0,""semantic_component_jobs"":0,""max_semantic_component_workers"":0,""inference_regions"":46,""canonical_specialization_queries"":1,""canonical_specialization_hits"":0,""solver_requested_bytes"":137572,""solver_allocations"":388,""scratch_requested_bytes"":157932,""scratch_allocations"":967,""max_solver_live_bytes"":6000,""max_scratch_live_bytes"":4388,""evidence_import_solver_bytes"":1320,""evidence_import_scratch_bytes"":3520,""snapshot_copy_bytes"":0,""snapshot_copy_allocations"":0,""principal_copy_buffer_bytes"":32488,""principal_copy_buffer_allocations"":300,""frozen_capture_temporary_bytes"":0,""frozen_capture_published_bytes"":0,""frozen_edge_scratch_bytes"":0,""region_scopes"":70,""max_region_scopes"":5,""call_collections_closed"":2,""call_collections_unresolved"":0,""call_memo_hits"":20,""solver_passes"":58,""solver_constraint_visits"":84,""occurs_steps"":69}",null,"{""persisted_requests"":0,""persisted_hits"":0,""persisted_nonempty_hits"":0,""persisted_call_proofs"":0,""persisted_declines"":0,""projected_empty_hits"":0,""projected_empty_declines"":0,""input_image_checks"":0,""dependency_validations"":0,""reused_dependency_validations"":0,""graph_importers_initialized"":0,""graph_importers_prepared"":0,""empty_hits"":0,""primitive_hits"":0,""primitive_fallbacks"":0,""primitive_key_declined"":0,""nonempty_requests"":0,""requests"":0,""fresh_unit_requests"":0,""fresh_unit_hits"":0,""hits"":0,""changed_or_unsupported"":0,""missing"":0,""evidence_declined"":0,""options_declined"":0,""captured"":0,""fresh_regions"":0,""call_publications_replayed"":0}"
build/bench/cloud-principal-graphs/callback-sources/effect-8-valid.blot,b79ad454ee8905851136cf14d8cb0bda40baeea75e1760967367cfd8da06fffb,default,"[4788,4791,4900,5005,5010,5042,5071,5290,5361,5385,5440,5448,5986,6080,6174]","[4996,5005,5108,5223,5259,5283,5338,5511,5614,5654,5662,5662,6211,6372,6419]","[3921936,3921936,3921936,3921936,3921936,3921936,3921936,3921936,3921936,3921936,3921936,3921936,3921936,3921936,3921936]","[1100976,1100976,1100976,1100976,1100976,1100976,1100976,1100976,1100976,1100976,1100976,1100976,1100976,1100976,1100976]","{""semantic_component_batches"":0,""semantic_component_jobs"":0,""max_semantic_component_workers"":0,""inference_regions"":46,""canonical_specialization_queries"":1,""canonical_specialization_hits"":0,""solver_requested_bytes"":137572,""solver_allocations"":388,""scratch_requested_bytes"":157932,""scratch_allocations"":967,""max_solver_live_bytes"":6000,""max_scratch_live_bytes"":4388,""evidence_import_solver_bytes"":1320,""evidence_import_scratch_bytes"":3520,""snapshot_copy_bytes"":0,""snapshot_copy_allocations"":0,""principal_copy_buffer_bytes"":32488,""principal_copy_buffer_allocations"":300,""frozen_capture_temporary_bytes"":0,""frozen_capture_published_bytes"":0,""frozen_edge_scratch_bytes"":0,""region_scopes"":70,""max_region_scopes"":5,""call_collections_closed"":2,""call_collections_unresolved"":0,""call_memo_hits"":20,""solver_passes"":58,""solver_constraint_visits"":84,""occurs_steps"":69}",null,"{""persisted_requests"":0,""persisted_hits"":0,""persisted_nonempty_hits"":0,""persisted_call_proofs"":0,""persisted_declines"":0,""projected_empty_hits"":0,""projected_empty_declines"":0,""input_image_checks"":0,""dependency_validations"":0,""reused_dependency_validations"":0,""graph_importers_initialized"":0,""graph_importers_prepared"":0,""empty_hits"":0,""primitive_hits"":0,""primitive_fallbacks"":0,""primitive_key_declined"":0,""nonempty_requests"":0,""requests"":0,""fresh_unit_requests"":0,""fresh_unit_hits"":0,""hits"":0,""changed_or_unsupported"":0,""missing"":0,""evidence_declined"":0,""options_declined"":0,""captured"":0,""fresh_regions"":0,""call_publications_replayed"":0}"
build/bench/cloud-principal-graphs/callback-sources/effect-12-valid.blot,3dfe088b10d37738582b9f9c4bfbc5c8e2861b2e4c516956a9079d5350c8506d,baseline,"[5309,5339,5374,5464,5553,5580,5619,5628,5713,6283,6755,6953,7360,7415,8611]","[5533,5572,5605,5724,5833,5868,5895,5910,5921,6514,7180,7184,7606,7695,8846]","[4173410,4173410,4173410,4173410,4173410,4173410,4173410,4173410,4173410,4173410,4173410,4173410,4173410,4173410,4173410]","[1137160,1137160,1137160,1137160,1137160,1137160,1137160,1137160,1137160,1137160,1137160,1137160,1137160,1137160,1137160]","{""semantic_component_batches"":0,""semantic_component_jobs"":0,""max_semantic_component_workers"":0,""inference_regions"":62,""canonical_specialization_queries"":1,""canonical_specialization_hits"":0,""solver_requested_bytes"":190052,""solver_allocations"":528,""scratch_requested_bytes"":219380,""scratch_allocations"":1329,""max_solver_live_bytes"":6000,""max_scratch_live_bytes"":7028,""evidence_import_solver_bytes"":1848,""evidence_import_scratch_bytes"":4800,""snapshot_copy_bytes"":0,""snapshot_copy_allocations"":0,""principal_copy_buffer_bytes"":45704,""principal_copy_buffer_allocations"":416,""frozen_capture_temporary_bytes"":0,""frozen_capture_published_bytes"":0,""frozen_edge_scratch_bytes"":0,""region_scopes"":94,""max_region_scopes"":5,""call_collections_closed"":2,""call_collections_unresolved"":0,""call_memo_hits"":28,""solver_passes"":78,""solver_constraint_visits"":116,""occurs_steps"":93}",null,"{""persisted_requests"":0,""persisted_hits"":0,""persisted_nonempty_hits"":0,""persisted_call_proofs"":0,""persisted_declines"":0,""projected_empty_hits"":0,""projected_empty_declines"":0,""input_image_checks"":0,""dependency_validations"":0,""reused_dependency_validations"":0,""graph_importers_initialized"":0,""graph_importers_prepared"":0,""empty_hits"":0,""primitive_hits"":0,""primitive_fallbacks"":0,""primitive_key_declined"":0,""nonempty_requests"":0,""requests"":0,""fresh_unit_requests"":0,""fresh_unit_hits"":0,""hits"":0,""changed_or_unsupported"":0,""missing"":0,""evidence_declined"":0,""options_declined"":0,""captured"":0,""fresh_regions"":0,""call_publications_replayed"":0}"
build/bench/cloud-principal-graphs/callback-sources/effect-12-valid.blot,3dfe088b10d37738582b9f9c4bfbc5c8e2861b2e4c516956a9079d5350c8506d,default,"[5312,5423,5537,5540,5540,5554,5673,5719,5775,5790,5891,5925,6225,6630,9901]","[5558,5751,5770,5810,5852,5874,5959,5961,5990,6042,6206,6215,6508,6917,10231]","[4179458,4179458,4179458,4179458,4179458,4179458,4179458,4179458,4179458,4179458,4179458,4179458,4179458,4179458,4179458]","[1137160,1137160,1137160,1137160,1137160,1137160,1137160,1137160,1137160,1137160,1137160,1137160,1137160,1137160,1137160]","{""semantic_component_batches"":0,""semantic_component_jobs"":0,""max_semantic_component_workers"":0,""inference_regions"":62,""canonical_specialization_queries"":1,""canonical_specialization_hits"":0,""solver_requested_bytes"":190052,""solver_allocations"":528,""scratch_requested_bytes"":219380,""scratch_allocations"":1329,""max_solver_live_bytes"":6000,""max_scratch_live_bytes"":7028,""evidence_import_solver_bytes"":1848,""evidence_import_scratch_bytes"":4800,""snapshot_copy_bytes"":0,""snapshot_copy_allocations"":0,""principal_copy_buffer_bytes"":45704,""principal_copy_buffer_allocations"":416,""frozen_capture_temporary_bytes"":0,""frozen_capture_published_bytes"":0,""frozen_edge_scratch_bytes"":0,""region_scopes"":94,""max_region_scopes"":5,""call_collections_closed"":2,""call_collections_unresolved"":0,""call_memo_hits"":28,""solver_passes"":78,""solver_constraint_visits"":116,""occurs_steps"":93}",null,"{""persisted_requests"":0,""persisted_hits"":0,""persisted_nonempty_hits"":0,""persisted_call_proofs"":0,""persisted_declines"":0,""projected_empty_hits"":0,""projected_empty_declines"":0,""input_image_checks"":0,""dependency_validations"":0,""reused_dependency_validations"":0,""graph_importers_initialized"":0,""graph_importers_prepared"":0,""empty_hits"":0,""primitive_hits"":0,""primitive_fallbacks"":0,""primitive_key_declined"":0,""nonempty_requests"":0,""requests"":0,""fresh_unit_requests"":0,""fresh_unit_hits"":0,""hits"":0,""changed_or_unsupported"":0,""missing"":0,""evidence_declined"":0,""options_declined"":0,""captured"":0,""fresh_regions"":0,""call_publications_replayed"":0}"
build/bench/cloud-principal-graphs/callback-sources/unused-4-valid.blot,b8b19a7f194b4b1bdb3b4b03abe428d6f4e8da424af4151ac835d265d8a33f5a,baseline,"[4231,4350,4551,4631,4671,4779,4820,4840,4911,4993,5084,5348,5357,5402,7196]","[4438,4553,4870,4907,5063,5129,5133,5139,5224,5333,5506,5581,5662,5748,7561]","[3452872,3452872,3452872,3452872,3452872,3452872,3452872,3452872,3452872,3452872,3452872,3452872,3452872,3452872,3452872]","[1068887,1068887,1068887,1068887,1068887,1068887,1068887,1068887,1068887,1068887,1068887,1068887,1068887,1068887,1068887]","{""semantic_component_batches"":0,""semantic_component_jobs"":0,""max_semantic_component_workers"":0,""inference_regions"":24,""canonical_specialization_queries"":1,""canonical_specialization_hits"":0,""solver_requested_bytes"":35592,""solver_allocations"":118,""scratch_requested_bytes"":75364,""scratch_allocations"":495,""max_solver_live_bytes"":6196,""max_scratch_live_bytes"":3356,""evidence_import_solver_bytes"":0,""evidence_import_scratch_bytes"":640,""snapshot_copy_bytes"":0,""snapshot_copy_allocations"":0,""principal_copy_buffer_bytes"":14640,""principal_copy_buffer_allocations"":183,""frozen_capture_temporary_bytes"":0,""frozen_capture_published_bytes"":0,""frozen_edge_scratch_bytes"":0,""region_scopes"":32,""max_region_scopes"":4,""call_collections_closed"":1,""call_collections_unresolved"":0,""call_memo_hits"":7,""solver_passes"":18,""solver_constraint_visits"":26,""occurs_steps"":0}",null,"{""persisted_requests"":0,""persisted_hits"":0,""persisted_nonempty_hits"":0,""persisted_call_proofs"":0,""persisted_declines"":0,""projected_empty_hits"":0,""projected_empty_declines"":0,""input_image_checks"":0,""dependency_validations"":0,""reused_dependency_validations"":0,""graph_importers_initialized"":0,""graph_importers_prepared"":0,""empty_hits"":0,""primitive_hits"":0,""primitive_fallbacks"":0,""primitive_key_declined"":0,""nonempty_requests"":0,""requests"":0,""fresh_unit_requests"":0,""fresh_unit_hits"":0,""hits"":0,""changed_or_unsupported"":0,""missing"":0,""evidence_declined"":0,""options_declined"":0,""captured"":0,""fresh_regions"":0,""call_publications_replayed"":0}"
build/bench/cloud-principal-graphs/callback-sources/unused-4-valid.blot,b8b19a7f194b4b1bdb3b4b03abe428d6f4e8da424af4151ac835d265d8a33f5a,default,"[4121,4319,4351,4374,4377,4444,4555,4726,4782,5051,5150,5162,5226,5293,7223]","[4423,4556,4591,4595,4627,4742,4787,4994,5014,5305,5416,5473,5656,5804,7609]","[3462632,3462632,3462632,3462632,3462632,3462632,3462632,3462632,3462632,3462632,3462632,3462632,3462632,3462632,3462632]","[1068887,1068887,1068887,1068887,1068887,1068887,1068887,1068887,1068887,1068887,1068887,1068887,1068887,1068887,1068887]","{""semantic_component_batches"":0,""semantic_component_jobs"":0,""max_semantic_component_workers"":0,""inference_regions"":24,""canonical_specialization_queries"":1,""canonical_specialization_hits"":0,""solver_requested_bytes"":35592,""solver_allocations"":118,""scratch_requested_bytes"":75364,""scratch_allocations"":495,""max_solver_live_bytes"":6196,""max_scratch_live_bytes"":3356,""evidence_import_solver_bytes"":0,""evidence_import_scratch_bytes"":640,""snapshot_copy_bytes"":0,""snapshot_copy_allocations"":0,""principal_copy_buffer_bytes"":14640,""principal_copy_buffer_allocations"":183,""frozen_capture_temporary_bytes"":0,""frozen_capture_published_bytes"":0,""frozen_edge_scratch_bytes"":0,""region_scopes"":32,""max_region_scopes"":4,""call_collections_closed"":1,""call_collections_unresolved"":0,""call_memo_hits"":7,""solver_passes"":18,""solver_constraint_visits"":26,""occurs_steps"":0}",null,"{""persisted_requests"":0,""persisted_hits"":0,""persisted_nonempty_hits"":0,""persisted_call_proofs"":0,""persisted_declines"":0,""projected_empty_hits"":0,""projected_empty_declines"":0,""input_image_checks"":0,""dependency_validations"":0,""reused_dependency_validations"":0,""graph_importers_initialized"":0,""graph_importers_prepared"":0,""empty_hits"":0,""primitive_hits"":0,""primitive_fallbacks"":0,""primitive_key_declined"":0,""nonempty_requests"":0,""requests"":0,""fresh_unit_requests"":0,""fresh_unit_hits"":0,""hits"":0,""changed_or_unsupported"":0,""missing"":0,""evidence_declined"":0,""options_declined"":0,""captured"":0,""fresh_regions"":0,""call_publications_replayed"":0}"
build/bench/cloud-principal-graphs/callback-sources/unused-8-valid.blot,a79866d18141c82fd354e0d394ae96d9d012918d5272d87608a7ffada240b3e5,baseline,"[4582,4612,4638,4706,4721,4737,4989,4992,5007,5366,5408,5551,5818,6006,6124]","[4810,4942,4954,4962,5026,5038,5192,5218,5237,5646,5890,6075,6381,6428,6749]","[3600242,3600242,3600242,3600242,3600242,3600242,3600242,3600242,3600242,3600242,3600242,3600242,3600242,3600242,3600242]","[1092847,1092847,1092847,1092847,1092847,1092847,1092847,1092847,1092847,1092847,1092847,1092847,1092847,1092847,1092847]","{""semantic_component_batches"":0,""semantic_component_jobs"":0,""max_semantic_component_workers"":0,""inference_regions"":36,""canonical_specialization_queries"":1,""canonical_specialization_hits"":0,""solver_requested_bytes"":48184,""solver_allocations"":166,""scratch_requested_bytes"":114892,""scratch_allocations"":736,""max_solver_live_bytes"":6196,""max_scratch_live_bytes"":4256,""evidence_import_solver_bytes"":0,""evidence_import_scratch_bytes"":640,""snapshot_copy_bytes"":0,""snapshot_copy_allocations"":0,""principal_copy_buffer_bytes"":23824,""principal_copy_buffer_allocations"":295,""frozen_capture_temporary_bytes"":0,""frozen_capture_published_bytes"":0,""frozen_edge_scratch_bytes"":0,""region_scopes"":48,""max_region_scopes"":4,""call_collections_closed"":1,""call_collections_unresolved"":0,""call_memo_hits"":11,""solver_passes"":22,""solver_constraint_visits"":34,""occurs_steps"":0}",null,"{""persisted_requests"":0,""persisted_hits"":0,""persisted_nonempty_hits"":0,""persisted_call_proofs"":0,""persisted_declines"":0,""projected_empty_hits"":0,""projected_empty_declines"":0,""input_image_checks"":0,""dependency_validations"":0,""reused_dependency_validations"":0,""graph_importers_initialized"":0,""graph_importers_prepared"":0,""empty_hits"":0,""primitive_hits"":0,""primitive_fallbacks"":0,""primitive_key_declined"":0,""nonempty_requests"":0,""requests"":0,""fresh_unit_requests"":0,""fresh_unit_hits"":0,""hits"":0,""changed_or_unsupported"":0,""missing"":0,""evidence_declined"":0,""options_declined"":0,""captured"":0,""fresh_regions"":0,""call_publications_replayed"":0}"
build/bench/cloud-principal-graphs/callback-sources/unused-8-valid.blot,a79866d18141c82fd354e0d394ae96d9d012918d5272d87608a7ffada240b3e5,default,"[4536,4537,4676,4706,4873,4950,4973,5028,5071,5074,5264,5322,5359,5473,11398]","[4781,4794,4878,4936,5130,5185,5236,5287,5337,5367,5476,5570,5599,5733,11681]","[3610450,3610450,3610450,3610450,3610450,3610450,3610450,3610450,3610450,3610450,3610450,3610450,3610450,3610450,3610450]","[1092847,1092847,1092847,1092847,1092847,1092847,1092847,1092847,1092847,1092847,1092847,1092847,1092847,1092847,1092847]","{""semantic_component_batches"":0,""semantic_component_jobs"":0,""max_semantic_component_workers"":0,""inference_regions"":36,""canonical_specialization_queries"":1,""canonical_specialization_hits"":0,""solver_requested_bytes"":48184,""solver_allocations"":166,""scratch_requested_bytes"":114892,""scratch_allocations"":736,""max_solver_live_bytes"":6196,""max_scratch_live_bytes"":4256,""evidence_import_solver_bytes"":0,""evidence_import_scratch_bytes"":640,""snapshot_copy_bytes"":0,""snapshot_copy_allocations"":0,""principal_copy_buffer_bytes"":23824,""principal_copy_buffer_allocations"":295,""frozen_capture_temporary_bytes"":0,""frozen_capture_published_bytes"":0,""frozen_edge_scratch_bytes"":0,""region_scopes"":48,""max_region_scopes"":4,""call_collections_closed"":1,""call_collections_unresolved"":0,""call_memo_hits"":11,""solver_passes"":22,""solver_constraint_visits"":34,""occurs_steps"":0}",null,"{""persisted_requests"":0,""persisted_hits"":0,""persisted_nonempty_hits"":0,""persisted_call_proofs"":0,""persisted_declines"":0,""projected_empty_hits"":0,""projected_empty_declines"":0,""input_image_checks"":0,""dependency_validations"":0,""reused_dependency_validations"":0,""graph_importers_initialized"":0,""graph_importers_prepared"":0,""empty_hits"":0,""primitive_hits"":0,""primitive_fallbacks"":0,""primitive_key_declined"":0,""nonempty_requests"":0,""requests"":0,""fresh_unit_requests"":0,""fresh_unit_hits"":0,""hits"":0,""changed_or_unsupported"":0,""missing"":0,""evidence_declined"":0,""options_declined"":0,""captured"":0,""fresh_regions"":0,""call_publications_replayed"":0}"
build/bench/cloud-principal-graphs/callback-sources/unused-12-valid.blot,dc238d2a6694bb1e2d25cd828a8fb616eec2192cca4b0da72dea0799e5f36b80,baseline,"[4770,4831,4869,5001,5033,5085,5213,5288,5337,5368,5385,5672,5708,6016,6981]","[4986,5064,5113,5218,5251,5372,5428,5522,5551,5625,5644,5920,6179,6264,7340]","[3756361,3756361,3756361,3756361,3756361,3756361,3756361,3756361,3756361,3756361,3756361,3756361,3756361,3756361,3756361]","[1124547,1124547,1124547,1124547,1124547,1124547,1124547,1124547,1124547,1124547,1124547,1124547,1124547,1124547,1124547]","{""semantic_component_batches"":0,""semantic_component_jobs"":0,""max_semantic_component_workers"":0,""inference_regions"":48,""canonical_specialization_queries"":1,""canonical_specialization_hits"":0,""solver_requested_bytes"":60776,""solver_allocations"":214,""scratch_requested_bytes"":157364,""scratch_allocations"":978,""max_solver_live_bytes"":6196,""max_scratch_live_bytes"":6896,""evidence_import_solver_bytes"":0,""evidence_import_scratch_bytes"":640,""snapshot_copy_bytes"":0,""snapshot_copy_allocations"":0,""principal_copy_buffer_bytes"":33008,""principal_copy_buffer_allocations"":407,""frozen_capture_temporary_bytes"":0,""frozen_capture_published_bytes"":0,""frozen_edge_scratch_bytes"":0,""region_scopes"":64,""max_region_scopes"":4,""call_collections_closed"":1,""call_collections_unresolved"":0,""call_memo_hits"":15,""solver_passes"":26,""solver_constraint_visits"":42,""occurs_steps"":0}",null,"{""persisted_requests"":0,""persisted_hits"":0,""persisted_nonempty_hits"":0,""persisted_call_proofs"":0,""persisted_declines"":0,""projected_empty_hits"":0,""projected_empty_declines"":0,""input_image_checks"":0,""dependency_validations"":0,""reused_dependency_validations"":0,""graph_importers_initialized"":0,""graph_importers_prepared"":0,""empty_hits"":0,""primitive_hits"":0,""primitive_fallbacks"":0,""primitive_key_declined"":0,""nonempty_requests"":0,""requests"":0,""fresh_unit_requests"":0,""fresh_unit_hits"":0,""hits"":0,""changed_or_unsupported"":0,""missing"":0,""evidence_declined"":0,""options_declined"":0,""captured"":0,""fresh_regions"":0,""call_publications_replayed"":0}"
build/bench/cloud-principal-graphs/callback-sources/unused-12-valid.blot,dc238d2a6694bb1e2d25cd828a8fb616eec2192cca4b0da72dea0799e5f36b80,default,"[4679,4728,4861,5084,5123,5243,5248,5259,5443,5604,5688,5695,5970,6039,6967]","[4898,5057,5204,5344,5390,5485,5538,5553,5738,5909,5915,6199,6264,6297,7197]","[3762409,3762409,3762409,3762409,3762409,3762409,3762409,3762409,3762409,3762409,3762409,3762409,3762409,3762409,3762409]","[1124547,1124547,1124547,1124547,1124547,1124547,1124547,1124547,1124547,1124547,1124547,1124547,1124547,1124547,1124547]","{""semantic_component_batches"":0,""semantic_component_jobs"":0,""max_semantic_component_workers"":0,""inference_regions"":48,""canonical_specialization_queries"":1,""canonical_specialization_hits"":0,""solver_requested_bytes"":60776,""solver_allocations"":214,""scratch_requested_bytes"":157364,""scratch_allocations"":978,""max_solver_live_bytes"":6196,""max_scratch_live_bytes"":6896,""evidence_import_solver_bytes"":0,""evidence_import_scratch_bytes"":640,""snapshot_copy_bytes"":0,""snapshot_copy_allocations"":0,""principal_copy_buffer_bytes"":33008,""principal_copy_buffer_allocations"":407,""frozen_capture_temporary_bytes"":0,""frozen_capture_published_bytes"":0,""frozen_edge_scratch_bytes"":0,""region_scopes"":64,""max_region_scopes"":4,""call_collections_closed"":1,""call_collections_unresolved"":0,""call_memo_hits"":15,""solver_passes"":26,""solver_constraint_visits"":42,""occurs_steps"":0}",null,"{""persisted_requests"":0,""persisted_hits"":0,""persisted_nonempty_hits"":0,""persisted_call_proofs"":0,""persisted_declines"":0,""projected_empty_hits"":0,""projected_empty_declines"":0,""input_image_checks"":0,""dependency_validations"":0,""reused_dependency_validations"":0,""graph_importers_initialized"":0,""graph_importers_prepared"":0,""empty_hits"":0,""primitive_hits"":0,""primitive_fallbacks"":0,""primitive_key_declined"":0,""nonempty_requests"":0,""requests"":0,""fresh_unit_requests"":0,""fresh_unit_hits"":0,""hits"":0,""changed_or_unsupported"":0,""missing"":0,""evidence_declined"":0,""options_declined"":0,""captured"":0,""fresh_regions"":0,""call_publications_replayed"":0}"
build/bench/cloud-principal-graphs/callback-sources/predicate_apply-4-valid.blot,afda23d4d8a2ae918109407984e9397b95d8f019a090082206ae7801323aec58,baseline,"[4952,5018,5040,5054,5196,5399,5424,5515,5565,5705,5844,5996,6031,7202,9312]","[5152,5252,5270,5300,5571,5699,5737,5839,5882,5914,6076,6279,6287,7473,9678]","[4182337,4182337,4182337,4182337,4182337,4182337,4182337,4182337,4182337,4182337,4182337,4182337,4182337,4182337,4182337]","[1075706,1075706,1075706,1075706,1075706,1075706,1075706,1075706,1075706,1075706,1075706,1075706,1075706,1075706,1075706]","{""semantic_component_batches"":0,""semantic_component_jobs"":0,""max_semantic_component_workers"":0,""inference_regions"":73,""canonical_specialization_queries"":2,""canonical_specialization_hits"":0,""solver_requested_bytes"":191204,""solver_allocations"":720,""scratch_requested_bytes"":272276,""scratch_allocations"":1670,""max_solver_live_bytes"":3656,""max_scratch_live_bytes"":3712,""evidence_import_solver_bytes"":0,""evidence_import_scratch_bytes"":5376,""snapshot_copy_bytes"":0,""snapshot_copy_allocations"":0,""principal_copy_buffer_bytes"":36904,""principal_copy_buffer_allocations"":313,""frozen_capture_temporary_bytes"":0,""frozen_capture_published_bytes"":0,""frozen_edge_scratch_bytes"":0,""region_scopes"":87,""max_region_scopes"":3,""call_collections_closed"":4,""call_collections_unresolved"":0,""call_memo_hits"":74,""solver_passes"":159,""solver_constraint_visits"":218,""occurs_steps"":201}",null,"{""persisted_requests"":0,""persisted_hits"":0,""persisted_nonempty_hits"":0,""persisted_call_proofs"":0,""persisted_declines"":0,""projected_empty_hits"":0,""projected_empty_declines"":0,""input_image_checks"":0,""dependency_validations"":0,""reused_dependency_validations"":0,""graph_importers_initialized"":0,""graph_importers_prepared"":0,""empty_hits"":0,""primitive_hits"":0,""primitive_fallbacks"":0,""primitive_key_declined"":0,""nonempty_requests"":0,""requests"":0,""fresh_unit_requests"":0,""fresh_unit_hits"":0,""hits"":0,""changed_or_unsupported"":0,""missing"":0,""evidence_declined"":0,""options_declined"":0,""captured"":0,""fresh_regions"":0,""call_publications_replayed"":0}"
build/bench/cloud-principal-graphs/callback-sources/predicate_apply-4-valid.blot,afda23d4d8a2ae918109407984e9397b95d8f019a090082206ae7801323aec58,default,"[5006,5036,5069,5088,5111,5329,5352,5621,5932,6158,6173,6283,6728,6748,7068]","[5259,5318,5329,5341,5346,5551,5585,5837,6158,6420,6423,6537,7039,7217,7407]","[4192545,4192545,4192545,4192545,4192545,4192545,4192545,4192545,4192545,4192545,4192545,4192545,4192545,4192545,4192545]","[1075706,1075706,1075706,1075706,1075706,1075706,1075706,1075706,1075706,1075706,1075706,1075706,1075706,1075706,1075706]","{""semantic_component_batches"":0,""semantic_component_jobs"":0,""max_semantic_component_workers"":0,""inference_regions"":73,""canonical_specialization_queries"":2,""canonical_specialization_hits"":0,""solver_requested_bytes"":191204,""solver_allocations"":720,""scratch_requested_bytes"":272276,""scratch_allocations"":1670,""max_solver_live_bytes"":3656,""max_scratch_live_bytes"":3712,""evidence_import_solver_bytes"":0,""evidence_import_scratch_bytes"":5376,""snapshot_copy_bytes"":0,""snapshot_copy_allocations"":0,""principal_copy_buffer_bytes"":36904,""principal_copy_buffer_allocations"":313,""frozen_capture_temporary_bytes"":0,""frozen_capture_published_bytes"":0,""frozen_edge_scratch_bytes"":0,""region_scopes"":87,""max_region_scopes"":3,""call_collections_closed"":4,""call_collections_unresolved"":0,""call_memo_hits"":74,""solver_passes"":159,""solver_constraint_visits"":218,""occurs_steps"":201}",null,"{""persisted_requests"":0,""persisted_hits"":0,""persisted_nonempty_hits"":0,""persisted_call_proofs"":0,""persisted_declines"":0,""projected_empty_hits"":0,""projected_empty_declines"":0,""input_image_checks"":0,""dependency_validations"":0,""reused_dependency_validations"":0,""graph_importers_initialized"":0,""graph_importers_prepared"":0,""empty_hits"":0,""primitive_hits"":0,""primitive_fallbacks"":0,""primitive_key_declined"":0,""nonempty_requests"":0,""requests"":0,""fresh_unit_requests"":0,""fresh_unit_hits"":0,""hits"":0,""changed_or_unsupported"":0,""missing"":0,""evidence_declined"":0,""options_declined"":0,""captured"":0,""fresh_regions"":0,""call_publications_replayed"":0}"
build/bench/cloud-principal-graphs/callback-sources/predicate_apply-8-valid.blot,948b01983c630f0f05cf8f0467d8673571852f2b08f591ee34e36a25859673eb,baseline,"[5875,5877,6038,6065,6093,6109,6157,6182,6225,6296,6396,6597,7270,7902,8187]","[6092,6111,6272,6291,6309,6367,6398,6404,6544,6549,6778,6927,7543,8193,8891]","[4973254,4973254,4973254,4973254,4973254,4973254,4973254,4973254,4973254,4973254,4973254,4973254,4973254,4973254,4973254]","[1113086,1113086,1113086,1113086,1113086,1113086,1113086,1113086,1113086,1113086,1113086,1113086,1113086,1113086,1113086]","{""semantic_component_batches"":0,""semantic_component_jobs"":0,""max_semantic_component_workers"":0,""inference_regions"":121,""canonical_specialization_queries"":2,""canonical_specialization_hits"":0,""solver_requested_bytes"":328356,""solver_allocations"":1200,""scratch_requested_bytes"":494116,""scratch_allocations"":2947,""max_solver_live_bytes"":3656,""max_scratch_live_bytes"":4028,""evidence_import_solver_bytes"":0,""evidence_import_scratch_bytes"":9472,""snapshot_copy_bytes"":0,""snapshot_copy_allocations"":0,""principal_copy_buffer_bytes"":66088,""principal_copy_buffer_allocations"":553,""frozen_capture_temporary_bytes"":0,""frozen_capture_published_bytes"":0,""frozen_edge_scratch_bytes"":0,""region_scopes"":135,""max_region_scopes"":3,""call_collections_closed"":4,""call_collections_unresolved"":0,""call_memo_hits"":138,""solver_passes"":271,""solver_constraint_visits"":394,""occurs_steps"":345}",null,"{""persisted_requests"":0,""persisted_hits"":0,""persisted_nonempty_hits"":0,""persisted_call_proofs"":0,""persisted_declines"":0,""projected_empty_hits"":0,""projected_empty_declines"":0,""input_image_checks"":0,""dependency_validations"":0,""reused_dependency_validations"":0,""graph_importers_initialized"":0,""graph_importers_prepared"":0,""empty_hits"":0,""primitive_hits"":0,""primitive_fallbacks"":0,""primitive_key_declined"":0,""nonempty_requests"":0,""requests"":0,""fresh_unit_requests"":0,""fresh_unit_hits"":0,""hits"":0,""changed_or_unsupported"":0,""missing"":0,""evidence_declined"":0,""options_declined"":0,""captured"":0,""fresh_regions"":0,""call_publications_replayed"":0}"
build/bench/cloud-principal-graphs/callback-sources/predicate_apply-8-valid.blot,948b01983c630f0f05cf8f0467d8673571852f2b08f591ee34e36a25859673eb,default,"[2711,5803,5853,5879,6029,6077,6145,6173,6175,6337,6504,6604,7001,7365,7367]","[6044,6111,6215,6253,6320,6398,6400,6431,6566,6741,6855,6902,7302,7615,7811]","[4989478,4989478,4989478,4989478,4989478,4989478,4989478,4989478,4989478,4989478,4989478,4989478,4989478,4989478,4989478]","[1113086,1113086,1113086,1113086,1113086,1113086,1113086,1113086,1113086,1113086,1113086,1113086,1113086,1113086,1113086]","{""semantic_component_batches"":0,""semantic_component_jobs"":0,""max_semantic_component_workers"":0,""inference_regions"":121,""canonical_specialization_queries"":2,""canonical_specialization_hits"":0,""solver_requested_bytes"":328356,""solver_allocations"":1200,""scratch_requested_bytes"":494116,""scratch_allocations"":2947,""max_solver_live_bytes"":3656,""max_scratch_live_bytes"":4028,""evidence_import_solver_bytes"":0,""evidence_import_scratch_bytes"":9472,""snapshot_copy_bytes"":0,""snapshot_copy_allocations"":0,""principal_copy_buffer_bytes"":66088,""principal_copy_buffer_allocations"":553,""frozen_capture_temporary_bytes"":0,""frozen_capture_published_bytes"":0,""frozen_edge_scratch_bytes"":0,""region_scopes"":135,""max_region_scopes"":3,""call_collections_closed"":4,""call_collections_unresolved"":0,""call_memo_hits"":138,""solver_passes"":271,""solver_constraint_visits"":394,""occurs_steps"":345}",null,"{""persisted_requests"":0,""persisted_hits"":0,""persisted_nonempty_hits"":0,""persisted_call_proofs"":0,""persisted_declines"":0,""projected_empty_hits"":0,""projected_empty_declines"":0,""input_image_checks"":0,""dependency_validations"":0,""reused_dependency_validations"":0,""graph_importers_initialized"":0,""graph_importers_prepared"":0,""empty_hits"":0,""primitive_hits"":0,""primitive_fallbacks"":0,""primitive_key_declined"":0,""nonempty_requests"":0,""requests"":0,""fresh_unit_requests"":0,""fresh_unit_hits"":0,""hits"":0,""changed_or_unsupported"":0,""missing"":0,""evidence_declined"":0,""options_declined"":0,""captured"":0,""fresh_regions"":0,""call_publications_replayed"":0}"
build/bench/cloud-principal-graphs/callback-sources/predicate_apply-12-valid.blot,50ea90857bad651c20538ba115f2a4448cf4988dc4c61eb4de306a46f30a0996,baseline,"[6581,6654,6681,6852,6898,6940,7147,7344,7453,7576,7739,8082,8245,8635,8774]","[6848,6904,6908,7086,7180,7373,7380,7577,7769,7944,7957,8366,8514,8989,9162]","[5737124,5737124,5737124,5737124,5737124,5737124,5737124,5737124,5737124,5737124,5737124,5737124,5737124,5737124,5737124]","[1143598,1143598,1143598,1143598,1143598,1143598,1143598,1143598,1143598,1143598,1143598,1143598,1143598,1143598,1143598]","{""semantic_component_batches"":0,""semantic_component_jobs"":0,""max_semantic_component_workers"":0,""inference_regions"":169,""canonical_specialization_queries"":2,""canonical_specialization_hits"":0,""solver_requested_bytes"":465508,""solver_allocations"":1680,""scratch_requested_bytes"":742028,""scratch_allocations"":4284,""max_solver_live_bytes"":3656,""max_scratch_live_bytes"":6668,""evidence_import_solver_bytes"":0,""evidence_import_scratch_bytes"":13568,""snapshot_copy_bytes"":0,""snapshot_copy_allocations"":0,""principal_copy_buffer_bytes"":95272,""principal_copy_buffer_allocations"":793,""frozen_capture_temporary_bytes"":0,""frozen_capture_published_bytes"":0,""frozen_edge_scratch_bytes"":0,""region_scopes"":183,""max_region_scopes"":3,""call_collections_closed"":4,""call_collections_unresolved"":0,""call_memo_hits"":202,""solver_passes"":383,""solver_constraint_visits"":570,""occurs_steps"":489}",null,"{""persisted_requests"":0,""persisted_hits"":0,""persisted_nonempty_hits"":0,""persisted_call_proofs"":0,""persisted_declines"":0,""projected_empty_hits"":0,""projected_empty_declines"":0,""input_image_checks"":0,""dependency_validations"":0,""reused_dependency_validations"":0,""graph_importers_initialized"":0,""graph_importers_prepared"":0,""empty_hits"":0,""primitive_hits"":0,""primitive_fallbacks"":0,""primitive_key_declined"":0,""nonempty_requests"":0,""requests"":0,""fresh_unit_requests"":0,""fresh_unit_hits"":0,""hits"":0,""changed_or_unsupported"":0,""missing"":0,""evidence_declined"":0,""options_declined"":0,""captured"":0,""fresh_regions"":0,""call_publications_replayed"":0}"
build/bench/cloud-principal-graphs/callback-sources/predicate_apply-12-valid.blot,50ea90857bad651c20538ba115f2a4448cf4988dc4c61eb4de306a46f30a0996,default,"[6879,6889,6892,6956,6987,7089,7123,7265,7372,7433,7715,7736,7847,7857,8316]","[7122,7154,7188,7214,7251,7419,7427,7506,7602,7747,7956,8013,8085,8167,8585]","[5745028,5745028,5745028,5745028,5745028,5745028,5745028,5745028,5745028,5745028,5745028,5745028,5745028,5745028,5745028]","[1143598,1143598,1143598,1143598,1143598,1143598,1143598,1143598,1143598,1143598,1143598,1143598,1143598,1143598,1143598]","{""semantic_component_batches"":0,""semantic_component_jobs"":0,""max_semantic_component_workers"":0,""inference_regions"":169,""canonical_specialization_queries"":2,""canonical_specialization_hits"":0,""solver_requested_bytes"":465508,""solver_allocations"":1680,""scratch_requested_bytes"":742028,""scratch_allocations"":4284,""max_solver_live_bytes"":3656,""max_scratch_live_bytes"":6668,""evidence_import_solver_bytes"":0,""evidence_import_scratch_bytes"":13568,""snapshot_copy_bytes"":0,""snapshot_copy_allocations"":0,""principal_copy_buffer_bytes"":95272,""principal_copy_buffer_allocations"":793,""frozen_capture_temporary_bytes"":0,""frozen_capture_published_bytes"":0,""frozen_edge_scratch_bytes"":0,""region_scopes"":183,""max_region_scopes"":3,""call_collections_closed"":4,""call_collections_unresolved"":0,""call_memo_hits"":202,""solver_passes"":383,""solver_constraint_visits"":570,""occurs_steps"":489}",null,"{""persisted_requests"":0,""persisted_hits"":0,""persisted_nonempty_hits"":0,""persisted_call_proofs"":0,""persisted_declines"":0,""projected_empty_hits"":0,""projected_empty_declines"":0,""input_image_checks"":0,""dependency_validations"":0,""reused_dependency_validations"":0,""graph_importers_initialized"":0,""graph_importers_prepared"":0,""empty_hits"":0,""primitive_hits"":0,""primitive_fallbacks"":0,""primitive_key_declined"":0,""nonempty_requests"":0,""requests"":0,""fresh_unit_requests"":0,""fresh_unit_hits"":0,""hits"":0,""changed_or_unsupported"":0,""missing"":0,""evidence_declined"":0,""options_declined"":0,""captured"":0,""fresh_regions"":0,""call_publications_replayed"":0}"
build/bench/cloud-principal-graphs/callback-sources/predicate_curried-4-valid.blot,0dacd5a825a0a5397fa76aaa8174a03498e16cd1be9ce93544f188cc9cf53594,baseline,"[5185,5223,5313,5386,5418,5582,5802,6029,6042,6065,6334,6643,6668,6821,8082]","[5419,5524,5560,5668,5668,5796,6270,6273,6298,6311,6586,6979,7016,7035,8568]","[4258013,4258013,4258013,4258013,4258013,4258013,4258013,4258013,4258013,4258013,4258013,4258013,4258013,4258013,4258013]","[1076266,1076266,1076266,1076266,1076266,1076266,1076266,1076266,1076266,1076266,1076266,1076266,1076266,1076266,1076266]","{""semantic_component_batches"":0,""semantic_component_jobs"":0,""max_semantic_component_workers"":0,""inference_regions"":73,""canonical_specialization_queries"":2,""canonical_specialization_hits"":0,""solver_requested_bytes"":292772,""solver_allocations"":790,""scratch_requested_bytes"":316532,""scratch_allocations"":1820,""max_solver_live_bytes"":6116,""max_scratch_live_bytes"":3712,""evidence_import_solver_bytes"":21824,""evidence_import_scratch_bytes"":5376,""snapshot_copy_bytes"":0,""snapshot_copy_allocations"":0,""principal_copy_buffer_bytes"":43672,""principal_copy_buffer_allocations"":323,""frozen_capture_temporary_bytes"":0,""frozen_capture_published_bytes"":0,""frozen_edge_scratch_bytes"":0,""region_scopes"":87,""max_region_scopes"":3,""call_collections_closed"":4,""call_collections_unresolved"":0,""call_memo_hits"":74,""solver_passes"":159,""solver_constraint_visits"":222,""occurs_steps"":207}",null,"{""persisted_requests"":0,""persisted_hits"":0,""persisted_nonempty_hits"":0,""persisted_call_proofs"":0,""persisted_declines"":0,""projected_empty_hits"":0,""projected_empty_declines"":0,""input_image_checks"":0,""dependency_validations"":0,""reused_dependency_validations"":0,""graph_importers_initialized"":0,""graph_importers_prepared"":0,""empty_hits"":0,""primitive_hits"":0,""primitive_fallbacks"":0,""primitive_key_declined"":0,""nonempty_requests"":0,""requests"":0,""fresh_unit_requests"":0,""fresh_unit_hits"":0,""hits"":0,""changed_or_unsupported"":0,""missing"":0,""evidence_declined"":0,""options_declined"":0,""captured"":0,""fresh_regions"":0,""call_publications_replayed"":0}"
build/bench/cloud-principal-graphs/callback-sources/predicate_curried-4-valid.blot,0dacd5a825a0a5397fa76aaa8174a03498e16cd1be9ce93544f188cc9cf53594,default,"[5174,5241,5284,5342,5576,5634,5653,5837,5882,5929,5930,5997,7007,8112,14382]","[5386,5446,5484,5565,5803,5869,5909,6109,6152,6200,6203,6307,7255,8364,14705]","[4268221,4268221,4268221,4268221,4268221,4268221,4268221,4268221,4268221,4268221,4268221,4268221,4268221,4268221,4268221]","[1076266,1076266,1076266,1076266,1076266,1076266,1076266,1076266,1076266,1076266,1076266,1076266,1076266,1076266,1076266]","{""semantic_component_batches"":0,""semantic_component_jobs"":0,""max_semantic_component_workers"":0,""inference_regions"":73,""canonical_specialization_queries"":2,""canonical_specialization_hits"":0,""solver_requested_bytes"":292772,""solver_allocations"":790,""scratch_requested_bytes"":316532,""scratch_allocations"":1820,""max_solver_live_bytes"":6116,""max_scratch_live_bytes"":3712,""evidence_import_solver_bytes"":21824,""evidence_import_scratch_bytes"":5376,""snapshot_copy_bytes"":0,""snapshot_copy_allocations"":0,""principal_copy_buffer_bytes"":43672,""principal_copy_buffer_allocations"":323,""frozen_capture_temporary_bytes"":0,""frozen_capture_published_bytes"":0,""frozen_edge_scratch_bytes"":0,""region_scopes"":87,""max_region_scopes"":3,""call_collections_closed"":4,""call_collections_unresolved"":0,""call_memo_hits"":74,""solver_passes"":159,""solver_constraint_visits"":222,""occurs_steps"":207}",null,"{""persisted_requests"":0,""persisted_hits"":0,""persisted_nonempty_hits"":0,""persisted_call_proofs"":0,""persisted_declines"":0,""projected_empty_hits"":0,""projected_empty_declines"":0,""input_image_checks"":0,""dependency_validations"":0,""reused_dependency_validations"":0,""graph_importers_initialized"":0,""graph_importers_prepared"":0,""empty_hits"":0,""primitive_hits"":0,""primitive_fallbacks"":0,""primitive_key_declined"":0,""nonempty_requests"":0,""requests"":0,""fresh_unit_requests"":0,""fresh_unit_hits"":0,""hits"":0,""changed_or_unsupported"":0,""missing"":0,""evidence_declined"":0,""options_declined"":0,""captured"":0,""fresh_regions"":0,""call_publications_replayed"":0}"
build/bench/cloud-principal-graphs/callback-sources/predicate_curried-8-valid.blot,36752c4b8c05698a20c84ea7208bea5a61322ad234f8a267a30dd5512bd59b5f,baseline,"[6085,6125,6227,6309,6342,6467,6498,6610,6613,6652,6858,7077,7249,7352,7514]","[6330,6373,6443,6613,6733,6750,6780,6838,6888,6932,7097,7377,7543,7584,7913]","[5128411,5128411,5128411,5128411,5128411,5128411,5128411,5128411,5128411,5128411,5128411,5128411,5128411,5128411,5128411]","[1122970,1122970,1122970,1122970,1122970,1122970,1122970,1122970,1122970,1122970,1122970,1122970,1122970,1122970,1122970]","{""semantic_component_batches"":0,""semantic_component_jobs"":0,""max_semantic_component_workers"":0,""inference_regions"":121,""canonical_specialization_queries"":2,""canonical_specialization_hits"":0,""solver_requested_bytes"":502180,""solver_allocations"":1318,""scratch_requested_bytes"":566916,""scratch_allocations"":3177,""max_solver_live_bytes"":6116,""max_scratch_live_bytes"":4212,""evidence_import_solver_bytes"":45632,""evidence_import_scratch_bytes"":9472,""snapshot_copy_bytes"":0,""snapshot_copy_allocations"":0,""principal_copy_buffer_bytes"":78296,""principal_copy_buffer_allocations"":571,""frozen_capture_temporary_bytes"":0,""frozen_capture_published_bytes"":0,""frozen_edge_scratch_bytes"":0,""region_scopes"":135,""max_region_scopes"":3,""call_collections_closed"":4,""call_collections_unresolved"":0,""call_memo_hits"":138,""solver_passes"":271,""solver_constraint_visits"":398,""occurs_steps"":351}",null,"{""persisted_requests"":0,""persisted_hits"":0,""persisted_nonempty_hits"":0,""persisted_call_proofs"":0,""persisted_declines"":0,""projected_empty_hits"":0,""projected_empty_declines"":0,""input_image_checks"":0,""dependency_validations"":0,""reused_dependency_validations"":0,""graph_importers_initialized"":0,""graph_importers_prepared"":0,""empty_hits"":0,""primitive_hits"":0,""primitive_fallbacks"":0,""primitive_key_declined"":0,""nonempty_requests"":0,""requests"":0,""fresh_unit_requests"":0,""fresh_unit_hits"":0,""hits"":0,""changed_or_unsupported"":0,""missing"":0,""evidence_declined"":0,""options_declined"":0,""captured"":0,""fresh_regions"":0,""call_publications_replayed"":0}"
build/bench/cloud-principal-graphs/callback-sources/predicate_curried-8-valid.blot,36752c4b8c05698a20c84ea7208bea5a61322ad234f8a267a30dd5512bd59b5f,default,"[6267,6309,6422,6425,6440,6442,6627,6725,6727,6764,7200,7350,7947,9840,10440]","[6469,6533,6641,6654,6678,6690,6874,6961,6970,7003,7422,7680,8493,10199,10709]","[5144635,5144635,5144635,5144635,5144635,5144635,5144635,5144635,5144635,5144635,5144635,5144635,5144635,5144635,5144635]","[1122970,1122970,1122970,1122970,1122970,1122970,1122970,1122970,1122970,1122970,1122970,1122970,1122970,1122970,1122970]","{""semantic_component_batches"":0,""semantic_component_jobs"":0,""max_semantic_component_workers"":0,""inference_regions"":121,""canonical_specialization_queries"":2,""canonical_specialization_hits"":0,""solver_requested_bytes"":502180,""solver_allocations"":1318,""scratch_requested_bytes"":566916,""scratch_allocations"":3177,""max_solver_live_bytes"":6116,""max_scratch_live_bytes"":4212,""evidence_import_solver_bytes"":45632,""evidence_import_scratch_bytes"":9472,""snapshot_copy_bytes"":0,""snapshot_copy_allocations"":0,""principal_copy_buffer_bytes"":78296,""principal_copy_buffer_allocations"":571,""frozen_capture_temporary_bytes"":0,""frozen_capture_published_bytes"":0,""frozen_edge_scratch_bytes"":0,""region_scopes"":135,""max_region_scopes"":3,""call_collections_closed"":4,""call_collections_unresolved"":0,""call_memo_hits"":138,""solver_passes"":271,""solver_constraint_visits"":398,""occurs_steps"":351}",null,"{""persisted_requests"":0,""persisted_hits"":0,""persisted_nonempty_hits"":0,""persisted_call_proofs"":0,""persisted_declines"":0,""projected_empty_hits"":0,""projected_empty_declines"":0,""input_image_checks"":0,""dependency_validations"":0,""reused_dependency_validations"":0,""graph_importers_initialized"":0,""graph_importers_prepared"":0,""empty_hits"":0,""primitive_hits"":0,""primitive_fallbacks"":0,""primitive_key_declined"":0,""nonempty_requests"":0,""requests"":0,""fresh_unit_requests"":0,""fresh_unit_hits"":0,""hits"":0,""changed_or_unsupported"":0,""missing"":0,""evidence_declined"":0,""options_declined"":0,""captured"":0,""fresh_regions"":0,""call_publications_replayed"":0}"
build/bench/cloud-principal-graphs/callback-sources/predicate_curried-12-valid.blot,57b88621bea72152ef5850b57b44da6487628648f728f53ad980a7687b85d80f,baseline,"[7275,7278,7404,7542,7906,7911,7957,8057,8110,8306,8315,8336,8450,8891,9202]","[7561,7567,7624,7758,8145,8170,8269,8335,8357,8571,8576,8727,8733,9162,9447]","[6007365,6007365,6007365,6007365,6007365,6007365,6007365,6007365,6007365,6007365,6007365,6007365,6007365,6007365,6007365]","[1172325,1172325,1172325,1172325,1172325,1172325,1172325,1172325,1172325,1172325,1172325,1172325,1172325,1172325,1172325]","{""semantic_component_batches"":0,""semantic_component_jobs"":0,""max_semantic_component_workers"":0,""inference_regions"":169,""canonical_specialization_queries"":2,""canonical_specialization_hits"":0,""solver_requested_bytes"":711588,""solver_allocations"":1846,""scratch_requested_bytes"":843372,""scratch_allocations"":4594,""max_solver_live_bytes"":6116,""max_scratch_live_bytes"":6772,""evidence_import_solver_bytes"":69440,""evidence_import_scratch_bytes"":13568,""snapshot_copy_bytes"":0,""snapshot_copy_allocations"":0,""principal_copy_buffer_bytes"":112920,""principal_copy_buffer_allocations"":819,""frozen_capture_temporary_bytes"":0,""frozen_capture_published_bytes"":0,""frozen_edge_scratch_bytes"":0,""region_scopes"":183,""max_region_scopes"":3,""call_collections_closed"":4,""call_collections_unresolved"":0,""call_memo_hits"":202,""solver_passes"":383,""solver_constraint_visits"":574,""occurs_steps"":495}",null,"{""persisted_requests"":0,""persisted_hits"":0,""persisted_nonempty_hits"":0,""persisted_call_proofs"":0,""persisted_declines"":0,""projected_empty_hits"":0,""projected_empty_declines"":0,""input_image_checks"":0,""dependency_validations"":0,""reused_dependency_validations"":0,""graph_importers_initialized"":0,""graph_importers_prepared"":0,""empty_hits"":0,""primitive_hits"":0,""primitive_fallbacks"":0,""primitive_key_declined"":0,""nonempty_requests"":0,""requests"":0,""fresh_unit_requests"":0,""fresh_unit_hits"":0,""hits"":0,""changed_or_unsupported"":0,""missing"":0,""evidence_declined"":0,""options_declined"":0,""captured"":0,""fresh_regions"":0,""call_publications_replayed"":0}"
build/bench/cloud-principal-graphs/callback-sources/predicate_curried-12-valid.blot,57b88621bea72152ef5850b57b44da6487628648f728f53ad980a7687b85d80f,default,"[7150,7254,7314,7487,7501,7527,7542,7552,7629,7807,7850,8518,9141,9405,10718]","[7425,7470,7641,7750,7757,7796,7818,7839,7895,8037,8081,8744,9442,9856,10972]","[6015269,6015269,6015269,6015269,6015269,6015269,6015269,6015269,6015269,6015269,6015269,6015269,6015269,6015269,6015269]","[1172325,1172325,1172325,1172325,1172325,1172325,1172325,1172325,1172325,1172325,1172325,1172325,1172325,1172325,1172325]","{""semantic_component_batches"":0,""semantic_component_jobs"":0,""max_semantic_component_workers"":0,""inference_regions"":169,""canonical_specialization_queries"":2,""canonical_specialization_hits"":0,""solver_requested_bytes"":711588,""solver_allocations"":1846,""scratch_requested_bytes"":843372,""scratch_allocations"":4594,""max_solver_live_bytes"":6116,""max_scratch_live_bytes"":6772,""evidence_import_solver_bytes"":69440,""evidence_import_scratch_bytes"":13568,""snapshot_copy_bytes"":0,""snapshot_copy_allocations"":0,""principal_copy_buffer_bytes"":112920,""principal_copy_buffer_allocations"":819,""frozen_capture_temporary_bytes"":0,""frozen_capture_published_bytes"":0,""frozen_edge_scratch_bytes"":0,""region_scopes"":183,""max_region_scopes"":3,""call_collections_closed"":4,""call_collections_unresolved"":0,""call_memo_hits"":202,""solver_passes"":383,""solver_constraint_visits"":574,""occurs_steps"":495}",null,"{""persisted_requests"":0,""persisted_hits"":0,""persisted_nonempty_hits"":0,""persisted_call_proofs"":0,""persisted_declines"":0,""projected_empty_hits"":0,""projected_empty_declines"":0,""input_image_checks"":0,""dependency_validations"":0,""reused_dependency_validations"":0,""graph_importers_initialized"":0,""graph_importers_prepared"":0,""empty_hits"":0,""primitive_hits"":0,""primitive_fallbacks"":0,""primitive_key_declined"":0,""nonempty_requests"":0,""requests"":0,""fresh_unit_requests"":0,""fresh_unit_hits"":0,""hits"":0,""changed_or_unsupported"":0,""missing"":0,""evidence_declined"":0,""options_declined"":0,""captured"":0,""fresh_regions"":0,""call_publications_replayed"":0}"
build/bench/cloud-principal-graphs/callback-sources/predicate_returned-4-valid.blot,f91ca549408fda9d4ca57806827ba1c550f893995bebe82e576cb7d7312f5238,baseline,"[5217,5228,5281,5329,5412,5537,5647,5791,5813,6097,6299,6352,6597,7356,8084]","[5465,5493,5559,5570,5655,5821,5892,5998,6058,6376,6532,6698,6851,7615,8508]","[4292329,4292329,4292329,4292329,4292329,4292329,4292329,4292329,4292329,4292329,4292329,4292329,4292329,4292329,4292329]","[1076166,1076166,1076166,1076166,1076166,1076166,1076166,1076166,1076166,1076166,1076166,1076166,1076166,1076166,1076166]","{""semantic_component_batches"":0,""semantic_component_jobs"":0,""max_semantic_component_workers"":0,""inference_regions"":73,""canonical_specialization_queries"":2,""canonical_specialization_hits"":0,""solver_requested_bytes"":292772,""solver_allocations"":790,""scratch_requested_bytes"":320740,""scratch_allocations"":1828,""max_solver_live_bytes"":6116,""max_scratch_live_bytes"":3712,""evidence_import_solver_bytes"":0,""evidence_import_scratch_bytes"":5376,""snapshot_copy_bytes"":0,""snapshot_copy_allocations"":0,""principal_copy_buffer_bytes"":43848,""principal_copy_buffer_allocations"":323,""frozen_capture_temporary_bytes"":0,""frozen_capture_published_bytes"":0,""frozen_edge_scratch_bytes"":0,""region_scopes"":87,""max_region_scopes"":3,""call_collections_closed"":4,""call_collections_unresolved"":0,""call_memo_hits"":74,""solver_passes"":159,""solver_constraint_visits"":222,""occurs_steps"":201}",null,"{""persisted_requests"":0,""persisted_hits"":0,""persisted_nonempty_hits"":0,""persisted_call_proofs"":0,""persisted_declines"":0,""projected_empty_hits"":0,""projected_empty_declines"":0,""input_image_checks"":0,""dependency_validations"":0,""reused_dependency_validations"":0,""graph_importers_initialized"":0,""graph_importers_prepared"":0,""empty_hits"":0,""primitive_hits"":0,""primitive_fallbacks"":0,""primitive_key_declined"":0,""nonempty_requests"":0,""requests"":0,""fresh_unit_requests"":0,""fresh_unit_hits"":0,""hits"":0,""changed_or_unsupported"":0,""missing"":0,""evidence_declined"":0,""options_declined"":0,""captured"":0,""fresh_regions"":0,""call_publications_replayed"":0}"
build/bench/cloud-principal-graphs/callback-sources/predicate_returned-4-valid.blot,f91ca549408fda9d4ca57806827ba1c550f893995bebe82e576cb7d7312f5238,default,"[5118,5179,5198,5222,5328,5494,5550,5571,5604,5652,5674,5768,5813,6537,9281]","[5356,5392,5428,5507,5557,5704,5783,5835,5850,5880,5938,6005,6066,7100,9819]","[4302537,4302537,4302537,4302537,4302537,4302537,4302537,4302537,4302537,4302537,4302537,4302537,4302537,4302537,4302537]","[1076166,1076166,1076166,1076166,1076166,1076166,1076166,1076166,1076166,1076166,1076166,1076166,1076166,1076166,1076166]","{""semantic_component_batches"":0,""semantic_component_jobs"":0,""max_semantic_component_workers"":0,""inference_regions"":73,""canonical_specialization_queries"":2,""canonical_specialization_hits"":0,""solver_requested_bytes"":292772,""solver_allocations"":790,""scratch_requested_bytes"":320740,""scratch_allocations"":1828,""max_solver_live_bytes"":6116,""max_scratch_live_bytes"":3712,""evidence_import_solver_bytes"":0,""evidence_import_scratch_bytes"":5376,""snapshot_copy_bytes"":0,""snapshot_copy_allocations"":0,""principal_copy_buffer_bytes"":43848,""principal_copy_buffer_allocations"":323,""frozen_capture_temporary_bytes"":0,""frozen_capture_published_bytes"":0,""frozen_edge_scratch_bytes"":0,""region_scopes"":87,""max_region_scopes"":3,""call_collections_closed"":4,""call_collections_unresolved"":0,""call_memo_hits"":74,""solver_passes"":159,""solver_constraint_visits"":222,""occurs_steps"":201}",null,"{""persisted_requests"":0,""persisted_hits"":0,""persisted_nonempty_hits"":0,""persisted_call_proofs"":0,""persisted_declines"":0,""projected_empty_hits"":0,""projected_empty_declines"":0,""input_image_checks"":0,""dependency_validations"":0,""reused_dependency_validations"":0,""graph_importers_initialized"":0,""graph_importers_prepared"":0,""empty_hits"":0,""primitive_hits"":0,""primitive_fallbacks"":0,""primitive_key_declined"":0,""nonempty_requests"":0,""requests"":0,""fresh_unit_requests"":0,""fresh_unit_hits"":0,""hits"":0,""changed_or_unsupported"":0,""missing"":0,""evidence_declined"":0,""options_declined"":0,""captured"":0,""fresh_regions"":0,""call_publications_replayed"":0}"
build/bench/cloud-principal-graphs/callback-sources/predicate_returned-8-valid.blot,15fa99d769839f585ae2688784e4bdef738b06c6f819c5ea07557ffd2074c2d8,baseline,"[6110,6261,6347,6388,6390,6393,6443,6465,6467,6479,6590,6710,6896,8101,9587]","[6342,6588,6612,6616,6622,6630,6670,6675,6714,6735,6823,6924,7117,8761,9944]","[5129825,5129825,5129825,5129825,5129825,5129825,5129825,5129825,5129825,5129825,5129825,5129825,5129825,5129825,5129825]","[1122810,1122810,1122810,1122810,1122810,1122810,1122810,1122810,1122810,1122810,1122810,1122810,1122810,1122810,1122810]","{""semantic_component_batches"":0,""semantic_component_jobs"":0,""max_semantic_component_workers"":0,""inference_regions"":121,""canonical_specialization_queries"":2,""canonical_specialization_hits"":0,""solver_requested_bytes"":502180,""solver_allocations"":1318,""scratch_requested_bytes"":571124,""scratch_allocations"":3185,""max_solver_live_bytes"":6116,""max_scratch_live_bytes"":4212,""evidence_import_solver_bytes"":0,""evidence_import_scratch_bytes"":9472,""snapshot_copy_bytes"":0,""snapshot_copy_allocations"":0,""principal_copy_buffer_bytes"":78600,""principal_copy_buffer_allocations"":571,""frozen_capture_temporary_bytes"":0,""frozen_capture_published_bytes"":0,""frozen_edge_scratch_bytes"":0,""region_scopes"":135,""max_region_scopes"":3,""call_collections_closed"":4,""call_collections_unresolved"":0,""call_memo_hits"":138,""solver_passes"":271,""solver_constraint_visits"":398,""occurs_steps"":345}",null,"{""persisted_requests"":0,""persisted_hits"":0,""persisted_nonempty_hits"":0,""persisted_call_proofs"":0,""persisted_declines"":0,""projected_empty_hits"":0,""projected_empty_declines"":0,""input_image_checks"":0,""dependency_validations"":0,""reused_dependency_validations"":0,""graph_importers_initialized"":0,""graph_importers_prepared"":0,""empty_hits"":0,""primitive_hits"":0,""primitive_fallbacks"":0,""primitive_key_declined"":0,""nonempty_requests"":0,""requests"":0,""fresh_unit_requests"":0,""fresh_unit_hits"":0,""hits"":0,""changed_or_unsupported"":0,""missing"":0,""evidence_declined"":0,""options_declined"":0,""captured"":0,""fresh_regions"":0,""call_publications_replayed"":0}"
build/bench/cloud-principal-graphs/callback-sources/predicate_returned-8-valid.blot,15fa99d769839f585ae2688784e4bdef738b06c6f819c5ea07557ffd2074c2d8,default,"[6069,6169,6395,6576,6703,6707,6733,6807,6825,6901,7382,7412,7575,7605,8639]","[6289,6407,6646,6789,6925,6951,6979,7041,7044,7133,7644,7860,7883,7957,9009]","[5146049,5146049,5146049,5146049,5146049,5146049,5146049,5146049,5146049,5146049,5146049,5146049,5146049,5146049,5146049]","[1122810,1122810,1122810,1122810,1122810,1122810,1122810,1122810,1122810,1122810,1122810,1122810,1122810,1122810,1122810]","{""semantic_component_batches"":0,""semantic_component_jobs"":0,""max_semantic_component_workers"":0,""inference_regions"":121,""canonical_specialization_queries"":2,""canonical_specialization_hits"":0,""solver_requested_bytes"":502180,""solver_allocations"":1318,""scratch_requested_bytes"":571124,""scratch_allocations"":3185,""max_solver_live_bytes"":6116,""max_scratch_live_bytes"":4212,""evidence_import_solver_bytes"":0,""evidence_import_scratch_bytes"":9472,""snapshot_copy_bytes"":0,""snapshot_copy_allocations"":0,""principal_copy_buffer_bytes"":78600,""principal_copy_buffer_allocations"":571,""frozen_capture_temporary_bytes"":0,""frozen_capture_published_bytes"":0,""frozen_edge_scratch_bytes"":0,""region_scopes"":135,""max_region_scopes"":3,""call_collections_closed"":4,""call_collections_unresolved"":0,""call_memo_hits"":138,""solver_passes"":271,""solver_constraint_visits"":398,""occurs_steps"":345}",null,"{""persisted_requests"":0,""persisted_hits"":0,""persisted_nonempty_hits"":0,""persisted_call_proofs"":0,""persisted_declines"":0,""projected_empty_hits"":0,""projected_empty_declines"":0,""input_image_checks"":0,""dependency_validations"":0,""reused_dependency_validations"":0,""graph_importers_initialized"":0,""graph_importers_prepared"":0,""empty_hits"":0,""primitive_hits"":0,""primitive_fallbacks"":0,""primitive_key_declined"":0,""nonempty_requests"":0,""requests"":0,""fresh_unit_requests"":0,""fresh_unit_hits"":0,""hits"":0,""changed_or_unsupported"":0,""missing"":0,""evidence_declined"":0,""options_declined"":0,""captured"":0,""fresh_regions"":0,""call_publications_replayed"":0}"
build/bench/cloud-principal-graphs/callback-sources/predicate_returned-12-valid.blot,7dffb6b82e6a55df458efeb363f63b857b8f87b0abeeaebf93c86a04a58e4e1a,baseline,"[7308,7346,7413,7431,7465,7535,7563,7946,8154,8414,8742,8998,9111,10025,16795]","[7601,7635,7679,7705,7730,7792,7807,8185,8383,8732,8964,9265,9528,10308,17119]","[6009107,6009107,6009107,6009107,6009107,6009107,6009107,6009107,6009107,6009107,6009107,6009107,6009107,6009107,6009107]","[1172168,1172168,1172168,1172168,1172168,1172168,1172168,1172168,1172168,1172168,1172168,1172168,1172168,1172168,1172168]","{""semantic_component_batches"":0,""semantic_component_jobs"":0,""max_semantic_component_workers"":0,""inference_regions"":169,""canonical_specialization_queries"":2,""canonical_specialization_hits"":0,""solver_requested_bytes"":711588,""solver_allocations"":1846,""scratch_requested_bytes"":847580,""scratch_allocations"":4602,""max_solver_live_bytes"":6116,""max_scratch_live_bytes"":6772,""evidence_import_solver_bytes"":0,""evidence_import_scratch_bytes"":13568,""snapshot_copy_bytes"":0,""snapshot_copy_allocations"":0,""principal_copy_buffer_bytes"":113352,""principal_copy_buffer_allocations"":819,""frozen_capture_temporary_bytes"":0,""frozen_capture_published_bytes"":0,""frozen_edge_scratch_bytes"":0,""region_scopes"":183,""max_region_scopes"":3,""call_collections_closed"":4,""call_collections_unresolved"":0,""call_memo_hits"":202,""solver_passes"":383,""solver_constraint_visits"":574,""occurs_steps"":489}",null,"{""persisted_requests"":0,""persisted_hits"":0,""persisted_nonempty_hits"":0,""persisted_call_proofs"":0,""persisted_declines"":0,""projected_empty_hits"":0,""projected_empty_declines"":0,""input_image_checks"":0,""dependency_validations"":0,""reused_dependency_validations"":0,""graph_importers_initialized"":0,""graph_importers_prepared"":0,""empty_hits"":0,""primitive_hits"":0,""primitive_fallbacks"":0,""primitive_key_declined"":0,""nonempty_requests"":0,""requests"":0,""fresh_unit_requests"":0,""fresh_unit_hits"":0,""hits"":0,""changed_or_unsupported"":0,""missing"":0,""evidence_declined"":0,""options_declined"":0,""captured"":0,""fresh_regions"":0,""call_publications_replayed"":0}"
build/bench/cloud-principal-graphs/callback-sources/predicate_returned-12-valid.blot,7dffb6b82e6a55df458efeb363f63b857b8f87b0abeeaebf93c86a04a58e4e1a,default,"[7071,7196,7433,7534,7746,7779,7948,8056,8197,8214,8273,8443,8881,9063,9318]","[7305,7417,7678,7761,8040,8066,8224,8282,8447,8473,8571,8693,9575,9598,9615]","[6017011,6017011,6017011,6017011,6017011,6017011,6017011,6017011,6017011,6017011,6017011,6017011,6017011,6017011,6017011]","[1172168,1172168,1172168,1172168,1172168,1172168,1172168,1172168,1172168,1172168,1172168,1172168,1172168,1172168,1172168]","{""semantic_component_batches"":0,""semantic_component_jobs"":0,""max_semantic_component_workers"":0,""inference_regions"":169,""canonical_specialization_queries"":2,""canonical_specialization_hits"":0,""solver_requested_bytes"":711588,""solver_allocations"":1846,""scratch_requested_bytes"":847580,""scratch_allocations"":4602,""max_solver_live_bytes"":6116,""max_scratch_live_bytes"":6772,""evidence_import_solver_bytes"":0,""evidence_import_scratch_bytes"":13568,""snapshot_copy_bytes"":0,""snapshot_copy_allocations"":0,""principal_copy_buffer_bytes"":113352,""principal_copy_buffer_allocations"":819,""frozen_capture_temporary_bytes"":0,""frozen_capture_published_bytes"":0,""frozen_edge_scratch_bytes"":0,""region_scopes"":183,""max_region_scopes"":3,""call_collections_closed"":4,""call_collections_unresolved"":0,""call_memo_hits"":202,""solver_passes"":383,""solver_constraint_visits"":574,""occurs_steps"":489}",null,"{""persisted_requests"":0,""persisted_hits"":0,""persisted_nonempty_hits"":0,""persisted_call_proofs"":0,""persisted_declines"":0,""projected_empty_hits"":0,""projected_empty_declines"":0,""input_image_checks"":0,""dependency_validations"":0,""reused_dependency_validations"":0,""graph_importers_initialized"":0,""graph_importers_prepared"":0,""empty_hits"":0,""primitive_hits"":0,""primitive_fallbacks"":0,""primitive_key_declined"":0,""nonempty_requests"":0,""requests"":0,""fresh_unit_requests"":0,""fresh_unit_hits"":0,""hits"":0,""changed_or_unsupported"":0,""missing"":0,""evidence_declined"":0,""options_declined"":0,""captured"":0,""fresh_regions"":0,""call_publications_replayed"":0}"
build/bench/cloud-principal-graphs/callback-sources/predicate_effect-4-valid.blot,d0b8c8a9449ff6025f2cdedeee216cd0050acd359bbf517914edb34fbfb2e987,baseline,"[4945,5018,5046,5067,5216,5258,5391,5412,5630,5691,5757,5759,6054,6176,6207]","[5229,5253,5287,5316,5471,5512,5668,5749,5856,5994,6025,6038,6331,6513,6592]","[3979790,3979790,3979790,3979790,3979790,3979790,3979790,3979790,3979790,3979790,3979790,3979790,3979790,3979790,3979790]","[1079407,1079407,1079407,1079407,1079407,1079407,1079407,1079407,1079407,1079407,1079407,1079407,1079407,1079407,1079407]","{""semantic_component_batches"":0,""semantic_component_jobs"":0,""max_semantic_component_workers"":0,""inference_regions"":51,""canonical_specialization_queries"":1,""canonical_specialization_hits"":0,""solver_requested_bytes"":132468,""solver_allocations"":425,""scratch_requested_bytes"":201232,""scratch_allocations"":1253,""max_solver_live_bytes"":6168,""max_scratch_live_bytes"":4384,""evidence_import_solver_bytes"":1980,""evidence_import_scratch_bytes"":5952,""snapshot_copy_bytes"":0,""snapshot_copy_allocations"":0,""principal_copy_buffer_bytes"":39448,""principal_copy_buffer_allocations"":337,""frozen_capture_temporary_bytes"":0,""frozen_capture_published_bytes"":0,""frozen_edge_scratch_bytes"":0,""region_scopes"":60,""max_region_scopes"":4,""call_collections_closed"":2,""call_collections_unresolved"":0,""call_memo_hits"":37,""solver_passes"":90,""solver_constraint_visits"":135,""occurs_steps"":141}",null,"{""persisted_requests"":0,""persisted_hits"":0,""persisted_nonempty_hits"":0,""persisted_call_proofs"":0,""persisted_declines"":0,""projected_empty_hits"":0,""projected_empty_declines"":0,""input_image_checks"":0,""dependency_validations"":0,""reused_dependency_validations"":0,""graph_importers_initialized"":0,""graph_importers_prepared"":0,""empty_hits"":0,""primitive_hits"":0,""primitive_fallbacks"":0,""primitive_key_declined"":0,""nonempty_requests"":0,""requests"":0,""fresh_unit_requests"":0,""fresh_unit_hits"":0,""hits"":0,""changed_or_unsupported"":0,""missing"":0,""evidence_declined"":0,""options_declined"":0,""captured"":0,""fresh_regions"":0,""call_publications_replayed"":0}"
build/bench/cloud-principal-graphs/callback-sources/predicate_effect-4-valid.blot,d0b8c8a9449ff6025f2cdedeee216cd0050acd359bbf517914edb34fbfb2e987,default,"[4857,5002,5188,5263,5332,5377,5415,5467,5508,5630,5685,6018,6072,6334,7366]","[5071,5236,5487,5610,5655,5685,5701,5772,5877,5923,6242,6336,6591,7667,7855]","[3990110,3990110,3990110,3990110,3990110,3990110,3990110,3990110,3990110,3990110,3990110,3990110,3990110,3990110,3990110]","[1079407,1079407,1079407,1079407,1079407,1079407,1079407,1079407,1079407,1079407,1079407,1079407,1079407,1079407,1079407]","{""semantic_component_batches"":0,""semantic_component_jobs"":0,""max_semantic_component_workers"":0,""inference_regions"":51,""canonical_specialization_queries"":1,""canonical_specialization_hits"":0,""solver_requested_bytes"":132468,""solver_allocations"":425,""scratch_requested_bytes"":201232,""scratch_allocations"":1253,""max_solver_live_bytes"":6168,""max_scratch_live_bytes"":4384,""evidence_import_solver_bytes"":1980,""evidence_import_scratch_bytes"":5952,""snapshot_copy_bytes"":0,""snapshot_copy_allocations"":0,""principal_copy_buffer_bytes"":39448,""principal_copy_buffer_allocations"":337,""frozen_capture_temporary_bytes"":0,""frozen_capture_published_bytes"":0,""frozen_edge_scratch_bytes"":0,""region_scopes"":60,""max_region_scopes"":4,""call_collections_closed"":2,""call_collections_unresolved"":0,""call_memo_hits"":37,""solver_passes"":90,""solver_constraint_visits"":135,""occurs_steps"":141}",null,"{""persisted_requests"":0,""persisted_hits"":0,""persisted_nonempty_hits"":0,""persisted_call_proofs"":0,""persisted_declines"":0,""projected_empty_hits"":0,""projected_empty_declines"":0,""input_image_checks"":0,""dependency_validations"":0,""reused_dependency_validations"":0,""graph_importers_initialized"":0,""graph_importers_prepared"":0,""empty_hits"":0,""primitive_hits"":0,""primitive_fallbacks"":0,""primitive_key_declined"":0,""nonempty_requests"":0,""requests"":0,""fresh_unit_requests"":0,""fresh_unit_hits"":0,""hits"":0,""changed_or_unsupported"":0,""missing"":0,""evidence_declined"":0,""options_declined"":0,""captured"":0,""fresh_regions"":0,""call_publications_replayed"":0}"
build/bench/cloud-principal-graphs/callback-sources/predicate_effect-8-valid.blot,78cd08c62781f97f47eb623a0ae06c28e9c22062252b81af5c882dd3fbf4c9e4,baseline,"[5366,5558,5623,5692,5746,5844,5899,6092,6135,6390,6393,6471,6739,7085,10352]","[5617,5760,5925,5986,6015,6127,6196,6342,6369,6601,6743,6856,7060,7479,10695]","[4512337,4512337,4512337,4512337,4512337,4512337,4512337,4512337,4512337,4512337,4512337,4512337,4512337,4512337,4512337]","[1122627,1122627,1122627,1122627,1122627,1122627,1122627,1122627,1122627,1122627,1122627,1122627,1122627,1122627,1122627]","{""semantic_component_batches"":0,""semantic_component_jobs"":0,""max_semantic_component_workers"":0,""inference_regions"":83,""canonical_specialization_queries"":1,""canonical_specialization_hits"":0,""solver_requested_bytes"":222484,""solver_allocations"":701,""scratch_requested_bytes"":351200,""scratch_allocations"":2142,""max_solver_live_bytes"":6168,""max_scratch_live_bytes"":4388,""evidence_import_solver_bytes"":3564,""evidence_import_scratch_bytes"":10304,""snapshot_copy_bytes"":0,""snapshot_copy_allocations"":0,""principal_copy_buffer_bytes"":68632,""principal_copy_buffer_allocations"":577,""frozen_capture_temporary_bytes"":0,""frozen_capture_published_bytes"":0,""frozen_edge_scratch_bytes"":0,""region_scopes"":92,""max_region_scopes"":4,""call_collections_closed"":2,""call_collections_unresolved"":0,""call_memo_hits"":69,""solver_passes"":146,""solver_constraint_visits"":231,""occurs_steps"":237}",null,"{""persisted_requests"":0,""persisted_hits"":0,""persisted_nonempty_hits"":0,""persisted_call_proofs"":0,""persisted_declines"":0,""projected_empty_hits"":0,""projected_empty_declines"":0,""input_image_checks"":0,""dependency_validations"":0,""reused_dependency_validations"":0,""graph_importers_initialized"":0,""graph_importers_prepared"":0,""empty_hits"":0,""primitive_hits"":0,""primitive_fallbacks"":0,""primitive_key_declined"":0,""nonempty_requests"":0,""requests"":0,""fresh_unit_requests"":0,""fresh_unit_hits"":0,""hits"":0,""changed_or_unsupported"":0,""missing"":0,""evidence_declined"":0,""options_declined"":0,""captured"":0,""fresh_regions"":0,""call_publications_replayed"":0}"
build/bench/cloud-principal-graphs/callback-sources/predicate_effect-8-valid.blot,78cd08c62781f97f47eb623a0ae06c28e9c22062252b81af5c882dd3fbf4c9e4,default,"[5552,5607,5640,5725,5880,5938,6118,6153,6224,6337,6383,7044,7280,7492,9275]","[5767,5818,5863,5944,6125,6166,6378,6423,6474,6621,6700,7314,7627,7839,9686]","[4528673,4528673,4528673,4528673,4528673,4528673,4528673,4528673,4528673,4528673,4528673,4528673,4528673,4528673,4528673]","[1122627,1122627,1122627,1122627,1122627,1122627,1122627,1122627,1122627,1122627,1122627,1122627,1122627,1122627,1122627]","{""semantic_component_batches"":0,""semantic_component_jobs"":0,""max_semantic_component_workers"":0,""inference_regions"":83,""canonical_specialization_queries"":1,""canonical_specialization_hits"":0,""solver_requested_bytes"":222484,""solver_allocations"":701,""scratch_requested_bytes"":351200,""scratch_allocations"":2142,""max_solver_live_bytes"":6168,""max_scratch_live_bytes"":4388,""evidence_import_solver_bytes"":3564,""evidence_import_scratch_bytes"":10304,""snapshot_copy_bytes"":0,""snapshot_copy_allocations"":0,""principal_copy_buffer_bytes"":68632,""principal_copy_buffer_allocations"":577,""frozen_capture_temporary_bytes"":0,""frozen_capture_published_bytes"":0,""frozen_edge_scratch_bytes"":0,""region_scopes"":92,""max_region_scopes"":4,""call_collections_closed"":2,""call_collections_unresolved"":0,""call_memo_hits"":69,""solver_passes"":146,""solver_constraint_visits"":231,""occurs_steps"":237}",null,"{""persisted_requests"":0,""persisted_hits"":0,""persisted_nonempty_hits"":0,""persisted_call_proofs"":0,""persisted_declines"":0,""projected_empty_hits"":0,""projected_empty_declines"":0,""input_image_checks"":0,""dependency_validations"":0,""reused_dependency_validations"":0,""graph_importers_initialized"":0,""graph_importers_prepared"":0,""empty_hits"":0,""primitive_hits"":0,""primitive_fallbacks"":0,""primitive_key_declined"":0,""nonempty_requests"":0,""requests"":0,""fresh_unit_requests"":0,""fresh_unit_hits"":0,""hits"":0,""changed_or_unsupported"":0,""missing"":0,""evidence_declined"":0,""options_declined"":0,""captured"":0,""fresh_regions"":0,""call_publications_replayed"":0}"
build/bench/cloud-principal-graphs/callback-sources/predicate_effect-12-valid.blot,c1068e02f87b13988deb751cd889ad8f4a2393c87552156707406a5c5b2136f2,baseline,"[5977,6032,6153,6191,6211,6273,6281,6356,6531,6932,6966,7449,7706,8656,9603]","[6182,6255,6378,6468,6485,6510,6516,6624,6782,7167,7195,7931,8106,9032,9892]","[5020364,5020364,5020364,5020364,5020364,5020364,5020364,5020364,5020364,5020364,5020364,5020364,5020364,5020364,5020364]","[1147323,1147323,1147323,1147323,1147323,1147323,1147323,1147323,1147323,1147323,1147323,1147323,1147323,1147323,1147323]","{""semantic_component_batches"":0,""semantic_component_jobs"":0,""max_semantic_component_workers"":0,""inference_regions"":115,""canonical_specialization_queries"":1,""canonical_specialization_hits"":0,""solver_requested_bytes"":312500,""solver_allocations"":977,""scratch_requested_bytes"":516632,""scratch_allocations"":3061,""max_solver_live_bytes"":6168,""max_scratch_live_bytes"":7028,""evidence_import_solver_bytes"":5148,""evidence_import_scratch_bytes"":14656,""snapshot_copy_bytes"":0,""snapshot_copy_allocations"":0,""principal_copy_buffer_bytes"":97816,""principal_copy_buffer_allocations"":817,""frozen_capture_temporary_bytes"":0,""frozen_capture_published_bytes"":0,""frozen_edge_scratch_bytes"":0,""region_scopes"":124,""max_region_scopes"":4,""call_collections_closed"":2,""call_collections_unresolved"":0,""call_memo_hits"":101,""solver_passes"":202,""solver_constraint_visits"":327,""occurs_steps"":333}",null,"{""persisted_requests"":0,""persisted_hits"":0,""persisted_nonempty_hits"":0,""persisted_call_proofs"":0,""persisted_declines"":0,""projected_empty_hits"":0,""projected_empty_declines"":0,""input_image_checks"":0,""dependency_validations"":0,""reused_dependency_validations"":0,""graph_importers_initialized"":0,""graph_importers_prepared"":0,""empty_hits"":0,""primitive_hits"":0,""primitive_fallbacks"":0,""primitive_key_declined"":0,""nonempty_requests"":0,""requests"":0,""fresh_unit_requests"":0,""fresh_unit_hits"":0,""hits"":0,""changed_or_unsupported"":0,""missing"":0,""evidence_declined"":0,""options_declined"":0,""captured"":0,""fresh_regions"":0,""call_publications_replayed"":0}"
build/bench/cloud-principal-graphs/callback-sources/predicate_effect-12-valid.blot,c1068e02f87b13988deb751cd889ad8f4a2393c87552156707406a5c5b2136f2,default,"[6114,6236,6345,6365,6374,6421,6436,6502,6599,6657,6887,6930,7454,7772,8366]","[6344,6482,6581,6602,6637,6681,6745,6798,6893,6898,7145,7226,7697,8038,8654]","[5028380,5028380,5028380,5028380,5028380,5028380,5028380,5028380,5028380,5028380,5028380,5028380,5028380,5028380,5028380]","[1147323,1147323,1147323,1147323,1147323,1147323,1147323,1147323,1147323,1147323,1147323,1147323,1147323,1147323,1147323]","{""semantic_component_batches"":0,""semantic_component_jobs"":0,""max_semantic_component_workers"":0,""inference_regions"":115,""canonical_specialization_queries"":1,""canonical_specialization_hits"":0,""solver_requested_bytes"":312500,""solver_allocations"":977,""scratch_requested_bytes"":516632,""scratch_allocations"":3061,""max_solver_live_bytes"":6168,""max_scratch_live_bytes"":7028,""evidence_import_solver_bytes"":5148,""evidence_import_scratch_bytes"":14656,""snapshot_copy_bytes"":0,""snapshot_copy_allocations"":0,""principal_copy_buffer_bytes"":97816,""principal_copy_buffer_allocations"":817,""frozen_capture_temporary_bytes"":0,""frozen_capture_published_bytes"":0,""frozen_edge_scratch_bytes"":0,""region_scopes"":124,""max_region_scopes"":4,""call_collections_closed"":2,""call_collections_unresolved"":0,""call_memo_hits"":101,""solver_passes"":202,""solver_constraint_visits"":327,""occurs_steps"":333}",null,"{""persisted_requests"":0,""persisted_hits"":0,""persisted_nonempty_hits"":0,""persisted_call_proofs"":0,""persisted_declines"":0,""projected_empty_hits"":0,""projected_empty_declines"":0,""input_image_checks"":0,""dependency_validations"":0,""reused_dependency_validations"":0,""graph_importers_initialized"":0,""graph_importers_prepared"":0,""empty_hits"":0,""primitive_hits"":0,""primitive_fallbacks"":0,""primitive_key_declined"":0,""nonempty_requests"":0,""requests"":0,""fresh_unit_requests"":0,""fresh_unit_hits"":0,""hits"":0,""changed_or_unsupported"":0,""missing"":0,""evidence_declined"":0,""options_declined"":0,""captured"":0,""fresh_regions"":0,""call_publications_replayed"":0}"
build/bench/cloud-principal-graphs/callback-sources/capture-4-valid.blot,4142cb946d916c6401fb28d2ee90dbdd963f5b250a53c470ac2878658888e0f8,baseline,"[4457,4693,4778,4816,4866,4969,5036,5209,5376,5626,5691,6586,6630,6854,6949]","[4675,4930,5103,5115,5152,5186,5326,5436,5623,5851,5955,6925,7073,7099,7267]","[3662117,3662117,3662117,3662117,3662117,3662117,3662117,3662117,3662117,3662117,3662117,3662117,3662117,3662117,3662117]","[1067243,1067243,1067243,1067243,1067243,1067243,1067243,1067243,1067243,1067243,1067243,1067243,1067243,1067243,1067243]","{""semantic_component_batches"":0,""semantic_component_jobs"":0,""max_semantic_component_workers"":0,""inference_regions"":9,""canonical_specialization_queries"":1,""canonical_specialization_hits"":0,""solver_requested_bytes"":232488,""solver_allocations"":177,""scratch_requested_bytes"":146952,""scratch_allocations"":288,""max_solver_live_bytes"":92856,""max_scratch_live_bytes"":57496,""evidence_import_solver_bytes"":0,""evidence_import_scratch_bytes"":128,""snapshot_copy_bytes"":0,""snapshot_copy_allocations"":0,""principal_copy_buffer_bytes"":0,""principal_copy_buffer_allocations"":0,""frozen_capture_temporary_bytes"":0,""frozen_capture_published_bytes"":0,""frozen_edge_scratch_bytes"":0,""region_scopes"":81,""max_region_scopes"":65,""call_collections_closed"":1,""call_collections_unresolved"":64,""call_memo_hits"":5,""solver_passes"":10,""solver_constraint_visits"":32,""occurs_steps"":112}",null,"{""persisted_requests"":0,""persisted_hits"":0,""persisted_nonempty_hits"":0,""persisted_call_proofs"":0,""persisted_declines"":0,""projected_empty_hits"":0,""projected_empty_declines"":0,""input_image_checks"":0,""dependency_validations"":0,""reused_dependency_validations"":0,""graph_importers_initialized"":0,""graph_importers_prepared"":0,""empty_hits"":0,""primitive_hits"":0,""primitive_fallbacks"":0,""primitive_key_declined"":0,""nonempty_requests"":0,""requests"":0,""fresh_unit_requests"":0,""fresh_unit_hits"":0,""hits"":0,""changed_or_unsupported"":0,""missing"":0,""evidence_declined"":0,""options_declined"":0,""captured"":0,""fresh_regions"":0,""call_publications_replayed"":0}"
build/bench/cloud-principal-graphs/callback-sources/capture-4-valid.blot,4142cb946d916c6401fb28d2ee90dbdd963f5b250a53c470ac2878658888e0f8,default,"[4713,4728,4760,4791,4815,5015,5028,5040,5047,5173,5180,5412,5668,5997,7339]","[4931,4948,4983,5006,5239,5285,5301,5317,5431,5445,5529,5778,5910,6214,7717]","[3669685,3669685,3669685,3669685,3669685,3669685,3669685,3669685,3669685,3669685,3669685,3669685,3669685,3669685,3669685]","[1067243,1067243,1067243,1067243,1067243,1067243,1067243,1067243,1067243,1067243,1067243,1067243,1067243,1067243,1067243]","{""semantic_component_batches"":0,""semantic_component_jobs"":0,""max_semantic_component_workers"":0,""inference_regions"":9,""canonical_specialization_queries"":1,""canonical_specialization_hits"":0,""solver_requested_bytes"":232488,""solver_allocations"":177,""scratch_requested_bytes"":146952,""scratch_allocations"":288,""max_solver_live_bytes"":92856,""max_scratch_live_bytes"":57496,""evidence_import_solver_bytes"":0,""evidence_import_scratch_bytes"":128,""snapshot_copy_bytes"":0,""snapshot_copy_allocations"":0,""principal_copy_buffer_bytes"":0,""principal_copy_buffer_allocations"":0,""frozen_capture_temporary_bytes"":0,""frozen_capture_published_bytes"":0,""frozen_edge_scratch_bytes"":0,""region_scopes"":81,""max_region_scopes"":65,""call_collections_closed"":1,""call_collections_unresolved"":64,""call_memo_hits"":5,""solver_passes"":10,""solver_constraint_visits"":32,""occurs_steps"":112}",null,"{""persisted_requests"":0,""persisted_hits"":0,""persisted_nonempty_hits"":0,""persisted_call_proofs"":0,""persisted_declines"":0,""projected_empty_hits"":0,""projected_empty_declines"":0,""input_image_checks"":0,""dependency_validations"":0,""reused_dependency_validations"":0,""graph_importers_initialized"":0,""graph_importers_prepared"":0,""empty_hits"":0,""primitive_hits"":0,""primitive_fallbacks"":0,""primitive_key_declined"":0,""nonempty_requests"":0,""requests"":0,""fresh_unit_requests"":0,""fresh_unit_hits"":0,""hits"":0,""changed_or_unsupported"":0,""missing"":0,""evidence_declined"":0,""options_declined"":0,""captured"":0,""fresh_regions"":0,""call_publications_replayed"":0}"
build/bench/cloud-principal-graphs/callback-sources/capture-6-valid.blot,5b1656eac65c3f015338e3d1e889892ef89a5754b11f58ed380e93f94dba767e,baseline,"[7264,7418,7594,7599,7620,7667,7769,7795,7800,7975,7985,8192,8384,8531,8781]","[7540,7712,7831,7859,7915,8053,8056,8069,8143,8199,8227,8471,8623,8893,9190]","[4316673,4316673,4316673,4316673,4316673,4316673,4316673,4316673,4316673,4316673,4316673,4316673,4316673,4316673,4316673]","[1151299,1151299,1151299,1151299,1151299,1151299,1151299,1151299,1151299,1151299,1151299,1151299,1151299,1151299,1151299]","{""semantic_component_batches"":0,""semantic_component_jobs"":0,""max_semantic_component_workers"":0,""inference_regions"":11,""canonical_specialization_queries"":1,""canonical_specialization_hits"":0,""solver_requested_bytes"":643564,""solver_allocations"":225,""scratch_requested_bytes"":517844,""scratch_allocations"":719,""max_solver_live_bytes"":308936,""max_scratch_live_bytes"":218716,""evidence_import_solver_bytes"":0,""evidence_import_scratch_bytes"":128,""snapshot_copy_bytes"":0,""snapshot_copy_allocations"":0,""principal_copy_buffer_bytes"":0,""principal_copy_buffer_allocations"":0,""frozen_capture_temporary_bytes"":0,""frozen_capture_published_bytes"":0,""frozen_edge_scratch_bytes"":0,""region_scopes"":277,""max_region_scopes"":257,""call_collections_closed"":1,""call_collections_unresolved"":256,""call_memo_hits"":7,""solver_passes"":12,""solver_constraint_visits"":128,""occurs_steps"":404}",null,"{""persisted_requests"":0,""persisted_hits"":0,""persisted_nonempty_hits"":0,""persisted_call_proofs"":0,""persisted_declines"":0,""projected_empty_hits"":0,""projected_empty_declines"":0,""input_image_checks"":0,""dependency_validations"":0,""reused_dependency_validations"":0,""graph_importers_initialized"":0,""graph_importers_prepared"":0,""empty_hits"":0,""primitive_hits"":0,""primitive_fallbacks"":0,""primitive_key_declined"":0,""nonempty_requests"":0,""requests"":0,""fresh_unit_requests"":0,""fresh_unit_hits"":0,""hits"":0,""changed_or_unsupported"":0,""missing"":0,""evidence_declined"":0,""options_declined"":0,""captured"":0,""fresh_regions"":0,""call_publications_replayed"":0}"
build/bench/cloud-principal-graphs/callback-sources/capture-6-valid.blot,5b1656eac65c3f015338e3d1e889892ef89a5754b11f58ed380e93f94dba767e,default,"[6252,7372,7425,7570,7668,7679,7869,7871,7917,7942,8044,8244,8500,9187,12396]","[7667,7716,7787,8064,8114,8137,8178,8467,8530,8540,8657,8753,9427,10779,12759]","[4324241,4324241,4324241,4324241,4324241,4324241,4324241,4324241,4324241,4324241,4324241,4324241,4324241,4324241,4324241]","[1158867,1158867,1158867,1158867,1158867,1158867,1158867,1158867,1158867,1158867,1158867,1158867,1158867,1158867,1158867]","{""semantic_component_batches"":0,""semantic_component_jobs"":0,""max_semantic_component_workers"":0,""inference_regions"":11,""canonical_specialization_queries"":1,""canonical_specialization_hits"":0,""solver_requested_bytes"":643564,""solver_allocations"":225,""scratch_requested_bytes"":517844,""scratch_allocations"":719,""max_solver_live_bytes"":308936,""max_scratch_live_bytes"":218716,""evidence_import_solver_bytes"":0,""evidence_import_scratch_bytes"":128,""snapshot_copy_bytes"":0,""snapshot_copy_allocations"":0,""principal_copy_buffer_bytes"":0,""principal_copy_buffer_allocations"":0,""frozen_capture_temporary_bytes"":0,""frozen_capture_published_bytes"":0,""frozen_edge_scratch_bytes"":0,""region_scopes"":277,""max_region_scopes"":257,""call_collections_closed"":1,""call_collections_unresolved"":256,""call_memo_hits"":7,""solver_passes"":12,""solver_constraint_visits"":128,""occurs_steps"":404}",null,"{""persisted_requests"":0,""persisted_hits"":0,""persisted_nonempty_hits"":0,""persisted_call_proofs"":0,""persisted_declines"":0,""projected_empty_hits"":0,""projected_empty_declines"":0,""input_image_checks"":0,""dependency_validations"":0,""reused_dependency_validations"":0,""graph_importers_initialized"":0,""graph_importers_prepared"":0,""empty_hits"":0,""primitive_hits"":0,""primitive_fallbacks"":0,""primitive_key_declined"":0,""nonempty_requests"":0,""requests"":0,""fresh_unit_requests"":0,""fresh_unit_hits"":0,""hits"":0,""changed_or_unsupported"":0,""missing"":0,""evidence_declined"":0,""options_declined"":0,""captured"":0,""fresh_regions"":0,""call_publications_replayed"":0}"
build/bench/cloud-principal-graphs/callback-sources/capture-8-valid.blot,b72f95692e56167319e708f5525015e368ae84a600d69c29f7f04250b3f8f576,baseline,"[34314,34371,34516,34821,35516,35526,36016,36424,36453,36940,38634,38664,39682,40212,42414]","[34651,34744,34868,35232,35869,35968,36381,36717,36877,37285,38972,38982,40052,40523,42808]","[8692588,8692588,8692588,8692588,8692588,8692588,8692588,8692588,8692588,8692588,8692588,8692588,8692588,8692588,8692588]","[5433648,5433648,5433648,5433648,5433648,5433648,5433648,5433648,5433648,5433648,5433648,5433648,5433648,5433648,5433648]","{""semantic_component_batches"":0,""semantic_component_jobs"":0,""max_semantic_component_workers"":0,""inference_regions"":13,""canonical_specialization_queries"":1,""canonical_specialization_hits"":0,""solver_requested_bytes"":3540656,""solver_allocations"":277,""scratch_requested_bytes"":1962412,""scratch_allocations"":2303,""max_solver_live_bytes"":1837980,""max_scratch_live_bytes"":835220,""evidence_import_solver_bytes"":0,""evidence_import_scratch_bytes"":128,""snapshot_copy_bytes"":0,""snapshot_copy_allocations"":0,""principal_copy_buffer_bytes"":0,""principal_copy_buffer_allocations"":0,""frozen_capture_temporary_bytes"":0,""frozen_capture_published_bytes"":0,""frozen_edge_scratch_bytes"":0,""region_scopes"":1049,""max_region_scopes"":1025,""call_collections_closed"":1,""call_collections_unresolved"":1024,""call_memo_hits"":9,""solver_passes"":14,""solver_constraint_visits"":512,""occurs_steps"":1560}",null,"{""persisted_requests"":0,""persisted_hits"":0,""persisted_nonempty_hits"":0,""persisted_call_proofs"":0,""persisted_declines"":0,""projected_empty_hits"":0,""projected_empty_declines"":0,""input_image_checks"":0,""dependency_validations"":0,""reused_dependency_validations"":0,""graph_importers_initialized"":0,""graph_importers_prepared"":0,""empty_hits"":0,""primitive_hits"":0,""primitive_fallbacks"":0,""primitive_key_declined"":0,""nonempty_requests"":0,""requests"":0,""fresh_unit_requests"":0,""fresh_unit_hits"":0,""hits"":0,""changed_or_unsupported"":0,""missing"":0,""evidence_declined"":0,""options_declined"":0,""captured"":0,""fresh_regions"":0,""call_publications_replayed"":0}"
build/bench/cloud-principal-graphs/callback-sources/capture-8-valid.blot,b72f95692e56167319e708f5525015e368ae84a600d69c29f7f04250b3f8f576,default,"[33829,33936,34339,34659,34924,35122,35177,35229,35964,37291,37513,38133,38910,39018,43381]","[34115,34364,34643,34998,35228,35499,35522,35522,36303,37655,37882,38515,39356,39609,43679]","[8700156,8700156,8700156,8700156,8700156,8700156,8700156,8700156,8700156,8700156,8700156,8700156,8700156,8700156,8700156]","[5441216,5441216,5441216,5441216,5441216,5441216,5441216,5441216,5441216,5441216,5441216,5441216,5441216,5441216,5441216]","{""semantic_component_batches"":0,""semantic_component_jobs"":0,""max_semantic_component_workers"":0,""inference_regions"":13,""canonical_specialization_queries"":1,""canonical_specialization_hits"":0,""solver_requested_bytes"":3540656,""solver_allocations"":277,""scratch_requested_bytes"":1962412,""scratch_allocations"":2303,""max_solver_live_bytes"":1837980,""max_scratch_live_bytes"":835220,""evidence_import_solver_bytes"":0,""evidence_import_scratch_bytes"":128,""snapshot_copy_bytes"":0,""snapshot_copy_allocations"":0,""principal_copy_buffer_bytes"":0,""principal_copy_buffer_allocations"":0,""frozen_capture_temporary_bytes"":0,""frozen_capture_published_bytes"":0,""frozen_edge_scratch_bytes"":0,""region_scopes"":1049,""max_region_scopes"":1025,""call_collections_closed"":1,""call_collections_unresolved"":1024,""call_memo_hits"":9,""solver_passes"":14,""solver_constraint_visits"":512,""occurs_steps"":1560}",null,"{""persisted_requests"":0,""persisted_hits"":0,""persisted_nonempty_hits"":0,""persisted_call_proofs"":0,""persisted_declines"":0,""projected_empty_hits"":0,""projected_empty_declines"":0,""input_image_checks"":0,""dependency_validations"":0,""reused_dependency_validations"":0,""graph_importers_initialized"":0,""graph_importers_prepared"":0,""empty_hits"":0,""primitive_hits"":0,""primitive_fallbacks"":0,""primitive_key_declined"":0,""nonempty_requests"":0,""requests"":0,""fresh_unit_requests"":0,""fresh_unit_hits"":0,""hits"":0,""changed_or_unsupported"":0,""missing"":0,""evidence_declined"":0,""options_declined"":0,""captured"":0,""fresh_regions"":0,""call_publications_replayed"":0}"
build/bench/cloud-principal-graphs/sources/factory-diamond-12.blot,8cda9e21d5226b9b30be3e095b5ae43882b5356437fc96fc01e7720ad7075a16,baseline,"[6089,6284,6367,6379,6553,6864,6900,7016,7030,7077,7091,7625,7865,8469,8530]","[6513,6586,6618,6633,6785,7187,7233,7337,7436,7444,7458,7928,8239,8785,8990]","[5938523,5938523,5938523,5938523,5938523,5938523,5938523,5938523,5938523,5938523,5938523,5938523,5938523,5938523,5938523]","[1080310,1080310,1080310,1080310,1080310,1080310,1080310,1080310,1080310,1080310,1080310,1080310,1080310,1080310,1080310]","{""semantic_component_batches"":0,""semantic_component_jobs"":0,""max_semantic_component_workers"":0,""inference_regions"":167,""canonical_specialization_queries"":2,""canonical_specialization_hits"":0,""solver_requested_bytes"":263824,""solver_allocations"":1327,""scratch_requested_bytes"":470748,""scratch_allocations"":2733,""max_solver_live_bytes"":2648,""max_scratch_live_bytes"":6564,""evidence_import_solver_bytes"":0,""evidence_import_scratch_bytes"":12800,""snapshot_copy_bytes"":0,""snapshot_copy_allocations"":0,""principal_copy_buffer_bytes"":40352,""principal_copy_buffer_allocations"":552,""frozen_capture_temporary_bytes"":0,""frozen_capture_published_bytes"":0,""frozen_edge_scratch_bytes"":0,""region_scopes"":181,""max_region_scopes"":3,""call_collections_closed"":2,""call_collections_unresolved"":4,""call_memo_hits"":200,""solver_passes"":400,""solver_constraint_visits"":513,""occurs_steps"":430}",null,"{""persisted_requests"":0,""persisted_hits"":0,""persisted_nonempty_hits"":0,""persisted_call_proofs"":0,""persisted_declines"":0,""projected_empty_hits"":0,""projected_empty_declines"":0,""input_image_checks"":0,""dependency_validations"":0,""reused_dependency_validations"":0,""graph_importers_initialized"":0,""graph_importers_prepared"":0,""empty_hits"":0,""primitive_hits"":0,""primitive_fallbacks"":0,""primitive_key_declined"":0,""nonempty_requests"":0,""requests"":0,""fresh_unit_requests"":0,""fresh_unit_hits"":0,""hits"":0,""changed_or_unsupported"":0,""missing"":0,""evidence_declined"":0,""options_declined"":0,""captured"":0,""fresh_regions"":0,""call_publications_replayed"":0}"
build/bench/cloud-principal-graphs/sources/factory-diamond-12.blot,8cda9e21d5226b9b30be3e095b5ae43882b5356437fc96fc01e7720ad7075a16,default,"[6024,6122,6188,6212,6270,6283,6303,6379,6519,6580,7086,7096,7777,7811,8281]","[6281,6392,6510,6529,6666,6692,6704,6891,6903,6906,7352,7496,8138,8151,8536]","[5946539,5946539,5946539,5946539,5946539,5946539,5946539,5946539,5946539,5946539,5946539,5946539,5946539,5946539,5946539]","[1080310,1080310,1080310,1080310,1080310,1080310,1080310,1080310,1080310,1080310,1080310,1080310,1080310,1080310,1080310]","{""semantic_component_batches"":0,""semantic_component_jobs"":0,""max_semantic_component_workers"":0,""inference_regions"":167,""canonical_specialization_queries"":2,""canonical_specialization_hits"":0,""solver_requested_bytes"":263824,""solver_allocations"":1327,""scratch_requested_bytes"":470748,""scratch_allocations"":2733,""max_solver_live_bytes"":2648,""max_scratch_live_bytes"":6564,""evidence_import_solver_bytes"":0,""evidence_import_scratch_bytes"":12800,""snapshot_copy_bytes"":0,""snapshot_copy_allocations"":0,""principal_copy_buffer_bytes"":40352,""principal_copy_buffer_allocations"":552,""frozen_capture_temporary_bytes"":0,""frozen_capture_published_bytes"":0,""frozen_edge_scratch_bytes"":0,""region_scopes"":181,""max_region_scopes"":3,""call_collections_closed"":2,""call_collections_unresolved"":4,""call_memo_hits"":200,""solver_passes"":400,""solver_constraint_visits"":513,""occurs_steps"":430}",null,"{""persisted_requests"":0,""persisted_hits"":0,""persisted_nonempty_hits"":0,""persisted_call_proofs"":0,""persisted_declines"":0,""projected_empty_hits"":0,""projected_empty_declines"":0,""input_image_checks"":0,""dependency_validations"":0,""reused_dependency_validations"":0,""graph_importers_initialized"":0,""graph_importers_prepared"":0,""empty_hits"":0,""primitive_hits"":0,""primitive_fallbacks"":0,""primitive_key_declined"":0,""nonempty_requests"":0,""requests"":0,""fresh_unit_requests"":0,""fresh_unit_hits"":0,""hits"":0,""changed_or_unsupported"":0,""missing"":0,""evidence_declined"":0,""options_declined"":0,""captured"":0,""fresh_regions"":0,""call_publications_replayed"":0}"
build/bench/cloud-principal-graphs/live-header-sources/source-mixed-12.blot,b1b3f200d96b501cba2ec91a5d87e32c85e176c321b481bd28dad7f7f5f2cd1c,baseline,"[4924,5114,5177,5270,5300,5491,5515,5583,5599,5631,5664,5677,5761,6010,6563]","[5150,5328,5419,5554,5677,5777,5795,5832,5865,5903,5913,5989,6063,6341,6816]","[4359005,4359005,4359005,4359005,4359005,4359005,4359005,4359005,4359005,4359005,4359005,4359005,4359005,4359005,4359005]","[1088082,1088082,1088082,1088082,1088082,1088082,1088082,1088082,1088082,1088082,1088082,1088082,1088082,1088082,1088082]","{""semantic_component_batches"":0,""semantic_component_jobs"":0,""max_semantic_component_workers"":0,""inference_regions"":103,""canonical_specialization_queries"":1,""canonical_specialization_hits"":0,""solver_requested_bytes"":101988,""solver_allocations"":509,""scratch_requested_bytes"":258148,""scratch_allocations"":1532,""max_solver_live_bytes"":3096,""max_scratch_live_bytes"":6564,""evidence_import_solver_bytes"":0,""evidence_import_scratch_bytes"":4736,""snapshot_copy_bytes"":0,""snapshot_copy_allocations"":0,""principal_copy_buffer_bytes"":39328,""principal_copy_buffer_allocations"":545,""frozen_capture_temporary_bytes"":0,""frozen_capture_published_bytes"":0,""frozen_edge_scratch_bytes"":0,""region_scopes"":111,""max_region_scopes"":2,""call_collections_closed"":1,""call_collections_unresolved"":0,""call_memo_hits"":62,""solver_passes"":119,""solver_constraint_visits"":179,""occurs_steps"":204}",null,"{""persisted_requests"":0,""persisted_hits"":0,""persisted_nonempty_hits"":0,""persisted_call_proofs"":0,""persisted_declines"":0,""projected_empty_hits"":0,""projected_empty_declines"":0,""input_image_checks"":0,""dependency_validations"":0,""reused_dependency_validations"":0,""graph_importers_initialized"":0,""graph_importers_prepared"":0,""empty_hits"":0,""primitive_hits"":0,""primitive_fallbacks"":0,""primitive_key_declined"":0,""nonempty_requests"":0,""requests"":0,""fresh_unit_requests"":0,""fresh_unit_hits"":0,""hits"":0,""changed_or_unsupported"":0,""missing"":0,""evidence_declined"":0,""options_declined"":0,""captured"":0,""fresh_regions"":0,""call_publications_replayed"":0}"
build/bench/cloud-principal-graphs/live-header-sources/source-mixed-12.blot,b1b3f200d96b501cba2ec91a5d87e32c85e176c321b481bd28dad7f7f5f2cd1c,default,"[5091,5135,5138,5158,5182,5202,5203,5209,5216,5364,5572,5591,5984,5984,7108]","[5387,5388,5399,5417,5445,5464,5469,5476,5595,5661,5852,5862,6218,6289,7386]","[4367245,4367245,4367245,4367245,4367245,4367245,4367245,4367245,4367245,4367245,4367245,4367245,4367245,4367245,4367245]","[1088082,1088082,1088082,1088082,1088082,1088082,1088082,1088082,1088082,1088082,1088082,1088082,1088082,1088082,1088082]","{""semantic_component_batches"":0,""semantic_component_jobs"":0,""max_semantic_component_workers"":0,""inference_regions"":103,""canonical_specialization_queries"":1,""canonical_specialization_hits"":0,""solver_requested_bytes"":101988,""solver_allocations"":509,""scratch_requested_bytes"":258148,""scratch_allocations"":1532,""max_solver_live_bytes"":3096,""max_scratch_live_bytes"":6564,""evidence_import_solver_bytes"":0,""evidence_import_scratch_bytes"":4736,""snapshot_copy_bytes"":0,""snapshot_copy_allocations"":0,""principal_copy_buffer_bytes"":39328,""principal_copy_buffer_allocations"":545,""frozen_capture_temporary_bytes"":0,""frozen_capture_published_bytes"":0,""frozen_edge_scratch_bytes"":0,""region_scopes"":111,""max_region_scopes"":2,""call_collections_closed"":1,""call_collections_unresolved"":0,""call_memo_hits"":62,""solver_passes"":119,""solver_constraint_visits"":179,""occurs_steps"":204}",null,"{""persisted_requests"":0,""persisted_hits"":0,""persisted_nonempty_hits"":0,""persisted_call_proofs"":0,""persisted_declines"":0,""projected_empty_hits"":0,""projected_empty_declines"":0,""input_image_checks"":0,""dependency_validations"":0,""reused_dependency_validations"":0,""graph_importers_initialized"":0,""graph_importers_prepared"":0,""empty_hits"":0,""primitive_hits"":0,""primitive_fallbacks"":0,""primitive_key_declined"":0,""nonempty_requests"":0,""requests"":0,""fresh_unit_requests"":0,""fresh_unit_hits"":0,""hits"":0,""changed_or_unsupported"":0,""missing"":0,""evidence_declined"":0,""options_declined"":0,""captured"":0,""fresh_regions"":0,""call_publications_replayed"":0}"
build/bench/cloud-principal-graphs/lexical-sources/aggregate-separate-128-valid.blot,041fd208800d0bc3248f5b29df4fc8d80d1d866913dd1188a69171c68e37e350,baseline,"[11362,11416,11892,11905,11917,12200,12265,12723,12768,12899,13008,13233,14073,14251,14333]","[11653,11867,12182,12195,12197,12530,12589,13026,13146,13173,13288,13583,14465,14642,14682]","[9347903,9347903,9347903,9347903,9347903,9347903,9347903,9347903,9347903,9347903,9347903,9347903,9347903,9347903,9347903]","[2187776,2187776,2187776,2187776,2187776,2187776,2187776,2187776,2187776,2187776,2187776,2187776,2187776,2187776,2187776]","{""semantic_component_batches"":0,""semantic_component_jobs"":0,""max_semantic_component_workers"":0,""inference_regions"":520,""canonical_specialization_queries"":128,""canonical_specialization_hits"":127,""solver_requested_bytes"":1038136,""solver_allocations"":3306,""scratch_requested_bytes"":1230412,""scratch_allocations"":7449,""max_solver_live_bytes"":3708,""max_scratch_live_bytes"":5072,""evidence_import_solver_bytes"":932,""evidence_import_scratch_bytes"":33792,""snapshot_copy_bytes"":0,""snapshot_copy_allocations"":0,""principal_copy_buffer_bytes"":0,""principal_copy_buffer_allocations"":0,""frozen_capture_temporary_bytes"":0,""frozen_capture_published_bytes"":24,""frozen_edge_scratch_bytes"":48,""region_scopes"":924,""max_region_scopes"":9,""call_collections_closed"":257,""call_collections_unresolved"":0,""call_memo_hits"":772,""solver_passes"":533,""solver_constraint_visits"":538,""occurs_steps"":12}",null,"{""persisted_requests"":0,""persisted_hits"":0,""persisted_nonempty_hits"":0,""persisted_call_proofs"":0,""persisted_declines"":0,""projected_empty_hits"":0,""projected_empty_declines"":0,""input_image_checks"":0,""dependency_validations"":0,""reused_dependency_validations"":0,""graph_importers_initialized"":0,""graph_importers_prepared"":0,""empty_hits"":0,""primitive_hits"":0,""primitive_fallbacks"":0,""primitive_key_declined"":0,""nonempty_requests"":0,""requests"":0,""fresh_unit_requests"":0,""fresh_unit_hits"":0,""hits"":0,""changed_or_unsupported"":0,""missing"":0,""evidence_declined"":0,""options_declined"":0,""captured"":0,""fresh_regions"":0,""call_publications_replayed"":0}"
build/bench/cloud-principal-graphs/lexical-sources/aggregate-separate-128-valid.blot,041fd208800d0bc3248f5b29df4fc8d80d1d866913dd1188a69171c68e37e350,default,"[10949,11147,11180,11214,11331,11352,11511,11519,11773,12015,12100,12346,12837,13656,14747]","[11213,11410,11538,11610,11680,11789,11801,11860,12085,12326,12327,12729,13175,14005,15051]","[9347343,9347343,9347343,9347343,9347343,9347343,9347343,9347343,9347343,9347343,9347343,9347343,9347343,9347343,9347343]","[2187776,2187776,2187776,2187776,2187776,2187776,2187776,2187776,2187776,2187776,2187776,2187776,2187776,2187776,2187776]","{""semantic_component_batches"":0,""semantic_component_jobs"":0,""max_semantic_component_workers"":0,""inference_regions"":520,""canonical_specialization_queries"":128,""canonical_specialization_hits"":127,""solver_requested_bytes"":1038136,""solver_allocations"":3306,""scratch_requested_bytes"":1230412,""scratch_allocations"":7449,""max_solver_live_bytes"":3708,""max_scratch_live_bytes"":5072,""evidence_import_solver_bytes"":932,""evidence_import_scratch_bytes"":33792,""snapshot_copy_bytes"":0,""snapshot_copy_allocations"":0,""principal_copy_buffer_bytes"":0,""principal_copy_buffer_allocations"":0,""frozen_capture_temporary_bytes"":0,""frozen_capture_published_bytes"":24,""frozen_edge_scratch_bytes"":48,""region_scopes"":924,""max_region_scopes"":9,""call_collections_closed"":257,""call_collections_unresolved"":0,""call_memo_hits"":772,""solver_passes"":533,""solver_constraint_visits"":538,""occurs_steps"":12}",null,"{""persisted_requests"":0,""persisted_hits"":0,""persisted_nonempty_hits"":0,""persisted_call_proofs"":0,""persisted_declines"":0,""projected_empty_hits"":0,""projected_empty_declines"":0,""input_image_checks"":0,""dependency_validations"":0,""reused_dependency_validations"":0,""graph_importers_initialized"":0,""graph_importers_prepared"":0,""empty_hits"":0,""primitive_hits"":0,""primitive_fallbacks"":0,""primitive_key_declined"":0,""nonempty_requests"":0,""requests"":0,""fresh_unit_requests"":0,""fresh_unit_hits"":0,""hits"":0,""changed_or_unsupported"":0,""missing"":0,""evidence_declined"":0,""options_declined"":0,""captured"":0,""fresh_regions"":0,""call_publications_replayed"":0}"
build/bench/cloud-principal-graphs/lexical-sources/aggregate-separate-32-valid.blot,b4de8b2751b643b3e2e9f24965069bbe42931d2a76e1b2b3b03761b7df7eeb1b,baseline,"[5850,6141,6245,6365,6551,6617,6697,6717,6963,7022,7701,7841,8370,8908,14409]","[6110,6378,6667,6673,6876,6952,7006,7100,7305,7312,7972,8271,8672,9403,14705]","[4930238,4930238,4930238,4930238,4930238,4930238,4930238,4930238,4930238,4930238,4930238,4930238,4930238,4930238,4930238]","[1328162,1328162,1328162,1328162,1328162,1328162,1328162,1328162,1328162,1328162,1328162,1328162,1328162,1328162,1328162]","{""semantic_component_batches"":0,""semantic_component_jobs"":0,""max_semantic_component_workers"":0,""inference_regions"":136,""canonical_specialization_queries"":32,""canonical_specialization_hits"":31,""solver_requested_bytes"":276280,""solver_allocations"":906,""scratch_requested_bytes"":334156,""scratch_allocations"":1977,""max_solver_live_bytes"":3708,""max_scratch_live_bytes"":5072,""evidence_import_solver_bytes"":932,""evidence_import_scratch_bytes"":9216,""snapshot_copy_bytes"":0,""snapshot_copy_allocations"":0,""principal_copy_buffer_bytes"":0,""principal_copy_buffer_allocations"":0,""frozen_capture_temporary_bytes"":0,""frozen_capture_published_bytes"":24,""frozen_edge_scratch_bytes"":48,""region_scopes"":252,""max_region_scopes"":9,""call_collections_closed"":65,""call_collections_unresolved"":0,""call_memo_hits"":196,""solver_passes"":149,""solver_constraint_visits"":154,""occurs_steps"":12}",null,"{""persisted_requests"":0,""persisted_hits"":0,""persisted_nonempty_hits"":0,""persisted_call_proofs"":0,""persisted_declines"":0,""projected_empty_hits"":0,""projected_empty_declines"":0,""input_image_checks"":0,""dependency_validations"":0,""reused_dependency_validations"":0,""graph_importers_initialized"":0,""graph_importers_prepared"":0,""empty_hits"":0,""primitive_hits"":0,""primitive_fallbacks"":0,""primitive_key_declined"":0,""nonempty_requests"":0,""requests"":0,""fresh_unit_requests"":0,""fresh_unit_hits"":0,""hits"":0,""changed_or_unsupported"":0,""missing"":0,""evidence_declined"":0,""options_declined"":0,""captured"":0,""fresh_regions"":0,""call_publications_replayed"":0}"
build/bench/cloud-principal-graphs/lexical-sources/aggregate-separate-32-valid.blot,b4de8b2751b643b3e2e9f24965069bbe42931d2a76e1b2b3b03761b7df7eeb1b,default,"[5964,6033,6048,6278,6328,6361,6441,6461,6463,6481,6741,6844,7021,7388,10470]","[6213,6261,6316,6580,6648,6703,6730,6731,6780,6786,7006,7188,7249,7650,10844]","[4935822,4935822,4935822,4935822,4935822,4935822,4935822,4935822,4935822,4935822,4935822,4935822,4935822,4935822,4935822]","[1328162,1328162,1328162,1328162,1328162,1328162,1328162,1328162,1328162,1328162,1328162,1328162,1328162,1328162,1328162]","{""semantic_component_batches"":0,""semantic_component_jobs"":0,""max_semantic_component_workers"":0,""inference_regions"":136,""canonical_specialization_queries"":32,""canonical_specialization_hits"":31,""solver_requested_bytes"":276280,""solver_allocations"":906,""scratch_requested_bytes"":334156,""scratch_allocations"":1977,""max_solver_live_bytes"":3708,""max_scratch_live_bytes"":5072,""evidence_import_solver_bytes"":932,""evidence_import_scratch_bytes"":9216,""snapshot_copy_bytes"":0,""snapshot_copy_allocations"":0,""principal_copy_buffer_bytes"":0,""principal_copy_buffer_allocations"":0,""frozen_capture_temporary_bytes"":0,""frozen_capture_published_bytes"":24,""frozen_edge_scratch_bytes"":48,""region_scopes"":252,""max_region_scopes"":9,""call_collections_closed"":65,""call_collections_unresolved"":0,""call_memo_hits"":196,""solver_passes"":149,""solver_constraint_visits"":154,""occurs_steps"":12}",null,"{""persisted_requests"":0,""persisted_hits"":0,""persisted_nonempty_hits"":0,""persisted_call_proofs"":0,""persisted_declines"":0,""projected_empty_hits"":0,""projected_empty_declines"":0,""input_image_checks"":0,""dependency_validations"":0,""reused_dependency_validations"":0,""graph_importers_initialized"":0,""graph_importers_prepared"":0,""empty_hits"":0,""primitive_hits"":0,""primitive_fallbacks"":0,""primitive_key_declined"":0,""nonempty_requests"":0,""requests"":0,""fresh_unit_requests"":0,""fresh_unit_hits"":0,""hits"":0,""changed_or_unsupported"":0,""missing"":0,""evidence_declined"":0,""options_declined"":0,""captured"":0,""fresh_regions"":0,""call_publications_replayed"":0}"
build/bench/cloud-principal-graphs/lexical-sources/aggregate-separate-8-valid.blot,7c66f1523d670223f71a0744d01854dcb9050579a01696a66f73f42503b27d01,baseline,"[4700,4725,4832,5067,5085,5182,5183,5242,5275,5381,5393,5430,5703,5954,5983]","[4984,5037,5038,5333,5430,5481,5483,5494,5624,5652,5757,6027,6029,6248,6255]","[3771599,3771599,3771599,3771599,3771599,3771599,3771599,3771599,3771599,3771599,3771599,3771599,3771599,3771599,3771599]","[1148461,1148461,1148461,1148461,1148461,1148461,1148461,1148461,1148461,1148461,1148461,1148461,1148461,1148461,1148461]","{""semantic_component_batches"":0,""semantic_component_jobs"":0,""max_semantic_component_workers"":0,""inference_regions"":40,""canonical_specialization_queries"":8,""canonical_specialization_hits"":7,""solver_requested_bytes"":85816,""solver_allocations"":306,""scratch_requested_bytes"":110092,""scratch_allocations"":609,""max_solver_live_bytes"":3708,""max_scratch_live_bytes"":5072,""evidence_import_solver_bytes"":932,""evidence_import_scratch_bytes"":3072,""snapshot_copy_bytes"":0,""snapshot_copy_allocations"":0,""principal_copy_buffer_bytes"":0,""principal_copy_buffer_allocations"":0,""frozen_capture_temporary_bytes"":0,""frozen_capture_published_bytes"":24,""frozen_edge_scratch_bytes"":48,""region_scopes"":84,""max_region_scopes"":9,""call_collections_closed"":17,""call_collections_unresolved"":0,""call_memo_hits"":52,""solver_passes"":53,""solver_constraint_visits"":58,""occurs_steps"":12}",null,"{""persisted_requests"":0,""persisted_hits"":0,""persisted_nonempty_hits"":0,""persisted_call_proofs"":0,""persisted_declines"":0,""projected_empty_hits"":0,""projected_empty_declines"":0,""input_image_checks"":0,""dependency_validations"":0,""reused_dependency_validations"":0,""graph_importers_initialized"":0,""graph_importers_prepared"":0,""empty_hits"":0,""primitive_hits"":0,""primitive_fallbacks"":0,""primitive_key_declined"":0,""nonempty_requests"":0,""requests"":0,""fresh_unit_requests"":0,""fresh_unit_hits"":0,""hits"":0,""changed_or_unsupported"":0,""missing"":0,""evidence_declined"":0,""options_declined"":0,""captured"":0,""fresh_regions"":0,""call_publications_replayed"":0}"
build/bench/cloud-principal-graphs/lexical-sources/aggregate-separate-8-valid.blot,7c66f1523d670223f71a0744d01854dcb9050579a01696a66f73f42503b27d01,default,"[4484,4872,4899,4913,4934,4947,5121,5398,5591,5843,5896,6260,6546,6939,8391]","[4741,5145,5167,5197,5215,5241,5425,5633,5867,6156,6261,6751,6905,7190,8658]","[3778719,3778719,3778719,3778719,3778719,3778719,3778719,3778719,3778719,3778719,3778719,3778719,3778719,3778719,3778719]","[1148461,1148461,1148461,1148461,1148461,1148461,1148461,1148461,1148461,1148461,1148461,1148461,1148461,1148461,1148461]","{""semantic_component_batches"":0,""semantic_component_jobs"":0,""max_semantic_component_workers"":0,""inference_regions"":40,""canonical_specialization_queries"":8,""canonical_specialization_hits"":7,""solver_requested_bytes"":85816,""solver_allocations"":306,""scratch_requested_bytes"":110092,""scratch_allocations"":609,""max_solver_live_bytes"":3708,""max_scratch_live_bytes"":5072,""evidence_import_solver_bytes"":932,""evidence_import_scratch_bytes"":3072,""snapshot_copy_bytes"":0,""snapshot_copy_allocations"":0,""principal_copy_buffer_bytes"":0,""principal_copy_buffer_allocations"":0,""frozen_capture_temporary_bytes"":0,""frozen_capture_published_bytes"":24,""frozen_edge_scratch_bytes"":48,""region_scopes"":84,""max_region_scopes"":9,""call_collections_closed"":17,""call_collections_unresolved"":0,""call_memo_hits"":52,""solver_passes"":53,""solver_constraint_visits"":58,""occurs_steps"":12}",null,"{""persisted_requests"":0,""persisted_hits"":0,""persisted_nonempty_hits"":0,""persisted_call_proofs"":0,""persisted_declines"":0,""projected_empty_hits"":0,""projected_empty_declines"":0,""input_image_checks"":0,""dependency_validations"":0,""reused_dependency_validations"":0,""graph_importers_initialized"":0,""graph_importers_prepared"":0,""empty_hits"":0,""primitive_hits"":0,""primitive_fallbacks"":0,""primitive_key_declined"":0,""nonempty_requests"":0,""requests"":0,""fresh_unit_requests"":0,""fresh_unit_hits"":0,""hits"":0,""changed_or_unsupported"":0,""missing"":0,""evidence_declined"":0,""options_declined"":0,""captured"":0,""fresh_regions"":0,""call_publications_replayed"":0}"
build/bench/cloud-principal-graphs/lexical-sources/aggregate-shared-128-valid.blot,2879e4c25e62d08616f31a5f89fd1370db6d27378d44f2d47fc2e89781b12cce,baseline,"[10536,10899,10993,11009,11272,11373,11420,11429,11457,11909,12301,12686,12712,13323,13432]","[10982,11134,11233,11291,11565,11668,11744,11847,11983,12196,12608,12966,13005,13768,14265]","[8800584,8800584,8800584,8800584,8800584,8800584,8800584,8800584,8800584,8800584,8800584,8800584,8800584,8800584,8800584]","[2059280,2059280,2059280,2059280,2059280,2059280,2059280,2059280,2059280,2059280,2059280,2059280,2059280,2059280,2059280]","{""semantic_component_batches"":0,""semantic_component_jobs"":0,""max_semantic_component_workers"":0,""inference_regions"":520,""canonical_specialization_queries"":128,""canonical_specialization_hits"":127,""solver_requested_bytes"":1037996,""solver_allocations"":3305,""scratch_requested_bytes"":1042908,""scratch_allocations"":6421,""max_solver_live_bytes"":3708,""max_scratch_live_bytes"":5072,""evidence_import_solver_bytes"":932,""evidence_import_scratch_bytes"":33792,""snapshot_copy_bytes"":0,""snapshot_copy_allocations"":0,""principal_copy_buffer_bytes"":0,""principal_copy_buffer_allocations"":0,""frozen_capture_temporary_bytes"":0,""frozen_capture_published_bytes"":16,""frozen_edge_scratch_bytes"":32,""region_scopes"":921,""max_region_scopes"":6,""call_collections_closed"":257,""call_collections_unresolved"":0,""call_memo_hits"":772,""solver_passes"":533,""solver_constraint_visits"":538,""occurs_steps"":12}",null,"{""persisted_requests"":0,""persisted_hits"":0,""persisted_nonempty_hits"":0,""persisted_call_proofs"":0,""persisted_declines"":0,""projected_empty_hits"":0,""projected_empty_declines"":0,""input_image_checks"":0,""dependency_validations"":0,""reused_dependency_validations"":0,""graph_importers_initialized"":0,""graph_importers_prepared"":0,""empty_hits"":0,""primitive_hits"":0,""primitive_fallbacks"":0,""primitive_key_declined"":0,""nonempty_requests"":0,""requests"":0,""fresh_unit_requests"":0,""fresh_unit_hits"":0,""hits"":0,""changed_or_unsupported"":0,""missing"":0,""evidence_declined"":0,""options_declined"":0,""captured"":0,""fresh_regions"":0,""call_publications_replayed"":0}"
build/bench/cloud-principal-graphs/lexical-sources/aggregate-shared-128-valid.blot,2879e4c25e62d08616f31a5f89fd1370db6d27378d44f2d47fc2e89781b12cce,default,"[10337,10457,10725,10765,10830,10862,10916,10997,11010,11304,11350,11855,12211,13512,14257]","[10580,10898,10970,11169,11227,11232,11247,11257,11263,11581,11618,12185,12520,13772,14896]","[8800024,8800024,8800024,8800024,8800024,8800024,8800024,8800024,8800024,8800024,8800024,8800024,8800024,8800024,8800024]","[2059280,2059280,2059280,2059280,2059280,2059280,2059280,2059280,2059280,2059280,2059280,2059280,2059280,2059280,2059280]","{""semantic_component_batches"":0,""semantic_component_jobs"":0,""max_semantic_component_workers"":0,""inference_regions"":520,""canonical_specialization_queries"":128,""canonical_specialization_hits"":127,""solver_requested_bytes"":1037996,""solver_allocations"":3305,""scratch_requested_bytes"":1042908,""scratch_allocations"":6421,""max_solver_live_bytes"":3708,""max_scratch_live_bytes"":5072,""evidence_import_solver_bytes"":932,""evidence_import_scratch_bytes"":33792,""snapshot_copy_bytes"":0,""snapshot_copy_allocations"":0,""principal_copy_buffer_bytes"":0,""principal_copy_buffer_allocations"":0,""frozen_capture_temporary_bytes"":0,""frozen_capture_published_bytes"":16,""frozen_edge_scratch_bytes"":32,""region_scopes"":921,""max_region_scopes"":6,""call_collections_closed"":257,""call_collections_unresolved"":0,""call_memo_hits"":772,""solver_passes"":533,""solver_constraint_visits"":538,""occurs_steps"":12}",null,"{""persisted_requests"":0,""persisted_hits"":0,""persisted_nonempty_hits"":0,""persisted_call_proofs"":0,""persisted_declines"":0,""projected_empty_hits"":0,""projected_empty_declines"":0,""input_image_checks"":0,""dependency_validations"":0,""reused_dependency_validations"":0,""graph_importers_initialized"":0,""graph_importers_prepared"":0,""empty_hits"":0,""primitive_hits"":0,""primitive_fallbacks"":0,""primitive_key_declined"":0,""nonempty_requests"":0,""requests"":0,""fresh_unit_requests"":0,""fresh_unit_hits"":0,""hits"":0,""changed_or_unsupported"":0,""missing"":0,""evidence_declined"":0,""options_declined"":0,""captured"":0,""fresh_regions"":0,""call_publications_replayed"":0}"
build/bench/cloud-principal-graphs/lexical-sources/aggregate-shared-32-valid.blot,1a829cebf538f08244072bc6372b560ca0348aa44a4c798ef43cf2021a4ee889,baseline,"[5630,6001,6020,6157,6176,6269,6329,6517,6520,6690,6725,6889,7104,7273,7376]","[5846,6260,6277,6436,6459,6556,6583,6766,6920,6971,7002,7172,7361,7541,7759]","[4830858,4830858,4830858,4830858,4830858,4830858,4830858,4830858,4830858,4830858,4830858,4830858,4830858,4830858,4830858]","[1314335,1314335,1314335,1314335,1314335,1314335,1314335,1314335,1314335,1314335,1314335,1314335,1314335,1314335,1314335]","{""semantic_component_batches"":0,""semantic_component_jobs"":0,""max_semantic_component_workers"":0,""inference_regions"":136,""canonical_specialization_queries"":32,""canonical_specialization_hits"":31,""solver_requested_bytes"":276140,""solver_allocations"":905,""scratch_requested_bytes"":287196,""scratch_allocations"":1717,""max_solver_live_bytes"":3708,""max_scratch_live_bytes"":5072,""evidence_import_solver_bytes"":932,""evidence_import_scratch_bytes"":9216,""snapshot_copy_bytes"":0,""snapshot_copy_allocations"":0,""principal_copy_buffer_bytes"":0,""principal_copy_buffer_allocations"":0,""frozen_capture_temporary_bytes"":0,""frozen_capture_published_bytes"":16,""frozen_edge_scratch_bytes"":32,""region_scopes"":249,""max_region_scopes"":6,""call_collections_closed"":65,""call_collections_unresolved"":0,""call_memo_hits"":196,""solver_passes"":149,""solver_constraint_visits"":154,""occurs_steps"":12}",null,"{""persisted_requests"":0,""persisted_hits"":0,""persisted_nonempty_hits"":0,""persisted_call_proofs"":0,""persisted_declines"":0,""projected_empty_hits"":0,""projected_empty_declines"":0,""input_image_checks"":0,""dependency_validations"":0,""reused_dependency_validations"":0,""graph_importers_initialized"":0,""graph_importers_prepared"":0,""empty_hits"":0,""primitive_hits"":0,""primitive_fallbacks"":0,""primitive_key_declined"":0,""nonempty_requests"":0,""requests"":0,""fresh_unit_requests"":0,""fresh_unit_hits"":0,""hits"":0,""changed_or_unsupported"":0,""missing"":0,""evidence_declined"":0,""options_declined"":0,""captured"":0,""fresh_regions"":0,""call_publications_replayed"":0}"
build/bench/cloud-principal-graphs/lexical-sources/aggregate-shared-32-valid.blot,1a829cebf538f08244072bc6372b560ca0348aa44a4c798ef43cf2021a4ee889,default,"[5662,5722,5955,6223,6407,6454,6456,6562,6609,6664,6733,7136,7730,8484,9085]","[5902,6004,6224,6508,6686,6735,6820,6826,6857,6911,6967,7380,8242,8716,9381]","[4836442,4836442,4836442,4836442,4836442,4836442,4836442,4836442,4836442,4836442,4836442,4836442,4836442,4836442,4836442]","[1314335,1314335,1314335,1314335,1314335,1314335,1314335,1314335,1314335,1314335,1314335,1314335,1314335,1314335,1314335]","{""semantic_component_batches"":0,""semantic_component_jobs"":0,""max_semantic_component_workers"":0,""inference_regions"":136,""canonical_specialization_queries"":32,""canonical_specialization_hits"":31,""solver_requested_bytes"":276140,""solver_allocations"":905,""scratch_requested_bytes"":287196,""scratch_allocations"":1717,""max_solver_live_bytes"":3708,""max_scratch_live_bytes"":5072,""evidence_import_solver_bytes"":932,""evidence_import_scratch_bytes"":9216,""snapshot_copy_bytes"":0,""snapshot_copy_allocations"":0,""principal_copy_buffer_bytes"":0,""principal_copy_buffer_allocations"":0,""frozen_capture_temporary_bytes"":0,""frozen_capture_published_bytes"":16,""frozen_edge_scratch_bytes"":32,""region_scopes"":249,""max_region_scopes"":6,""call_collections_closed"":65,""call_collections_unresolved"":0,""call_memo_hits"":196,""solver_passes"":149,""solver_constraint_visits"":154,""occurs_steps"":12}",null,"{""persisted_requests"":0,""persisted_hits"":0,""persisted_nonempty_hits"":0,""persisted_call_proofs"":0,""persisted_declines"":0,""projected_empty_hits"":0,""projected_empty_declines"":0,""input_image_checks"":0,""dependency_validations"":0,""reused_dependency_validations"":0,""graph_importers_initialized"":0,""graph_importers_prepared"":0,""empty_hits"":0,""primitive_hits"":0,""primitive_fallbacks"":0,""primitive_key_declined"":0,""nonempty_requests"":0,""requests"":0,""fresh_unit_requests"":0,""fresh_unit_hits"":0,""hits"":0,""changed_or_unsupported"":0,""missing"":0,""evidence_declined"":0,""options_declined"":0,""captured"":0,""fresh_regions"":0,""call_publications_replayed"":0}"
build/bench/cloud-principal-graphs/lexical-sources/aggregate-shared-8-valid.blot,38595d9e394b2433257f47112c119f6dd6e6590495341326680afc9881ff4d6f,baseline,"[4640,4750,4758,4767,4771,4821,4895,5389,5430,5659,5705,5922,6182,7551,8940]","[4845,4961,4965,5004,5039,5126,5159,5683,5699,5942,5957,6151,6482,7797,9256]","[3724042,3724042,3724042,3724042,3724042,3724042,3724042,3724042,3724042,3724042,3724042,3724042,3724042,3724042,3724042]","[1145393,1145393,1145393,1145393,1145393,1145393,1145393,1145393,1145393,1145393,1145393,1145393,1145393,1145393,1145393]","{""semantic_component_batches"":0,""semantic_component_jobs"":0,""max_semantic_component_workers"":0,""inference_regions"":40,""canonical_specialization_queries"":8,""canonical_specialization_hits"":7,""solver_requested_bytes"":85676,""solver_allocations"":305,""scratch_requested_bytes"":98268,""scratch_allocations"":541,""max_solver_live_bytes"":3708,""max_scratch_live_bytes"":5072,""evidence_import_solver_bytes"":932,""evidence_import_scratch_bytes"":3072,""snapshot_copy_bytes"":0,""snapshot_copy_allocations"":0,""principal_copy_buffer_bytes"":0,""principal_copy_buffer_allocations"":0,""frozen_capture_temporary_bytes"":0,""frozen_capture_published_bytes"":16,""frozen_edge_scratch_bytes"":32,""region_scopes"":81,""max_region_scopes"":6,""call_collections_closed"":17,""call_collections_unresolved"":0,""call_memo_hits"":52,""solver_passes"":53,""solver_constraint_visits"":58,""occurs_steps"":12}",null,"{""persisted_requests"":0,""persisted_hits"":0,""persisted_nonempty_hits"":0,""persisted_call_proofs"":0,""persisted_declines"":0,""projected_empty_hits"":0,""projected_empty_declines"":0,""input_image_checks"":0,""dependency_validations"":0,""reused_dependency_validations"":0,""graph_importers_initialized"":0,""graph_importers_prepared"":0,""empty_hits"":0,""primitive_hits"":0,""primitive_fallbacks"":0,""primitive_key_declined"":0,""nonempty_requests"":0,""requests"":0,""fresh_unit_requests"":0,""fresh_unit_hits"":0,""hits"":0,""changed_or_unsupported"":0,""missing"":0,""evidence_declined"":0,""options_declined"":0,""captured"":0,""fresh_regions"":0,""call_publications_replayed"":0}"
build/bench/cloud-principal-graphs/lexical-sources/aggregate-shared-8-valid.blot,38595d9e394b2433257f47112c119f6dd6e6590495341326680afc9881ff4d6f,default,"[4434,4600,4645,4694,4712,4971,4991,5022,5147,5327,5347,5353,5421,5700,6080]","[4670,4827,4879,4917,4918,5211,5231,5235,5519,5588,5667,5701,5741,5971,6299]","[3731162,3731162,3731162,3731162,3731162,3731162,3731162,3731162,3731162,3731162,3731162,3731162,3731162,3731162,3731162]","[1145393,1145393,1145393,1145393,1145393,1145393,1145393,1145393,1145393,1145393,1145393,1145393,1145393,1145393,1145393]","{""semantic_component_batches"":0,""semantic_component_jobs"":0,""max_semantic_component_workers"":0,""inference_regions"":40,""canonical_specialization_queries"":8,""canonical_specialization_hits"":7,""solver_requested_bytes"":85676,""solver_allocations"":305,""scratch_requested_bytes"":98268,""scratch_allocations"":541,""max_solver_live_bytes"":3708,""max_scratch_live_bytes"":5072,""evidence_import_solver_bytes"":932,""evidence_import_scratch_bytes"":3072,""snapshot_copy_bytes"":0,""snapshot_copy_allocations"":0,""principal_copy_buffer_bytes"":0,""principal_copy_buffer_allocations"":0,""frozen_capture_temporary_bytes"":0,""frozen_capture_published_bytes"":16,""frozen_edge_scratch_bytes"":32,""region_scopes"":81,""max_region_scopes"":6,""call_collections_closed"":17,""call_collections_unresolved"":0,""call_memo_hits"":52,""solver_passes"":53,""solver_constraint_visits"":58,""occurs_steps"":12}",null,"{""persisted_requests"":0,""persisted_hits"":0,""persisted_nonempty_hits"":0,""persisted_call_proofs"":0,""persisted_declines"":0,""projected_empty_hits"":0,""projected_empty_declines"":0,""input_image_checks"":0,""dependency_validations"":0,""reused_dependency_validations"":0,""graph_importers_initialized"":0,""graph_importers_prepared"":0,""empty_hits"":0,""primitive_hits"":0,""primitive_fallbacks"":0,""primitive_key_declined"":0,""nonempty_requests"":0,""requests"":0,""fresh_unit_requests"":0,""fresh_unit_hits"":0,""hits"":0,""changed_or_unsupported"":0,""missing"":0,""evidence_declined"":0,""options_declined"":0,""captured"":0,""fresh_regions"":0,""call_publications_replayed"":0}"
build/bench/cloud-principal-graphs/lexical-sources/anonymous-128-valid.blot,13e4421c0acc7feb2174b022617801ce0098cef8556efcc888034508ea64b907,baseline,"[10229,10311,10659,10765,10809,10881,11027,11121,11130,11271,11466,12106,12231,12268,19563]","[10570,10578,10913,11053,11168,11206,11262,11368,11397,11588,11726,12363,12459,12520,20078]","[8792079,8792079,8792079,8792079,8792079,8792079,8792079,8792079,8792079,8792079,8792079,8792079,8792079,8792079,8792079]","[1865384,1865384,1865384,1865384,1865384,1865384,1865384,1865384,1865384,1865384,1865384,1865384,1865384,1865384,1865384]","{""semantic_component_batches"":0,""semantic_component_jobs"":0,""max_semantic_component_workers"":0,""inference_regions"":521,""canonical_specialization_queries"":128,""canonical_specialization_hits"":126,""solver_requested_bytes"":1078528,""solver_allocations"":3120,""scratch_requested_bytes"":1450840,""scratch_allocations"":8421,""max_solver_live_bytes"":3264,""max_scratch_live_bytes"":3384,""evidence_import_solver_bytes"":71680,""evidence_import_scratch_bytes"":16896,""snapshot_copy_bytes"":0,""snapshot_copy_allocations"":0,""principal_copy_buffer_bytes"":160768,""principal_copy_buffer_allocations"":2304,""frozen_capture_temporary_bytes"":0,""frozen_capture_published_bytes"":8,""frozen_edge_scratch_bytes"":0,""region_scopes"":1163,""max_region_scopes"":4,""call_collections_closed"":257,""call_collections_unresolved"":0,""call_memo_hits"":516,""solver_passes"":398,""solver_constraint_visits"":266,""occurs_steps"":0}",null,"{""persisted_requests"":0,""persisted_hits"":0,""persisted_nonempty_hits"":0,""persisted_call_proofs"":0,""persisted_declines"":0,""projected_empty_hits"":0,""projected_empty_declines"":0,""input_image_checks"":0,""dependency_validations"":0,""reused_dependency_validations"":0,""graph_importers_initialized"":0,""graph_importers_prepared"":0,""empty_hits"":0,""primitive_hits"":0,""primitive_fallbacks"":0,""primitive_key_declined"":0,""nonempty_requests"":0,""requests"":0,""fresh_unit_requests"":0,""fresh_unit_hits"":0,""hits"":0,""changed_or_unsupported"":0,""missing"":0,""evidence_declined"":0,""options_declined"":0,""captured"":0,""fresh_regions"":0,""call_publications_replayed"":0}"
build/bench/cloud-principal-graphs/lexical-sources/anonymous-128-valid.blot,13e4421c0acc7feb2174b022617801ce0098cef8556efcc888034508ea64b907,default,"[10047,10077,10172,10176,10248,10723,10811,10900,10939,10984,11368,11428,11576,11787,14860]","[10290,10402,10433,10535,11044,11053,11084,11196,11196,11210,11614,11713,11823,12069,15223]","[8816015,8816015,8816015,8816015,8816015,8816015,8816015,8816015,8816015,8816015,8816015,8816015,8816015,8816015,8816015]","[1865384,1865384,1865384,1865384,1865384,1865384,1865384,1865384,1865384,1865384,1865384,1865384,1865384,1865384,1865384]","{""semantic_component_batches"":0,""semantic_component_jobs"":0,""max_semantic_component_workers"":0,""inference_regions"":521,""canonical_specialization_queries"":128,""canonical_specialization_hits"":126,""solver_requested_bytes"":1078528,""solver_allocations"":3120,""scratch_requested_bytes"":1450840,""scratch_allocations"":8421,""max_solver_live_bytes"":3264,""max_scratch_live_bytes"":3384,""evidence_import_solver_bytes"":71680,""evidence_import_scratch_bytes"":16896,""snapshot_copy_bytes"":0,""snapshot_copy_allocations"":0,""principal_copy_buffer_bytes"":160768,""principal_copy_buffer_allocations"":2304,""frozen_capture_temporary_bytes"":0,""frozen_capture_published_bytes"":8,""frozen_edge_scratch_bytes"":0,""region_scopes"":1163,""max_region_scopes"":4,""call_collections_closed"":257,""call_collections_unresolved"":0,""call_memo_hits"":516,""solver_passes"":398,""solver_constraint_visits"":266,""occurs_steps"":0}",null,"{""persisted_requests"":0,""persisted_hits"":0,""persisted_nonempty_hits"":0,""persisted_call_proofs"":0,""persisted_declines"":0,""projected_empty_hits"":0,""projected_empty_declines"":0,""input_image_checks"":0,""dependency_validations"":0,""reused_dependency_validations"":0,""graph_importers_initialized"":0,""graph_importers_prepared"":0,""empty_hits"":0,""primitive_hits"":0,""primitive_fallbacks"":0,""primitive_key_declined"":0,""nonempty_requests"":0,""requests"":0,""fresh_unit_requests"":0,""fresh_unit_hits"":0,""hits"":0,""changed_or_unsupported"":0,""missing"":0,""evidence_declined"":0,""options_declined"":0,""captured"":0,""fresh_regions"":0,""call_publications_replayed"":0}"
build/bench/cloud-principal-graphs/lexical-sources/anonymous-32-valid.blot,2dc3f904a60e624a61875ebab6c027a48baccef16f90b915de2b389021430f0e,baseline,"[5736,5828,5879,5922,6091,6194,6397,6439,6470,6702,6920,7064,7075,7263,7665]","[5958,6096,6178,6181,6326,6477,6629,6689,6704,7007,7166,7289,7347,7562,7950]","[4702191,4702191,4702191,4702191,4702191,4702191,4702191,4702191,4702191,4702191,4702191,4702191,4702191,4702191,4702191]","[1238941,1238941,1238941,1238941,1238941,1238941,1238941,1238941,1238941,1238941,1238941,1238941,1238941,1238941,1238941]","{""semantic_component_batches"":0,""semantic_component_jobs"":0,""max_semantic_component_workers"":0,""inference_regions"":137,""canonical_specialization_queries"":32,""canonical_specialization_hits"":30,""solver_requested_bytes"":276736,""solver_allocations"":816,""scratch_requested_bytes"":377560,""scratch_allocations"":2181,""max_solver_live_bytes"":3264,""max_scratch_live_bytes"":3384,""evidence_import_solver_bytes"":17920,""evidence_import_scratch_bytes"":4608,""snapshot_copy_bytes"":0,""snapshot_copy_allocations"":0,""principal_copy_buffer_bytes"":40192,""principal_copy_buffer_allocations"":576,""frozen_capture_temporary_bytes"":0,""frozen_capture_published_bytes"":8,""frozen_edge_scratch_bytes"":0,""region_scopes"":299,""max_region_scopes"":4,""call_collections_closed"":65,""call_collections_unresolved"":0,""call_memo_hits"":132,""solver_passes"":110,""solver_constraint_visits"":74,""occurs_steps"":0}",null,"{""persisted_requests"":0,""persisted_hits"":0,""persisted_nonempty_hits"":0,""persisted_call_proofs"":0,""persisted_declines"":0,""projected_empty_hits"":0,""projected_empty_declines"":0,""input_image_checks"":0,""dependency_validations"":0,""reused_dependency_validations"":0,""graph_importers_initialized"":0,""graph_importers_prepared"":0,""empty_hits"":0,""primitive_hits"":0,""primitive_fallbacks"":0,""primitive_key_declined"":0,""nonempty_requests"":0,""requests"":0,""fresh_unit_requests"":0,""fresh_unit_hits"":0,""hits"":0,""changed_or_unsupported"":0,""missing"":0,""evidence_declined"":0,""options_declined"":0,""captured"":0,""fresh_regions"":0,""call_publications_replayed"":0}"
build/bench/cloud-principal-graphs/lexical-sources/anonymous-32-valid.blot,2dc3f904a60e624a61875ebab6c027a48baccef16f90b915de2b389021430f0e,default,"[5735,5797,5808,5844,5990,6000,6110,6157,6387,6794,6825,7312,7595,8525,8543]","[6050,6086,6148,6162,6221,6265,6370,6464,6619,7091,7169,7578,7843,8792,8844]","[4712303,4712303,4712303,4712303,4712303,4712303,4712303,4712303,4712303,4712303,4712303,4712303,4712303,4712303,4712303]","[1238941,1238941,1238941,1238941,1238941,1238941,1238941,1238941,1238941,1238941,1238941,1238941,1238941,1238941,1238941]","{""semantic_component_batches"":0,""semantic_component_jobs"":0,""max_semantic_component_workers"":0,""inference_regions"":137,""canonical_specialization_queries"":32,""canonical_specialization_hits"":30,""solver_requested_bytes"":276736,""solver_allocations"":816,""scratch_requested_bytes"":377560,""scratch_allocations"":2181,""max_solver_live_bytes"":3264,""max_scratch_live_bytes"":3384,""evidence_import_solver_bytes"":17920,""evidence_import_scratch_bytes"":4608,""snapshot_copy_bytes"":0,""snapshot_copy_allocations"":0,""principal_copy_buffer_bytes"":40192,""principal_copy_buffer_allocations"":576,""frozen_capture_temporary_bytes"":0,""frozen_capture_published_bytes"":8,""frozen_edge_scratch_bytes"":0,""region_scopes"":299,""max_region_scopes"":4,""call_collections_closed"":65,""call_collections_unresolved"":0,""call_memo_hits"":132,""solver_passes"":110,""solver_constraint_visits"":74,""occurs_steps"":0}",null,"{""persisted_requests"":0,""persisted_hits"":0,""persisted_nonempty_hits"":0,""persisted_call_proofs"":0,""persisted_declines"":0,""projected_empty_hits"":0,""projected_empty_declines"":0,""input_image_checks"":0,""dependency_validations"":0,""reused_dependency_validations"":0,""graph_importers_initialized"":0,""graph_importers_prepared"":0,""empty_hits"":0,""primitive_hits"":0,""primitive_fallbacks"":0,""primitive_key_declined"":0,""nonempty_requests"":0,""requests"":0,""fresh_unit_requests"":0,""fresh_unit_hits"":0,""hits"":0,""changed_or_unsupported"":0,""missing"":0,""evidence_declined"":0,""options_declined"":0,""captured"":0,""fresh_regions"":0,""call_publications_replayed"":0}"
build/bench/cloud-principal-graphs/lexical-sources/anonymous-8-valid.blot,568e2b717ea5f11a267a45f206c5d726720932cb4781787946003051c65c5f1a,baseline,"[4331,4654,4705,4736,4788,4867,4879,4967,5070,5102,5135,5224,5235,5242,5309]","[4529,4856,4945,5057,5080,5120,5159,5182,5339,5344,5446,5449,5466,5562,5725]","[3700522,3700522,3700522,3700522,3700522,3700522,3700522,3700522,3700522,3700522,3700522,3700522,3700522,3700522,3700522]","[1134336,1134336,1134336,1134336,1134336,1134336,1134336,1134336,1134336,1134336,1134336,1134336,1134336,1134336,1134336]","{""semantic_component_batches"":0,""semantic_component_jobs"":0,""max_semantic_component_workers"":0,""inference_regions"":41,""canonical_specialization_queries"":8,""canonical_specialization_hits"":6,""solver_requested_bytes"":76288,""solver_allocations"":240,""scratch_requested_bytes"":109240,""scratch_allocations"":621,""max_solver_live_bytes"":3264,""max_scratch_live_bytes"":3384,""evidence_import_solver_bytes"":4480,""evidence_import_scratch_bytes"":1536,""snapshot_copy_bytes"":0,""snapshot_copy_allocations"":0,""principal_copy_buffer_bytes"":10048,""principal_copy_buffer_allocations"":144,""frozen_capture_temporary_bytes"":0,""frozen_capture_published_bytes"":8,""frozen_edge_scratch_bytes"":0,""region_scopes"":83,""max_region_scopes"":4,""call_collections_closed"":17,""call_collections_unresolved"":0,""call_memo_hits"":36,""solver_passes"":38,""solver_constraint_visits"":26,""occurs_steps"":0}",null,"{""persisted_requests"":0,""persisted_hits"":0,""persisted_nonempty_hits"":0,""persisted_call_proofs"":0,""persisted_declines"":0,""projected_empty_hits"":0,""projected_empty_declines"":0,""input_image_checks"":0,""dependency_validations"":0,""reused_dependency_validations"":0,""graph_importers_initialized"":0,""graph_importers_prepared"":0,""empty_hits"":0,""primitive_hits"":0,""primitive_fallbacks"":0,""primitive_key_declined"":0,""nonempty_requests"":0,""requests"":0,""fresh_unit_requests"":0,""fresh_unit_hits"":0,""hits"":0,""changed_or_unsupported"":0,""missing"":0,""evidence_declined"":0,""options_declined"":0,""captured"":0,""fresh_regions"":0,""call_publications_replayed"":0}"
build/bench/cloud-principal-graphs/lexical-sources/anonymous-8-valid.blot,568e2b717ea5f11a267a45f206c5d726720932cb4781787946003051c65c5f1a,default,"[4382,4432,4598,4614,4686,4717,4840,4854,5074,5150,5550,5673,5899,6261,6839]","[4607,4669,4846,4888,4907,4923,5076,5093,5376,5391,5811,5954,6168,6552,7255]","[3707178,3707178,3707178,3707178,3707178,3707178,3707178,3707178,3707178,3707178,3707178,3707178,3707178,3707178,3707178]","[1134336,1134336,1134336,1134336,1134336,1134336,1134336,1134336,1134336,1134336,1134336,1134336,1134336,1134336,1134336]","{""semantic_component_batches"":0,""semantic_component_jobs"":0,""max_semantic_component_workers"":0,""inference_regions"":41,""canonical_specialization_queries"":8,""canonical_specialization_hits"":6,""solver_requested_bytes"":76288,""solver_allocations"":240,""scratch_requested_bytes"":109240,""scratch_allocations"":621,""max_solver_live_bytes"":3264,""max_scratch_live_bytes"":3384,""evidence_import_solver_bytes"":4480,""evidence_import_scratch_bytes"":1536,""snapshot_copy_bytes"":0,""snapshot_copy_allocations"":0,""principal_copy_buffer_bytes"":10048,""principal_copy_buffer_allocations"":144,""frozen_capture_temporary_bytes"":0,""frozen_capture_published_bytes"":8,""frozen_edge_scratch_bytes"":0,""region_scopes"":83,""max_region_scopes"":4,""call_collections_closed"":17,""call_collections_unresolved"":0,""call_memo_hits"":36,""solver_passes"":38,""solver_constraint_visits"":26,""occurs_steps"":0}",null,"{""persisted_requests"":0,""persisted_hits"":0,""persisted_nonempty_hits"":0,""persisted_call_proofs"":0,""persisted_declines"":0,""projected_empty_hits"":0,""projected_empty_declines"":0,""input_image_checks"":0,""dependency_validations"":0,""reused_dependency_validations"":0,""graph_importers_initialized"":0,""graph_importers_prepared"":0,""empty_hits"":0,""primitive_hits"":0,""primitive_fallbacks"":0,""primitive_key_declined"":0,""nonempty_requests"":0,""requests"":0,""fresh_unit_requests"":0,""fresh_unit_hits"":0,""hits"":0,""changed_or_unsupported"":0,""missing"":0,""evidence_declined"":0,""options_declined"":0,""captured"":0,""fresh_regions"":0,""call_publications_replayed"":0}"
build/bench/cloud-principal-graphs/lexical-sources/demand-128-valid.blot,9677e5978ca87c021141c8e5fc6a9ed2ad3d0a5519b07afac225218c5efa69d7,baseline,"[11312,11656,11789,11857,11971,12645,12682,12842,12864,13438,13987,14084,14404,14425,14701]","[11570,11925,12136,12193,12242,12964,13155,13208,13271,13731,14287,14529,14723,14734,14991]","[10059093,10059093,10059093,10059093,10059093,10059093,10059093,10059093,10059093,10059093,10059093,10059093,10059093,10059093,10059093]","[2073811,2073811,2073811,2073811,2073811,2073811,2073811,2073811,2073811,2073811,2073811,2073811,2073811,2073811,2073811]","{""semantic_component_batches"":0,""semantic_component_jobs"":0,""max_semantic_component_workers"":0,""inference_regions"":900,""canonical_specialization_queries"":128,""canonical_specialization_hits"":0,""solver_requested_bytes"":1724136,""solver_allocations"":6161,""scratch_requested_bytes"":1398168,""scratch_allocations"":8351,""max_solver_live_bytes"":3576,""max_scratch_live_bytes"":2992,""evidence_import_solver_bytes"":0,""evidence_import_scratch_bytes"":32768,""snapshot_copy_bytes"":0,""snapshot_copy_allocations"":0,""principal_copy_buffer_bytes"":0,""principal_copy_buffer_allocations"":0,""frozen_capture_temporary_bytes"":0,""frozen_capture_published_bytes"":512,""frozen_edge_scratch_bytes"":1024,""region_scopes"":1928,""max_region_scopes"":5,""call_collections_closed"":257,""call_collections_unresolved"":258,""call_memo_hits"":385,""solver_passes"":1025,""solver_constraint_visits"":383,""occurs_steps"":0}",null,"{""persisted_requests"":0,""persisted_hits"":0,""persisted_nonempty_hits"":0,""persisted_call_proofs"":0,""persisted_declines"":0,""projected_empty_hits"":0,""projected_empty_declines"":0,""input_image_checks"":0,""dependency_validations"":0,""reused_dependency_validations"":0,""graph_importers_initialized"":0,""graph_importers_prepared"":0,""empty_hits"":0,""primitive_hits"":0,""primitive_fallbacks"":0,""primitive_key_declined"":0,""nonempty_requests"":0,""requests"":0,""fresh_unit_requests"":0,""fresh_unit_hits"":0,""hits"":0,""changed_or_unsupported"":0,""missing"":0,""evidence_declined"":0,""options_declined"":0,""captured"":0,""fresh_regions"":0,""call_publications_replayed"":0}"
build/bench/cloud-principal-graphs/lexical-sources/demand-128-valid.blot,9677e5978ca87c021141c8e5fc6a9ed2ad3d0a5519b07afac225218c5efa69d7,default,"[11726,11821,11986,12006,12060,12076,12308,12475,12571,12654,12673,14268,15699,15906,17265]","[11985,12161,12307,12321,12335,12425,12540,12794,12891,13050,13180,14625,16110,16179,17543]","[10050965,10050965,10050965,10050965,10050965,10050965,10050965,10050965,10050965,10050965,10050965,10050965,10050965,10050965,10050965]","[2073811,2073811,2073811,2073811,2073811,2073811,2073811,2073811,2073811,2073811,2073811,2073811,2073811,2073811,2073811]","{""semantic_component_batches"":0,""semantic_component_jobs"":0,""max_semantic_component_workers"":0,""inference_regions"":900,""canonical_specialization_queries"":128,""canonical_specialization_hits"":0,""solver_requested_bytes"":1724136,""solver_allocations"":6161,""scratch_requested_bytes"":1398168,""scratch_allocations"":8351,""max_solver_live_bytes"":3576,""max_scratch_live_bytes"":2992,""evidence_import_solver_bytes"":0,""evidence_import_scratch_bytes"":32768,""snapshot_copy_bytes"":0,""snapshot_copy_allocations"":0,""principal_copy_buffer_bytes"":0,""principal_copy_buffer_allocations"":0,""frozen_capture_temporary_bytes"":0,""frozen_capture_published_bytes"":512,""frozen_edge_scratch_bytes"":1024,""region_scopes"":1928,""max_region_scopes"":5,""call_collections_closed"":257,""call_collections_unresolved"":258,""call_memo_hits"":385,""solver_passes"":1025,""solver_constraint_visits"":383,""occurs_steps"":0}",null,"{""persisted_requests"":0,""persisted_hits"":0,""persisted_nonempty_hits"":0,""persisted_call_proofs"":0,""persisted_declines"":0,""projected_empty_hits"":0,""projected_empty_declines"":0,""input_image_checks"":0,""dependency_validations"":0,""reused_dependency_validations"":0,""graph_importers_initialized"":0,""graph_importers_prepared"":0,""empty_hits"":0,""primitive_hits"":0,""primitive_fallbacks"":0,""primitive_key_declined"":0,""nonempty_requests"":0,""requests"":0,""fresh_unit_requests"":0,""fresh_unit_hits"":0,""hits"":0,""changed_or_unsupported"":0,""missing"":0,""evidence_declined"":0,""options_declined"":0,""captured"":0,""fresh_regions"":0,""call_publications_replayed"":0}"
build/bench/cloud-principal-graphs/lexical-sources/demand-32-valid.blot,d0019a35c5c82a8d02375dc8d0eedfac002ca9c027fad327508c876df3622560,baseline,"[5829,6076,6106,6136,6190,6196,6240,6331,6407,6480,6732,6931,6939,7196,8279]","[6066,6395,6423,6440,6455,6477,6495,6590,6682,6800,7097,7176,7178,7494,8600]","[4925283,4925283,4925283,4925283,4925283,4925283,4925283,4925283,4925283,4925283,4925283,4925283,4925283,4925283,4925283]","[1248985,1248985,1248985,1248985,1248985,1248985,1248985,1248985,1248985,1248985,1248985,1248985,1248985,1248985,1248985]","{""semantic_component_batches"":0,""semantic_component_jobs"":0,""max_semantic_component_workers"":0,""inference_regions"":228,""canonical_specialization_queries"":32,""canonical_specialization_hits"":0,""solver_requested_bytes"":434664,""solver_allocations"":1553,""scratch_requested_bytes"":353688,""scratch_allocations"":2111,""max_solver_live_bytes"":3576,""max_scratch_live_bytes"":2992,""evidence_import_solver_bytes"":0,""evidence_import_scratch_bytes"":8192,""snapshot_copy_bytes"":0,""snapshot_copy_allocations"":0,""principal_copy_buffer_bytes"":0,""principal_copy_buffer_allocations"":0,""frozen_capture_temporary_bytes"":0,""frozen_capture_published_bytes"":128,""frozen_edge_scratch_bytes"":256,""region_scopes"":488,""max_region_scopes"":5,""call_collections_closed"":65,""call_collections_unresolved"":66,""call_memo_hits"":97,""solver_passes"":257,""solver_constraint_visits"":95,""occurs_steps"":0}",null,"{""persisted_requests"":0,""persisted_hits"":0,""persisted_nonempty_hits"":0,""persisted_call_proofs"":0,""persisted_declines"":0,""projected_empty_hits"":0,""projected_empty_declines"":0,""input_image_checks"":0,""dependency_validations"":0,""reused_dependency_validations"":0,""graph_importers_initialized"":0,""graph_importers_prepared"":0,""empty_hits"":0,""primitive_hits"":0,""primitive_fallbacks"":0,""primitive_key_declined"":0,""nonempty_requests"":0,""requests"":0,""fresh_unit_requests"":0,""fresh_unit_hits"":0,""hits"":0,""changed_or_unsupported"":0,""missing"":0,""evidence_declined"":0,""options_declined"":0,""captured"":0,""fresh_regions"":0,""call_publications_replayed"":0}"
build/bench/cloud-principal-graphs/lexical-sources/demand-32-valid.blot,d0019a35c5c82a8d02375dc8d0eedfac002ca9c027fad327508c876df3622560,default,"[5933,6074,6114,6129,6137,6146,6258,6275,6316,6325,6782,6805,6940,7286,7343]","[6171,6354,6364,6379,6382,6481,6554,6568,6601,6670,7116,7146,7216,7562,7642]","[4923299,4923299,4923299,4923299,4923299,4923299,4923299,4923299,4923299,4923299,4923299,4923299,4923299,4923299,4923299]","[1248985,1248985,1248985,1248985,1248985,1248985,1248985,1248985,1248985,1248985,1248985,1248985,1248985,1248985,1248985]","{""semantic_component_batches"":0,""semantic_component_jobs"":0,""max_semantic_component_workers"":0,""inference_regions"":228,""canonical_specialization_queries"":32,""canonical_specialization_hits"":0,""solver_requested_bytes"":434664,""solver_allocations"":1553,""scratch_requested_bytes"":353688,""scratch_allocations"":2111,""max_solver_live_bytes"":3576,""max_scratch_live_bytes"":2992,""evidence_import_solver_bytes"":0,""evidence_import_scratch_bytes"":8192,""snapshot_copy_bytes"":0,""snapshot_copy_allocations"":0,""principal_copy_buffer_bytes"":0,""principal_copy_buffer_allocations"":0,""frozen_capture_temporary_bytes"":0,""frozen_capture_published_bytes"":128,""frozen_edge_scratch_bytes"":256,""region_scopes"":488,""max_region_scopes"":5,""call_collections_closed"":65,""call_collections_unresolved"":66,""call_memo_hits"":97,""solver_passes"":257,""solver_constraint_visits"":95,""occurs_steps"":0}",null,"{""persisted_requests"":0,""persisted_hits"":0,""persisted_nonempty_hits"":0,""persisted_call_proofs"":0,""persisted_declines"":0,""projected_empty_hits"":0,""projected_empty_declines"":0,""input_image_checks"":0,""dependency_validations"":0,""reused_dependency_validations"":0,""graph_importers_initialized"":0,""graph_importers_prepared"":0,""empty_hits"":0,""primitive_hits"":0,""primitive_fallbacks"":0,""primitive_key_declined"":0,""nonempty_requests"":0,""requests"":0,""fresh_unit_requests"":0,""fresh_unit_hits"":0,""hits"":0,""changed_or_unsupported"":0,""missing"":0,""evidence_declined"":0,""options_declined"":0,""captured"":0,""fresh_regions"":0,""call_publications_replayed"":0}"
build/bench/cloud-principal-graphs/lexical-sources/demand-8-valid.blot,409408616820eaedd3350178096b8da8047994c1fe3aacb5684562ea45616058,baseline,"[4212,4482,4579,4664,4698,4726,4838,4854,4871,4954,4996,5006,5014,5253,7205]","[4481,4701,4799,4903,4940,4997,5099,5138,5156,5180,5223,5236,5283,5498,7462]","[3596034,3596034,3596034,3596034,3596034,3596034,3596034,3596034,3596034,3596034,3596034,3596034,3596034,3596034,3596034]","[1075073,1075073,1075073,1075073,1075073,1075073,1075073,1075073,1075073,1075073,1075073,1075073,1075073,1075073,1075073]","{""semantic_component_batches"":0,""semantic_component_jobs"":0,""max_semantic_component_workers"":0,""inference_regions"":60,""canonical_specialization_queries"":8,""canonical_specialization_hits"":0,""solver_requested_bytes"":112296,""solver_allocations"":401,""scratch_requested_bytes"":92568,""scratch_allocations"":551,""max_solver_live_bytes"":3576,""max_scratch_live_bytes"":2992,""evidence_import_solver_bytes"":0,""evidence_import_scratch_bytes"":2048,""snapshot_copy_bytes"":0,""snapshot_copy_allocations"":0,""principal_copy_buffer_bytes"":0,""principal_copy_buffer_allocations"":0,""frozen_capture_temporary_bytes"":0,""frozen_capture_published_bytes"":32,""frozen_edge_scratch_bytes"":64,""region_scopes"":128,""max_region_scopes"":5,""call_collections_closed"":17,""call_collections_unresolved"":18,""call_memo_hits"":25,""solver_passes"":65,""solver_constraint_visits"":23,""occurs_steps"":0}",null,"{""persisted_requests"":0,""persisted_hits"":0,""persisted_nonempty_hits"":0,""persisted_call_proofs"":0,""persisted_declines"":0,""projected_empty_hits"":0,""projected_empty_declines"":0,""input_image_checks"":0,""dependency_validations"":0,""reused_dependency_validations"":0,""graph_importers_initialized"":0,""graph_importers_prepared"":0,""empty_hits"":0,""primitive_hits"":0,""primitive_fallbacks"":0,""primitive_key_declined"":0,""nonempty_requests"":0,""requests"":0,""fresh_unit_requests"":0,""fresh_unit_hits"":0,""hits"":0,""changed_or_unsupported"":0,""missing"":0,""evidence_declined"":0,""options_declined"":0,""captured"":0,""fresh_regions"":0,""call_publications_replayed"":0}"
build/bench/cloud-principal-graphs/lexical-sources/demand-8-valid.blot,409408616820eaedd3350178096b8da8047994c1fe3aacb5684562ea45616058,default,"[4346,4358,4365,4436,4461,4687,4692,4710,4711,4855,4904,4939,5103,5526,5913]","[4565,4596,4633,4662,4674,4921,4960,4964,5079,5099,5207,5297,5800,6075,6140]","[3595586,3595586,3595586,3595586,3595586,3595586,3595586,3595586,3595586,3595586,3595586,3595586,3595586,3595586,3595586]","[1075073,1075073,1075073,1075073,1075073,1075073,1075073,1075073,1075073,1075073,1075073,1075073,1075073,1075073,1075073]","{""semantic_component_batches"":0,""semantic_component_jobs"":0,""max_semantic_component_workers"":0,""inference_regions"":60,""canonical_specialization_queries"":8,""canonical_specialization_hits"":0,""solver_requested_bytes"":112296,""solver_allocations"":401,""scratch_requested_bytes"":92568,""scratch_allocations"":551,""max_solver_live_bytes"":3576,""max_scratch_live_bytes"":2992,""evidence_import_solver_bytes"":0,""evidence_import_scratch_bytes"":2048,""snapshot_copy_bytes"":0,""snapshot_copy_allocations"":0,""principal_copy_buffer_bytes"":0,""principal_copy_buffer_allocations"":0,""frozen_capture_temporary_bytes"":0,""frozen_capture_published_bytes"":32,""frozen_edge_scratch_bytes"":64,""region_scopes"":128,""max_region_scopes"":5,""call_collections_closed"":17,""call_collections_unresolved"":18,""call_memo_hits"":25,""solver_passes"":65,""solver_constraint_visits"":23,""occurs_steps"":0}",null,"{""persisted_requests"":0,""persisted_hits"":0,""persisted_nonempty_hits"":0,""persisted_call_proofs"":0,""persisted_declines"":0,""projected_empty_hits"":0,""projected_empty_declines"":0,""input_image_checks"":0,""dependency_validations"":0,""reused_dependency_validations"":0,""graph_importers_initialized"":0,""graph_importers_prepared"":0,""empty_hits"":0,""primitive_hits"":0,""primitive_fallbacks"":0,""primitive_key_declined"":0,""nonempty_requests"":0,""requests"":0,""fresh_unit_requests"":0,""fresh_unit_hits"":0,""hits"":0,""changed_or_unsupported"":0,""missing"":0,""evidence_declined"":0,""options_declined"":0,""captured"":0,""fresh_regions"":0,""call_publications_replayed"":0}"
build/bench/cloud-principal-graphs/lexical-sources/named-128-valid.blot,c7c15434c7cfb1f9e653a303292b7009b0e326919112092f83b4a8df0f7caac6,baseline,"[13145,13200,13451,13579,13800,13966,14574,14780,14910,15023,15092,15402,16314,16350,17496]","[13378,13426,13700,13920,14064,14287,14875,15055,15198,15299,15406,15675,16600,16711,17807]","[10800851,10800851,10800851,10800851,10800851,10800851,10800851,10800851,10800851,10800851,10800851,10800851,10800851,10800851,10800851]","[1985057,1985057,1985057,1985057,1985057,1985057,1985057,1985057,1985057,1985057,1985057,1985057,1985057,1985057,1985057]","{""semantic_component_batches"":0,""semantic_component_jobs"":0,""max_semantic_component_workers"":0,""inference_regions"":779,""canonical_specialization_queries"":128,""canonical_specialization_hits"":126,""solver_requested_bytes"":1058104,""solver_allocations"":3123,""scratch_requested_bytes"":2388944,""scratch_allocations"":15893,""max_solver_live_bytes"":3264,""max_scratch_live_bytes"":3252,""evidence_import_solver_bytes"":0,""evidence_import_scratch_bytes"":512,""snapshot_copy_bytes"":0,""snapshot_copy_allocations"":0,""principal_copy_buffer_bytes"":326096,""principal_copy_buffer_allocations"":4644,""frozen_capture_temporary_bytes"":0,""frozen_capture_published_bytes"":8,""frozen_edge_scratch_bytes"":0,""region_scopes"":1165,""max_region_scopes"":4,""call_collections_closed"":129,""call_collections_unresolved"":0,""call_memo_hits"":132,""solver_passes"":530,""solver_constraint_visits"":1548,""occurs_steps"":0}",null,"{""persisted_requests"":0,""persisted_hits"":0,""persisted_nonempty_hits"":0,""persisted_call_proofs"":0,""persisted_declines"":0,""projected_empty_hits"":0,""projected_empty_declines"":0,""input_image_checks"":0,""dependency_validations"":0,""reused_dependency_validations"":0,""graph_importers_initialized"":0,""graph_importers_prepared"":0,""empty_hits"":0,""primitive_hits"":0,""primitive_fallbacks"":0,""primitive_key_declined"":0,""nonempty_requests"":0,""requests"":0,""fresh_unit_requests"":0,""fresh_unit_hits"":0,""hits"":0,""changed_or_unsupported"":0,""missing"":0,""evidence_declined"":0,""options_declined"":0,""captured"":0,""fresh_regions"":0,""call_publications_replayed"":0}"
build/bench/cloud-principal-graphs/lexical-sources/named-128-valid.blot,c7c15434c7cfb1f9e653a303292b7009b0e326919112092f83b4a8df0f7caac6,default,"[12695,12837,13626,13634,13747,13820,14179,14342,14621,15058,15209,15252,15284,15581,15593]","[12906,13079,13875,13975,14063,14116,14489,14605,14885,15329,15498,15601,15882,15944,16329]","[10926931,10926931,10926931,10926931,10926931,10926931,10926931,10926931,10926931,10926931,10926931,10926931,10926931,10926931,10926931]","[2102561,2102561,2102561,2102561,2102561,2102561,2102561,2102561,2102561,2102561,2102561,2102561,2102561,2102561,2102561]","{""semantic_component_batches"":0,""semantic_component_jobs"":0,""max_semantic_component_workers"":0,""inference_regions"":779,""canonical_specialization_queries"":128,""canonical_specialization_hits"":126,""solver_requested_bytes"":1058104,""solver_allocations"":3123,""scratch_requested_bytes"":2388944,""scratch_allocations"":15893,""max_solver_live_bytes"":3264,""max_scratch_live_bytes"":3252,""evidence_import_solver_bytes"":0,""evidence_import_scratch_bytes"":512,""snapshot_copy_bytes"":0,""snapshot_copy_allocations"":0,""principal_copy_buffer_bytes"":326096,""principal_copy_buffer_allocations"":4644,""frozen_capture_temporary_bytes"":0,""frozen_capture_published_bytes"":8,""frozen_edge_scratch_bytes"":0,""region_scopes"":1165,""max_region_scopes"":4,""call_collections_closed"":129,""call_collections_unresolved"":0,""call_memo_hits"":132,""solver_passes"":530,""solver_constraint_visits"":1548,""occurs_steps"":0}",null,"{""persisted_requests"":0,""persisted_hits"":0,""persisted_nonempty_hits"":0,""persisted_call_proofs"":0,""persisted_declines"":0,""projected_empty_hits"":0,""projected_empty_declines"":0,""input_image_checks"":0,""dependency_validations"":0,""reused_dependency_validations"":0,""graph_importers_initialized"":0,""graph_importers_prepared"":0,""empty_hits"":0,""primitive_hits"":0,""primitive_fallbacks"":0,""primitive_key_declined"":0,""nonempty_requests"":0,""requests"":0,""fresh_unit_requests"":0,""fresh_unit_hits"":0,""hits"":0,""changed_or_unsupported"":0,""missing"":0,""evidence_declined"":0,""options_declined"":0,""captured"":0,""fresh_regions"":0,""call_publications_replayed"":0}"
build/bench/cloud-principal-graphs/lexical-sources/named-32-valid.blot,d2debc63c03ede9b380d5b612af7b5e208aa6393f22b302580582e8f44b382ba,baseline,"[6212,6602,6643,6669,6864,6874,6891,6976,7097,7225,7296,7458,7728,7895,13306]","[6442,6874,6917,7149,7150,7170,7213,7321,7503,7519,7577,7842,7965,8119,13599]","[5216937,5216937,5216937,5216937,5216937,5216937,5216937,5216937,5216937,5216937,5216937,5216937,5216937,5216937,5216937]","[1235398,1235398,1235398,1235398,1235398,1235398,1235398,1235398,1235398,1235398,1235398,1235398,1235398,1235398,1235398]","{""semantic_component_batches"":0,""semantic_component_jobs"":0,""max_semantic_component_workers"":0,""inference_regions"":203,""canonical_specialization_queries"":32,""canonical_specialization_hits"":30,""solver_requested_bytes"":272440,""solver_allocations"":819,""scratch_requested_bytes"":633296,""scratch_allocations"":4181,""max_solver_live_bytes"":3264,""max_scratch_live_bytes"":3252,""evidence_import_solver_bytes"":0,""evidence_import_scratch_bytes"":512,""snapshot_copy_bytes"":0,""snapshot_copy_allocations"":0,""principal_copy_buffer_bytes"":84944,""principal_copy_buffer_allocations"":1188,""frozen_capture_temporary_bytes"":0,""frozen_capture_published_bytes"":8,""frozen_edge_scratch_bytes"":0,""region_scopes"":301,""max_region_scopes"":4,""call_collections_closed"":33,""call_collections_unresolved"":0,""call_memo_hits"":36,""solver_passes"":146,""solver_constraint_visits"":396,""occurs_steps"":0}",null,"{""persisted_requests"":0,""persisted_hits"":0,""persisted_nonempty_hits"":0,""persisted_call_proofs"":0,""persisted_declines"":0,""projected_empty_hits"":0,""projected_empty_declines"":0,""input_image_checks"":0,""dependency_validations"":0,""reused_dependency_validations"":0,""graph_importers_initialized"":0,""graph_importers_prepared"":0,""empty_hits"":0,""primitive_hits"":0,""primitive_fallbacks"":0,""primitive_key_declined"":0,""nonempty_requests"":0,""requests"":0,""fresh_unit_requests"":0,""fresh_unit_hits"":0,""hits"":0,""changed_or_unsupported"":0,""missing"":0,""evidence_declined"":0,""options_declined"":0,""captured"":0,""fresh_regions"":0,""call_publications_replayed"":0}"
build/bench/cloud-principal-graphs/lexical-sources/named-32-valid.blot,d2debc63c03ede9b380d5b612af7b5e208aa6393f22b302580582e8f44b382ba,default,"[6205,6235,6343,6478,6487,6616,6629,6714,6769,6936,6943,7400,7443,8150,9326]","[6443,6589,6612,6758,6765,6895,6962,7032,7084,7224,7239,7639,8565,9432,9626]","[5268265,5268265,5268265,5268265,5268265,5268265,5268265,5268265,5268265,5268265,5268265,5268265,5268265,5268265,5268265]","[1235398,1235398,1235398,1235398,1235398,1235398,1235398,1235398,1235398,1235398,1235398,1235398,1235398,1235398,1235398]","{""semantic_component_batches"":0,""semantic_component_jobs"":0,""max_semantic_component_workers"":0,""inference_regions"":203,""canonical_specialization_queries"":32,""canonical_specialization_hits"":30,""solver_requested_bytes"":272440,""solver_allocations"":819,""scratch_requested_bytes"":633296,""scratch_allocations"":4181,""max_solver_live_bytes"":3264,""max_scratch_live_bytes"":3252,""evidence_import_solver_bytes"":0,""evidence_import_scratch_bytes"":512,""snapshot_copy_bytes"":0,""snapshot_copy_allocations"":0,""principal_copy_buffer_bytes"":84944,""principal_copy_buffer_allocations"":1188,""frozen_capture_temporary_bytes"":0,""frozen_capture_published_bytes"":8,""frozen_edge_scratch_bytes"":0,""region_scopes"":301,""max_region_scopes"":4,""call_collections_closed"":33,""call_collections_unresolved"":0,""call_memo_hits"":36,""solver_passes"":146,""solver_constraint_visits"":396,""occurs_steps"":0}",null,"{""persisted_requests"":0,""persisted_hits"":0,""persisted_nonempty_hits"":0,""persisted_call_proofs"":0,""persisted_declines"":0,""projected_empty_hits"":0,""projected_empty_declines"":0,""input_image_checks"":0,""dependency_validations"":0,""reused_dependency_validations"":0,""graph_importers_initialized"":0,""graph_importers_prepared"":0,""empty_hits"":0,""primitive_hits"":0,""primitive_fallbacks"":0,""primitive_key_declined"":0,""nonempty_requests"":0,""requests"":0,""fresh_unit_requests"":0,""fresh_unit_hits"":0,""hits"":0,""changed_or_unsupported"":0,""missing"":0,""evidence_declined"":0,""options_declined"":0,""captured"":0,""fresh_regions"":0,""call_publications_replayed"":0}"
build/bench/cloud-principal-graphs/lexical-sources/named-8-valid.blot,a0c8a44e017a97f1814564e8b23b9409db1b590bc1e2615e5b9932b8e01896b7,baseline,"[4668,4675,4778,4872,4887,4912,4972,4994,4996,5083,5328,5363,5626,5659,8040]","[4891,4911,5015,5090,5198,5202,5217,5231,5233,5323,5594,5672,5888,5908,8295]","[3814945,3814945,3814945,3814945,3814945,3814945,3814945,3814945,3814945,3814945,3814945,3814945,3814945,3814945,3814945]","[1125777,1125777,1125777,1125777,1125777,1125777,1125777,1125777,1125777,1125777,1125777,1125777,1125777,1125777,1125777]","{""semantic_component_batches"":0,""semantic_component_jobs"":0,""max_semantic_component_workers"":0,""inference_regions"":59,""canonical_specialization_queries"":8,""canonical_specialization_hits"":6,""solver_requested_bytes"":76024,""solver_allocations"":243,""scratch_requested_bytes"":194384,""scratch_allocations"":1253,""max_solver_live_bytes"":3264,""max_scratch_live_bytes"":3252,""evidence_import_solver_bytes"":0,""evidence_import_scratch_bytes"":512,""snapshot_copy_bytes"":0,""snapshot_copy_allocations"":0,""principal_copy_buffer_bytes"":24656,""principal_copy_buffer_allocations"":324,""frozen_capture_temporary_bytes"":0,""frozen_capture_published_bytes"":8,""frozen_edge_scratch_bytes"":0,""region_scopes"":85,""max_region_scopes"":4,""call_collections_closed"":9,""call_collections_unresolved"":0,""call_memo_hits"":12,""solver_passes"":50,""solver_constraint_visits"":108,""occurs_steps"":0}",null,"{""persisted_requests"":0,""persisted_hits"":0,""persisted_nonempty_hits"":0,""persisted_call_proofs"":0,""persisted_declines"":0,""projected_empty_hits"":0,""projected_empty_declines"":0,""input_image_checks"":0,""dependency_validations"":0,""reused_dependency_validations"":0,""graph_importers_initialized"":0,""graph_importers_prepared"":0,""empty_hits"":0,""primitive_hits"":0,""primitive_fallbacks"":0,""primitive_key_declined"":0,""nonempty_requests"":0,""requests"":0,""fresh_unit_requests"":0,""fresh_unit_hits"":0,""hits"":0,""changed_or_unsupported"":0,""missing"":0,""evidence_declined"":0,""options_declined"":0,""captured"":0,""fresh_regions"":0,""call_publications_replayed"":0}"
build/bench/cloud-principal-graphs/lexical-sources/named-8-valid.blot,a0c8a44e017a97f1814564e8b23b9409db1b590bc1e2615e5b9932b8e01896b7,default,"[4519,4528,4692,4768,4855,4931,4933,5088,5322,5323,5465,5638,5836,6082,6525]","[4726,4769,4914,4987,5054,5159,5185,5318,5548,5602,5810,5901,6216,6331,6738]","[3830177,3830177,3830177,3830177,3830177,3830177,3830177,3830177,3830177,3830177,3830177,3830177,3830177,3830177,3830177]","[1125777,1125777,1125777,1125777,1125777,1125777,1125777,1125777,1125777,1125777,1125777,1125777,1125777,1125777,1125777]","{""semantic_component_batches"":0,""semantic_component_jobs"":0,""max_semantic_component_workers"":0,""inference_regions"":59,""canonical_specialization_queries"":8,""canonical_specialization_hits"":6,""solver_requested_bytes"":76024,""solver_allocations"":243,""scratch_requested_bytes"":194384,""scratch_allocations"":1253,""max_solver_live_bytes"":3264,""max_scratch_live_bytes"":3252,""evidence_import_solver_bytes"":0,""evidence_import_scratch_bytes"":512,""snapshot_copy_bytes"":0,""snapshot_copy_allocations"":0,""principal_copy_buffer_bytes"":24656,""principal_copy_buffer_allocations"":324,""frozen_capture_temporary_bytes"":0,""frozen_capture_published_bytes"":8,""frozen_edge_scratch_bytes"":0,""region_scopes"":85,""max_region_scopes"":4,""call_collections_closed"":9,""call_collections_unresolved"":0,""call_memo_hits"":12,""solver_passes"":50,""solver_constraint_visits"":108,""occurs_steps"":0}",null,"{""persisted_requests"":0,""persisted_hits"":0,""persisted_nonempty_hits"":0,""persisted_call_proofs"":0,""persisted_declines"":0,""projected_empty_hits"":0,""projected_empty_declines"":0,""input_image_checks"":0,""dependency_validations"":0,""reused_dependency_validations"":0,""graph_importers_initialized"":0,""graph_importers_prepared"":0,""empty_hits"":0,""primitive_hits"":0,""primitive_fallbacks"":0,""primitive_key_declined"":0,""nonempty_requests"":0,""requests"":0,""fresh_unit_requests"":0,""fresh_unit_hits"":0,""hits"":0,""changed_or_unsupported"":0,""missing"":0,""evidence_declined"":0,""options_declined"":0,""captured"":0,""fresh_regions"":0,""call_publications_replayed"":0}"
build/bench/cloud-principal-graphs/lexical-sources/nested-128-valid.blot,13d26fadb67e2a106af4ff3dc849392b0211eb1a51f24c9c61fdae19a5b3185d,baseline,"[15089,15210,15362,15477,15798,15823,15839,15894,15978,16277,16412,16529,17836,19040,21645]","[15398,15482,15621,15776,16067,16114,16131,16184,16254,16724,16759,16835,18590,19387,21992]","[11918012,11918012,11918012,11918012,11918012,11918012,11918012,11918012,11918012,11918012,11918012,11918012,11918012,11918012,11918012]","[2218177,2218177,2218177,2218177,2218177,2218177,2218177,2218177,2218177,2218177,2218177,2218177,2218177,2218177,2218177]","{""semantic_component_batches"":0,""semantic_component_jobs"":0,""max_semantic_component_workers"":0,""inference_regions"":786,""canonical_specialization_queries"":128,""canonical_specialization_hits"":126,""solver_requested_bytes"":1062312,""solver_allocations"":3141,""scratch_requested_bytes"":3339996,""scratch_allocations"":20375,""max_solver_live_bytes"":3264,""max_scratch_live_bytes"":5132,""evidence_import_solver_bytes"":0,""evidence_import_scratch_bytes"":768,""snapshot_copy_bytes"":0,""snapshot_copy_allocations"":0,""principal_copy_buffer_bytes"":571752,""principal_copy_buffer_allocations"":5175,""frozen_capture_temporary_bytes"":0,""frozen_capture_published_bytes"":16,""frozen_edge_scratch_bytes"":16,""region_scopes"":1175,""max_region_scopes"":5,""call_collections_closed"":129,""call_collections_unresolved"":0,""call_memo_hits"":134,""solver_passes"":533,""solver_constraint_visits"":2640,""occurs_steps"":0}",null,"{""persisted_requests"":0,""persisted_hits"":0,""persisted_nonempty_hits"":0,""persisted_call_proofs"":0,""persisted_declines"":0,""projected_empty_hits"":0,""projected_empty_declines"":0,""input_image_checks"":0,""dependency_validations"":0,""reused_dependency_validations"":0,""graph_importers_initialized"":0,""graph_importers_prepared"":0,""empty_hits"":0,""primitive_hits"":0,""primitive_fallbacks"":0,""primitive_key_declined"":0,""nonempty_requests"":0,""requests"":0,""fresh_unit_requests"":0,""fresh_unit_hits"":0,""hits"":0,""changed_or_unsupported"":0,""missing"":0,""evidence_declined"":0,""options_declined"":0,""captured"":0,""fresh_regions"":0,""call_publications_replayed"":0}"
build/bench/cloud-principal-graphs/lexical-sources/nested-128-valid.blot,13d26fadb67e2a106af4ff3dc849392b0211eb1a51f24c9c61fdae19a5b3185d,default,"[15072,15244,15344,15455,15983,15990,16097,16127,16819,17479,17764,19053,19662,20714,21006]","[15395,15584,15663,15696,16312,16327,16357,16426,17163,17769,18073,19347,19996,21027,21324]","[12044316,12044316,12044316,12044316,12044316,12044316,12044316,12044316,12044316,12044316,12044316,12044316,12044316,12044316,12044316]","[2335905,2335905,2335905,2335905,2335905,2335905,2335905,2335905,2335905,2335905,2335905,2335905,2335905,2335905,2335905]","{""semantic_component_batches"":0,""semantic_component_jobs"":0,""max_semantic_component_workers"":0,""inference_regions"":786,""canonical_specialization_queries"":128,""canonical_specialization_hits"":126,""solver_requested_bytes"":1062312,""solver_allocations"":3141,""scratch_requested_bytes"":3339996,""scratch_allocations"":20375,""max_solver_live_bytes"":3264,""max_scratch_live_bytes"":5132,""evidence_import_solver_bytes"":0,""evidence_import_scratch_bytes"":768,""snapshot_copy_bytes"":0,""snapshot_copy_allocations"":0,""principal_copy_buffer_bytes"":571752,""principal_copy_buffer_allocations"":5175,""frozen_capture_temporary_bytes"":0,""frozen_capture_published_bytes"":16,""frozen_edge_scratch_bytes"":16,""region_scopes"":1175,""max_region_scopes"":5,""call_collections_closed"":129,""call_collections_unresolved"":0,""call_memo_hits"":134,""solver_passes"":533,""solver_constraint_visits"":2640,""occurs_steps"":0}",null,"{""persisted_requests"":0,""persisted_hits"":0,""persisted_nonempty_hits"":0,""persisted_call_proofs"":0,""persisted_declines"":0,""projected_empty_hits"":0,""projected_empty_declines"":0,""input_image_checks"":0,""dependency_validations"":0,""reused_dependency_validations"":0,""graph_importers_initialized"":0,""graph_importers_prepared"":0,""empty_hits"":0,""primitive_hits"":0,""primitive_fallbacks"":0,""primitive_key_declined"":0,""nonempty_requests"":0,""requests"":0,""fresh_unit_requests"":0,""fresh_unit_hits"":0,""hits"":0,""changed_or_unsupported"":0,""missing"":0,""evidence_declined"":0,""options_declined"":0,""captured"":0,""fresh_regions"":0,""call_publications_replayed"":0}"
build/bench/cloud-principal-graphs/lexical-sources/nested-32-valid.blot,bbf3441ddd391e8f2f7b6b3a9f56a898d437a270781a69781efbcd8e81d04578,baseline,"[6974,7193,7222,7250,7286,7415,7523,7640,7871,8090,8666,8791,8814,8837,9343]","[7271,7488,7507,7523,7542,7728,7876,7938,8231,8370,8960,9062,9084,9197,9656]","[5594073,5594073,5594073,5594073,5594073,5594073,5594073,5594073,5594073,5594073,5594073,5594073,5594073,5594073,5594073]","[1264063,1264063,1264063,1264063,1264063,1264063,1264063,1264063,1264063,1264063,1264063,1264063,1264063,1264063,1264063]","{""semantic_component_batches"":0,""semantic_component_jobs"":0,""max_semantic_component_workers"":0,""inference_regions"":210,""canonical_specialization_queries"":32,""canonical_specialization_hits"":30,""solver_requested_bytes"":276648,""solver_allocations"":837,""scratch_requested_bytes"":907740,""scratch_allocations"":5495,""max_solver_live_bytes"":3264,""max_scratch_live_bytes"":5132,""evidence_import_solver_bytes"":0,""evidence_import_scratch_bytes"":768,""snapshot_copy_bytes"":0,""snapshot_copy_allocations"":0,""principal_copy_buffer_bytes"":153960,""principal_copy_buffer_allocations"":1335,""frozen_capture_temporary_bytes"":0,""frozen_capture_published_bytes"":16,""frozen_edge_scratch_bytes"":16,""region_scopes"":311,""max_region_scopes"":5,""call_collections_closed"":33,""call_collections_unresolved"":0,""call_memo_hits"":38,""solver_passes"":149,""solver_constraint_visits"":720,""occurs_steps"":0}",null,"{""persisted_requests"":0,""persisted_hits"":0,""persisted_nonempty_hits"":0,""persisted_call_proofs"":0,""persisted_declines"":0,""projected_empty_hits"":0,""projected_empty_declines"":0,""input_image_checks"":0,""dependency_validations"":0,""reused_dependency_validations"":0,""graph_importers_initialized"":0,""graph_importers_prepared"":0,""empty_hits"":0,""primitive_hits"":0,""primitive_fallbacks"":0,""primitive_key_declined"":0,""nonempty_requests"":0,""requests"":0,""fresh_unit_requests"":0,""fresh_unit_hits"":0,""hits"":0,""changed_or_unsupported"":0,""missing"":0,""evidence_declined"":0,""options_declined"":0,""captured"":0,""fresh_regions"":0,""call_publications_replayed"":0}"
build/bench/cloud-principal-graphs/lexical-sources/nested-32-valid.blot,bbf3441ddd391e8f2f7b6b3a9f56a898d437a270781a69781efbcd8e81d04578,default,"[7056,7059,7115,7226,7309,7354,7374,7666,7947,8394,8398,8490,8656,8816,9527]","[7309,7370,7413,7591,7637,7675,7689,7970,8181,8679,8695,8777,8960,9334,9884]","[5645625,5645625,5645625,5645625,5645625,5645625,5645625,5645625,5645625,5645625,5645625,5645625,5645625,5645625,5645625]","[1264063,1264063,1264063,1264063,1264063,1264063,1264063,1264063,1264063,1264063,1264063,1264063,1264063,1264063,1264063]","{""semantic_component_batches"":0,""semantic_component_jobs"":0,""max_semantic_component_workers"":0,""inference_regions"":210,""canonical_specialization_queries"":32,""canonical_specialization_hits"":30,""solver_requested_bytes"":276648,""solver_allocations"":837,""scratch_requested_bytes"":907740,""scratch_allocations"":5495,""max_solver_live_bytes"":3264,""max_scratch_live_bytes"":5132,""evidence_import_solver_bytes"":0,""evidence_import_scratch_bytes"":768,""snapshot_copy_bytes"":0,""snapshot_copy_allocations"":0,""principal_copy_buffer_bytes"":153960,""principal_copy_buffer_allocations"":1335,""frozen_capture_temporary_bytes"":0,""frozen_capture_published_bytes"":16,""frozen_edge_scratch_bytes"":16,""region_scopes"":311,""max_region_scopes"":5,""call_collections_closed"":33,""call_collections_unresolved"":0,""call_memo_hits"":38,""solver_passes"":149,""solver_constraint_visits"":720,""occurs_steps"":0}",null,"{""persisted_requests"":0,""persisted_hits"":0,""persisted_nonempty_hits"":0,""persisted_call_proofs"":0,""persisted_declines"":0,""projected_empty_hits"":0,""projected_empty_declines"":0,""input_image_checks"":0,""dependency_validations"":0,""reused_dependency_validations"":0,""graph_importers_initialized"":0,""graph_importers_prepared"":0,""empty_hits"":0,""primitive_hits"":0,""primitive_fallbacks"":0,""primitive_key_declined"":0,""nonempty_requests"":0,""requests"":0,""fresh_unit_requests"":0,""fresh_unit_hits"":0,""hits"":0,""changed_or_unsupported"":0,""missing"":0,""evidence_declined"":0,""options_declined"":0,""captured"":0,""fresh_regions"":0,""call_publications_replayed"":0}"
build/bench/cloud-principal-graphs/lexical-sources/nested-8-valid.blot,bd1b2bf3f55a24ae8157733e3289325acfd8c68dc05d25765bc53e14187be1d1,baseline,"[4787,5089,5299,5307,5352,5355,5390,5510,5620,5645,5649,5651,5675,5748,6145]","[5026,5335,5541,5552,5647,5702,5716,5818,5863,5916,5950,5993,6030,6059,6434]","[3883342,3883342,3883342,3883342,3883342,3883342,3883342,3883342,3883342,3883342,3883342,3883342,3883342,3883342,3883342]","[1096099,1096099,1096099,1096099,1096099,1096099,1096099,1096099,1096099,1096099,1096099,1096099,1096099,1096099,1096099]","{""semantic_component_batches"":0,""semantic_component_jobs"":0,""max_semantic_component_workers"":0,""inference_regions"":66,""canonical_specialization_queries"":8,""canonical_specialization_hits"":6,""solver_requested_bytes"":80232,""solver_allocations"":261,""scratch_requested_bytes"":299676,""scratch_allocations"":1775,""max_solver_live_bytes"":3264,""max_scratch_live_bytes"":5132,""evidence_import_solver_bytes"":0,""evidence_import_scratch_bytes"":768,""snapshot_copy_bytes"":0,""snapshot_copy_allocations"":0,""principal_copy_buffer_bytes"":49512,""principal_copy_buffer_allocations"":375,""frozen_capture_temporary_bytes"":0,""frozen_capture_published_bytes"":16,""frozen_edge_scratch_bytes"":16,""region_scopes"":95,""max_region_scopes"":5,""call_collections_closed"":9,""call_collections_unresolved"":0,""call_memo_hits"":14,""solver_passes"":53,""solver_constraint_visits"":240,""occurs_steps"":0}",null,"{""persisted_requests"":0,""persisted_hits"":0,""persisted_nonempty_hits"":0,""persisted_call_proofs"":0,""persisted_declines"":0,""projected_empty_hits"":0,""projected_empty_declines"":0,""input_image_checks"":0,""dependency_validations"":0,""reused_dependency_validations"":0,""graph_importers_initialized"":0,""graph_importers_prepared"":0,""empty_hits"":0,""primitive_hits"":0,""primitive_fallbacks"":0,""primitive_key_declined"":0,""nonempty_requests"":0,""requests"":0,""fresh_unit_requests"":0,""fresh_unit_hits"":0,""hits"":0,""changed_or_unsupported"":0,""missing"":0,""evidence_declined"":0,""options_declined"":0,""captured"":0,""fresh_regions"":0,""call_publications_replayed"":0}"
build/bench/cloud-principal-graphs/lexical-sources/nested-8-valid.blot,bd1b2bf3f55a24ae8157733e3289325acfd8c68dc05d25765bc53e14187be1d1,default,"[4898,4991,5058,5064,5098,5126,5173,5211,5265,5312,5351,5953,6114,6787,7317]","[5116,5312,5333,5364,5385,5441,5489,5497,5553,5567,5666,6213,6402,7083,7600]","[3898798,3898798,3898798,3898798,3898798,3898798,3898798,3898798,3898798,3898798,3898798,3898798,3898798,3898798,3898798]","[1096099,1096099,1096099,1096099,1096099,1096099,1096099,1096099,1096099,1096099,1096099,1096099,1096099,1096099,1096099]","{""semantic_component_batches"":0,""semantic_component_jobs"":0,""max_semantic_component_workers"":0,""inference_regions"":66,""canonical_specialization_queries"":8,""canonical_specialization_hits"":6,""solver_requested_bytes"":80232,""solver_allocations"":261,""scratch_requested_bytes"":299676,""scratch_allocations"":1775,""max_solver_live_bytes"":3264,""max_scratch_live_bytes"":5132,""evidence_import_solver_bytes"":0,""evidence_import_scratch_bytes"":768,""snapshot_copy_bytes"":0,""snapshot_copy_allocations"":0,""principal_copy_buffer_bytes"":49512,""principal_copy_buffer_allocations"":375,""frozen_capture_temporary_bytes"":0,""frozen_capture_published_bytes"":16,""frozen_edge_scratch_bytes"":16,""region_scopes"":95,""max_region_scopes"":5,""call_collections_closed"":9,""call_collections_unresolved"":0,""call_memo_hits"":14,""solver_passes"":53,""solver_constraint_visits"":240,""occurs_steps"":0}",null,"{""persisted_requests"":0,""persisted_hits"":0,""persisted_nonempty_hits"":0,""persisted_call_proofs"":0,""persisted_declines"":0,""projected_empty_hits"":0,""projected_empty_declines"":0,""input_image_checks"":0,""dependency_validations"":0,""reused_dependency_validations"":0,""graph_importers_initialized"":0,""graph_importers_prepared"":0,""empty_hits"":0,""primitive_hits"":0,""primitive_fallbacks"":0,""primitive_key_declined"":0,""nonempty_requests"":0,""requests"":0,""fresh_unit_requests"":0,""fresh_unit_hits"":0,""hits"":0,""changed_or_unsupported"":0,""missing"":0,""evidence_declined"":0,""options_declined"":0,""captured"":0,""fresh_regions"":0,""call_publications_replayed"":0}"
build/bench/cloud-principal-graphs/lexical-sources/provider-128-valid.blot,b81c010491d4b87249e39c8100be8424c49c83654fb0781829d9c22bbdaf1c6d,baseline,"[11411,11631,11775,11960,12010,12074,12095,12221,12286,12396,12569,12773,13417,13473,13727]","[11732,11932,12089,12189,12278,12375,12462,12477,12575,12751,12879,13103,13784,13814,14107]","[10360983,10360983,10360983,10360983,10360983,10360983,10360983,10360983,10360983,10360983,10360983,10360983,10360983,10360983,10360983]","[1845909,1845909,1845909,1845909,1845909,1845909,1845909,1845909,1845909,1845909,1845909,1845909,1845909,1845909,1845909]","{""semantic_component_batches"":0,""semantic_component_jobs"":0,""max_semantic_component_workers"":0,""inference_regions"":901,""canonical_specialization_queries"":128,""canonical_specialization_hits"":0,""solver_requested_bytes"":1557952,""solver_allocations"":6065,""scratch_requested_bytes"":1754524,""scratch_allocations"":11594,""max_solver_live_bytes"":3264,""max_scratch_live_bytes"":2880,""evidence_import_solver_bytes"":0,""evidence_import_scratch_bytes"":49664,""snapshot_copy_bytes"":0,""snapshot_copy_allocations"":0,""principal_copy_buffer_bytes"":0,""principal_copy_buffer_allocations"":0,""frozen_capture_temporary_bytes"":0,""frozen_capture_published_bytes"":1024,""frozen_edge_scratch_bytes"":2048,""region_scopes"":1799,""max_region_scopes"":4,""call_collections_closed"":257,""call_collections_unresolved"":0,""call_memo_hits"":644,""solver_passes"":1293,""solver_constraint_visits"":781,""occurs_steps"":0}",null,"{""persisted_requests"":0,""persisted_hits"":0,""persisted_nonempty_hits"":0,""persisted_call_proofs"":0,""persisted_declines"":0,""projected_empty_hits"":0,""projected_empty_declines"":0,""input_image_checks"":0,""dependency_validations"":0,""reused_dependency_validations"":0,""graph_importers_initialized"":0,""graph_importers_prepared"":0,""empty_hits"":0,""primitive_hits"":0,""primitive_fallbacks"":0,""primitive_key_declined"":0,""nonempty_requests"":0,""requests"":0,""fresh_unit_requests"":0,""fresh_unit_hits"":0,""hits"":0,""changed_or_unsupported"":0,""missing"":0,""evidence_declined"":0,""options_declined"":0,""captured"":0,""fresh_regions"":0,""call_publications_replayed"":0}"
build/bench/cloud-principal-graphs/lexical-sources/provider-128-valid.blot,b81c010491d4b87249e39c8100be8424c49c83654fb0781829d9c22bbdaf1c6d,default,"[11508,11887,11904,11938,11953,11970,12366,12478,12680,12764,13194,13888,15922,18521,48211]","[11868,12169,12181,12222,12263,12295,12651,12776,12979,13021,13450,14153,16234,18953,48574]","[10352855,10352855,10352855,10352855,10352855,10352855,10352855,10352855,10352855,10352855,10352855,10352855,10352855,10352855,10352855]","[1845909,1845909,1845909,1845909,1845909,1845909,1845909,1845909,1845909,1845909,1845909,1845909,1845909,1845909,1845909]","{""semantic_component_batches"":0,""semantic_component_jobs"":0,""max_semantic_component_workers"":0,""inference_regions"":901,""canonical_specialization_queries"":128,""canonical_specialization_hits"":0,""solver_requested_bytes"":1557952,""solver_allocations"":6065,""scratch_requested_bytes"":1754524,""scratch_allocations"":11594,""max_solver_live_bytes"":3264,""max_scratch_live_bytes"":2880,""evidence_import_solver_bytes"":0,""evidence_import_scratch_bytes"":49664,""snapshot_copy_bytes"":0,""snapshot_copy_allocations"":0,""principal_copy_buffer_bytes"":0,""principal_copy_buffer_allocations"":0,""frozen_capture_temporary_bytes"":0,""frozen_capture_published_bytes"":1024,""frozen_edge_scratch_bytes"":2048,""region_scopes"":1799,""max_region_scopes"":4,""call_collections_closed"":257,""call_collections_unresolved"":0,""call_memo_hits"":644,""solver_passes"":1293,""solver_constraint_visits"":781,""occurs_steps"":0}",null,"{""persisted_requests"":0,""persisted_hits"":0,""persisted_nonempty_hits"":0,""persisted_call_proofs"":0,""persisted_declines"":0,""projected_empty_hits"":0,""projected_empty_declines"":0,""input_image_checks"":0,""dependency_validations"":0,""reused_dependency_validations"":0,""graph_importers_initialized"":0,""graph_importers_prepared"":0,""empty_hits"":0,""primitive_hits"":0,""primitive_fallbacks"":0,""primitive_key_declined"":0,""nonempty_requests"":0,""requests"":0,""fresh_unit_requests"":0,""fresh_unit_hits"":0,""hits"":0,""changed_or_unsupported"":0,""missing"":0,""evidence_declined"":0,""options_declined"":0,""captured"":0,""fresh_regions"":0,""call_publications_replayed"":0}"
build/bench/cloud-principal-graphs/lexical-sources/provider-32-valid.blot,148b705812f6a243acf1555ad1b62d8314ebdfa7a93c28b50af6d6596131a73c,baseline,"[6008,6022,6047,6128,6235,6247,6337,6352,6407,6450,6803,6920,7111,7414,7414]","[6244,6259,6364,6428,6470,6588,6623,6717,6723,6755,7116,7203,7379,7688,7698]","[5068696,5068696,5068696,5068696,5068696,5068696,5068696,5068696,5068696,5068696,5068696,5068696,5068696,5068696,5068696]","[1189360,1189360,1189360,1189360,1189360,1189360,1189360,1189360,1189360,1189360,1189360,1189360,1189360,1189360,1189360]","{""semantic_component_batches"":0,""semantic_component_jobs"":0,""max_semantic_component_workers"":0,""inference_regions"":229,""canonical_specialization_queries"":32,""canonical_specialization_hits"":0,""solver_requested_bytes"":397888,""solver_allocations"":1553,""scratch_requested_bytes"":447772,""scratch_allocations"":2954,""max_solver_live_bytes"":3264,""max_scratch_live_bytes"":2880,""evidence_import_solver_bytes"":0,""evidence_import_scratch_bytes"":12800,""snapshot_copy_bytes"":0,""snapshot_copy_allocations"":0,""principal_copy_buffer_bytes"":0,""principal_copy_buffer_allocations"":0,""frozen_capture_temporary_bytes"":0,""frozen_capture_published_bytes"":256,""frozen_edge_scratch_bytes"":512,""region_scopes"":455,""max_region_scopes"":4,""call_collections_closed"":65,""call_collections_unresolved"":0,""call_memo_hits"":164,""solver_passes"":333,""solver_constraint_visits"":205,""occurs_steps"":0}",null,"{""persisted_requests"":0,""persisted_hits"":0,""persisted_nonempty_hits"":0,""persisted_call_proofs"":0,""persisted_declines"":0,""projected_empty_hits"":0,""projected_empty_declines"":0,""input_image_checks"":0,""dependency_validations"":0,""reused_dependency_validations"":0,""graph_importers_initialized"":0,""graph_importers_prepared"":0,""empty_hits"":0,""primitive_hits"":0,""primitive_fallbacks"":0,""primitive_key_declined"":0,""nonempty_requests"":0,""requests"":0,""fresh_unit_requests"":0,""fresh_unit_hits"":0,""hits"":0,""changed_or_unsupported"":0,""missing"":0,""evidence_declined"":0,""options_declined"":0,""captured"":0,""fresh_regions"":0,""call_publications_replayed"":0}"
build/bench/cloud-principal-graphs/lexical-sources/provider-32-valid.blot,148b705812f6a243acf1555ad1b62d8314ebdfa7a93c28b50af6d6596131a73c,default,"[5967,6076,6077,6146,6201,6284,6299,6384,6637,6638,6685,6727,6888,7516,9269]","[6211,6310,6337,6360,6444,6528,6571,6688,6882,6902,6944,7023,7205,7732,9584]","[5066712,5066712,5066712,5066712,5066712,5066712,5066712,5066712,5066712,5066712,5066712,5066712,5066712,5066712,5066712]","[1189360,1189360,1189360,1189360,1189360,1189360,1189360,1189360,1189360,1189360,1189360,1189360,1189360,1189360,1189360]","{""semantic_component_batches"":0,""semantic_component_jobs"":0,""max_semantic_component_workers"":0,""inference_regions"":229,""canonical_specialization_queries"":32,""canonical_specialization_hits"":0,""solver_requested_bytes"":397888,""solver_allocations"":1553,""scratch_requested_bytes"":447772,""scratch_allocations"":2954,""max_solver_live_bytes"":3264,""max_scratch_live_bytes"":2880,""evidence_import_solver_bytes"":0,""evidence_import_scratch_bytes"":12800,""snapshot_copy_bytes"":0,""snapshot_copy_allocations"":0,""principal_copy_buffer_bytes"":0,""principal_copy_buffer_allocations"":0,""frozen_capture_temporary_bytes"":0,""frozen_capture_published_bytes"":256,""frozen_edge_scratch_bytes"":512,""region_scopes"":455,""max_region_scopes"":4,""call_collections_closed"":65,""call_collections_unresolved"":0,""call_memo_hits"":164,""solver_passes"":333,""solver_constraint_visits"":205,""occurs_steps"":0}",null,"{""persisted_requests"":0,""persisted_hits"":0,""persisted_nonempty_hits"":0,""persisted_call_proofs"":0,""persisted_declines"":0,""projected_empty_hits"":0,""projected_empty_declines"":0,""input_image_checks"":0,""dependency_validations"":0,""reused_dependency_validations"":0,""graph_importers_initialized"":0,""graph_importers_prepared"":0,""empty_hits"":0,""primitive_hits"":0,""primitive_fallbacks"":0,""primitive_key_declined"":0,""nonempty_requests"":0,""requests"":0,""fresh_unit_requests"":0,""fresh_unit_hits"":0,""hits"":0,""changed_or_unsupported"":0,""missing"":0,""evidence_declined"":0,""options_declined"":0,""captured"":0,""fresh_regions"":0,""call_publications_replayed"":0}"
build/bench/cloud-principal-graphs/lexical-sources/provider-8-valid.blot,63fd3000ae3003deb49ac9e6b1c4ee16d959d8e2beb9d5cded11d8267fabe528,baseline,"[4320,4414,4475,4578,4611,4662,4871,4924,4960,4983,5243,5303,5859,5954,5978]","[4540,4631,4672,4807,4852,4878,5092,5206,5226,5302,5465,5551,6150,6181,6210]","[3635802,3635802,3635802,3635802,3635802,3635802,3635802,3635802,3635802,3635802,3635802,3635802,3635802,3635802,3635802]","[1062481,1062481,1062481,1062481,1062481,1062481,1062481,1062481,1062481,1062481,1062481,1062481,1062481,1062481,1062481]","{""semantic_component_batches"":0,""semantic_component_jobs"":0,""max_semantic_component_workers"":0,""inference_regions"":61,""canonical_specialization_queries"":8,""canonical_specialization_hits"":0,""solver_requested_bytes"":107872,""solver_allocations"":425,""scratch_requested_bytes"":121084,""scratch_allocations"":794,""max_solver_live_bytes"":3264,""max_scratch_live_bytes"":2880,""evidence_import_solver_bytes"":0,""evidence_import_scratch_bytes"":3584,""snapshot_copy_bytes"":0,""snapshot_copy_allocations"":0,""principal_copy_buffer_bytes"":0,""principal_copy_buffer_allocations"":0,""frozen_capture_temporary_bytes"":0,""frozen_capture_published_bytes"":64,""frozen_edge_scratch_bytes"":128,""region_scopes"":119,""max_region_scopes"":4,""call_collections_closed"":17,""call_collections_unresolved"":0,""call_memo_hits"":44,""solver_passes"":93,""solver_constraint_visits"":61,""occurs_steps"":0}",null,"{""persisted_requests"":0,""persisted_hits"":0,""persisted_nonempty_hits"":0,""persisted_call_proofs"":0,""persisted_declines"":0,""projected_empty_hits"":0,""projected_empty_declines"":0,""input_image_checks"":0,""dependency_validations"":0,""reused_dependency_validations"":0,""graph_importers_initialized"":0,""graph_importers_prepared"":0,""empty_hits"":0,""primitive_hits"":0,""primitive_fallbacks"":0,""primitive_key_declined"":0,""nonempty_requests"":0,""requests"":0,""fresh_unit_requests"":0,""fresh_unit_hits"":0,""hits"":0,""changed_or_unsupported"":0,""missing"":0,""evidence_declined"":0,""options_declined"":0,""captured"":0,""fresh_regions"":0,""call_publications_replayed"":0}"
build/bench/cloud-principal-graphs/lexical-sources/provider-8-valid.blot,63fd3000ae3003deb49ac9e6b1c4ee16d959d8e2beb9d5cded11d8267fabe528,default,"[4154,4503,4585,4585,4598,4681,4695,4794,4823,5000,5113,5155,5186,5234,6005]","[4352,4791,4842,4849,4866,4914,4923,5034,5050,5287,5443,5474,5554,5798,6230]","[3635354,3635354,3635354,3635354,3635354,3635354,3635354,3635354,3635354,3635354,3635354,3635354,3635354,3635354,3635354]","[1062481,1062481,1062481,1062481,1062481,1062481,1062481,1062481,1062481,1062481,1062481,1062481,1062481,1062481,1062481]","{""semantic_component_batches"":0,""semantic_component_jobs"":0,""max_semantic_component_workers"":0,""inference_regions"":61,""canonical_specialization_queries"":8,""canonical_specialization_hits"":0,""solver_requested_bytes"":107872,""solver_allocations"":425,""scratch_requested_bytes"":121084,""scratch_allocations"":794,""max_solver_live_bytes"":3264,""max_scratch_live_bytes"":2880,""evidence_import_solver_bytes"":0,""evidence_import_scratch_bytes"":3584,""snapshot_copy_bytes"":0,""snapshot_copy_allocations"":0,""principal_copy_buffer_bytes"":0,""principal_copy_buffer_allocations"":0,""frozen_capture_temporary_bytes"":0,""frozen_capture_published_bytes"":64,""frozen_edge_scratch_bytes"":128,""region_scopes"":119,""max_region_scopes"":4,""call_collections_closed"":17,""call_collections_unresolved"":0,""call_memo_hits"":44,""solver_passes"":93,""solver_constraint_visits"":61,""occurs_steps"":0}",null,"{""persisted_requests"":0,""persisted_hits"":0,""persisted_nonempty_hits"":0,""persisted_call_proofs"":0,""persisted_declines"":0,""projected_empty_hits"":0,""projected_empty_declines"":0,""input_image_checks"":0,""dependency_validations"":0,""reused_dependency_validations"":0,""graph_importers_initialized"":0,""graph_importers_prepared"":0,""empty_hits"":0,""primitive_hits"":0,""primitive_fallbacks"":0,""primitive_key_declined"":0,""nonempty_requests"":0,""requests"":0,""fresh_unit_requests"":0,""fresh_unit_hits"":0,""hits"":0,""changed_or_unsupported"":0,""missing"":0,""evidence_declined"":0,""options_declined"":0,""captured"":0,""fresh_regions"":0,""call_publications_replayed"":0}"
build/bench/cloud-principal-graphs/component-sources/direct-8-valid.blot,ff92b5686827ea8bda6ce76129502552cd6f51383f804f6724f7942f6201acdc,baseline,"[980,997,1001,1005,1013,1014,1016,1028,1043,1059,1061,1081,1090,1281,1383]","[1173,1175,1196,1197,1200,1203,1204,1230,1240,1261,1289,1300,1362,1489,1643]","[289761,289761,289761,289761,289761,289761,289761,289761,289761,289761,289761,289761,289761,289761,289761]","[78068,78068,78068,78068,78068,78068,78068,78068,78068,78068,78068,78068,78068,78068,78068]","{""semantic_component_batches"":0,""semantic_component_jobs"":0,""max_semantic_component_workers"":0,""inference_regions"":19,""canonical_specialization_queries"":0,""canonical_specialization_hits"":0,""solver_requested_bytes"":27572,""solver_allocations"":126,""scratch_requested_bytes"":33808,""scratch_allocations"":165,""max_solver_live_bytes"":5232,""max_scratch_live_bytes"":7056,""evidence_import_solver_bytes"":0,""evidence_import_scratch_bytes"":128,""snapshot_copy_bytes"":0,""snapshot_copy_allocations"":0,""principal_copy_buffer_bytes"":0,""principal_copy_buffer_allocations"":0,""frozen_capture_temporary_bytes"":0,""frozen_capture_published_bytes"":0,""frozen_edge_scratch_bytes"":0,""region_scopes"":41,""max_region_scopes"":15,""call_collections_closed"":7,""call_collections_unresolved"":0,""call_memo_hits"":9,""solver_passes"":30,""solver_constraint_visits"":25,""occurs_steps"":0}",null,"{""persisted_requests"":0,""persisted_hits"":0,""persisted_nonempty_hits"":0,""persisted_call_proofs"":0,""persisted_declines"":0,""projected_empty_hits"":0,""projected_empty_declines"":0,""input_image_checks"":0,""dependency_validations"":0,""reused_dependency_validations"":0,""graph_importers_initialized"":0,""graph_importers_prepared"":0,""empty_hits"":0,""primitive_hits"":0,""primitive_fallbacks"":0,""primitive_key_declined"":0,""nonempty_requests"":0,""requests"":0,""fresh_unit_requests"":0,""fresh_unit_hits"":0,""hits"":0,""changed_or_unsupported"":0,""missing"":0,""evidence_declined"":0,""options_declined"":0,""captured"":0,""fresh_regions"":0,""call_publications_replayed"":0}"
build/bench/cloud-principal-graphs/component-sources/direct-8-valid.blot,ff92b5686827ea8bda6ce76129502552cd6f51383f804f6724f7942f6201acdc,default,"[902,907,954,956,972,993,1007,1023,1062,1112,1162,1193,1197,1212,1255]","[1081,1123,1146,1150,1189,1204,1207,1324,1356,1367,1394,1441,1454,1506,1538]","[289761,289761,289761,289761,289761,289761,289761,289761,289761,289761,289761,289761,289761,289761,289761]","[78068,78068,78068,78068,78068,78068,78068,78068,78068,78068,78068,78068,78068,78068,78068]","{""semantic_component_batches"":0,""semantic_component_jobs"":0,""max_semantic_component_workers"":0,""inference_regions"":19,""canonical_specialization_queries"":0,""canonical_specialization_hits"":0,""solver_requested_bytes"":27572,""solver_allocations"":126,""scratch_requested_bytes"":33808,""scratch_allocations"":165,""max_solver_live_bytes"":5232,""max_scratch_live_bytes"":7056,""evidence_import_solver_bytes"":0,""evidence_import_scratch_bytes"":128,""snapshot_copy_bytes"":0,""snapshot_copy_allocations"":0,""principal_copy_buffer_bytes"":0,""principal_copy_buffer_allocations"":0,""frozen_capture_temporary_bytes"":0,""frozen_capture_published_bytes"":0,""frozen_edge_scratch_bytes"":0,""region_scopes"":41,""max_region_scopes"":15,""call_collections_closed"":7,""call_collections_unresolved"":0,""call_memo_hits"":9,""solver_passes"":30,""solver_constraint_visits"":25,""occurs_steps"":0}",null,"{""persisted_requests"":0,""persisted_hits"":0,""persisted_nonempty_hits"":0,""persisted_call_proofs"":0,""persisted_declines"":0,""projected_empty_hits"":0,""projected_empty_declines"":0,""input_image_checks"":0,""dependency_validations"":0,""reused_dependency_validations"":0,""graph_importers_initialized"":0,""graph_importers_prepared"":0,""empty_hits"":0,""primitive_hits"":0,""primitive_fallbacks"":0,""primitive_key_declined"":0,""nonempty_requests"":0,""requests"":0,""fresh_unit_requests"":0,""fresh_unit_hits"":0,""hits"":0,""changed_or_unsupported"":0,""missing"":0,""evidence_declined"":0,""options_declined"":0,""captured"":0,""fresh_regions"":0,""call_publications_replayed"":0}"
build/bench/cloud-principal-graphs/component-sources/callback-8-valid.blot,265eb44aa0bf4fb57ecc50aaec8e00ad0c58d7bff7275964a4370f1c6d313ac9,baseline,"[1092,1096,1105,1108,1127,1136,1141,1173,1174,1191,1219,1225,1454,1458,1530]","[1260,1273,1290,1323,1365,1378,1391,1412,1420,1425,1485,1618,1636,1647,1721]","[414944,414944,414944,414944,414944,414944,414944,414944,414944,414944,414944,414944,414944,414944,414944]","[129175,129175,129175,129175,129175,129175,129175,129175,129175,129175,129175,129175,129175,129175,129175]","{""semantic_component_batches"":0,""semantic_component_jobs"":0,""max_semantic_component_workers"":0,""inference_regions"":22,""canonical_specialization_queries"":0,""canonical_specialization_hits"":0,""solver_requested_bytes"":59588,""solver_allocations"":216,""scratch_requested_bytes"":60932,""scratch_allocations"":283,""max_solver_live_bytes"":11548,""max_scratch_live_bytes"":12008,""evidence_import_solver_bytes"":0,""evidence_import_scratch_bytes"":512,""snapshot_copy_bytes"":0,""snapshot_copy_allocations"":0,""principal_copy_buffer_bytes"":0,""principal_copy_buffer_allocations"":0,""frozen_capture_temporary_bytes"":0,""frozen_capture_published_bytes"":0,""frozen_edge_scratch_bytes"":0,""region_scopes"":52,""max_region_scopes"":15,""call_collections_closed"":7,""call_collections_unresolved"":0,""call_memo_hits"":24,""solver_passes"":36,""solver_constraint_visits"":70,""occurs_steps"":22}",null,"{""persisted_requests"":0,""persisted_hits"":0,""persisted_nonempty_hits"":0,""persisted_call_proofs"":0,""persisted_declines"":0,""projected_empty_hits"":0,""projected_empty_declines"":0,""input_image_checks"":0,""dependency_validations"":0,""reused_dependency_validations"":0,""graph_importers_initialized"":0,""graph_importers_prepared"":0,""empty_hits"":0,""primitive_hits"":0,""primitive_fallbacks"":0,""primitive_key_declined"":0,""nonempty_requests"":0,""requests"":0,""fresh_unit_requests"":0,""fresh_unit_hits"":0,""hits"":0,""changed_or_unsupported"":0,""missing"":0,""evidence_declined"":0,""options_declined"":0,""captured"":0,""fresh_regions"":0,""call_publications_replayed"":0}"
build/bench/cloud-principal-graphs/component-sources/callback-8-valid.blot,265eb44aa0bf4fb57ecc50aaec8e00ad0c58d7bff7275964a4370f1c6d313ac9,default,"[1034,1069,1118,1131,1137,1160,1189,1198,1244,1263,1268,1353,1355,1364,1678]","[1248,1302,1304,1331,1385,1391,1431,1434,1438,1447,1461,1541,1557,1587,1866]","[414944,414944,414944,414944,414944,414944,414944,414944,414944,414944,414944,414944,414944,414944,414944]","[129175,129175,129175,129175,129175,129175,129175,129175,129175,129175,129175,129175,129175,129175,129175]","{""semantic_component_batches"":0,""semantic_component_jobs"":0,""max_semantic_component_workers"":0,""inference_regions"":22,""canonical_specialization_queries"":0,""canonical_specialization_hits"":0,""solver_requested_bytes"":59588,""solver_allocations"":216,""scratch_requested_bytes"":60932,""scratch_allocations"":283,""max_solver_live_bytes"":11548,""max_scratch_live_bytes"":12008,""evidence_import_solver_bytes"":0,""evidence_import_scratch_bytes"":512,""snapshot_copy_bytes"":0,""snapshot_copy_allocations"":0,""principal_copy_buffer_bytes"":0,""principal_copy_buffer_allocations"":0,""frozen_capture_temporary_bytes"":0,""frozen_capture_published_bytes"":0,""frozen_edge_scratch_bytes"":0,""region_scopes"":52,""max_region_scopes"":15,""call_collections_closed"":7,""call_collections_unresolved"":0,""call_memo_hits"":24,""solver_passes"":36,""solver_constraint_visits"":70,""occurs_steps"":22}",null,"{""persisted_requests"":0,""persisted_hits"":0,""persisted_nonempty_hits"":0,""persisted_call_proofs"":0,""persisted_declines"":0,""projected_empty_hits"":0,""projected_empty_declines"":0,""input_image_checks"":0,""dependency_validations"":0,""reused_dependency_validations"":0,""graph_importers_initialized"":0,""graph_importers_prepared"":0,""empty_hits"":0,""primitive_hits"":0,""primitive_fallbacks"":0,""primitive_key_declined"":0,""nonempty_requests"":0,""requests"":0,""fresh_unit_requests"":0,""fresh_unit_hits"":0,""hits"":0,""changed_or_unsupported"":0,""missing"":0,""evidence_declined"":0,""options_declined"":0,""captured"":0,""fresh_regions"":0,""call_publications_replayed"":0}"
build/bench/cloud-principal-graphs/component-sources/diamond-8-valid.blot,8a100a318811df8df4a4da5c42ed3d534c4e6ceb7fe15581db0abb3f39a756be,baseline,"[2640,2700,2743,2761,2798,2813,2813,2824,2935,3079,3112,3184,3477,3638,4103]","[2818,2876,2955,2964,2982,2997,3014,3046,3118,3300,3336,3377,3744,3846,4325]","[1445723,1445723,1445723,1445723,1445723,1445723,1445723,1445723,1445723,1445723,1445723,1445723,1445723,1445723,1445723]","[278277,278277,278277,278277,278277,278277,278277,278277,278277,278277,278277,278277,278277,278277,278277]","{""semantic_component_batches"":0,""semantic_component_jobs"":0,""max_semantic_component_workers"":0,""inference_regions"":59,""canonical_specialization_queries"":0,""canonical_specialization_hits"":0,""solver_requested_bytes"":397940,""solver_allocations"":646,""scratch_requested_bytes"":668832,""scratch_allocations"":1163,""max_solver_live_bytes"":15748,""max_scratch_live_bytes"":24672,""evidence_import_solver_bytes"":0,""evidence_import_scratch_bytes"":128,""snapshot_copy_bytes"":0,""snapshot_copy_allocations"":0,""principal_copy_buffer_bytes"":0,""principal_copy_buffer_allocations"":0,""frozen_capture_temporary_bytes"":0,""frozen_capture_published_bytes"":0,""frozen_edge_scratch_bytes"":0,""region_scopes"":586,""max_region_scopes"":46,""call_collections_closed"":311,""call_collections_unresolved"":0,""call_memo_hits"":289,""solver_passes"":117,""solver_constraint_visits"":576,""occurs_steps"":0}",null,"{""persisted_requests"":0,""persisted_hits"":0,""persisted_nonempty_hits"":0,""persisted_call_proofs"":0,""persisted_declines"":0,""projected_empty_hits"":0,""projected_empty_declines"":0,""input_image_checks"":0,""dependency_validations"":0,""reused_dependency_validations"":0,""graph_importers_initialized"":0,""graph_importers_prepared"":0,""empty_hits"":0,""primitive_hits"":0,""primitive_fallbacks"":0,""primitive_key_declined"":0,""nonempty_requests"":0,""requests"":0,""fresh_unit_requests"":0,""fresh_unit_hits"":0,""hits"":0,""changed_or_unsupported"":0,""missing"":0,""evidence_declined"":0,""options_declined"":0,""captured"":0,""fresh_regions"":0,""call_publications_replayed"":0}"
build/bench/cloud-principal-graphs/component-sources/diamond-8-valid.blot,8a100a318811df8df4a4da5c42ed3d534c4e6ceb7fe15581db0abb3f39a756be,default,"[2636,2647,2725,2730,2753,2802,2840,2918,2949,2994,3064,3162,3251,3545,4181]","[2816,2820,2907,2932,2939,2993,3134,3146,3147,3258,3295,3356,3439,3946,4489]","[1445723,1445723,1445723,1445723,1445723,1445723,1445723,1445723,1445723,1445723,1445723,1445723,1445723,1445723,1445723]","[278277,278277,278277,278277,278277,278277,278277,278277,278277,278277,278277,278277,278277,278277,278277]","{""semantic_component_batches"":0,""semantic_component_jobs"":0,""max_semantic_component_workers"":0,""inference_regions"":59,""canonical_specialization_queries"":0,""canonical_specialization_hits"":0,""solver_requested_bytes"":397940,""solver_allocations"":646,""scratch_requested_bytes"":668832,""scratch_allocations"":1163,""max_solver_live_bytes"":15748,""max_scratch_live_bytes"":24672,""evidence_import_solver_bytes"":0,""evidence_import_scratch_bytes"":128,""snapshot_copy_bytes"":0,""snapshot_copy_allocations"":0,""principal_copy_buffer_bytes"":0,""principal_copy_buffer_allocations"":0,""frozen_capture_temporary_bytes"":0,""frozen_capture_published_bytes"":0,""frozen_edge_scratch_bytes"":0,""region_scopes"":586,""max_region_scopes"":46,""call_collections_closed"":311,""call_collections_unresolved"":0,""call_memo_hits"":289,""solver_passes"":117,""solver_constraint_visits"":576,""occurs_steps"":0}",null,"{""persisted_requests"":0,""persisted_hits"":0,""persisted_nonempty_hits"":0,""persisted_call_proofs"":0,""persisted_declines"":0,""projected_empty_hits"":0,""projected_empty_declines"":0,""input_image_checks"":0,""dependency_validations"":0,""reused_dependency_validations"":0,""graph_importers_initialized"":0,""graph_importers_prepared"":0,""empty_hits"":0,""primitive_hits"":0,""primitive_fallbacks"":0,""primitive_key_declined"":0,""nonempty_requests"":0,""requests"":0,""fresh_unit_requests"":0,""fresh_unit_hits"":0,""hits"":0,""changed_or_unsupported"":0,""missing"":0,""evidence_declined"":0,""options_declined"":0,""captured"":0,""fresh_regions"":0,""call_publications_replayed"":0}"
build/bench/cloud-principal-graphs/component-sources/direct-32-valid.blot,226da25797175ca6d6519533095bca7f61b8e836a7fae9c8f58b65cc77b31a82,baseline,"[1699,1716,1760,1850,1853,1854,1896,1943,1946,2030,2060,2069,2229,2267,2461]","[1892,1931,1975,2037,2037,2091,2100,2122,2144,2257,2266,2359,2423,2489,2671]","[1148395,1148395,1148395,1148395,1148395,1148395,1148395,1148395,1148395,1148395,1148395,1148395,1148395,1148395,1148395]","[296549,296549,296549,296549,296549,296549,296549,296549,296549,296549,296549,296549,296549,296549,296549]","{""semantic_component_batches"":0,""semantic_component_jobs"":0,""max_semantic_component_workers"":0,""inference_regions"":67,""canonical_specialization_queries"":0,""canonical_specialization_hits"":0,""solver_requested_bytes"":107944,""solver_allocations"":447,""scratch_requested_bytes"":143504,""scratch_allocations"":554,""max_solver_live_bytes"":17188,""max_scratch_live_bytes"":29392,""evidence_import_solver_bytes"":0,""evidence_import_scratch_bytes"":128,""snapshot_copy_bytes"":0,""snapshot_copy_allocations"":0,""principal_copy_buffer_bytes"":0,""principal_copy_buffer_allocations"":0,""frozen_capture_temporary_bytes"":0,""frozen_capture_published_bytes"":0,""frozen_edge_scratch_bytes"":0,""region_scopes"":161,""max_region_scopes"":63,""call_collections_closed"":31,""call_collections_unresolved"":0,""call_memo_hits"":33,""solver_passes"":102,""solver_constraint_visits"":97,""occurs_steps"":0}",null,"{""persisted_requests"":0,""persisted_hits"":0,""persisted_nonempty_hits"":0,""persisted_call_proofs"":0,""persisted_declines"":0,""projected_empty_hits"":0,""projected_empty_declines"":0,""input_image_checks"":0,""dependency_validations"":0,""reused_dependency_validations"":0,""graph_importers_initialized"":0,""graph_importers_prepared"":0,""empty_hits"":0,""primitive_hits"":0,""primitive_fallbacks"":0,""primitive_key_declined"":0,""nonempty_requests"":0,""requests"":0,""fresh_unit_requests"":0,""fresh_unit_hits"":0,""hits"":0,""changed_or_unsupported"":0,""missing"":0,""evidence_declined"":0,""options_declined"":0,""captured"":0,""fresh_regions"":0,""call_publications_replayed"":0}"
build/bench/cloud-principal-graphs/component-sources/direct-32-valid.blot,226da25797175ca6d6519533095bca7f61b8e836a7fae9c8f58b65cc77b31a82,default,"[1714,1735,1774,1780,1799,1821,1878,1911,2085,2101,2131,2138,2139,2194,2328]","[1893,1911,1970,1978,2005,2056,2071,2089,2313,2316,2320,2321,2360,2460,2522]","[1148395,1148395,1148395,1148395,1148395,1148395,1148395,1148395,1148395,1148395,1148395,1148395,1148395,1148395,1148395]","[296549,296549,296549,296549,296549,296549,296549,296549,296549,296549,296549,296549,296549,296549,296549]","{""semantic_component_batches"":0,""semantic_component_jobs"":0,""max_semantic_component_workers"":0,""inference_regions"":67,""canonical_specialization_queries"":0,""canonical_specialization_hits"":0,""solver_requested_bytes"":107944,""solver_allocations"":447,""scratch_requested_bytes"":143504,""scratch_allocations"":554,""max_solver_live_bytes"":17188,""max_scratch_live_bytes"":29392,""evidence_import_solver_bytes"":0,""evidence_import_scratch_bytes"":128,""snapshot_copy_bytes"":0,""snapshot_copy_allocations"":0,""principal_copy_buffer_bytes"":0,""principal_copy_buffer_allocations"":0,""frozen_capture_temporary_bytes"":0,""frozen_capture_published_bytes"":0,""frozen_edge_scratch_bytes"":0,""region_scopes"":161,""max_region_scopes"":63,""call_collections_closed"":31,""call_collections_unresolved"":0,""call_memo_hits"":33,""solver_passes"":102,""solver_constraint_visits"":97,""occurs_steps"":0}",null,"{""persisted_requests"":0,""persisted_hits"":0,""persisted_nonempty_hits"":0,""persisted_call_proofs"":0,""persisted_declines"":0,""projected_empty_hits"":0,""projected_empty_declines"":0,""input_image_checks"":0,""dependency_validations"":0,""reused_dependency_validations"":0,""graph_importers_initialized"":0,""graph_importers_prepared"":0,""empty_hits"":0,""primitive_hits"":0,""primitive_fallbacks"":0,""primitive_key_declined"":0,""nonempty_requests"":0,""requests"":0,""fresh_unit_requests"":0,""fresh_unit_hits"":0,""hits"":0,""changed_or_unsupported"":0,""missing"":0,""evidence_declined"":0,""options_declined"":0,""captured"":0,""fresh_regions"":0,""call_publications_replayed"":0}"
build/bench/cloud-principal-graphs/component-sources/callback-32-valid.blot,506f003d956aa31689067d3e0938d6b02549a8967a19b005567b9f11ff8d77e3,baseline,"[2273,2409,2493,2497,2502,2506,2563,2572,2573,2641,2648,2660,2680,2801,3767]","[2479,2593,2671,2672,2690,2757,2781,2784,2789,2842,2857,2867,2885,3042,4039]","[1474616,1474616,1474616,1474616,1474616,1474616,1474616,1474616,1474616,1474616,1474616,1474616,1474616,1474616,1474616]","[401553,401553,401553,401553,401553,401553,401553,401553,401553,401553,401553,401553,401553,401553,401553]","{""semantic_component_batches"":0,""semantic_component_jobs"":0,""max_semantic_component_workers"":0,""inference_regions"":70,""canonical_specialization_queries"":0,""canonical_specialization_hits"":0,""solver_requested_bytes"":203392,""solver_allocations"":681,""scratch_requested_bytes"":228260,""scratch_allocations"":912,""max_solver_live_bytes"":33948,""max_scratch_live_bytes"":45788,""evidence_import_solver_bytes"":0,""evidence_import_scratch_bytes"":512,""snapshot_copy_bytes"":0,""snapshot_copy_allocations"":0,""principal_copy_buffer_bytes"":0,""principal_copy_buffer_allocations"":0,""frozen_capture_temporary_bytes"":0,""frozen_capture_published_bytes"":0,""frozen_edge_scratch_bytes"":0,""region_scopes"":196,""max_region_scopes"":63,""call_collections_closed"":31,""call_collections_unresolved"":0,""call_memo_hits"":96,""solver_passes"":108,""solver_constraint_visits"":286,""occurs_steps"":70}",null,"{""persisted_requests"":0,""persisted_hits"":0,""persisted_nonempty_hits"":0,""persisted_call_proofs"":0,""persisted_declines"":0,""projected_empty_hits"":0,""projected_empty_declines"":0,""input_image_checks"":0,""dependency_validations"":0,""reused_dependency_validations"":0,""graph_importers_initialized"":0,""graph_importers_prepared"":0,""empty_hits"":0,""primitive_hits"":0,""primitive_fallbacks"":0,""primitive_key_declined"":0,""nonempty_requests"":0,""requests"":0,""fresh_unit_requests"":0,""fresh_unit_hits"":0,""hits"":0,""changed_or_unsupported"":0,""missing"":0,""evidence_declined"":0,""options_declined"":0,""captured"":0,""fresh_regions"":0,""call_publications_replayed"":0}"
build/bench/cloud-principal-graphs/component-sources/callback-32-valid.blot,506f003d956aa31689067d3e0938d6b02549a8967a19b005567b9f11ff8d77e3,default,"[2261,2266,2297,2298,2430,2439,2452,2507,2516,2519,2615,2639,2728,2800,4701]","[2476,2487,2531,2618,2631,2644,2677,2727,2737,2797,2852,2855,2970,3021,4937]","[1474616,1474616,1474616,1474616,1474616,1474616,1474616,1474616,1474616,1474616,1474616,1474616,1474616,1474616,1474616]","[401553,401553,401553,401553,401553,401553,401553,401553,401553,401553,401553,401553,401553,401553,401553]","{""semantic_component_batches"":0,""semantic_component_jobs"":0,""max_semantic_component_workers"":0,""inference_regions"":70,""canonical_specialization_queries"":0,""canonical_specialization_hits"":0,""solver_requested_bytes"":203392,""solver_allocations"":681,""scratch_requested_bytes"":228260,""scratch_allocations"":912,""max_solver_live_bytes"":33948,""max_scratch_live_bytes"":45788,""evidence_import_solver_bytes"":0,""evidence_import_scratch_bytes"":512,""snapshot_copy_bytes"":0,""snapshot_copy_allocations"":0,""principal_copy_buffer_bytes"":0,""principal_copy_buffer_allocations"":0,""frozen_capture_temporary_bytes"":0,""frozen_capture_published_bytes"":0,""frozen_edge_scratch_bytes"":0,""region_scopes"":196,""max_region_scopes"":63,""call_collections_closed"":31,""call_collections_unresolved"":0,""call_memo_hits"":96,""solver_passes"":108,""solver_constraint_visits"":286,""occurs_steps"":70}",null,"{""persisted_requests"":0,""persisted_hits"":0,""persisted_nonempty_hits"":0,""persisted_call_proofs"":0,""persisted_declines"":0,""projected_empty_hits"":0,""projected_empty_declines"":0,""input_image_checks"":0,""dependency_validations"":0,""reused_dependency_validations"":0,""graph_importers_initialized"":0,""graph_importers_prepared"":0,""empty_hits"":0,""primitive_hits"":0,""primitive_fallbacks"":0,""primitive_key_declined"":0,""nonempty_requests"":0,""requests"":0,""fresh_unit_requests"":0,""fresh_unit_hits"":0,""hits"":0,""changed_or_unsupported"":0,""missing"":0,""evidence_declined"":0,""options_declined"":0,""captured"":0,""fresh_regions"":0,""call_publications_replayed"":0}"
build/bench/cloud-principal-graphs/component-sources/diamond-32-valid.blot,39dab5c6a11f84372424e9e5c5a8e192f01d314949147255076bf3a9716370d5,baseline,"[17998,18271,18301,18413,18773,18991,19009,19303,19953,20132,20289,21096,21567,22008,25752]","[18236,18501,18604,18675,19100,19347,19360,19564,20304,20477,20569,21373,21868,22449,26063]","[8500811,8500811,8500811,8500811,8500811,8500811,8500811,8500811,8500811,8500811,8500811,8500811,8500811,8500811,8500811]","[783752,783752,783752,783752,783752,783752,783752,783752,783752,783752,783752,783752,783752,783752,783752]","{""semantic_component_batches"":0,""semantic_component_jobs"":0,""max_semantic_component_workers"":0,""inference_regions"":201,""canonical_specialization_queries"":0,""canonical_specialization_hits"":0,""solver_requested_bytes"":3207424,""solver_allocations"":2394,""scratch_requested_bytes"":5851020,""scratch_allocations"":4267,""max_solver_live_bytes"":60040,""max_scratch_live_bytes"":96732,""evidence_import_solver_bytes"":0,""evidence_import_scratch_bytes"":0,""snapshot_copy_bytes"":0,""snapshot_copy_allocations"":0,""principal_copy_buffer_bytes"":0,""principal_copy_buffer_allocations"":0,""frozen_capture_temporary_bytes"":0,""frozen_capture_published_bytes"":0,""frozen_edge_scratch_bytes"":0,""region_scopes"":4952,""max_region_scopes"":190,""call_collections_closed"":2990,""call_collections_unresolved"":0,""call_memo_hits"":2119,""solver_passes"":366,""solver_constraint_visits"":5401,""occurs_steps"":0}",null,"{""persisted_requests"":0,""persisted_hits"":0,""persisted_nonempty_hits"":0,""persisted_call_proofs"":0,""persisted_declines"":0,""projected_empty_hits"":0,""projected_empty_declines"":0,""input_image_checks"":0,""dependency_validations"":0,""reused_dependency_validations"":0,""graph_importers_initialized"":0,""graph_importers_prepared"":0,""empty_hits"":0,""primitive_hits"":0,""primitive_fallbacks"":0,""primitive_key_declined"":0,""nonempty_requests"":0,""requests"":0,""fresh_unit_requests"":0,""fresh_unit_hits"":0,""hits"":0,""changed_or_unsupported"":0,""missing"":0,""evidence_declined"":0,""options_declined"":0,""captured"":0,""fresh_regions"":0,""call_publications_replayed"":0}"
build/bench/cloud-principal-graphs/component-sources/diamond-32-valid.blot,39dab5c6a11f84372424e9e5c5a8e192f01d314949147255076bf3a9716370d5,default,"[17602,17611,17805,17940,18410,18896,18916,19404,19616,19739,19766,20189,22006,22499,22599]","[17873,17947,18051,18231,18680,19161,19284,19689,19918,20013,20032,20474,22258,22863,23042]","[8500811,8500811,8500811,8500811,8500811,8500811,8500811,8500811,8500811,8500811,8500811,8500811,8500811,8500811,8500811]","[783752,783752,783752,783752,783752,783752,783752,783752,783752,783752,783752,783752,783752,783752,783752]","{""semantic_component_batches"":0,""semantic_component_jobs"":0,""max_semantic_component_workers"":0,""inference_regions"":201,""canonical_specialization_queries"":0,""canonical_specialization_hits"":0,""solver_requested_bytes"":3207424,""solver_allocations"":2394,""scratch_requested_bytes"":5851020,""scratch_allocations"":4267,""max_solver_live_bytes"":60040,""max_scratch_live_bytes"":96732,""evidence_import_solver_bytes"":0,""evidence_import_scratch_bytes"":0,""snapshot_copy_bytes"":0,""snapshot_copy_allocations"":0,""principal_copy_buffer_bytes"":0,""principal_copy_buffer_allocations"":0,""frozen_capture_temporary_bytes"":0,""frozen_capture_published_bytes"":0,""frozen_edge_scratch_bytes"":0,""region_scopes"":4952,""max_region_scopes"":190,""call_collections_closed"":2990,""call_collections_unresolved"":0,""call_memo_hits"":2119,""solver_passes"":366,""solver_constraint_visits"":5401,""occurs_steps"":0}",null,"{""persisted_requests"":0,""persisted_hits"":0,""persisted_nonempty_hits"":0,""persisted_call_proofs"":0,""persisted_declines"":0,""projected_empty_hits"":0,""projected_empty_declines"":0,""input_image_checks"":0,""dependency_validations"":0,""reused_dependency_validations"":0,""graph_importers_initialized"":0,""graph_importers_prepared"":0,""empty_hits"":0,""primitive_hits"":0,""primitive_fallbacks"":0,""primitive_key_declined"":0,""nonempty_requests"":0,""requests"":0,""fresh_unit_requests"":0,""fresh_unit_hits"":0,""hits"":0,""changed_or_unsupported"":0,""missing"":0,""evidence_declined"":0,""options_declined"":0,""captured"":0,""fresh_regions"":0,""call_publications_replayed"":0}"
build/bench/cloud-principal-graphs/component-sources/direct-128-valid.blot,43226289c837f680485587acdc8a22897d59612db85b728d777f228185c1567c,baseline,"[5791,5793,5830,6023,6061,6080,6108,6167,6370,6413,6485,6510,6868,7144,8526]","[6016,6026,6219,6271,6359,6377,6403,6425,6634,6682,6768,6856,7125,7419,8815]","[4429557,4429557,4429557,4429557,4429557,4429557,4429557,4429557,4429557,4429557,4429557,4429557,4429557,4429557,4429557]","[1073651,1073651,1073651,1073651,1073651,1073651,1073651,1073651,1073651,1073651,1073651,1073651,1073651,1073651,1073651]","{""semantic_component_batches"":0,""semantic_component_jobs"":0,""max_semantic_component_workers"":0,""inference_regions"":259,""canonical_specialization_queries"":0,""canonical_specialization_hits"":0,""solver_requested_bytes"":449576,""solver_allocations"":1704,""scratch_requested_bytes"":548572,""scratch_allocations"":2017,""max_solver_live_bytes"":90692,""max_scratch_live_bytes"":109724,""evidence_import_solver_bytes"":0,""evidence_import_scratch_bytes"":128,""snapshot_copy_bytes"":0,""snapshot_copy_allocations"":0,""principal_copy_buffer_bytes"":0,""principal_copy_buffer_allocations"":0,""frozen_capture_temporary_bytes"":0,""frozen_capture_published_bytes"":0,""frozen_edge_scratch_bytes"":0,""region_scopes"":641,""max_region_scopes"":255,""call_collections_closed"":127,""call_collections_unresolved"":0,""call_memo_hits"":129,""solver_passes"":390,""solver_constraint_visits"":385,""occurs_steps"":0}",null,"{""persisted_requests"":0,""persisted_hits"":0,""persisted_nonempty_hits"":0,""persisted_call_proofs"":0,""persisted_declines"":0,""projected_empty_hits"":0,""projected_empty_declines"":0,""input_image_checks"":0,""dependency_validations"":0,""reused_dependency_validations"":0,""graph_importers_initialized"":0,""graph_importers_prepared"":0,""empty_hits"":0,""primitive_hits"":0,""primitive_fallbacks"":0,""primitive_key_declined"":0,""nonempty_requests"":0,""requests"":0,""fresh_unit_requests"":0,""fresh_unit_hits"":0,""hits"":0,""changed_or_unsupported"":0,""missing"":0,""evidence_declined"":0,""options_declined"":0,""captured"":0,""fresh_regions"":0,""call_publications_replayed"":0}"
build/bench/cloud-principal-graphs/component-sources/direct-128-valid.blot,43226289c837f680485587acdc8a22897d59612db85b728d777f228185c1567c,default,"[5860,5870,5876,5888,5976,6102,6198,6356,6455,6507,6560,6685,6771,7228,11128]","[6111,6130,6150,6163,6321,6364,6439,6709,6740,6827,6885,6933,7070,7501,11440]","[4429557,4429557,4429557,4429557,4429557,4429557,4429557,4429557,4429557,4429557,4429557,4429557,4429557,4429557,4429557]","[1073651,1073651,1073651,1073651,1073651,1073651,1073651,1073651,1073651,1073651,1073651,1073651,1073651,1073651,1073651]","{""semantic_component_batches"":0,""semantic_component_jobs"":0,""max_semantic_component_workers"":0,""inference_regions"":259,""canonical_specialization_queries"":0,""canonical_specialization_hits"":0,""solver_requested_bytes"":449576,""solver_allocations"":1704,""scratch_requested_bytes"":548572,""scratch_allocations"":2017,""max_solver_live_bytes"":90692,""max_scratch_live_bytes"":109724,""evidence_import_solver_bytes"":0,""evidence_import_scratch_bytes"":128,""snapshot_copy_bytes"":0,""snapshot_copy_allocations"":0,""principal_copy_buffer_bytes"":0,""principal_copy_buffer_allocations"":0,""frozen_capture_temporary_bytes"":0,""frozen_capture_published_bytes"":0,""frozen_edge_scratch_bytes"":0,""region_scopes"":641,""max_region_scopes"":255,""call_collections_closed"":127,""call_collections_unresolved"":0,""call_memo_hits"":129,""solver_passes"":390,""solver_constraint_visits"":385,""occurs_steps"":0}",null,"{""persisted_requests"":0,""persisted_hits"":0,""persisted_nonempty_hits"":0,""persisted_call_proofs"":0,""persisted_declines"":0,""projected_empty_hits"":0,""projected_empty_declines"":0,""input_image_checks"":0,""dependency_validations"":0,""reused_dependency_validations"":0,""graph_importers_initialized"":0,""graph_importers_prepared"":0,""empty_hits"":0,""primitive_hits"":0,""primitive_fallbacks"":0,""primitive_key_declined"":0,""nonempty_requests"":0,""requests"":0,""fresh_unit_requests"":0,""fresh_unit_hits"":0,""hits"":0,""changed_or_unsupported"":0,""missing"":0,""evidence_declined"":0,""options_declined"":0,""captured"":0,""fresh_regions"":0,""call_publications_replayed"":0}"
build/bench/cloud-principal-graphs/component-sources/callback-128-valid.blot,3ab5190808483b2fdfe339d18c20f500a2384ad7956091ca053007858f44adf2,baseline,"[7962,8075,8161,8270,8445,8490,8496,8541,8778,8791,9022,9386,9594,9609,9881]","[8212,8323,8411,8494,8772,8852,8924,9027,9211,9238,9344,9724,9862,9864,10153]","[5551019,5551019,5551019,5551019,5551019,5551019,5551019,5551019,5551019,5551019,5551019,5551019,5551019,5551019,5551019]","[1503438,1503438,1503438,1503438,1503438,1503438,1503438,1503438,1503438,1503438,1503438,1503438,1503438,1503438,1503438]","{""semantic_component_batches"":0,""semantic_component_jobs"":0,""max_semantic_component_workers"":0,""inference_regions"":262,""canonical_specialization_queries"":0,""canonical_specialization_hits"":0,""solver_requested_bytes"":867408,""solver_allocations"":2517,""scratch_requested_bytes"":952156,""scratch_allocations"":3336,""max_solver_live_bytes"":211756,""max_scratch_live_bytes"":213772,""evidence_import_solver_bytes"":0,""evidence_import_scratch_bytes"":512,""snapshot_copy_bytes"":0,""snapshot_copy_allocations"":0,""principal_copy_buffer_bytes"":0,""principal_copy_buffer_allocations"":0,""frozen_capture_temporary_bytes"":0,""frozen_capture_published_bytes"":0,""frozen_edge_scratch_bytes"":0,""region_scopes"":772,""max_region_scopes"":255,""call_collections_closed"":127,""call_collections_unresolved"":0,""call_memo_hits"":384,""solver_passes"":396,""solver_constraint_visits"":1150,""occurs_steps"":262}",null,"{""persisted_requests"":0,""persisted_hits"":0,""persisted_nonempty_hits"":0,""persisted_call_proofs"":0,""persisted_declines"":0,""projected_empty_hits"":0,""projected_empty_declines"":0,""input_image_checks"":0,""dependency_validations"":0,""reused_dependency_validations"":0,""graph_importers_initialized"":0,""graph_importers_prepared"":0,""empty_hits"":0,""primitive_hits"":0,""primitive_fallbacks"":0,""primitive_key_declined"":0,""nonempty_requests"":0,""requests"":0,""fresh_unit_requests"":0,""fresh_unit_hits"":0,""hits"":0,""changed_or_unsupported"":0,""missing"":0,""evidence_declined"":0,""options_declined"":0,""captured"":0,""fresh_regions"":0,""call_publications_replayed"":0}"
build/bench/cloud-principal-graphs/component-sources/callback-128-valid.blot,3ab5190808483b2fdfe339d18c20f500a2384ad7956091ca053007858f44adf2,default,"[7974,7994,8256,8262,8437,8635,8905,9014,9053,9074,9265,9822,10434,10444,10642]","[8209,8414,8511,8664,8676,8969,9149,9318,9384,9395,9504,10080,10697,10703,11144]","[5551019,5551019,5551019,5551019,5551019,5551019,5551019,5551019,5551019,5551019,5551019,5551019,5551019,5551019,5551019]","[1503438,1503438,1503438,1503438,1503438,1503438,1503438,1503438,1503438,1503438,1503438,1503438,1503438,1503438,1503438]","{""semantic_component_batches"":0,""semantic_component_jobs"":0,""max_semantic_component_workers"":0,""inference_regions"":262,""canonical_specialization_queries"":0,""canonical_specialization_hits"":0,""solver_requested_bytes"":867408,""solver_allocations"":2517,""scratch_requested_bytes"":952156,""scratch_allocations"":3336,""max_solver_live_bytes"":211756,""max_scratch_live_bytes"":213772,""evidence_import_solver_bytes"":0,""evidence_import_scratch_bytes"":512,""snapshot_copy_bytes"":0,""snapshot_copy_allocations"":0,""principal_copy_buffer_bytes"":0,""principal_copy_buffer_allocations"":0,""frozen_capture_temporary_bytes"":0,""frozen_capture_published_bytes"":0,""frozen_edge_scratch_bytes"":0,""region_scopes"":772,""max_region_scopes"":255,""call_collections_closed"":127,""call_collections_unresolved"":0,""call_memo_hits"":384,""solver_passes"":396,""solver_constraint_visits"":1150,""occurs_steps"":262}",null,"{""persisted_requests"":0,""persisted_hits"":0,""persisted_nonempty_hits"":0,""persisted_call_proofs"":0,""persisted_declines"":0,""projected_empty_hits"":0,""projected_empty_declines"":0,""input_image_checks"":0,""dependency_validations"":0,""reused_dependency_validations"":0,""graph_importers_initialized"":0,""graph_importers_prepared"":0,""empty_hits"":0,""primitive_hits"":0,""primitive_fallbacks"":0,""primitive_key_declined"":0,""nonempty_requests"":0,""requests"":0,""fresh_unit_requests"":0,""fresh_unit_hits"":0,""hits"":0,""changed_or_unsupported"":0,""missing"":0,""evidence_declined"":0,""options_declined"":0,""captured"":0,""fresh_regions"":0,""call_publications_replayed"":0}"
build/bench/cloud-principal-graphs/component-sources/diamond-128-valid.blot,72e16908893226eb28e34fdbe1041ecaafa11b1cd9d61270071808d88b625055,baseline,"[25155,25338,25761,25957,26186,26291,26781,26900,26998,27347,27914,28523,29188,30438,33314]","[25681,25785,26052,26238,26604,26643,27114,27231,27429,27704,28231,28788,29508,30727,33878]","[13246562,13246562,13246562,13246562,13246562,13246562,13246562,13246562,13246562,13246562,13246562,13246562,13246562,13246562,13246562]","[2876771,2876771,2876771,2876771,2876771,2876771,2876771,2876771,2876771,2876771,2876771,2876771,2876771,2876771,2876771]","{""semantic_component_batches"":0,""semantic_component_jobs"":0,""max_semantic_component_workers"":0,""inference_regions"":647,""canonical_specialization_queries"":0,""canonical_specialization_hits"":0,""solver_requested_bytes"":2619872,""solver_allocations"":4377,""scratch_requested_bytes"":4542604,""scratch_allocations"":5175,""max_solver_live_bytes"":226084,""max_scratch_live_bytes"":339872,""evidence_import_solver_bytes"":0,""evidence_import_scratch_bytes"":0,""snapshot_copy_bytes"":0,""snapshot_copy_allocations"":0,""principal_copy_buffer_bytes"":0,""principal_copy_buffer_allocations"":0,""frozen_capture_temporary_bytes"":0,""frozen_capture_published_bytes"":0,""frozen_edge_scratch_bytes"":0,""region_scopes"":4097,""max_region_scopes"":766,""call_collections_closed"":2044,""call_collections_unresolved"":0,""call_memo_hits"":1164,""solver_passes"":919,""solver_constraint_visits"":4418,""occurs_steps"":0}",null,"{""persisted_requests"":0,""persisted_hits"":0,""persisted_nonempty_hits"":0,""persisted_call_proofs"":0,""persisted_declines"":0,""projected_empty_hits"":0,""projected_empty_declines"":0,""input_image_checks"":0,""dependency_validations"":0,""reused_dependency_validations"":0,""graph_importers_initialized"":0,""graph_importers_prepared"":0,""empty_hits"":0,""primitive_hits"":0,""primitive_fallbacks"":0,""primitive_key_declined"":0,""nonempty_requests"":0,""requests"":0,""fresh_unit_requests"":0,""fresh_unit_hits"":0,""hits"":0,""changed_or_unsupported"":0,""missing"":0,""evidence_declined"":0,""options_declined"":0,""captured"":0,""fresh_regions"":0,""call_publications_replayed"":0}"
build/bench/cloud-principal-graphs/component-sources/diamond-128-valid.blot,72e16908893226eb28e34fdbe1041ecaafa11b1cd9d61270071808d88b625055,default,"[25018,25593,25932,25960,27339,27350,27899,28337,28624,28779,28925,29225,29579,29778,34459]","[25405,25972,26278,26291,27657,27700,28249,28667,29049,29263,29316,29540,29868,30095,35000]","[13246562,13246562,13246562,13246562,13246562,13246562,13246562,13246562,13246562,13246562,13246562,13246562,13246562,13246562,13246562]","[2876771,2876771,2876771,2876771,2876771,2876771,2876771,2876771,2876771,2876771,2876771,2876771,2876771,2876771,2876771]","{""semantic_component_batches"":0,""semantic_component_jobs"":0,""max_semantic_component_workers"":0,""inference_regions"":647,""canonical_specialization_queries"":0,""canonical_specialization_hits"":0,""solver_requested_bytes"":2619872,""solver_allocations"":4377,""scratch_requested_bytes"":4542604,""scratch_allocations"":5175,""max_solver_live_bytes"":226084,""max_scratch_live_bytes"":339872,""evidence_import_solver_bytes"":0,""evidence_import_scratch_bytes"":0,""snapshot_copy_bytes"":0,""snapshot_copy_allocations"":0,""principal_copy_buffer_bytes"":0,""principal_copy_buffer_allocations"":0,""frozen_capture_temporary_bytes"":0,""frozen_capture_published_bytes"":0,""frozen_edge_scratch_bytes"":0,""region_scopes"":4097,""max_region_scopes"":766,""call_collections_closed"":2044,""call_collections_unresolved"":0,""call_memo_hits"":1164,""solver_passes"":919,""solver_constraint_visits"":4418,""occurs_steps"":0}",null,"{""persisted_requests"":0,""persisted_hits"":0,""persisted_nonempty_hits"":0,""persisted_call_proofs"":0,""persisted_declines"":0,""projected_empty_hits"":0,""projected_empty_declines"":0,""input_image_checks"":0,""dependency_validations"":0,""reused_dependency_validations"":0,""graph_importers_initialized"":0,""graph_importers_prepared"":0,""empty_hits"":0,""primitive_hits"":0,""primitive_fallbacks"":0,""primitive_key_declined"":0,""nonempty_requests"":0,""requests"":0,""fresh_unit_requests"":0,""fresh_unit_hits"":0,""hits"":0,""changed_or_unsupported"":0,""missing"":0,""evidence_declined"":0,""options_declined"":0,""captured"":0,""fresh_regions"":0,""call_publications_replayed"":0}"
build/bench/cloud-principal-graphs/component-sources/forward-generic-300-valid.blot,91cb83d5909281b036cb2e29b6db31567767ad9145e1d079152b4c9d27a33c4f,baseline,"[8708,9155,9331,9338,9356,9382,9615,9668,9764,9891,10111,10322,10637,11948,19555]","[8985,9612,9622,9639,9657,9700,9878,9959,10134,10178,10388,10637,10927,12278,20137]","[6893214,6893214,6893214,6893214,6893214,6893214,6893214,6893214,6893214,6893214,6893214,6893214,6893214,6893214,6893214]","[2428603,2428603,2428603,2428603,2428603,2428603,2428603,2428603,2428603,2428603,2428603,2428603,2428603,2428603,2428603]","{""semantic_component_batches"":0,""semantic_component_jobs"":0,""max_semantic_component_workers"":0,""inference_regions"":604,""canonical_specialization_queries"":0,""canonical_specialization_hits"":0,""solver_requested_bytes"":1097700,""solver_allocations"":6637,""scratch_requested_bytes"":858068,""scratch_allocations"":5431,""max_solver_live_bytes"":1820,""max_scratch_live_bytes"":1816,""evidence_import_solver_bytes"":0,""evidence_import_scratch_bytes"":38528,""snapshot_copy_bytes"":0,""snapshot_copy_allocations"":0,""principal_copy_buffer_bytes"":0,""principal_copy_buffer_allocations"":0,""frozen_capture_temporary_bytes"":0,""frozen_capture_published_bytes"":0,""frozen_edge_scratch_bytes"":0,""region_scopes"":905,""max_region_scopes"":2,""call_collections_closed"":0,""call_collections_unresolved"":0,""call_memo_hits"":301,""solver_passes"":1507,""solver_constraint_visits"":903,""occurs_steps"":903}",null,"{""persisted_requests"":0,""persisted_hits"":0,""persisted_nonempty_hits"":0,""persisted_call_proofs"":0,""persisted_declines"":0,""projected_empty_hits"":0,""projected_empty_declines"":0,""input_image_checks"":0,""dependency_validations"":0,""reused_dependency_validations"":0,""graph_importers_initialized"":0,""graph_importers_prepared"":0,""empty_hits"":0,""primitive_hits"":0,""primitive_fallbacks"":0,""primitive_key_declined"":0,""nonempty_requests"":0,""requests"":0,""fresh_unit_requests"":0,""fresh_unit_hits"":0,""hits"":0,""changed_or_unsupported"":0,""missing"":0,""evidence_declined"":0,""options_declined"":0,""captured"":0,""fresh_regions"":0,""call_publications_replayed"":0}"
build/bench/cloud-principal-graphs/component-sources/forward-generic-300-valid.blot,91cb83d5909281b036cb2e29b6db31567767ad9145e1d079152b4c9d27a33c4f,default,"[8432,9246,9260,9262,9274,9615,9701,9898,10128,10415,10970,11038,11331,11836,18096]","[8700,9505,9530,9569,9618,9900,10006,10393,10469,10705,11281,11406,11635,12150,18459]","[6893214,6893214,6893214,6893214,6893214,6893214,6893214,6893214,6893214,6893214,6893214,6893214,6893214,6893214,6893214]","[2428603,2428603,2428603,2428603,2428603,2428603,2428603,2428603,2428603,2428603,2428603,2428603,2428603,2428603,2428603]","{""semantic_component_batches"":0,""semantic_component_jobs"":0,""max_semantic_component_workers"":0,""inference_regions"":604,""canonical_specialization_queries"":0,""canonical_specialization_hits"":0,""solver_requested_bytes"":1097700,""solver_allocations"":6637,""scratch_requested_bytes"":858068,""scratch_allocations"":5431,""max_solver_live_bytes"":1820,""max_scratch_live_bytes"":1816,""evidence_import_solver_bytes"":0,""evidence_import_scratch_bytes"":38528,""snapshot_copy_bytes"":0,""snapshot_copy_allocations"":0,""principal_copy_buffer_bytes"":0,""principal_copy_buffer_allocations"":0,""frozen_capture_temporary_bytes"":0,""frozen_capture_published_bytes"":0,""frozen_edge_scratch_bytes"":0,""region_scopes"":905,""max_region_scopes"":2,""call_collections_closed"":0,""call_collections_unresolved"":0,""call_memo_hits"":301,""solver_passes"":1507,""solver_constraint_visits"":903,""occurs_steps"":903}",null,"{""persisted_requests"":0,""persisted_hits"":0,""persisted_nonempty_hits"":0,""persisted_call_proofs"":0,""persisted_declines"":0,""projected_empty_hits"":0,""projected_empty_declines"":0,""input_image_checks"":0,""dependency_validations"":0,""reused_dependency_validations"":0,""graph_importers_initialized"":0,""graph_importers_prepared"":0,""empty_hits"":0,""primitive_hits"":0,""primitive_fallbacks"":0,""primitive_key_declined"":0,""nonempty_requests"":0,""requests"":0,""fresh_unit_requests"":0,""fresh_unit_hits"":0,""hits"":0,""changed_or_unsupported"":0,""missing"":0,""evidence_declined"":0,""options_declined"":0,""captured"":0,""fresh_regions"":0,""call_publications_replayed"":0}"
build/bench/cloud-principal-graphs/component-sources/forward-mono-300-valid.blot,77a373a73d6b8f0e64b6ff72761b9eb25726001f8b1d4e128f28deba0b654414,baseline,"[7712,7894,7938,7987,7989,7991,8064,8125,8135,8359,9000,10018,10286,10608,12248]","[7956,8140,8219,8242,8259,8331,8378,8433,8488,8634,9311,10493,10617,10992,12636]","[6398657,6398657,6398657,6398657,6398657,6398657,6398657,6398657,6398657,6398657,6398657,6398657,6398657,6398657,6398657]","[2397874,2397874,2397874,2397874,2397874,2397874,2397874,2397874,2397874,2397874,2397874,2397874,2397874,2397874,2397874]","{""semantic_component_batches"":0,""semantic_component_jobs"":0,""max_semantic_component_workers"":0,""inference_regions"":604,""canonical_specialization_queries"":0,""canonical_specialization_hits"":0,""solver_requested_bytes"":688104,""solver_allocations"":3924,""scratch_requested_bytes"":817000,""scratch_allocations"":4828,""max_solver_live_bytes"":1224,""max_scratch_live_bytes"":1816,""evidence_import_solver_bytes"":0,""evidence_import_scratch_bytes"":38528,""snapshot_copy_bytes"":0,""snapshot_copy_allocations"":0,""principal_copy_buffer_bytes"":0,""principal_copy_buffer_allocations"":0,""frozen_capture_temporary_bytes"":0,""frozen_capture_published_bytes"":0,""frozen_edge_scratch_bytes"":0,""region_scopes"":905,""max_region_scopes"":2,""call_collections_closed"":0,""call_collections_unresolved"":0,""call_memo_hits"":301,""solver_passes"":1507,""solver_constraint_visits"":903,""occurs_steps"":0}",null,"{""persisted_requests"":0,""persisted_hits"":0,""persisted_nonempty_hits"":0,""persisted_call_proofs"":0,""persisted_declines"":0,""projected_empty_hits"":0,""projected_empty_declines"":0,""input_image_checks"":0,""dependency_validations"":0,""reused_dependency_validations"":0,""graph_importers_initialized"":0,""graph_importers_prepared"":0,""empty_hits"":0,""primitive_hits"":0,""primitive_fallbacks"":0,""primitive_key_declined"":0,""nonempty_requests"":0,""requests"":0,""fresh_unit_requests"":0,""fresh_unit_hits"":0,""hits"":0,""changed_or_unsupported"":0,""missing"":0,""evidence_declined"":0,""options_declined"":0,""captured"":0,""fresh_regions"":0,""call_publications_replayed"":0}"
build/bench/cloud-principal-graphs/component-sources/forward-mono-300-valid.blot,77a373a73d6b8f0e64b6ff72761b9eb25726001f8b1d4e128f28deba0b654414,default,"[7842,8154,8161,8196,8410,8412,8436,8473,8522,8626,8801,9433,9734,9899,10077]","[8175,8399,8525,8603,8708,8715,8781,8783,8976,8986,9066,9672,10020,10170,10512]","[6398657,6398657,6398657,6398657,6398657,6398657,6398657,6398657,6398657,6398657,6398657,6398657,6398657,6398657,6398657]","[2397874,2397874,2397874,2397874,2397874,2397874,2397874,2397874,2397874,2397874,2397874,2397874,2397874,2397874,2397874]","{""semantic_component_batches"":0,""semantic_component_jobs"":0,""max_semantic_component_workers"":0,""inference_regions"":604,""canonical_specialization_queries"":0,""canonical_specialization_hits"":0,""solver_requested_bytes"":688104,""solver_allocations"":3924,""scratch_requested_bytes"":817000,""scratch_allocations"":4828,""max_solver_live_bytes"":1224,""max_scratch_live_bytes"":1816,""evidence_import_solver_bytes"":0,""evidence_import_scratch_bytes"":38528,""snapshot_copy_bytes"":0,""snapshot_copy_allocations"":0,""principal_copy_buffer_bytes"":0,""principal_copy_buffer_allocations"":0,""frozen_capture_temporary_bytes"":0,""frozen_capture_published_bytes"":0,""frozen_edge_scratch_bytes"":0,""region_scopes"":905,""max_region_scopes"":2,""call_collections_closed"":0,""call_collections_unresolved"":0,""call_memo_hits"":301,""solver_passes"":1507,""solver_constraint_visits"":903,""occurs_steps"":0}",null,"{""persisted_requests"":0,""persisted_hits"":0,""persisted_nonempty_hits"":0,""persisted_call_proofs"":0,""persisted_declines"":0,""projected_empty_hits"":0,""projected_empty_declines"":0,""input_image_checks"":0,""dependency_validations"":0,""reused_dependency_validations"":0,""graph_importers_initialized"":0,""graph_importers_prepared"":0,""empty_hits"":0,""primitive_hits"":0,""primitive_fallbacks"":0,""primitive_key_declined"":0,""nonempty_requests"":0,""requests"":0,""fresh_unit_requests"":0,""fresh_unit_hits"":0,""hits"":0,""changed_or_unsupported"":0,""missing"":0,""evidence_declined"":0,""options_declined"":0,""captured"":0,""fresh_regions"":0,""call_publications_replayed"":0}"
build/bench/cloud-principal-graphs/component-sources/forward-generic-1000-valid.blot,4bfa4c02779491bfd1268a4064bda951a7a3cc1c1aea2f667152dee2ac599bfe,baseline,"[33438,34319,34976,35288,35854,36049,36501,36804,36890,37155,37725,38169,40472,41711,44024]","[33806,34623,35373,35641,36183,36557,36857,37186,37237,37559,38095,38749,40881,42133,44564]","[21833739,21833739,21833739,21833739,21833739,21833739,21833739,21833739,21833739,21833739,21833739,21833739,21833739,21833739,21833739]","[8072264,8072264,8072264,8072264,8072264,8072264,8072264,8072264,8072264,8072264,8072264,8072264,8072264,8072264,8072264]","{""semantic_component_batches"":0,""semantic_component_jobs"":0,""max_semantic_component_workers"":0,""inference_regions"":2004,""canonical_specialization_queries"":0,""canonical_specialization_hits"":0,""solver_requested_bytes"":3645700,""solver_allocations"":22037,""scratch_requested_bytes"":2848868,""scratch_allocations"":18031,""max_solver_live_bytes"":1820,""max_scratch_live_bytes"":1816,""evidence_import_solver_bytes"":0,""evidence_import_scratch_bytes"":128128,""snapshot_copy_bytes"":0,""snapshot_copy_allocations"":0,""principal_copy_buffer_bytes"":0,""principal_copy_buffer_allocations"":0,""frozen_capture_temporary_bytes"":0,""frozen_capture_published_bytes"":0,""frozen_edge_scratch_bytes"":0,""region_scopes"":3005,""max_region_scopes"":2,""call_collections_closed"":0,""call_collections_unresolved"":0,""call_memo_hits"":1001,""solver_passes"":5007,""solver_constraint_visits"":3003,""occurs_steps"":3003}",null,"{""persisted_requests"":0,""persisted_hits"":0,""persisted_nonempty_hits"":0,""persisted_call_proofs"":0,""persisted_declines"":0,""projected_empty_hits"":0,""projected_empty_declines"":0,""input_image_checks"":0,""dependency_validations"":0,""reused_dependency_validations"":0,""graph_importers_initialized"":0,""graph_importers_prepared"":0,""empty_hits"":0,""primitive_hits"":0,""primitive_fallbacks"":0,""primitive_key_declined"":0,""nonempty_requests"":0,""requests"":0,""fresh_unit_requests"":0,""fresh_unit_hits"":0,""hits"":0,""changed_or_unsupported"":0,""missing"":0,""evidence_declined"":0,""options_declined"":0,""captured"":0,""fresh_regions"":0,""call_publications_replayed"":0}"
build/bench/cloud-principal-graphs/component-sources/forward-generic-1000-valid.blot,4bfa4c02779491bfd1268a4064bda951a7a3cc1c1aea2f667152dee2ac599bfe,default,"[35068,35660,35761,36514,37021,37366,37614,38436,38561,38759,39029,40054,40386,40865,41060]","[35437,36051,36257,36856,37715,37720,37927,38781,38862,39094,39760,40441,40730,41371,41384]","[21833739,21833739,21833739,21833739,21833739,21833739,21833739,21833739,21833739,21833739,21833739,21833739,21833739,21833739,21833739]","[8072264,8072264,8072264,8072264,8072264,8072264,8072264,8072264,8072264,8072264,8072264,8072264,8072264,8072264,8072264]","{""semantic_component_batches"":0,""semantic_component_jobs"":0,""max_semantic_component_workers"":0,""inference_regions"":2004,""canonical_specialization_queries"":0,""canonical_specialization_hits"":0,""solver_requested_bytes"":3645700,""solver_allocations"":22037,""scratch_requested_bytes"":2848868,""scratch_allocations"":18031,""max_solver_live_bytes"":1820,""max_scratch_live_bytes"":1816,""evidence_import_solver_bytes"":0,""evidence_import_scratch_bytes"":128128,""snapshot_copy_bytes"":0,""snapshot_copy_allocations"":0,""principal_copy_buffer_bytes"":0,""principal_copy_buffer_allocations"":0,""frozen_capture_temporary_bytes"":0,""frozen_capture_published_bytes"":0,""frozen_edge_scratch_bytes"":0,""region_scopes"":3005,""max_region_scopes"":2,""call_collections_closed"":0,""call_collections_unresolved"":0,""call_memo_hits"":1001,""solver_passes"":5007,""solver_constraint_visits"":3003,""occurs_steps"":3003}",null,"{""persisted_requests"":0,""persisted_hits"":0,""persisted_nonempty_hits"":0,""persisted_call_proofs"":0,""persisted_declines"":0,""projected_empty_hits"":0,""projected_empty_declines"":0,""input_image_checks"":0,""dependency_validations"":0,""reused_dependency_validations"":0,""graph_importers_initialized"":0,""graph_importers_prepared"":0,""empty_hits"":0,""primitive_hits"":0,""primitive_fallbacks"":0,""primitive_key_declined"":0,""nonempty_requests"":0,""requests"":0,""fresh_unit_requests"":0,""fresh_unit_hits"":0,""hits"":0,""changed_or_unsupported"":0,""missing"":0,""evidence_declined"":0,""options_declined"":0,""captured"":0,""fresh_regions"":0,""call_publications_replayed"":0}"
build/bench/cloud-principal-graphs/component-sources/forward-mono-1000-valid.blot,bfca0964080a805fa74c91c8423075fff710c09b3fc1d587e9b8dc23df8bfe31,baseline,"[30273,30350,30513,31982,32109,32549,32717,33799,33877,34335,34724,34748,35894,36283,37776]","[30685,30753,30939,32442,32465,32952,33085,34225,34269,34778,35107,35122,36256,36649,38163]","[19763315,19763315,19763315,19763315,19763315,19763315,19763315,19763315,19763315,19763315,19763315,19763315,19763315,19763315,19763315]","[8004130,8004130,8004130,8004130,8004130,8004130,8004130,8004130,8004130,8004130,8004130,8004130,8004130,8004130,8004130]","{""semantic_component_batches"":0,""semantic_component_jobs"":0,""max_semantic_component_workers"":0,""inference_regions"":2004,""canonical_specialization_queries"":0,""canonical_specialization_hits"":0,""solver_requested_bytes"":2284104,""solver_allocations"":13024,""scratch_requested_bytes"":2712600,""scratch_allocations"":16028,""max_solver_live_bytes"":1224,""max_scratch_live_bytes"":1816,""evidence_import_solver_bytes"":0,""evidence_import_scratch_bytes"":128128,""snapshot_copy_bytes"":0,""snapshot_copy_allocations"":0,""principal_copy_buffer_bytes"":0,""principal_copy_buffer_allocations"":0,""frozen_capture_temporary_bytes"":0,""frozen_capture_published_bytes"":0,""frozen_edge_scratch_bytes"":0,""region_scopes"":3005,""max_region_scopes"":2,""call_collections_closed"":0,""call_collections_unresolved"":0,""call_memo_hits"":1001,""solver_passes"":5007,""solver_constraint_visits"":3003,""occurs_steps"":0}",null,"{""persisted_requests"":0,""persisted_hits"":0,""persisted_nonempty_hits"":0,""persisted_call_proofs"":0,""persisted_declines"":0,""projected_empty_hits"":0,""projected_empty_declines"":0,""input_image_checks"":0,""dependency_validations"":0,""reused_dependency_validations"":0,""graph_importers_initialized"":0,""graph_importers_prepared"":0,""empty_hits"":0,""primitive_hits"":0,""primitive_fallbacks"":0,""primitive_key_declined"":0,""nonempty_requests"":0,""requests"":0,""fresh_unit_requests"":0,""fresh_unit_hits"":0,""hits"":0,""changed_or_unsupported"":0,""missing"":0,""evidence_declined"":0,""options_declined"":0,""captured"":0,""fresh_regions"":0,""call_publications_replayed"":0}"
build/bench/cloud-principal-graphs/component-sources/forward-mono-1000-valid.blot,bfca0964080a805fa74c91c8423075fff710c09b3fc1d587e9b8dc23df8bfe31,default,"[30975,31075,31188,31792,31903,32006,32135,32585,32763,32950,33196,34334,35068,38525,52817]","[31381,31504,31625,32221,32256,32389,32483,32966,33293,33305,33591,34682,35552,38890,53190]","[19763315,19763315,19763315,19763315,19763315,19763315,19763315,19763315,19763315,19763315,19763315,19763315,19763315,19763315,19763315]","[8004130,8004130,8004130,8004130,8004130,8004130,8004130,8004130,8004130,8004130,8004130,8004130,8004130,8004130,8004130]","{""semantic_component_batches"":0,""semantic_component_jobs"":0,""max_semantic_component_workers"":0,""inference_regions"":2004,""canonical_specialization_queries"":0,""canonical_specialization_hits"":0,""solver_requested_bytes"":2284104,""solver_allocations"":13024,""scratch_requested_bytes"":2712600,""scratch_allocations"":16028,""max_solver_live_bytes"":1224,""max_scratch_live_bytes"":1816,""evidence_import_solver_bytes"":0,""evidence_import_scratch_bytes"":128128,""snapshot_copy_bytes"":0,""snapshot_copy_allocations"":0,""principal_copy_buffer_bytes"":0,""principal_copy_buffer_allocations"":0,""frozen_capture_temporary_bytes"":0,""frozen_capture_published_bytes"":0,""frozen_edge_scratch_bytes"":0,""region_scopes"":3005,""max_region_scopes"":2,""call_collections_closed"":0,""call_collections_unresolved"":0,""call_memo_hits"":1001,""solver_passes"":5007,""solver_constraint_visits"":3003,""occurs_steps"":0}",null,"{""persisted_requests"":0,""persisted_hits"":0,""persisted_nonempty_hits"":0,""persisted_call_proofs"":0,""persisted_declines"":0,""projected_empty_hits"":0,""projected_empty_declines"":0,""input_image_checks"":0,""dependency_validations"":0,""reused_dependency_validations"":0,""graph_importers_initialized"":0,""graph_importers_prepared"":0,""empty_hits"":0,""primitive_hits"":0,""primitive_fallbacks"":0,""primitive_key_declined"":0,""nonempty_requests"":0,""requests"":0,""fresh_unit_requests"":0,""fresh_unit_hits"":0,""hits"":0,""changed_or_unsupported"":0,""missing"":0,""evidence_declined"":0,""options_declined"":0,""captured"":0,""fresh_regions"":0,""call_publications_replayed"":0}"
build/bench/cloud-principal-graphs/component-sources/late-method-valid.blot,5f74e53af283a6c1e7b8ee7e145f5cee1f5aea01d3031112c70f7085c95df83e,baseline,"[1024,1042,1062,1102,1117,1117,1171,1232,1251,1263,1263,1362,1469,1620,16644]","[1210,1283,1289,1295,1325,1379,1479,1546,1588,1634,1648,1679,1703,1904,17000]","[225027,225027,225027,225027,225027,225027,225027,225027,225027,225027,225027,225027,225027,225027,225027]","[54097,54097,54097,54097,54097,54097,54097,54097,54097,54097,54097,54097,54097,54097,54097]","{""semantic_component_batches"":0,""semantic_component_jobs"":0,""max_semantic_component_workers"":0,""inference_regions"":9,""canonical_specialization_queries"":0,""canonical_specialization_hits"":0,""solver_requested_bytes"":20984,""solver_allocations"":140,""scratch_requested_bytes"":20192,""scratch_allocations"":116,""max_solver_live_bytes"":3100,""max_scratch_live_bytes"":3028,""evidence_import_solver_bytes"":152,""evidence_import_scratch_bytes"":512,""snapshot_copy_bytes"":0,""snapshot_copy_allocations"":0,""principal_copy_buffer_bytes"":0,""principal_copy_buffer_allocations"":0,""frozen_capture_temporary_bytes"":0,""frozen_capture_published_bytes"":0,""frozen_edge_scratch_bytes"":0,""region_scopes"":17,""max_region_scopes"":3,""call_collections_closed"":0,""call_collections_unresolved"":0,""call_memo_hits"":4,""solver_passes"":23,""solver_constraint_visits"":16,""occurs_steps"":12}",null,"{""persisted_requests"":0,""persisted_hits"":0,""persisted_nonempty_hits"":0,""persisted_call_proofs"":0,""persisted_declines"":0,""projected_empty_hits"":0,""projected_empty_declines"":0,""input_image_checks"":0,""dependency_validations"":0,""reused_dependency_validations"":0,""graph_importers_initialized"":0,""graph_importers_prepared"":0,""empty_hits"":0,""primitive_hits"":0,""primitive_fallbacks"":0,""primitive_key_declined"":0,""nonempty_requests"":0,""requests"":0,""fresh_unit_requests"":0,""fresh_unit_hits"":0,""hits"":0,""changed_or_unsupported"":0,""missing"":0,""evidence_declined"":0,""options_declined"":0,""captured"":0,""fresh_regions"":0,""call_publications_replayed"":0}"
build/bench/cloud-principal-graphs/component-sources/late-method-valid.blot,5f74e53af283a6c1e7b8ee7e145f5cee1f5aea01d3031112c70f7085c95df83e,default,"[1030,1092,1099,1112,1167,1180,1195,1198,1201,1239,1243,1260,1289,1406,1451]","[1223,1335,1361,1367,1401,1423,1467,1503,1504,1511,1521,1548,1697,1716,1724]","[225027,225027,225027,225027,225027,225027,225027,225027,225027,225027,225027,225027,225027,225027,225027]","[54097,54097,54097,54097,54097,54097,54097,54097,54097,54097,54097,54097,54097,54097,54097]","{""semantic_component_batches"":0,""semantic_component_jobs"":0,""max_semantic_component_workers"":0,""inference_regions"":9,""canonical_specialization_queries"":0,""canonical_specialization_hits"":0,""solver_requested_bytes"":20984,""solver_allocations"":140,""scratch_requested_bytes"":20192,""scratch_allocations"":116,""max_solver_live_bytes"":3100,""max_scratch_live_bytes"":3028,""evidence_import_solver_bytes"":152,""evidence_import_scratch_bytes"":512,""snapshot_copy_bytes"":0,""snapshot_copy_allocations"":0,""principal_copy_buffer_bytes"":0,""principal_copy_buffer_allocations"":0,""frozen_capture_temporary_bytes"":0,""frozen_capture_published_bytes"":0,""frozen_edge_scratch_bytes"":0,""region_scopes"":17,""max_region_scopes"":3,""call_collections_closed"":0,""call_collections_unresolved"":0,""call_memo_hits"":4,""solver_passes"":23,""solver_constraint_visits"":16,""occurs_steps"":12}",null,"{""persisted_requests"":0,""persisted_hits"":0,""persisted_nonempty_hits"":0,""persisted_call_proofs"":0,""persisted_declines"":0,""projected_empty_hits"":0,""projected_empty_declines"":0,""input_image_checks"":0,""dependency_validations"":0,""reused_dependency_validations"":0,""graph_importers_initialized"":0,""graph_importers_prepared"":0,""empty_hits"":0,""primitive_hits"":0,""primitive_fallbacks"":0,""primitive_key_declined"":0,""nonempty_requests"":0,""requests"":0,""fresh_unit_requests"":0,""fresh_unit_hits"":0,""hits"":0,""changed_or_unsupported"":0,""missing"":0,""evidence_declined"":0,""options_declined"":0,""captured"":0,""fresh_regions"":0,""call_publications_replayed"":0}"
build/bench/cloud-principal-graphs/component-sources/polymorphic-valid.blot,3869174a53316692617ec006cd6f64856ef3419bcbadaabd64ab9c189127c255,baseline,"[663,720,723,747,766,782,784,784,784,807,809,869,870,1096,3552]","[891,904,921,953,957,960,995,996,1005,1022,1057,1063,1064,1277,3747]","[105628,105628,105628,105628,105628,105628,105628,105628,105628,105628,105628,105628,105628,105628,105628]","[28565,28565,28565,28565,28565,28565,28565,28565,28565,28565,28565,28565,28565,28565,28565]","{""semantic_component_batches"":0,""semantic_component_jobs"":0,""max_semantic_component_workers"":0,""inference_regions"":8,""canonical_specialization_queries"":0,""canonical_specialization_hits"":0,""solver_requested_bytes"":13960,""solver_allocations"":80,""scratch_requested_bytes"":11360,""scratch_allocations"":74,""max_solver_live_bytes"":2108,""max_scratch_live_bytes"":1824,""evidence_import_solver_bytes"":0,""evidence_import_scratch_bytes"":256,""snapshot_copy_bytes"":0,""snapshot_copy_allocations"":0,""principal_copy_buffer_bytes"":0,""principal_copy_buffer_allocations"":0,""frozen_capture_temporary_bytes"":0,""frozen_capture_published_bytes"":0,""frozen_edge_scratch_bytes"":0,""region_scopes"":10,""max_region_scopes"":2,""call_collections_closed"":0,""call_collections_unresolved"":0,""call_memo_hits"":4,""solver_passes"":14,""solver_constraint_visits"":6,""occurs_steps"":6}",null,"{""persisted_requests"":0,""persisted_hits"":0,""persisted_nonempty_hits"":0,""persisted_call_proofs"":0,""persisted_declines"":0,""projected_empty_hits"":0,""projected_empty_declines"":0,""input_image_checks"":0,""dependency_validations"":0,""reused_dependency_validations"":0,""graph_importers_initialized"":0,""graph_importers_prepared"":0,""empty_hits"":0,""primitive_hits"":0,""primitive_fallbacks"":0,""primitive_key_declined"":0,""nonempty_requests"":0,""requests"":0,""fresh_unit_requests"":0,""fresh_unit_hits"":0,""hits"":0,""changed_or_unsupported"":0,""missing"":0,""evidence_declined"":0,""options_declined"":0,""captured"":0,""fresh_regions"":0,""call_publications_replayed"":0}"
build/bench/cloud-principal-graphs/component-sources/polymorphic-valid.blot,3869174a53316692617ec006cd6f64856ef3419bcbadaabd64ab9c189127c255,default,"[686,699,705,749,763,784,808,827,888,897,934,955,982,983,1185]","[876,960,966,990,990,1017,1033,1036,1064,1096,1164,1221,1320,1376,1407]","[105628,105628,105628,105628,105628,105628,105628,105628,105628,105628,105628,105628,105628,105628,105628]","[28565,28565,28565,28565,28565,28565,28565,28565,28565,28565,28565,28565,28565,28565,28565]","{""semantic_component_batches"":0,""semantic_component_jobs"":0,""max_semantic_component_workers"":0,""inference_regions"":8,""canonical_specialization_queries"":0,""canonical_specialization_hits"":0,""solver_requested_bytes"":13960,""solver_allocations"":80,""scratch_requested_bytes"":11360,""scratch_allocations"":74,""max_solver_live_bytes"":2108,""max_scratch_live_bytes"":1824,""evidence_import_solver_bytes"":0,""evidence_import_scratch_bytes"":256,""snapshot_copy_bytes"":0,""snapshot_copy_allocations"":0,""principal_copy_buffer_bytes"":0,""principal_copy_buffer_allocations"":0,""frozen_capture_temporary_bytes"":0,""frozen_capture_published_bytes"":0,""frozen_edge_scratch_bytes"":0,""region_scopes"":10,""max_region_scopes"":2,""call_collections_closed"":0,""call_collections_unresolved"":0,""call_memo_hits"":4,""solver_passes"":14,""solver_constraint_visits"":6,""occurs_steps"":6}",null,"{""persisted_requests"":0,""persisted_hits"":0,""persisted_nonempty_hits"":0,""persisted_call_proofs"":0,""persisted_declines"":0,""projected_empty_hits"":0,""projected_empty_declines"":0,""input_image_checks"":0,""dependency_validations"":0,""reused_dependency_validations"":0,""graph_importers_initialized"":0,""graph_importers_prepared"":0,""empty_hits"":0,""primitive_hits"":0,""primitive_fallbacks"":0,""primitive_key_declined"":0,""nonempty_requests"":0,""requests"":0,""fresh_unit_requests"":0,""fresh_unit_hits"":0,""hits"":0,""changed_or_unsupported"":0,""missing"":0,""evidence_declined"":0,""options_declined"":0,""captured"":0,""fresh_regions"":0,""call_publications_replayed"":0}"
build/bench/cloud-principal-graphs/canonical-sources/boxes-128-valid.blot,14ec0332302990544e6146777482b6ef91be4ce0f226033a593fff6deba103ae,baseline,"[3263,3310,3311,3362,3378,3463,3557,3571,3645,3663,3681,3690,3716,3716,4203]","[3477,3495,3549,3549,3557,3685,3744,3844,3874,3879,3911,3915,3917,3941,4434]","[2666934,2666934,2666934,2666934,2666934,2666934,2666934,2666934,2666934,2666934,2666934,2666934,2666934,2666934,2666934]","[479009,479009,479009,479009,479009,479009,479009,479009,479009,479009,479009,479009,479009,479009,479009]","{""semantic_component_batches"":0,""semantic_component_jobs"":0,""max_semantic_component_workers"":0,""inference_regions"":139,""canonical_specialization_queries"":128,""canonical_specialization_hits"":127,""solver_requested_bytes"":369860,""solver_allocations"":1476,""scratch_requested_bytes"":336636,""scratch_allocations"":2080,""max_solver_live_bytes"":2376,""max_scratch_live_bytes"":2684,""evidence_import_solver_bytes"":668,""evidence_import_scratch_bytes"":17024,""snapshot_copy_bytes"":0,""snapshot_copy_allocations"":0,""principal_copy_buffer_bytes"":3656,""principal_copy_buffer_allocations"":54,""frozen_capture_temporary_bytes"":0,""frozen_capture_published_bytes"":12,""frozen_edge_scratch_bytes"":24,""region_scopes"":147,""max_region_scopes"":5,""call_collections_closed"":1,""call_collections_unresolved"":0,""call_memo_hits"":259,""solver_passes"":276,""solver_constraint_visits"":276,""occurs_steps"":6}",null,"{""persisted_requests"":0,""persisted_hits"":0,""persisted_nonempty_hits"":0,""persisted_call_proofs"":0,""persisted_declines"":0,""projected_empty_hits"":0,""projected_empty_declines"":0,""input_image_checks"":0,""dependency_validations"":0,""reused_dependency_validations"":0,""graph_importers_initialized"":0,""graph_importers_prepared"":0,""empty_hits"":0,""primitive_hits"":0,""primitive_fallbacks"":0,""primitive_key_declined"":0,""nonempty_requests"":0,""requests"":0,""fresh_unit_requests"":0,""fresh_unit_hits"":0,""hits"":0,""changed_or_unsupported"":0,""missing"":0,""evidence_declined"":0,""options_declined"":0,""captured"":0,""fresh_regions"":0,""call_publications_replayed"":0}"
build/bench/cloud-principal-graphs/canonical-sources/boxes-128-valid.blot,14ec0332302990544e6146777482b6ef91be4ce0f226033a593fff6deba103ae,default,"[3367,3384,3453,3552,3577,3582,3639,3656,3674,3679,3836,3953,4299,4309,7919]","[3580,3597,3637,3752,3844,3861,3892,3893,4028,4154,4169,4484,4525,4605,8168]","[2678542,2678542,2678542,2678542,2678542,2678542,2678542,2678542,2678542,2678542,2678542,2678542,2678542,2678542,2678542]","[490569,490569,490569,490569,490569,490569,490569,490569,490569,490569,490569,490569,490569,490569,490569]","{""semantic_component_batches"":0,""semantic_component_jobs"":0,""max_semantic_component_workers"":0,""inference_regions"":139,""canonical_specialization_queries"":128,""canonical_specialization_hits"":127,""solver_requested_bytes"":369860,""solver_allocations"":1476,""scratch_requested_bytes"":336636,""scratch_allocations"":2080,""max_solver_live_bytes"":2376,""max_scratch_live_bytes"":2684,""evidence_import_solver_bytes"":668,""evidence_import_scratch_bytes"":17024,""snapshot_copy_bytes"":0,""snapshot_copy_allocations"":0,""principal_copy_buffer_bytes"":3656,""principal_copy_buffer_allocations"":54,""frozen_capture_temporary_bytes"":0,""frozen_capture_published_bytes"":12,""frozen_edge_scratch_bytes"":24,""region_scopes"":147,""max_region_scopes"":5,""call_collections_closed"":1,""call_collections_unresolved"":0,""call_memo_hits"":259,""solver_passes"":276,""solver_constraint_visits"":276,""occurs_steps"":6}",null,"{""persisted_requests"":0,""persisted_hits"":0,""persisted_nonempty_hits"":0,""persisted_call_proofs"":0,""persisted_declines"":0,""projected_empty_hits"":0,""projected_empty_declines"":0,""input_image_checks"":0,""dependency_validations"":0,""reused_dependency_validations"":0,""graph_importers_initialized"":0,""graph_importers_prepared"":0,""empty_hits"":0,""primitive_hits"":0,""primitive_fallbacks"":0,""primitive_key_declined"":0,""nonempty_requests"":0,""requests"":0,""fresh_unit_requests"":0,""fresh_unit_hits"":0,""hits"":0,""changed_or_unsupported"":0,""missing"":0,""evidence_declined"":0,""options_declined"":0,""captured"":0,""fresh_regions"":0,""call_publications_replayed"":0}"
build/bench/cloud-principal-graphs/canonical-sources/boxes-32-valid.blot,113072c3fd9968bb97b4a870b18fed703b24968016edfcc6949a424e7efbf602,baseline,"[1356,1364,1426,1446,1467,1542,1568,1599,1665,1711,1769,1844,1862,1996,2001]","[1542,1576,1609,1656,1672,1728,1777,1852,1856,1966,1969,2055,2133,2222,2271]","[755538,755538,755538,755538,755538,755538,755538,755538,755538,755538,755538,755538,755538,755538,755538]","[161040,161040,161040,161040,161040,161040,161040,161040,161040,161040,161040,161040,161040,161040,161040]","{""semantic_component_batches"":0,""semantic_component_jobs"":0,""max_semantic_component_workers"":0,""inference_regions"":43,""canonical_specialization_queries"":32,""canonical_specialization_hits"":31,""solver_requested_bytes"":102212,""solver_allocations"":420,""scratch_requested_bytes"":102780,""scratch_allocations"":640,""max_solver_live_bytes"":2376,""max_scratch_live_bytes"":2684,""evidence_import_solver_bytes"":668,""evidence_import_scratch_bytes"":4736,""snapshot_copy_bytes"":0,""snapshot_copy_allocations"":0,""principal_copy_buffer_bytes"":3656,""principal_copy_buffer_allocations"":54,""frozen_capture_temporary_bytes"":0,""frozen_capture_published_bytes"":12,""frozen_edge_scratch_bytes"":24,""region_scopes"":51,""max_region_scopes"":5,""call_collections_closed"":1,""call_collections_unresolved"":0,""call_memo_hits"":67,""solver_passes"":84,""solver_constraint_visits"":84,""occurs_steps"":6}",null,"{""persisted_requests"":0,""persisted_hits"":0,""persisted_nonempty_hits"":0,""persisted_call_proofs"":0,""persisted_declines"":0,""projected_empty_hits"":0,""projected_empty_declines"":0,""input_image_checks"":0,""dependency_validations"":0,""reused_dependency_validations"":0,""graph_importers_initialized"":0,""graph_importers_prepared"":0,""empty_hits"":0,""primitive_hits"":0,""primitive_fallbacks"":0,""primitive_key_declined"":0,""nonempty_requests"":0,""requests"":0,""fresh_unit_requests"":0,""fresh_unit_hits"":0,""hits"":0,""changed_or_unsupported"":0,""missing"":0,""evidence_declined"":0,""options_declined"":0,""captured"":0,""fresh_regions"":0,""call_publications_replayed"":0}"
build/bench/cloud-principal-graphs/canonical-sources/boxes-32-valid.blot,113072c3fd9968bb97b4a870b18fed703b24968016edfcc6949a424e7efbf602,default,"[1339,1426,1431,1456,1462,1476,1499,1521,1572,1576,1600,1663,1754,1817,1849]","[1611,1640,1656,1656,1677,1687,1688,1705,1761,1767,1806,1861,1952,2036,2108]","[767146,767146,767146,767146,767146,767146,767146,767146,767146,767146,767146,767146,767146,767146,767146]","[172600,172600,172600,172600,172600,172600,172600,172600,172600,172600,172600,172600,172600,172600,172600]","{""semantic_component_batches"":0,""semantic_component_jobs"":0,""max_semantic_component_workers"":0,""inference_regions"":43,""canonical_specialization_queries"":32,""canonical_specialization_hits"":31,""solver_requested_bytes"":102212,""solver_allocations"":420,""scratch_requested_bytes"":102780,""scratch_allocations"":640,""max_solver_live_bytes"":2376,""max_scratch_live_bytes"":2684,""evidence_import_solver_bytes"":668,""evidence_import_scratch_bytes"":4736,""snapshot_copy_bytes"":0,""snapshot_copy_allocations"":0,""principal_copy_buffer_bytes"":3656,""principal_copy_buffer_allocations"":54,""frozen_capture_temporary_bytes"":0,""frozen_capture_published_bytes"":12,""frozen_edge_scratch_bytes"":24,""region_scopes"":51,""max_region_scopes"":5,""call_collections_closed"":1,""call_collections_unresolved"":0,""call_memo_hits"":67,""solver_passes"":84,""solver_constraint_visits"":84,""occurs_steps"":6}",null,"{""persisted_requests"":0,""persisted_hits"":0,""persisted_nonempty_hits"":0,""persisted_call_proofs"":0,""persisted_declines"":0,""projected_empty_hits"":0,""projected_empty_declines"":0,""input_image_checks"":0,""dependency_validations"":0,""reused_dependency_validations"":0,""graph_importers_initialized"":0,""graph_importers_prepared"":0,""empty_hits"":0,""primitive_hits"":0,""primitive_fallbacks"":0,""primitive_key_declined"":0,""nonempty_requests"":0,""requests"":0,""fresh_unit_requests"":0,""fresh_unit_hits"":0,""hits"":0,""changed_or_unsupported"":0,""missing"":0,""evidence_declined"":0,""options_declined"":0,""captured"":0,""fresh_regions"":0,""call_publications_replayed"":0}"
build/bench/cloud-principal-graphs/canonical-sources/boxes-8-valid.blot,3e8e1a77a15ba49a548540ad7817939ca7d6428ae76aa9cdc8590d2f242b687b,baseline,"[858,887,908,929,935,990,1025,1043,1053,1053,1114,1181,1307,1415,2535]","[1061,1074,1085,1107,1180,1203,1222,1246,1258,1276,1329,1460,1507,1608,2737]","[299012,299012,299012,299012,299012,299012,299012,299012,299012,299012,299012,299012,299012,299012,299012]","[85236,85236,85236,85236,85236,85236,85236,85236,85236,85236,85236,85236,85236,85236,85236]","{""semantic_component_batches"":0,""semantic_component_jobs"":0,""max_semantic_component_workers"":0,""inference_regions"":19,""canonical_specialization_queries"":8,""canonical_specialization_hits"":7,""solver_requested_bytes"":35300,""solver_allocations"":156,""scratch_requested_bytes"":44316,""scratch_allocations"":280,""max_solver_live_bytes"":2376,""max_scratch_live_bytes"":2684,""evidence_import_solver_bytes"":668,""evidence_import_scratch_bytes"":1664,""snapshot_copy_bytes"":0,""snapshot_copy_allocations"":0,""principal_copy_buffer_bytes"":3656,""principal_copy_buffer_allocations"":54,""frozen_capture_temporary_bytes"":0,""frozen_capture_published_bytes"":12,""frozen_edge_scratch_bytes"":24,""region_scopes"":27,""max_region_scopes"":5,""call_collections_closed"":1,""call_collections_unresolved"":0,""call_memo_hits"":19,""solver_passes"":36,""solver_constraint_visits"":36,""occurs_steps"":6}",null,"{""persisted_requests"":0,""persisted_hits"":0,""persisted_nonempty_hits"":0,""persisted_call_proofs"":0,""persisted_declines"":0,""projected_empty_hits"":0,""projected_empty_declines"":0,""input_image_checks"":0,""dependency_validations"":0,""reused_dependency_validations"":0,""graph_importers_initialized"":0,""graph_importers_prepared"":0,""empty_hits"":0,""primitive_hits"":0,""primitive_fallbacks"":0,""primitive_key_declined"":0,""nonempty_requests"":0,""requests"":0,""fresh_unit_requests"":0,""fresh_unit_hits"":0,""hits"":0,""changed_or_unsupported"":0,""missing"":0,""evidence_declined"":0,""options_declined"":0,""captured"":0,""fresh_regions"":0,""call_publications_replayed"":0}"
build/bench/cloud-principal-graphs/canonical-sources/boxes-8-valid.blot,3e8e1a77a15ba49a548540ad7817939ca7d6428ae76aa9cdc8590d2f242b687b,default,"[944,960,965,969,994,1044,1062,1072,1091,1116,1147,1152,1158,1173,1807]","[1123,1146,1208,1220,1226,1228,1232,1246,1334,1340,1343,1358,1421,1445,1988]","[310620,310620,310620,310620,310620,310620,310620,310620,310620,310620,310620,310620,310620,310620,310620]","[96796,96796,96796,96796,96796,96796,96796,96796,96796,96796,96796,96796,96796,96796,96796]","{""semantic_component_batches"":0,""semantic_component_jobs"":0,""max_semantic_component_workers"":0,""inference_regions"":19,""canonical_specialization_queries"":8,""canonical_specialization_hits"":7,""solver_requested_bytes"":35300,""solver_allocations"":156,""scratch_requested_bytes"":44316,""scratch_allocations"":280,""max_solver_live_bytes"":2376,""max_scratch_live_bytes"":2684,""evidence_import_solver_bytes"":668,""evidence_import_scratch_bytes"":1664,""snapshot_copy_bytes"":0,""snapshot_copy_allocations"":0,""principal_copy_buffer_bytes"":3656,""principal_copy_buffer_allocations"":54,""frozen_capture_temporary_bytes"":0,""frozen_capture_published_bytes"":12,""frozen_edge_scratch_bytes"":24,""region_scopes"":27,""max_region_scopes"":5,""call_collections_closed"":1,""call_collections_unresolved"":0,""call_memo_hits"":19,""solver_passes"":36,""solver_constraint_visits"":36,""occurs_steps"":6}",null,"{""persisted_requests"":0,""persisted_hits"":0,""persisted_nonempty_hits"":0,""persisted_call_proofs"":0,""persisted_declines"":0,""projected_empty_hits"":0,""projected_empty_declines"":0,""input_image_checks"":0,""dependency_validations"":0,""reused_dependency_validations"":0,""graph_importers_initialized"":0,""graph_importers_prepared"":0,""empty_hits"":0,""primitive_hits"":0,""primitive_fallbacks"":0,""primitive_key_declined"":0,""nonempty_requests"":0,""requests"":0,""fresh_unit_requests"":0,""fresh_unit_hits"":0,""hits"":0,""changed_or_unsupported"":0,""missing"":0,""evidence_declined"":0,""options_declined"":0,""captured"":0,""fresh_regions"":0,""call_publications_replayed"":0}"
build/bench/cloud-principal-graphs/canonical-sources/nested-128-valid.blot,caadb44b853ab60e9105f4d1f2d04dc63d22cdfd2b506d73dd29c71aa0b3f9ef,baseline,"[4549,4568,4589,4629,4629,4632,4633,4648,4756,4770,4809,4935,4969,6365,6842]","[4749,4774,4801,4826,4841,4843,4850,4911,5004,5030,5055,5161,5210,6608,7059]","[2880157,2880157,2880157,2880157,2880157,2880157,2880157,2880157,2880157,2880157,2880157,2880157,2880157,2880157,2880157]","[574838,574838,574838,574838,574838,574838,574838,574838,574838,574838,574838,574838,574838,574838,574838]","{""semantic_component_batches"":0,""semantic_component_jobs"":0,""max_semantic_component_workers"":0,""inference_regions"":275,""canonical_specialization_queries"":128,""canonical_specialization_hits"":0,""solver_requested_bytes"":987760,""solver_allocations"":3405,""scratch_requested_bytes"":678116,""scratch_allocations"":4175,""max_solver_live_bytes"":3576,""max_scratch_live_bytes"":3156,""evidence_import_solver_bytes"":560,""evidence_import_scratch_bytes"":33280,""snapshot_copy_bytes"":0,""snapshot_copy_allocations"":0,""principal_copy_buffer_bytes"":4904,""principal_copy_buffer_allocations"":67,""frozen_capture_temporary_bytes"":0,""frozen_capture_published_bytes"":1024,""frozen_edge_scratch_bytes"":1024,""region_scopes"":404,""max_region_scopes"":2,""call_collections_closed"":1,""call_collections_unresolved"":0,""call_memo_hits"":773,""solver_passes"":786,""solver_constraint_visits"":1304,""occurs_steps"":134}",null,"{""persisted_requests"":0,""persisted_hits"":0,""persisted_nonempty_hits"":0,""persisted_call_proofs"":0,""persisted_declines"":0,""projected_empty_hits"":0,""projected_empty_declines"":0,""input_image_checks"":0,""dependency_validations"":0,""reused_dependency_validations"":0,""graph_importers_initialized"":0,""graph_importers_prepared"":0,""empty_hits"":0,""primitive_hits"":0,""primitive_fallbacks"":0,""primitive_key_declined"":0,""nonempty_requests"":0,""requests"":0,""fresh_unit_requests"":0,""fresh_unit_hits"":0,""hits"":0,""changed_or_unsupported"":0,""missing"":0,""evidence_declined"":0,""options_declined"":0,""captured"":0,""fresh_regions"":0,""call_publications_replayed"":0}"
build/bench/cloud-principal-graphs/canonical-sources/nested-128-valid.blot,caadb44b853ab60e9105f4d1f2d04dc63d22cdfd2b506d73dd29c71aa0b3f9ef,default,"[4500,4548,4555,4592,4631,4634,4761,4891,4977,5145,5241,5272,5404,6364,6670]","[4719,4761,4763,4833,4891,4947,4955,5104,5191,5344,5481,5529,5668,6636,6924]","[2884421,2884421,2884421,2884421,2884421,2884421,2884421,2884421,2884421,2884421,2884421,2884421,2884421,2884421,2884421]","[574838,574838,574838,574838,574838,574838,574838,574838,574838,574838,574838,574838,574838,574838,574838]","{""semantic_component_batches"":0,""semantic_component_jobs"":0,""max_semantic_component_workers"":0,""inference_regions"":275,""canonical_specialization_queries"":128,""canonical_specialization_hits"":0,""solver_requested_bytes"":987760,""solver_allocations"":3405,""scratch_requested_bytes"":678116,""scratch_allocations"":4175,""max_solver_live_bytes"":3576,""max_scratch_live_bytes"":3156,""evidence_import_solver_bytes"":560,""evidence_import_scratch_bytes"":33280,""snapshot_copy_bytes"":0,""snapshot_copy_allocations"":0,""principal_copy_buffer_bytes"":4904,""principal_copy_buffer_allocations"":67,""frozen_capture_temporary_bytes"":0,""frozen_capture_published_bytes"":1024,""frozen_edge_scratch_bytes"":1024,""region_scopes"":404,""max_region_scopes"":2,""call_collections_closed"":1,""call_collections_unresolved"":0,""call_memo_hits"":773,""solver_passes"":786,""solver_constraint_visits"":1304,""occurs_steps"":134}",null,"{""persisted_requests"":0,""persisted_hits"":0,""persisted_nonempty_hits"":0,""persisted_call_proofs"":0,""persisted_declines"":0,""projected_empty_hits"":0,""projected_empty_declines"":0,""input_image_checks"":0,""dependency_validations"":0,""reused_dependency_validations"":0,""graph_importers_initialized"":0,""graph_importers_prepared"":0,""empty_hits"":0,""primitive_hits"":0,""primitive_fallbacks"":0,""primitive_key_declined"":0,""nonempty_requests"":0,""requests"":0,""fresh_unit_requests"":0,""fresh_unit_hits"":0,""hits"":0,""changed_or_unsupported"":0,""missing"":0,""evidence_declined"":0,""options_declined"":0,""captured"":0,""fresh_regions"":0,""call_publications_replayed"":0}"
build/bench/cloud-principal-graphs/canonical-sources/nested-32-valid.blot,46bff0e8155a6add5f8d79ef3d881855b4215306960d443a69df6086dc2e45d7,baseline,"[1812,1815,1830,1865,1882,1918,1946,1956,1963,1975,1977,2111,2456,2690,3776]","[2010,2015,2025,2061,2088,2125,2174,2188,2225,2244,2252,2331,2716,2970,3994]","[896137,896137,896137,896137,896137,896137,896137,896137,896137,896137,896137,896137,896137,896137,896137]","[179805,179805,179805,179805,179805,179805,179805,179805,179805,179805,179805,179805,179805,179805,179805]","{""semantic_component_batches"":0,""semantic_component_jobs"":0,""max_semantic_component_workers"":0,""inference_regions"":83,""canonical_specialization_queries"":32,""canonical_specialization_hits"":0,""solver_requested_bytes"":258544,""solver_allocations"":909,""scratch_requested_bytes"":194276,""scratch_allocations"":1199,""max_solver_live_bytes"":3576,""max_scratch_live_bytes"":3156,""evidence_import_solver_bytes"":560,""evidence_import_scratch_bytes"":8704,""snapshot_copy_bytes"":0,""snapshot_copy_allocations"":0,""principal_copy_buffer_bytes"":4904,""principal_copy_buffer_allocations"":67,""frozen_capture_temporary_bytes"":0,""frozen_capture_published_bytes"":256,""frozen_edge_scratch_bytes"":256,""region_scopes"":116,""max_region_scopes"":2,""call_collections_closed"":1,""call_collections_unresolved"":0,""call_memo_hits"":197,""solver_passes"":210,""solver_constraint_visits"":344,""occurs_steps"":38}",null,"{""persisted_requests"":0,""persisted_hits"":0,""persisted_nonempty_hits"":0,""persisted_call_proofs"":0,""persisted_declines"":0,""projected_empty_hits"":0,""projected_empty_declines"":0,""input_image_checks"":0,""dependency_validations"":0,""reused_dependency_validations"":0,""graph_importers_initialized"":0,""graph_importers_prepared"":0,""empty_hits"":0,""primitive_hits"":0,""primitive_fallbacks"":0,""primitive_key_declined"":0,""nonempty_requests"":0,""requests"":0,""fresh_unit_requests"":0,""fresh_unit_hits"":0,""hits"":0,""changed_or_unsupported"":0,""missing"":0,""evidence_declined"":0,""options_declined"":0,""captured"":0,""fresh_regions"":0,""call_publications_replayed"":0}"
build/bench/cloud-principal-graphs/canonical-sources/nested-32-valid.blot,46bff0e8155a6add5f8d79ef3d881855b4215306960d443a69df6086dc2e45d7,default,"[1814,1821,1848,1865,1883,1888,1892,1909,2017,2169,2186,2385,2620,2628,6294]","[2025,2065,2072,2077,2084,2086,2113,2289,2352,2374,2724,2787,2854,3025,6542]","[900401,900401,900401,900401,900401,900401,900401,900401,900401,900401,900401,900401,900401,900401,900401]","[184021,184021,184021,184021,184021,184021,184021,184021,184021,184021,184021,184021,184021,184021,184021]","{""semantic_component_batches"":0,""semantic_component_jobs"":0,""max_semantic_component_workers"":0,""inference_regions"":83,""canonical_specialization_queries"":32,""canonical_specialization_hits"":0,""solver_requested_bytes"":258544,""solver_allocations"":909,""scratch_requested_bytes"":194276,""scratch_allocations"":1199,""max_solver_live_bytes"":3576,""max_scratch_live_bytes"":3156,""evidence_import_solver_bytes"":560,""evidence_import_scratch_bytes"":8704,""snapshot_copy_bytes"":0,""snapshot_copy_allocations"":0,""principal_copy_buffer_bytes"":4904,""principal_copy_buffer_allocations"":67,""frozen_capture_temporary_bytes"":0,""frozen_capture_published_bytes"":256,""frozen_edge_scratch_bytes"":256,""region_scopes"":116,""max_region_scopes"":2,""call_collections_closed"":1,""call_collections_unresolved"":0,""call_memo_hits"":197,""solver_passes"":210,""solver_constraint_visits"":344,""occurs_steps"":38}",null,"{""persisted_requests"":0,""persisted_hits"":0,""persisted_nonempty_hits"":0,""persisted_call_proofs"":0,""persisted_declines"":0,""projected_empty_hits"":0,""projected_empty_declines"":0,""input_image_checks"":0,""dependency_validations"":0,""reused_dependency_validations"":0,""graph_importers_initialized"":0,""graph_importers_prepared"":0,""empty_hits"":0,""primitive_hits"":0,""primitive_fallbacks"":0,""primitive_key_declined"":0,""nonempty_requests"":0,""requests"":0,""fresh_unit_requests"":0,""fresh_unit_hits"":0,""hits"":0,""changed_or_unsupported"":0,""missing"":0,""evidence_declined"":0,""options_declined"":0,""captured"":0,""fresh_regions"":0,""call_publications_replayed"":0}"
build/bench/cloud-principal-graphs/canonical-sources/nested-8-valid.blot,09e1f6fb31eea3f5f92a360f2a30d5a07e6d5f52f0784bed0721180cc038e62e,baseline,"[1045,1101,1112,1137,1140,1156,1169,1253,1288,1294,1335,1357,1477,1620,1637]","[1222,1273,1339,1349,1355,1386,1446,1497,1506,1550,1603,1635,1683,1842,1900]","[360334,360334,360334,360334,360334,360334,360334,360334,360334,360334,360334,360334,360334,360334,360334]","[107395,107395,107395,107395,107395,107395,107395,107395,107395,107395,107395,107395,107395,107395,107395]","{""semantic_component_batches"":0,""semantic_component_jobs"":0,""max_semantic_component_workers"":0,""inference_regions"":35,""canonical_specialization_queries"":8,""canonical_specialization_hits"":0,""solver_requested_bytes"":76240,""solver_allocations"":285,""scratch_requested_bytes"":73316,""scratch_allocations"":455,""max_solver_live_bytes"":3576,""max_scratch_live_bytes"":3156,""evidence_import_solver_bytes"":560,""evidence_import_scratch_bytes"":2560,""snapshot_copy_bytes"":0,""snapshot_copy_allocations"":0,""principal_copy_buffer_bytes"":4904,""principal_copy_buffer_allocations"":67,""frozen_capture_temporary_bytes"":0,""frozen_capture_published_bytes"":64,""frozen_edge_scratch_bytes"":64,""region_scopes"":44,""max_region_scopes"":2,""call_collections_closed"":1,""call_collections_unresolved"":0,""call_memo_hits"":53,""solver_passes"":66,""solver_constraint_visits"":104,""occurs_steps"":14}",null,"{""persisted_requests"":0,""persisted_hits"":0,""persisted_nonempty_hits"":0,""persisted_call_proofs"":0,""persisted_declines"":0,""projected_empty_hits"":0,""projected_empty_declines"":0,""input_image_checks"":0,""dependency_validations"":0,""reused_dependency_validations"":0,""graph_importers_initialized"":0,""graph_importers_prepared"":0,""empty_hits"":0,""primitive_hits"":0,""primitive_fallbacks"":0,""primitive_key_declined"":0,""nonempty_requests"":0,""requests"":0,""fresh_unit_requests"":0,""fresh_unit_hits"":0,""hits"":0,""changed_or_unsupported"":0,""missing"":0,""evidence_declined"":0,""options_declined"":0,""captured"":0,""fresh_regions"":0,""call_publications_replayed"":0}"
build/bench/cloud-principal-graphs/canonical-sources/nested-8-valid.blot,09e1f6fb31eea3f5f92a360f2a30d5a07e6d5f52f0784bed0721180cc038e62e,default,"[1013,1022,1030,1036,1062,1077,1116,1119,1196,1203,1232,1287,1293,1388,1406]","[1196,1210,1210,1256,1270,1279,1302,1397,1407,1452,1463,1486,1509,1594,1598]","[364598,364598,364598,364598,364598,364598,364598,364598,364598,364598,364598,364598,364598,364598,364598]","[111611,111611,111611,111611,111611,111611,111611,111611,111611,111611,111611,111611,111611,111611,111611]","{""semantic_component_batches"":0,""semantic_component_jobs"":0,""max_semantic_component_workers"":0,""inference_regions"":35,""canonical_specialization_queries"":8,""canonical_specialization_hits"":0,""solver_requested_bytes"":76240,""solver_allocations"":285,""scratch_requested_bytes"":73316,""scratch_allocations"":455,""max_solver_live_bytes"":3576,""max_scratch_live_bytes"":3156,""evidence_import_solver_bytes"":560,""evidence_import_scratch_bytes"":2560,""snapshot_copy_bytes"":0,""snapshot_copy_allocations"":0,""principal_copy_buffer_bytes"":4904,""principal_copy_buffer_allocations"":67,""frozen_capture_temporary_bytes"":0,""frozen_capture_published_bytes"":64,""frozen_edge_scratch_bytes"":64,""region_scopes"":44,""max_region_scopes"":2,""call_collections_closed"":1,""call_collections_unresolved"":0,""call_memo_hits"":53,""solver_passes"":66,""solver_constraint_visits"":104,""occurs_steps"":14}",null,"{""persisted_requests"":0,""persisted_hits"":0,""persisted_nonempty_hits"":0,""persisted_call_proofs"":0,""persisted_declines"":0,""projected_empty_hits"":0,""projected_empty_declines"":0,""input_image_checks"":0,""dependency_validations"":0,""reused_dependency_validations"":0,""graph_importers_initialized"":0,""graph_importers_prepared"":0,""empty_hits"":0,""primitive_hits"":0,""primitive_fallbacks"":0,""primitive_key_declined"":0,""nonempty_requests"":0,""requests"":0,""fresh_unit_requests"":0,""fresh_unit_hits"":0,""hits"":0,""changed_or_unsupported"":0,""missing"":0,""evidence_declined"":0,""options_declined"":0,""captured"":0,""fresh_regions"":0,""call_publications_replayed"":0}"
build/bench/cloud-principal-graphs/canonical-sources/scalar-128-valid.blot,90695fcd55f2605dac68ec18b3fe3f2df15018cee205fc1b0294b3e9190ed53b,baseline,"[2528,2544,2582,2590,2614,2614,2651,2668,2723,2743,2766,2798,2820,2914,3028]","[2721,2757,2770,2777,2787,2815,2864,2881,2906,2947,2985,2995,3007,3119,3228]","[1934738,1934738,1934738,1934738,1934738,1934738,1934738,1934738,1934738,1934738,1934738,1934738,1934738,1934738,1934738]","[375611,375611,375611,375611,375611,375611,375611,375611,375611,375611,375611,375611,375611,375611,375611]","{""semantic_component_batches"":0,""semantic_component_jobs"":0,""max_semantic_component_workers"":0,""inference_regions"":141,""canonical_specialization_queries"":128,""canonical_specialization_hits"":127,""solver_requested_bytes"":345632,""solver_allocations"":1312,""scratch_requested_bytes"":229012,""scratch_allocations"":1422,""max_solver_live_bytes"":2156,""max_scratch_live_bytes"":2732,""evidence_import_solver_bytes"":0,""evidence_import_scratch_bytes"":16512,""snapshot_copy_bytes"":0,""snapshot_copy_allocations"":0,""principal_copy_buffer_bytes"":2960,""principal_copy_buffer_allocations"":48,""frozen_capture_temporary_bytes"":0,""frozen_capture_published_bytes"":4,""frozen_edge_scratch_bytes"":0,""region_scopes"":141,""max_region_scopes"":1,""call_collections_closed"":0,""call_collections_unresolved"":0,""call_memo_hits"":256,""solver_passes"":264,""solver_constraint_visits"":268,""occurs_steps"":0}",null,"{""persisted_requests"":0,""persisted_hits"":0,""persisted_nonempty_hits"":0,""persisted_call_proofs"":0,""persisted_declines"":0,""projected_empty_hits"":0,""projected_empty_declines"":0,""input_image_checks"":0,""dependency_validations"":0,""reused_dependency_validations"":0,""graph_importers_initialized"":0,""graph_importers_prepared"":0,""empty_hits"":0,""primitive_hits"":0,""primitive_fallbacks"":0,""primitive_key_declined"":0,""nonempty_requests"":0,""requests"":0,""fresh_unit_requests"":0,""fresh_unit_hits"":0,""hits"":0,""changed_or_unsupported"":0,""missing"":0,""evidence_declined"":0,""options_declined"":0,""captured"":0,""fresh_regions"":0,""call_publications_replayed"":0}"
build/bench/cloud-principal-graphs/canonical-sources/scalar-128-valid.blot,90695fcd55f2605dac68ec18b3fe3f2df15018cee205fc1b0294b3e9190ed53b,default,"[2514,2522,2564,2592,2609,2713,2732,2767,2864,2930,2999,3058,3161,3322,4137]","[2700,2704,2797,2806,2895,2978,2979,3051,3184,3195,3321,3346,3525,3954,4447]","[1946466,1946466,1946466,1946466,1946466,1946466,1946466,1946466,1946466,1946466,1946466,1946466,1946466,1946466,1946466]","[387339,387339,387339,387339,387339,387339,387339,387339,387339,387339,387339,387339,387339,387339,387339]","{""semantic_component_batches"":0,""semantic_component_jobs"":0,""max_semantic_component_workers"":0,""inference_regions"":141,""canonical_specialization_queries"":128,""canonical_specialization_hits"":127,""solver_requested_bytes"":345632,""solver_allocations"":1312,""scratch_requested_bytes"":229012,""scratch_allocations"":1422,""max_solver_live_bytes"":2156,""max_scratch_live_bytes"":2732,""evidence_import_solver_bytes"":0,""evidence_import_scratch_bytes"":16512,""snapshot_copy_bytes"":0,""snapshot_copy_allocations"":0,""principal_copy_buffer_bytes"":2960,""principal_copy_buffer_allocations"":48,""frozen_capture_temporary_bytes"":0,""frozen_capture_published_bytes"":4,""frozen_edge_scratch_bytes"":0,""region_scopes"":141,""max_region_scopes"":1,""call_collections_closed"":0,""call_collections_unresolved"":0,""call_memo_hits"":256,""solver_passes"":264,""solver_constraint_visits"":268,""occurs_steps"":0}",null,"{""persisted_requests"":0,""persisted_hits"":0,""persisted_nonempty_hits"":0,""persisted_call_proofs"":0,""persisted_declines"":0,""projected_empty_hits"":0,""projected_empty_declines"":0,""input_image_checks"":0,""dependency_validations"":0,""reused_dependency_validations"":0,""graph_importers_initialized"":0,""graph_importers_prepared"":0,""empty_hits"":0,""primitive_hits"":0,""primitive_fallbacks"":0,""primitive_key_declined"":0,""nonempty_requests"":0,""requests"":0,""fresh_unit_requests"":0,""fresh_unit_hits"":0,""hits"":0,""changed_or_unsupported"":0,""missing"":0,""evidence_declined"":0,""options_declined"":0,""captured"":0,""fresh_regions"":0,""call_publications_replayed"":0}"
build/bench/cloud-principal-graphs/canonical-sources/scalar-32-valid.blot,20410a6beaa48e726d4e89562df86f995bab651c159bb65abe4c8a01ed464250,baseline,"[1166,1173,1190,1209,1255,1273,1280,1285,1296,1345,1387,1429,1469,1478,1531]","[1350,1403,1437,1447,1462,1463,1485,1492,1601,1652,1659,1676,1677,1731,2107]","[585310,585310,585310,585310,585310,585310,585310,585310,585310,585310,585310,585310,585310,585310,585310]","[140912,140912,140912,140912,140912,140912,140912,140912,140912,140912,140912,140912,140912,140912,140912]","{""semantic_component_batches"":0,""semantic_component_jobs"":0,""max_semantic_component_workers"":0,""inference_regions"":45,""canonical_specialization_queries"":32,""canonical_specialization_hits"":31,""solver_requested_bytes"":90656,""solver_allocations"":352,""scratch_requested_bytes"":73492,""scratch_allocations"":462,""max_solver_live_bytes"":2156,""max_scratch_live_bytes"":2732,""evidence_import_solver_bytes"":0,""evidence_import_scratch_bytes"":4224,""snapshot_copy_bytes"":0,""snapshot_copy_allocations"":0,""principal_copy_buffer_bytes"":2960,""principal_copy_buffer_allocations"":48,""frozen_capture_temporary_bytes"":0,""frozen_capture_published_bytes"":4,""frozen_edge_scratch_bytes"":0,""region_scopes"":45,""max_region_scopes"":1,""call_collections_closed"":0,""call_collections_unresolved"":0,""call_memo_hits"":64,""solver_passes"":72,""solver_constraint_visits"":76,""occurs_steps"":0}",null,"{""persisted_requests"":0,""persisted_hits"":0,""persisted_nonempty_hits"":0,""persisted_call_proofs"":0,""persisted_declines"":0,""projected_empty_hits"":0,""projected_empty_declines"":0,""input_image_checks"":0,""dependency_validations"":0,""reused_dependency_validations"":0,""graph_importers_initialized"":0,""graph_importers_prepared"":0,""empty_hits"":0,""primitive_hits"":0,""primitive_fallbacks"":0,""primitive_key_declined"":0,""nonempty_requests"":0,""requests"":0,""fresh_unit_requests"":0,""fresh_unit_hits"":0,""hits"":0,""changed_or_unsupported"":0,""missing"":0,""evidence_declined"":0,""options_declined"":0,""captured"":0,""fresh_regions"":0,""call_publications_replayed"":0}"
build/bench/cloud-principal-graphs/canonical-sources/scalar-32-valid.blot,20410a6beaa48e726d4e89562df86f995bab651c159bb65abe4c8a01ed464250,default,"[1140,1144,1228,1240,1242,1255,1262,1272,1358,1427,1456,1534,1537,1747,10882]","[1305,1333,1407,1415,1420,1433,1461,1542,1566,1621,1698,1736,1766,1944,11160]","[597038,597038,597038,597038,597038,597038,597038,597038,597038,597038,597038,597038,597038,597038,597038]","[152640,152640,152640,152640,152640,152640,152640,152640,152640,152640,152640,152640,152640,152640,152640]","{""semantic_component_batches"":0,""semantic_component_jobs"":0,""max_semantic_component_workers"":0,""inference_regions"":45,""canonical_specialization_queries"":32,""canonical_specialization_hits"":31,""solver_requested_bytes"":90656,""solver_allocations"":352,""scratch_requested_bytes"":73492,""scratch_allocations"":462,""max_solver_live_bytes"":2156,""max_scratch_live_bytes"":2732,""evidence_import_solver_bytes"":0,""evidence_import_scratch_bytes"":4224,""snapshot_copy_bytes"":0,""snapshot_copy_allocations"":0,""principal_copy_buffer_bytes"":2960,""principal_copy_buffer_allocations"":48,""frozen_capture_temporary_bytes"":0,""frozen_capture_published_bytes"":4,""frozen_edge_scratch_bytes"":0,""region_scopes"":45,""max_region_scopes"":1,""call_collections_closed"":0,""call_collections_unresolved"":0,""call_memo_hits"":64,""solver_passes"":72,""solver_constraint_visits"":76,""occurs_steps"":0}",null,"{""persisted_requests"":0,""persisted_hits"":0,""persisted_nonempty_hits"":0,""persisted_call_proofs"":0,""persisted_declines"":0,""projected_empty_hits"":0,""projected_empty_declines"":0,""input_image_checks"":0,""dependency_validations"":0,""reused_dependency_validations"":0,""graph_importers_initialized"":0,""graph_importers_prepared"":0,""empty_hits"":0,""primitive_hits"":0,""primitive_fallbacks"":0,""primitive_key_declined"":0,""nonempty_requests"":0,""requests"":0,""fresh_unit_requests"":0,""fresh_unit_hits"":0,""hits"":0,""changed_or_unsupported"":0,""missing"":0,""evidence_declined"":0,""options_declined"":0,""captured"":0,""fresh_regions"":0,""call_publications_replayed"":0}"
build/bench/cloud-principal-graphs/canonical-sources/scalar-8-valid.blot,187fb088ca21e4a7e094bf368417114d276a1c45853e740014ef4aa6dcab9900,baseline,"[792,802,809,829,888,908,909,917,965,987,1026,1119,1148,1148,1185]","[963,979,1009,1068,1086,1090,1100,1152,1239,1304,1322,1383,1399,1469,1707]","[235341,235341,235341,235341,235341,235341,235341,235341,235341,235341,235341,235341,235341,235341,235341]","[79825,79825,79825,79825,79825,79825,79825,79825,79825,79825,79825,79825,79825,79825,79825]","{""semantic_component_batches"":0,""semantic_component_jobs"":0,""max_semantic_component_workers"":0,""inference_regions"":21,""canonical_specialization_queries"":8,""canonical_specialization_hits"":7,""solver_requested_bytes"":26912,""solver_allocations"":112,""scratch_requested_bytes"":34612,""scratch_allocations"":222,""max_solver_live_bytes"":2156,""max_scratch_live_bytes"":2732,""evidence_import_solver_bytes"":0,""evidence_import_scratch_bytes"":1152,""snapshot_copy_bytes"":0,""snapshot_copy_allocations"":0,""principal_copy_buffer_bytes"":2960,""principal_copy_buffer_allocations"":48,""frozen_capture_temporary_bytes"":0,""frozen_capture_published_bytes"":4,""frozen_edge_scratch_bytes"":0,""region_scopes"":21,""max_region_scopes"":1,""call_collections_closed"":0,""call_collections_unresolved"":0,""call_memo_hits"":16,""solver_passes"":24,""solver_constraint_visits"":28,""occurs_steps"":0}",null,"{""persisted_requests"":0,""persisted_hits"":0,""persisted_nonempty_hits"":0,""persisted_call_proofs"":0,""persisted_declines"":0,""projected_empty_hits"":0,""projected_empty_declines"":0,""input_image_checks"":0,""dependency_validations"":0,""reused_dependency_validations"":0,""graph_importers_initialized"":0,""graph_importers_prepared"":0,""empty_hits"":0,""primitive_hits"":0,""primitive_fallbacks"":0,""primitive_key_declined"":0,""nonempty_requests"":0,""requests"":0,""fresh_unit_requests"":0,""fresh_unit_hits"":0,""hits"":0,""changed_or_unsupported"":0,""missing"":0,""evidence_declined"":0,""options_declined"":0,""captured"":0,""fresh_regions"":0,""call_publications_replayed"":0}"
build/bench/cloud-principal-graphs/canonical-sources/scalar-8-valid.blot,187fb088ca21e4a7e094bf368417114d276a1c45853e740014ef4aa6dcab9900,default,"[756,759,823,854,876,883,888,993,998,1032,1055,1059,1105,1136,1140]","[1009,1045,1049,1049,1082,1143,1179,1194,1223,1234,1292,1308,1318,1338,1389]","[247069,247069,247069,247069,247069,247069,247069,247069,247069,247069,247069,247069,247069,247069,247069]","[91553,91553,91553,91553,91553,91553,91553,91553,91553,91553,91553,91553,91553,91553,91553]","{""semantic_component_batches"":0,""semantic_component_jobs"":0,""max_semantic_component_workers"":0,""inference_regions"":21,""canonical_specialization_queries"":8,""canonical_specialization_hits"":7,""solver_requested_bytes"":26912,""solver_allocations"":112,""scratch_requested_bytes"":34612,""scratch_allocations"":222,""max_solver_live_bytes"":2156,""max_scratch_live_bytes"":2732,""evidence_import_solver_bytes"":0,""evidence_import_scratch_bytes"":1152,""snapshot_copy_bytes"":0,""snapshot_copy_allocations"":0,""principal_copy_buffer_bytes"":2960,""principal_copy_buffer_allocations"":48,""frozen_capture_temporary_bytes"":0,""frozen_capture_published_bytes"":4,""frozen_edge_scratch_bytes"":0,""region_scopes"":21,""max_region_scopes"":1,""call_collections_closed"":0,""call_collections_unresolved"":0,""call_memo_hits"":16,""solver_passes"":24,""solver_constraint_visits"":28,""occurs_steps"":0}",null,"{""persisted_requests"":0,""persisted_hits"":0,""persisted_nonempty_hits"":0,""persisted_call_proofs"":0,""persisted_declines"":0,""projected_empty_hits"":0,""projected_empty_declines"":0,""input_image_checks"":0,""dependency_validations"":0,""reused_dependency_validations"":0,""graph_importers_initialized"":0,""graph_importers_prepared"":0,""empty_hits"":0,""primitive_hits"":0,""primitive_fallbacks"":0,""primitive_key_declined"":0,""nonempty_requests"":0,""requests"":0,""fresh_unit_requests"":0,""fresh_unit_hits"":0,""hits"":0,""changed_or_unsupported"":0,""missing"":0,""evidence_declined"":0,""options_declined"":0,""captured"":0,""fresh_regions"":0,""call_publications_replayed"":0}"
build/bench/cloud-principal-graphs/allocation-sources/wide-128-valid.blot,ea00ec430a58f381a45bd569b3909df71b84c707f6b65aabf0f5db338a157ab6,baseline,"[3480,3671,3710,3765,3800,3823,3836,3840,3875,4018,4092,4124,4338,4354,10925]","[3676,3846,3913,3971,4022,4038,4041,4069,4151,4282,4316,4333,4576,4589,11359]","[2873191,2873191,2873191,2873191,2873191,2873191,2873191,2873191,2873191,2873191,2873191,2873191,2873191,2873191,2873191]","[678878,678878,678878,678878,678878,678878,678878,678878,678878,678878,678878,678878,678878,678878,678878]","{""semantic_component_batches"":0,""semantic_component_jobs"":0,""max_semantic_component_workers"":0,""inference_regions"":69,""canonical_specialization_queries"":16,""canonical_specialization_hits"":0,""solver_requested_bytes"":135776,""solver_allocations"":490,""scratch_requested_bytes"":214196,""scratch_allocations"":1001,""max_solver_live_bytes"":3264,""max_scratch_live_bytes"":4628,""evidence_import_solver_bytes"":0,""evidence_import_scratch_bytes"":4224,""snapshot_copy_bytes"":0,""snapshot_copy_allocations"":0,""principal_copy_buffer_bytes"":10048,""principal_copy_buffer_allocations"":144,""frozen_capture_temporary_bytes"":0,""frozen_capture_published_bytes"":8192,""frozen_edge_scratch_bytes"":0,""region_scopes"":134,""max_region_scopes"":4,""call_collections_closed"":33,""call_collections_unresolved"":0,""call_memo_hits"":67,""solver_passes"":71,""solver_constraint_visits"":38,""occurs_steps"":0}",null,"{""persisted_requests"":0,""persisted_hits"":0,""persisted_nonempty_hits"":0,""persisted_call_proofs"":0,""persisted_declines"":0,""projected_empty_hits"":0,""projected_empty_declines"":0,""input_image_checks"":0,""dependency_validations"":0,""reused_dependency_validations"":0,""graph_importers_initialized"":0,""graph_importers_prepared"":0,""empty_hits"":0,""primitive_hits"":0,""primitive_fallbacks"":0,""primitive_key_declined"":0,""nonempty_requests"":0,""requests"":0,""fresh_unit_requests"":0,""fresh_unit_hits"":0,""hits"":0,""changed_or_unsupported"":0,""missing"":0,""evidence_declined"":0,""options_declined"":0,""captured"":0,""fresh_regions"":0,""call_publications_replayed"":0}"
build/bench/cloud-principal-graphs/allocation-sources/wide-128-valid.blot,ea00ec430a58f381a45bd569b3909df71b84c707f6b65aabf0f5db338a157ab6,default,"[3618,3641,3653,3747,3777,3796,3806,3866,3909,4000,4204,4428,4435,4442,5264]","[3819,3831,3906,3936,3999,4023,4076,4146,4269,4304,4428,4648,4659,4973,5651]","[2866759,2866759,2866759,2866759,2866759,2866759,2866759,2866759,2866759,2866759,2866759,2866759,2866759,2866759,2866759]","[676698,676698,676698,676698,676698,676698,676698,676698,676698,676698,676698,676698,676698,676698,676698]","{""semantic_component_batches"":0,""semantic_component_jobs"":0,""max_semantic_component_workers"":0,""inference_regions"":69,""canonical_specialization_queries"":16,""canonical_specialization_hits"":0,""solver_requested_bytes"":135776,""solver_allocations"":490,""scratch_requested_bytes"":214196,""scratch_allocations"":1001,""max_solver_live_bytes"":3264,""max_scratch_live_bytes"":4628,""evidence_import_solver_bytes"":0,""evidence_import_scratch_bytes"":4224,""snapshot_copy_bytes"":0,""snapshot_copy_allocations"":0,""principal_copy_buffer_bytes"":10048,""principal_copy_buffer_allocations"":144,""frozen_capture_temporary_bytes"":0,""frozen_capture_published_bytes"":8192,""frozen_edge_scratch_bytes"":0,""region_scopes"":134,""max_region_scopes"":4,""call_collections_closed"":33,""call_collections_unresolved"":0,""call_memo_hits"":67,""solver_passes"":71,""solver_constraint_visits"":38,""occurs_steps"":0}",null,"{""persisted_requests"":0,""persisted_hits"":0,""persisted_nonempty_hits"":0,""persisted_call_proofs"":0,""persisted_declines"":0,""projected_empty_hits"":0,""projected_empty_declines"":0,""input_image_checks"":0,""dependency_validations"":0,""reused_dependency_validations"":0,""graph_importers_initialized"":0,""graph_importers_prepared"":0,""empty_hits"":0,""primitive_hits"":0,""primitive_fallbacks"":0,""primitive_key_declined"":0,""nonempty_requests"":0,""requests"":0,""fresh_unit_requests"":0,""fresh_unit_hits"":0,""hits"":0,""changed_or_unsupported"":0,""missing"":0,""evidence_declined"":0,""options_declined"":0,""captured"":0,""fresh_regions"":0,""call_publications_replayed"":0}"
build/bench/cloud-principal-graphs/allocation-sources/wide-32-valid.blot,c5b1486984605f09d7f12c0ff8e6b851b5ed433cce10151bb00d9862a8d0ac3e,baseline,"[2044,2068,2077,2098,2106,2167,2196,2254,2367,2369,2374,2467,2509,2616,6277]","[2224,2254,2281,2367,2374,2391,2409,2550,2628,2683,2690,2699,2766,2850,6518]","[1275884,1275884,1275884,1275884,1275884,1275884,1275884,1275884,1275884,1275884,1275884,1275884,1275884,1275884,1275884]","[298842,298842,298842,298842,298842,298842,298842,298842,298842,298842,298842,298842,298842,298842,298842]","{""semantic_component_batches"":0,""semantic_component_jobs"":0,""max_semantic_component_workers"":0,""inference_regions"":69,""canonical_specialization_queries"":16,""canonical_specialization_hits"":0,""solver_requested_bytes"":135776,""solver_allocations"":490,""scratch_requested_bytes"":177384,""scratch_allocations"":998,""max_solver_live_bytes"":3264,""max_scratch_live_bytes"":2712,""evidence_import_solver_bytes"":0,""evidence_import_scratch_bytes"":4224,""snapshot_copy_bytes"":0,""snapshot_copy_allocations"":0,""principal_copy_buffer_bytes"":10048,""principal_copy_buffer_allocations"":144,""frozen_capture_temporary_bytes"":0,""frozen_capture_published_bytes"":2048,""frozen_edge_scratch_bytes"":0,""region_scopes"":134,""max_region_scopes"":4,""call_collections_closed"":33,""call_collections_unresolved"":0,""call_memo_hits"":67,""solver_passes"":71,""solver_constraint_visits"":38,""occurs_steps"":0}",null,"{""persisted_requests"":0,""persisted_hits"":0,""persisted_nonempty_hits"":0,""persisted_call_proofs"":0,""persisted_declines"":0,""projected_empty_hits"":0,""projected_empty_declines"":0,""input_image_checks"":0,""dependency_validations"":0,""reused_dependency_validations"":0,""graph_importers_initialized"":0,""graph_importers_prepared"":0,""empty_hits"":0,""primitive_hits"":0,""primitive_fallbacks"":0,""primitive_key_declined"":0,""nonempty_requests"":0,""requests"":0,""fresh_unit_requests"":0,""fresh_unit_hits"":0,""hits"":0,""changed_or_unsupported"":0,""missing"":0,""evidence_declined"":0,""options_declined"":0,""captured"":0,""fresh_regions"":0,""call_publications_replayed"":0}"
build/bench/cloud-principal-graphs/allocation-sources/wide-32-valid.blot,c5b1486984605f09d7f12c0ff8e6b851b5ed433cce10151bb00d9862a8d0ac3e,default,"[2021,2022,2067,2086,2093,2137,2139,2178,2200,2210,2251,2339,2375,2477,2510]","[2220,2226,2256,2269,2282,2345,2368,2373,2417,2468,2524,2527,2622,2668,2722]","[1269452,1269452,1269452,1269452,1269452,1269452,1269452,1269452,1269452,1269452,1269452,1269452,1269452,1269452,1269452]","[294522,294522,294522,294522,294522,294522,294522,294522,294522,294522,294522,294522,294522,294522,294522]","{""semantic_component_batches"":0,""semantic_component_jobs"":0,""max_semantic_component_workers"":0,""inference_regions"":69,""canonical_specialization_queries"":16,""canonical_specialization_hits"":0,""solver_requested_bytes"":135776,""solver_allocations"":490,""scratch_requested_bytes"":177384,""scratch_allocations"":998,""max_solver_live_bytes"":3264,""max_scratch_live_bytes"":2712,""evidence_import_solver_bytes"":0,""evidence_import_scratch_bytes"":4224,""snapshot_copy_bytes"":0,""snapshot_copy_allocations"":0,""principal_copy_buffer_bytes"":10048,""principal_copy_buffer_allocations"":144,""frozen_capture_temporary_bytes"":0,""frozen_capture_published_bytes"":2048,""frozen_edge_scratch_bytes"":0,""region_scopes"":134,""max_region_scopes"":4,""call_collections_closed"":33,""call_collections_unresolved"":0,""call_memo_hits"":67,""solver_passes"":71,""solver_constraint_visits"":38,""occurs_steps"":0}",null,"{""persisted_requests"":0,""persisted_hits"":0,""persisted_nonempty_hits"":0,""persisted_call_proofs"":0,""persisted_declines"":0,""projected_empty_hits"":0,""projected_empty_declines"":0,""input_image_checks"":0,""dependency_validations"":0,""reused_dependency_validations"":0,""graph_importers_initialized"":0,""graph_importers_prepared"":0,""empty_hits"":0,""primitive_hits"":0,""primitive_fallbacks"":0,""primitive_key_declined"":0,""nonempty_requests"":0,""requests"":0,""fresh_unit_requests"":0,""fresh_unit_hits"":0,""hits"":0,""changed_or_unsupported"":0,""missing"":0,""evidence_declined"":0,""options_declined"":0,""captured"":0,""fresh_regions"":0,""call_publications_replayed"":0}"
build/bench/cloud-principal-graphs/allocation-sources/wide-8-valid.blot,397a1b431e8574c84cf2584687056f03a0b6917e353f8040596c4165e9d53fa6,baseline,"[1480,1520,1542,1597,1609,1616,1645,1743,1755,1782,1788,1794,1923,2210,2325]","[1657,1719,1793,1800,1810,1815,1817,1941,1958,1972,2002,2023,2143,2452,2667]","[835409,835409,835409,835409,835409,835409,835409,835409,835409,835409,835409,835409,835409,835409,835409]","[206753,206753,206753,206753,206753,206753,206753,206753,206753,206753,206753,206753,206753,206753,206753]","{""semantic_component_batches"":0,""semantic_component_jobs"":0,""max_semantic_component_workers"":0,""inference_regions"":69,""canonical_specialization_queries"":16,""canonical_specialization_hits"":0,""solver_requested_bytes"":135776,""solver_allocations"":490,""scratch_requested_bytes"":152760,""scratch_allocations"":941,""max_solver_live_bytes"":3264,""max_scratch_live_bytes"":2644,""evidence_import_solver_bytes"":0,""evidence_import_scratch_bytes"":4224,""snapshot_copy_bytes"":0,""snapshot_copy_allocations"":0,""principal_copy_buffer_bytes"":10048,""principal_copy_buffer_allocations"":144,""frozen_capture_temporary_bytes"":0,""frozen_capture_published_bytes"":512,""frozen_edge_scratch_bytes"":0,""region_scopes"":134,""max_region_scopes"":4,""call_collections_closed"":33,""call_collections_unresolved"":0,""call_memo_hits"":67,""solver_passes"":71,""solver_constraint_visits"":38,""occurs_steps"":0}",null,"{""persisted_requests"":0,""persisted_hits"":0,""persisted_nonempty_hits"":0,""persisted_call_proofs"":0,""persisted_declines"":0,""projected_empty_hits"":0,""projected_empty_declines"":0,""input_image_checks"":0,""dependency_validations"":0,""reused_dependency_validations"":0,""graph_importers_initialized"":0,""graph_importers_prepared"":0,""empty_hits"":0,""primitive_hits"":0,""primitive_fallbacks"":0,""primitive_key_declined"":0,""nonempty_requests"":0,""requests"":0,""fresh_unit_requests"":0,""fresh_unit_hits"":0,""hits"":0,""changed_or_unsupported"":0,""missing"":0,""evidence_declined"":0,""options_declined"":0,""captured"":0,""fresh_regions"":0,""call_publications_replayed"":0}"
build/bench/cloud-principal-graphs/allocation-sources/wide-8-valid.blot,397a1b431e8574c84cf2584687056f03a0b6917e353f8040596c4165e9d53fa6,default,"[1495,1547,1573,1586,1594,1637,1672,1752,1770,1831,1888,1922,2011,2031,2050]","[1723,1728,1759,1781,1795,1842,1917,1948,2027,2041,2113,2133,2212,2248,2264]","[828977,828977,828977,828977,828977,828977,828977,828977,828977,828977,828977,828977,828977,828977,828977]","[202433,202433,202433,202433,202433,202433,202433,202433,202433,202433,202433,202433,202433,202433,202433]","{""semantic_component_batches"":0,""semantic_component_jobs"":0,""max_semantic_component_workers"":0,""inference_regions"":69,""canonical_specialization_queries"":16,""canonical_specialization_hits"":0,""solver_requested_bytes"":135776,""solver_allocations"":490,""scratch_requested_bytes"":152760,""scratch_allocations"":941,""max_solver_live_bytes"":3264,""max_scratch_live_bytes"":2644,""evidence_import_solver_bytes"":0,""evidence_import_scratch_bytes"":4224,""snapshot_copy_bytes"":0,""snapshot_copy_allocations"":0,""principal_copy_buffer_bytes"":10048,""principal_copy_buffer_allocations"":144,""frozen_capture_temporary_bytes"":0,""frozen_capture_published_bytes"":512,""frozen_edge_scratch_bytes"":0,""region_scopes"":134,""max_region_scopes"":4,""call_collections_closed"":33,""call_collections_unresolved"":0,""call_memo_hits"":67,""solver_passes"":71,""solver_constraint_visits"":38,""occurs_steps"":0}",null,"{""persisted_requests"":0,""persisted_hits"":0,""persisted_nonempty_hits"":0,""persisted_call_proofs"":0,""persisted_declines"":0,""projected_empty_hits"":0,""projected_empty_declines"":0,""input_image_checks"":0,""dependency_validations"":0,""reused_dependency_validations"":0,""graph_importers_initialized"":0,""graph_importers_prepared"":0,""empty_hits"":0,""primitive_hits"":0,""primitive_fallbacks"":0,""primitive_key_declined"":0,""nonempty_requests"":0,""requests"":0,""fresh_unit_requests"":0,""fresh_unit_hits"":0,""hits"":0,""changed_or_unsupported"":0,""missing"":0,""evidence_declined"":0,""options_declined"":0,""captured"":0,""fresh_regions"":0,""call_publications_replayed"":0}"
build/bench/cloud-principal-graphs/jobs-sources/wide-128-valid.blot,07790ca106cf90a4855f40f26d760a32a4f4247a1a9c254786efeff9465699ca,baseline,"[3423,3548,3557,3596,3661,3682,3703,3722,3772,3834,3849,3946,3967,4199,4466]","[3670,3741,3813,3873,3925,3933,3982,4003,4027,4029,4087,4151,4196,4402,4685]","[3215393,3215393,3215393,3215393,3215393,3215393,3215393,3215393,3215393,3215393,3215393,3215393,3215393,3215393,3215393]","[866693,866693,866693,866693,866693,866693,866693,866693,866693,866693,866693,866693,866693,866693,866693]","{""semantic_component_batches"":0,""semantic_component_jobs"":0,""max_semantic_component_workers"":0,""inference_regions"":258,""canonical_specialization_queries"":0,""canonical_specialization_hits"":0,""solver_requested_bytes"":398316,""solver_allocations"":1849,""scratch_requested_bytes"":365612,""scratch_allocations"":1481,""max_solver_live_bytes"":35756,""max_scratch_live_bytes"":46712,""evidence_import_solver_bytes"":0,""evidence_import_scratch_bytes"":128,""snapshot_copy_bytes"":0,""snapshot_copy_allocations"":0,""principal_copy_buffer_bytes"":0,""principal_copy_buffer_allocations"":0,""frozen_capture_temporary_bytes"":0,""frozen_capture_published_bytes"":0,""frozen_edge_scratch_bytes"":0,""region_scopes"":386,""max_region_scopes"":129,""call_collections_closed"":0,""call_collections_unresolved"":0,""call_memo_hits"":128,""solver_passes"":261,""solver_constraint_visits"":256,""occurs_steps"":0}",null,"{""persisted_requests"":0,""persisted_hits"":0,""persisted_nonempty_hits"":0,""persisted_call_proofs"":0,""persisted_declines"":0,""projected_empty_hits"":0,""projected_empty_declines"":0,""input_image_checks"":0,""dependency_validations"":0,""reused_dependency_validations"":0,""graph_importers_initialized"":0,""graph_importers_prepared"":0,""empty_hits"":0,""primitive_hits"":0,""primitive_fallbacks"":0,""primitive_key_declined"":0,""nonempty_requests"":0,""requests"":0,""fresh_unit_requests"":0,""fresh_unit_hits"":0,""hits"":0,""changed_or_unsupported"":0,""missing"":0,""evidence_declined"":0,""options_declined"":0,""captured"":0,""fresh_regions"":0,""call_publications_replayed"":0}"
build/bench/cloud-principal-graphs/jobs-sources/wide-128-valid.blot,07790ca106cf90a4855f40f26d760a32a4f4247a1a9c254786efeff9465699ca,default,"[3636,3654,3696,3702,3749,3777,3788,3855,3925,4017,4020,4151,4207,4265,4533]","[3845,3854,3940,3951,3957,4021,4062,4168,4196,4265,4298,4395,4428,4473,4815]","[3215393,3215393,3215393,3215393,3215393,3215393,3215393,3215393,3215393,3215393,3215393,3215393,3215393,3215393,3215393]","[866693,866693,866693,866693,866693,866693,866693,866693,866693,866693,866693,866693,866693,866693,866693]","{""semantic_component_batches"":0,""semantic_component_jobs"":0,""max_semantic_component_workers"":0,""inference_regions"":258,""canonical_specialization_queries"":0,""canonical_specialization_hits"":0,""solver_requested_bytes"":398316,""solver_allocations"":1849,""scratch_requested_bytes"":365612,""scratch_allocations"":1481,""max_solver_live_bytes"":35756,""max_scratch_live_bytes"":46712,""evidence_import_solver_bytes"":0,""evidence_import_scratch_bytes"":128,""snapshot_copy_bytes"":0,""snapshot_copy_allocations"":0,""principal_copy_buffer_bytes"":0,""principal_copy_buffer_allocations"":0,""frozen_capture_temporary_bytes"":0,""frozen_capture_published_bytes"":0,""frozen_edge_scratch_bytes"":0,""region_scopes"":386,""max_region_scopes"":129,""call_collections_closed"":0,""call_collections_unresolved"":0,""call_memo_hits"":128,""solver_passes"":261,""solver_constraint_visits"":256,""occurs_steps"":0}",null,"{""persisted_requests"":0,""persisted_hits"":0,""persisted_nonempty_hits"":0,""persisted_call_proofs"":0,""persisted_declines"":0,""projected_empty_hits"":0,""projected_empty_declines"":0,""input_image_checks"":0,""dependency_validations"":0,""reused_dependency_validations"":0,""graph_importers_initialized"":0,""graph_importers_prepared"":0,""empty_hits"":0,""primitive_hits"":0,""primitive_fallbacks"":0,""primitive_key_declined"":0,""nonempty_requests"":0,""requests"":0,""fresh_unit_requests"":0,""fresh_unit_hits"":0,""hits"":0,""changed_or_unsupported"":0,""missing"":0,""evidence_declined"":0,""options_declined"":0,""captured"":0,""fresh_regions"":0,""call_publications_replayed"":0}"
build/bench/cloud-principal-graphs/jobs-sources/wide-32-valid.blot,58b0513ff6eb1720cf42e1759039820b500a8deb4d75d53c17aabcb55e2878c4,baseline,"[1314,1320,1475,1623,1625,1660,1668,1669,1683,1692,1706,1812,1911,1936,1980]","[1501,1536,1812,1812,1846,1902,1903,1905,1907,1928,1989,2025,2107,2148,2197]","[852055,852055,852055,852055,852055,852055,852055,852055,852055,852055,852055,852055,852055,852055,852055]","[226596,226596,226596,226596,226596,226596,226596,226596,226596,226596,226596,226596,226596,226596,226596]","{""semantic_component_batches"":0,""semantic_component_jobs"":0,""max_semantic_component_workers"":0,""inference_regions"":66,""canonical_specialization_queries"":0,""canonical_specialization_hits"":0,""solver_requested_bytes"":103228,""solver_allocations"":486,""scratch_requested_bytes"":93624,""scratch_allocations"":404,""max_solver_live_bytes"":12124,""max_scratch_live_bytes"":13076,""evidence_import_solver_bytes"":0,""evidence_import_scratch_bytes"":128,""snapshot_copy_bytes"":0,""snapshot_copy_allocations"":0,""principal_copy_buffer_bytes"":0,""principal_copy_buffer_allocations"":0,""frozen_capture_temporary_bytes"":0,""frozen_capture_published_bytes"":0,""frozen_edge_scratch_bytes"":0,""region_scopes"":98,""max_region_scopes"":33,""call_collections_closed"":0,""call_collections_unresolved"":0,""call_memo_hits"":32,""solver_passes"":69,""solver_constraint_visits"":64,""occurs_steps"":0}",null,"{""persisted_requests"":0,""persisted_hits"":0,""persisted_nonempty_hits"":0,""persisted_call_proofs"":0,""persisted_declines"":0,""projected_empty_hits"":0,""projected_empty_declines"":0,""input_image_checks"":0,""dependency_validations"":0,""reused_dependency_validations"":0,""graph_importers_initialized"":0,""graph_importers_prepared"":0,""empty_hits"":0,""primitive_hits"":0,""primitive_fallbacks"":0,""primitive_key_declined"":0,""nonempty_requests"":0,""requests"":0,""fresh_unit_requests"":0,""fresh_unit_hits"":0,""hits"":0,""changed_or_unsupported"":0,""missing"":0,""evidence_declined"":0,""options_declined"":0,""captured"":0,""fresh_regions"":0,""call_publications_replayed"":0}"
build/bench/cloud-principal-graphs/jobs-sources/wide-32-valid.blot,58b0513ff6eb1720cf42e1759039820b500a8deb4d75d53c17aabcb55e2878c4,default,"[1363,1370,1388,1408,1419,1423,1431,1433,1436,1472,1491,1598,1653,1661,1676]","[1574,1598,1598,1606,1626,1633,1639,1668,1686,1689,1694,1816,1869,1881,1882]","[852055,852055,852055,852055,852055,852055,852055,852055,852055,852055,852055,852055,852055,852055,852055]","[226596,226596,226596,226596,226596,226596,226596,226596,226596,226596,226596,226596,226596,226596,226596]","{""semantic_component_batches"":0,""semantic_component_jobs"":0,""max_semantic_component_workers"":0,""inference_regions"":66,""canonical_specialization_queries"":0,""canonical_specialization_hits"":0,""solver_requested_bytes"":103228,""solver_allocations"":486,""scratch_requested_bytes"":93624,""scratch_allocations"":404,""max_solver_live_bytes"":12124,""max_scratch_live_bytes"":13076,""evidence_import_solver_bytes"":0,""evidence_import_scratch_bytes"":128,""snapshot_copy_bytes"":0,""snapshot_copy_allocations"":0,""principal_copy_buffer_bytes"":0,""principal_copy_buffer_allocations"":0,""frozen_capture_temporary_bytes"":0,""frozen_capture_published_bytes"":0,""frozen_edge_scratch_bytes"":0,""region_scopes"":98,""max_region_scopes"":33,""call_collections_closed"":0,""call_collections_unresolved"":0,""call_memo_hits"":32,""solver_passes"":69,""solver_constraint_visits"":64,""occurs_steps"":0}",null,"{""persisted_requests"":0,""persisted_hits"":0,""persisted_nonempty_hits"":0,""persisted_call_proofs"":0,""persisted_declines"":0,""projected_empty_hits"":0,""projected_empty_declines"":0,""input_image_checks"":0,""dependency_validations"":0,""reused_dependency_validations"":0,""graph_importers_initialized"":0,""graph_importers_prepared"":0,""empty_hits"":0,""primitive_hits"":0,""primitive_fallbacks"":0,""primitive_key_declined"":0,""nonempty_requests"":0,""requests"":0,""fresh_unit_requests"":0,""fresh_unit_hits"":0,""hits"":0,""changed_or_unsupported"":0,""missing"":0,""evidence_declined"":0,""options_declined"":0,""captured"":0,""fresh_regions"":0,""call_publications_replayed"":0}"
build/bench/cloud-principal-graphs/jobs-sources/wide-8-valid.blot,4852cdb5c1dc7aa488f2e51ab644f6d9f5cbf4c857856ca2fe084bfda1af3827,baseline,"[737,738,759,772,814,818,854,869,897,911,958,982,996,1015,1230]","[907,933,944,1020,1032,1047,1066,1107,1112,1174,1184,1193,1199,1203,1438]","[217348,217348,217348,217348,217348,217348,217348,217348,217348,217348,217348,217348,217348,217348,217348]","[60044,60044,60044,60044,60044,60044,60044,60044,60044,60044,60044,60044,60044,60044,60044]","{""semantic_component_batches"":0,""semantic_component_jobs"":0,""max_semantic_component_workers"":0,""inference_regions"":18,""canonical_specialization_queries"":0,""canonical_specialization_hits"":0,""solver_requested_bytes"":24240,""solver_allocations"":134,""scratch_requested_bytes"":21592,""scratch_allocations"":116,""max_solver_live_bytes"":3072,""max_scratch_live_bytes"":3364,""evidence_import_solver_bytes"":0,""evidence_import_scratch_bytes"":128,""snapshot_copy_bytes"":0,""snapshot_copy_allocations"":0,""principal_copy_buffer_bytes"":0,""principal_copy_buffer_allocations"":0,""frozen_capture_temporary_bytes"":0,""frozen_capture_published_bytes"":0,""frozen_edge_scratch_bytes"":0,""region_scopes"":26,""max_region_scopes"":9,""call_collections_closed"":0,""call_collections_unresolved"":0,""call_memo_hits"":8,""solver_passes"":21,""solver_constraint_visits"":24,""occurs_steps"":0}",null,"{""persisted_requests"":0,""persisted_hits"":0,""persisted_nonempty_hits"":0,""persisted_call_proofs"":0,""persisted_declines"":0,""projected_empty_hits"":0,""projected_empty_declines"":0,""input_image_checks"":0,""dependency_validations"":0,""reused_dependency_validations"":0,""graph_importers_initialized"":0,""graph_importers_prepared"":0,""empty_hits"":0,""primitive_hits"":0,""primitive_fallbacks"":0,""primitive_key_declined"":0,""nonempty_requests"":0,""requests"":0,""fresh_unit_requests"":0,""fresh_unit_hits"":0,""hits"":0,""changed_or_unsupported"":0,""missing"":0,""evidence_declined"":0,""options_declined"":0,""captured"":0,""fresh_regions"":0,""call_publications_replayed"":0}"
build/bench/cloud-principal-graphs/jobs-sources/wide-8-valid.blot,4852cdb5c1dc7aa488f2e51ab644f6d9f5cbf4c857856ca2fe084bfda1af3827,default,"[0,779,780,787,796,814,834,841,850,894,929,981,1008,1021,1239]","[953,1001,1003,1007,1008,1025,1027,1048,1078,1122,1176,1178,1181,1194,1437]","[217348,217348,217348,217348,217348,217348,217348,217348,217348,217348,217348,217348,217348,217348,217348]","[60044,60044,60044,60044,60044,60044,60044,60044,60044,60044,60044,60044,60044,60044,60044]","{""semantic_component_batches"":0,""semantic_component_jobs"":0,""max_semantic_component_workers"":0,""inference_regions"":18,""canonical_specialization_queries"":0,""canonical_specialization_hits"":0,""solver_requested_bytes"":24240,""solver_allocations"":134,""scratch_requested_bytes"":21592,""scratch_allocations"":116,""max_solver_live_bytes"":3072,""max_scratch_live_bytes"":3364,""evidence_import_solver_bytes"":0,""evidence_import_scratch_bytes"":128,""snapshot_copy_bytes"":0,""snapshot_copy_allocations"":0,""principal_copy_buffer_bytes"":0,""principal_copy_buffer_allocations"":0,""frozen_capture_temporary_bytes"":0,""frozen_capture_published_bytes"":0,""frozen_edge_scratch_bytes"":0,""region_scopes"":26,""max_region_scopes"":9,""call_collections_closed"":0,""call_collections_unresolved"":0,""call_memo_hits"":8,""solver_passes"":21,""solver_constraint_visits"":24,""occurs_steps"":0}",null,"{""persisted_requests"":0,""persisted_hits"":0,""persisted_nonempty_hits"":0,""persisted_call_proofs"":0,""persisted_declines"":0,""projected_empty_hits"":0,""projected_empty_declines"":0,""input_image_checks"":0,""dependency_validations"":0,""reused_dependency_validations"":0,""graph_importers_initialized"":0,""graph_importers_prepared"":0,""empty_hits"":0,""primitive_hits"":0,""primitive_fallbacks"":0,""primitive_key_declined"":0,""nonempty_requests"":0,""requests"":0,""fresh_unit_requests"":0,""fresh_unit_hits"":0,""hits"":0,""changed_or_unsupported"":0,""missing"":0,""evidence_declined"":0,""options_declined"":0,""captured"":0,""fresh_regions"":0,""call_publications_replayed"":0}"
build/bench/cloud-principal-graphs/query-sources/refinement-128.blot,583e9144b65e081634a28c5d6f3ffc9cf4f95a9d51589b7db218011d44d2657a,baseline,"[2894,2925,3012,3115,3152,3155,3165,3184,3226,3228,3319,3365,3628,3883,4019]","[3081,3110,3222,3310,3348,3356,3376,3403,3432,3435,3516,3677,3845,4103,4219]","[2612180,2612180,2612180,2612180,2612180,2612180,2612180,2612180,2612180,2612180,2612180,2612180,2612180,2612180,2612180]","[660186,660186,660186,660186,660186,660186,660186,660186,660186,660186,660186,660186,660186,660186,660186]","{""semantic_component_batches"":0,""semantic_component_jobs"":0,""max_semantic_component_workers"":0,""inference_regions"":260,""canonical_specialization_queries"":0,""canonical_specialization_hits"":0,""solver_requested_bytes"":321360,""solver_allocations"":1950,""scratch_requested_bytes"":318904,""scratch_allocations"":2077,""max_solver_live_bytes"":1416,""max_scratch_live_bytes"":1752,""evidence_import_solver_bytes"":0,""evidence_import_scratch_bytes"":16512,""snapshot_copy_bytes"":0,""snapshot_copy_allocations"":0,""principal_copy_buffer_bytes"":0,""principal_copy_buffer_allocations"":0,""frozen_capture_temporary_bytes"":0,""frozen_capture_published_bytes"":0,""frozen_edge_scratch_bytes"":0,""region_scopes"":261,""max_region_scopes"":2,""call_collections_closed"":0,""call_collections_unresolved"":0,""call_memo_hits"":129,""solver_passes"":391,""solver_constraint_visits"":131,""occurs_steps"":0}",null,"{""persisted_requests"":0,""persisted_hits"":0,""persisted_nonempty_hits"":0,""persisted_call_proofs"":0,""persisted_declines"":0,""projected_empty_hits"":0,""projected_empty_declines"":0,""input_image_checks"":0,""dependency_validations"":0,""reused_dependency_validations"":0,""graph_importers_initialized"":0,""graph_importers_prepared"":0,""empty_hits"":0,""primitive_hits"":0,""primitive_fallbacks"":0,""primitive_key_declined"":0,""nonempty_requests"":0,""requests"":0,""fresh_unit_requests"":0,""fresh_unit_hits"":0,""hits"":0,""changed_or_unsupported"":0,""missing"":0,""evidence_declined"":0,""options_declined"":0,""captured"":0,""fresh_regions"":0,""call_publications_replayed"":0}"
build/bench/cloud-principal-graphs/query-sources/refinement-128.blot,583e9144b65e081634a28c5d6f3ffc9cf4f95a9d51589b7db218011d44d2657a,default,"[2897,2938,3031,3067,3105,3131,3135,3256,3273,3309,3315,3490,3554,3651,3913]","[3100,3137,3224,3250,3329,3353,3407,3470,3471,3496,3515,3848,3870,3897,4173]","[2612180,2612180,2612180,2612180,2612180,2612180,2612180,2612180,2612180,2612180,2612180,2612180,2612180,2612180,2612180]","[660186,660186,660186,660186,660186,660186,660186,660186,660186,660186,660186,660186,660186,660186,660186]","{""semantic_component_batches"":0,""semantic_component_jobs"":0,""max_semantic_component_workers"":0,""inference_regions"":260,""canonical_specialization_queries"":0,""canonical_specialization_hits"":0,""solver_requested_bytes"":321360,""solver_allocations"":1950,""scratch_requested_bytes"":318904,""scratch_allocations"":2077,""max_solver_live_bytes"":1416,""max_scratch_live_bytes"":1752,""evidence_import_solver_bytes"":0,""evidence_import_scratch_bytes"":16512,""snapshot_copy_bytes"":0,""snapshot_copy_allocations"":0,""principal_copy_buffer_bytes"":0,""principal_copy_buffer_allocations"":0,""frozen_capture_temporary_bytes"":0,""frozen_capture_published_bytes"":0,""frozen_edge_scratch_bytes"":0,""region_scopes"":261,""max_region_scopes"":2,""call_collections_closed"":0,""call_collections_unresolved"":0,""call_memo_hits"":129,""solver_passes"":391,""solver_constraint_visits"":131,""occurs_steps"":0}",null,"{""persisted_requests"":0,""persisted_hits"":0,""persisted_nonempty_hits"":0,""persisted_call_proofs"":0,""persisted_declines"":0,""projected_empty_hits"":0,""projected_empty_declines"":0,""input_image_checks"":0,""dependency_validations"":0,""reused_dependency_validations"":0,""graph_importers_initialized"":0,""graph_importers_prepared"":0,""empty_hits"":0,""primitive_hits"":0,""primitive_fallbacks"":0,""primitive_key_declined"":0,""nonempty_requests"":0,""requests"":0,""fresh_unit_requests"":0,""fresh_unit_hits"":0,""hits"":0,""changed_or_unsupported"":0,""missing"":0,""evidence_declined"":0,""options_declined"":0,""captured"":0,""fresh_regions"":0,""call_publications_replayed"":0}"
build/bench/cloud-principal-graphs/query-sources/refinement-32.blot,61044b0a77b1f96a60fe883ea08fa621cff730b8038d9df1cccd727ba7f0ceaf,baseline,"[1194,1209,1264,1306,1309,1333,1341,1368,1392,1422,1446,1475,1607,1738,1832]","[1363,1385,1452,1478,1494,1539,1582,1591,1615,1681,1737,1798,1852,1947,2029]","[731082,731082,731082,731082,731082,731082,731082,731082,731082,731082,731082,731082,731082,731082,731082]","[184513,184513,184513,184513,184513,184513,184513,184513,184513,184513,184513,184513,184513,184513,184513]","{""semantic_component_batches"":0,""semantic_component_jobs"":0,""max_semantic_component_workers"":0,""inference_regions"":68,""canonical_specialization_queries"":0,""canonical_specialization_hits"":0,""solver_requested_bytes"":84048,""solver_allocations"":510,""scratch_requested_bytes"":83128,""scratch_allocations"":541,""max_solver_live_bytes"":1416,""max_scratch_live_bytes"":1752,""evidence_import_solver_bytes"":0,""evidence_import_scratch_bytes"":4224,""snapshot_copy_bytes"":0,""snapshot_copy_allocations"":0,""principal_copy_buffer_bytes"":0,""principal_copy_buffer_allocations"":0,""frozen_capture_temporary_bytes"":0,""frozen_capture_published_bytes"":0,""frozen_edge_scratch_bytes"":0,""region_scopes"":69,""max_region_scopes"":2,""call_collections_closed"":0,""call_collections_unresolved"":0,""call_memo_hits"":33,""solver_passes"":103,""solver_constraint_visits"":35,""occurs_steps"":0}",null,"{""persisted_requests"":0,""persisted_hits"":0,""persisted_nonempty_hits"":0,""persisted_call_proofs"":0,""persisted_declines"":0,""projected_empty_hits"":0,""projected_empty_declines"":0,""input_image_checks"":0,""dependency_validations"":0,""reused_dependency_validations"":0,""graph_importers_initialized"":0,""graph_importers_prepared"":0,""empty_hits"":0,""primitive_hits"":0,""primitive_fallbacks"":0,""primitive_key_declined"":0,""nonempty_requests"":0,""requests"":0,""fresh_unit_requests"":0,""fresh_unit_hits"":0,""hits"":0,""changed_or_unsupported"":0,""missing"":0,""evidence_declined"":0,""options_declined"":0,""captured"":0,""fresh_regions"":0,""call_publications_replayed"":0}"
build/bench/cloud-principal-graphs/query-sources/refinement-32.blot,61044b0a77b1f96a60fe883ea08fa621cff730b8038d9df1cccd727ba7f0ceaf,default,"[1227,1233,1288,1290,1296,1318,1329,1353,1365,1382,1384,1474,1610,1894,2934]","[1443,1462,1464,1505,1512,1519,1534,1565,1585,1593,1683,1693,1880,2114,3113]","[731082,731082,731082,731082,731082,731082,731082,731082,731082,731082,731082,731082,731082,731082,731082]","[184513,184513,184513,184513,184513,184513,184513,184513,184513,184513,184513,184513,184513,184513,184513]","{""semantic_component_batches"":0,""semantic_component_jobs"":0,""max_semantic_component_workers"":0,""inference_regions"":68,""canonical_specialization_queries"":0,""canonical_specialization_hits"":0,""solver_requested_bytes"":84048,""solver_allocations"":510,""scratch_requested_bytes"":83128,""scratch_allocations"":541,""max_solver_live_bytes"":1416,""max_scratch_live_bytes"":1752,""evidence_import_solver_bytes"":0,""evidence_import_scratch_bytes"":4224,""snapshot_copy_bytes"":0,""snapshot_copy_allocations"":0,""principal_copy_buffer_bytes"":0,""principal_copy_buffer_allocations"":0,""frozen_capture_temporary_bytes"":0,""frozen_capture_published_bytes"":0,""frozen_edge_scratch_bytes"":0,""region_scopes"":69,""max_region_scopes"":2,""call_collections_closed"":0,""call_collections_unresolved"":0,""call_memo_hits"":33,""solver_passes"":103,""solver_constraint_visits"":35,""occurs_steps"":0}",null,"{""persisted_requests"":0,""persisted_hits"":0,""persisted_nonempty_hits"":0,""persisted_call_proofs"":0,""persisted_declines"":0,""projected_empty_hits"":0,""projected_empty_declines"":0,""input_image_checks"":0,""dependency_validations"":0,""reused_dependency_validations"":0,""graph_importers_initialized"":0,""graph_importers_prepared"":0,""empty_hits"":0,""primitive_hits"":0,""primitive_fallbacks"":0,""primitive_key_declined"":0,""nonempty_requests"":0,""requests"":0,""fresh_unit_requests"":0,""fresh_unit_hits"":0,""hits"":0,""changed_or_unsupported"":0,""missing"":0,""evidence_declined"":0,""options_declined"":0,""captured"":0,""fresh_regions"":0,""call_publications_replayed"":0}"
build/bench/cloud-principal-graphs/query-sources/refinement-8.blot,05fd360001bd7d68f82b5887c88c1049b0c41a3c666ffc13a1541fb697f2fe07,baseline,"[720,730,741,749,764,785,793,800,811,837,878,922,926,976,1002]","[907,931,948,965,966,970,977,1013,1091,1098,1105,1111,1154,1166,1194]","[221093,221093,221093,221093,221093,221093,221093,221093,221093,221093,221093,221093,221093,221093,221093]","[58579,58579,58579,58579,58579,58579,58579,58579,58579,58579,58579,58579,58579,58579,58579]","{""semantic_component_batches"":0,""semantic_component_jobs"":0,""max_semantic_component_workers"":0,""inference_regions"":20,""canonical_specialization_queries"":0,""canonical_specialization_hits"":0,""solver_requested_bytes"":24720,""solver_allocations"":150,""scratch_requested_bytes"":24184,""scratch_allocations"":157,""max_solver_live_bytes"":1416,""max_scratch_live_bytes"":1752,""evidence_import_solver_bytes"":0,""evidence_import_scratch_bytes"":1152,""snapshot_copy_bytes"":0,""snapshot_copy_allocations"":0,""principal_copy_buffer_bytes"":0,""principal_copy_buffer_allocations"":0,""frozen_capture_temporary_bytes"":0,""frozen_capture_published_bytes"":0,""frozen_edge_scratch_bytes"":0,""region_scopes"":21,""max_region_scopes"":2,""call_collections_closed"":0,""call_collections_unresolved"":0,""call_memo_hits"":9,""solver_passes"":31,""solver_constraint_visits"":11,""occurs_steps"":0}",null,"{""persisted_requests"":0,""persisted_hits"":0,""persisted_nonempty_hits"":0,""persisted_call_proofs"":0,""persisted_declines"":0,""projected_empty_hits"":0,""projected_empty_declines"":0,""input_image_checks"":0,""dependency_validations"":0,""reused_dependency_validations"":0,""graph_importers_initialized"":0,""graph_importers_prepared"":0,""empty_hits"":0,""primitive_hits"":0,""primitive_fallbacks"":0,""primitive_key_declined"":0,""nonempty_requests"":0,""requests"":0,""fresh_unit_requests"":0,""fresh_unit_hits"":0,""hits"":0,""changed_or_unsupported"":0,""missing"":0,""evidence_declined"":0,""options_declined"":0,""captured"":0,""fresh_regions"":0,""call_publications_replayed"":0}"
build/bench/cloud-principal-graphs/query-sources/refinement-8.blot,05fd360001bd7d68f82b5887c88c1049b0c41a3c666ffc13a1541fb697f2fe07,default,"[697,725,727,794,817,840,867,886,886,944,972,1019,1046,1139,1308]","[892,908,931,981,1002,1015,1127,1162,1173,1182,1189,1199,1316,1338,1504]","[221093,221093,221093,221093,221093,221093,221093,221093,221093,221093,221093,221093,221093,221093,221093]","[58579,58579,58579,58579,58579,58579,58579,58579,58579,58579,58579,58579,58579,58579,58579]","{""semantic_component_batches"":0,""semantic_component_jobs"":0,""max_semantic_component_workers"":0,""inference_regions"":20,""canonical_specialization_queries"":0,""canonical_specialization_hits"":0,""solver_requested_bytes"":24720,""solver_allocations"":150,""scratch_requested_bytes"":24184,""scratch_allocations"":157,""max_solver_live_bytes"":1416,""max_scratch_live_bytes"":1752,""evidence_import_solver_bytes"":0,""evidence_import_scratch_bytes"":1152,""snapshot_copy_bytes"":0,""snapshot_copy_allocations"":0,""principal_copy_buffer_bytes"":0,""principal_copy_buffer_allocations"":0,""frozen_capture_temporary_bytes"":0,""frozen_capture_published_bytes"":0,""frozen_edge_scratch_bytes"":0,""region_scopes"":21,""max_region_scopes"":2,""call_collections_closed"":0,""call_collections_unresolved"":0,""call_memo_hits"":9,""solver_passes"":31,""solver_constraint_visits"":11,""occurs_steps"":0}",null,"{""persisted_requests"":0,""persisted_hits"":0,""persisted_nonempty_hits"":0,""persisted_call_proofs"":0,""persisted_declines"":0,""projected_empty_hits"":0,""projected_empty_declines"":0,""input_image_checks"":0,""dependency_validations"":0,""reused_dependency_validations"":0,""graph_importers_initialized"":0,""graph_importers_prepared"":0,""empty_hits"":0,""primitive_hits"":0,""primitive_fallbacks"":0,""primitive_key_declined"":0,""nonempty_requests"":0,""requests"":0,""fresh_unit_requests"":0,""fresh_unit_hits"":0,""hits"":0,""changed_or_unsupported"":0,""missing"":0,""evidence_declined"":0,""options_declined"":0,""captured"":0,""fresh_regions"":0,""call_publications_replayed"":0}"
